transform,baseline,plan_control,rotation_seed,stage,transform_stage,pca_stage,stage_match_type,metric,better_direction,query_count,transform_mean,pca_mean,transform_minus_pca,descriptive_direction,matched_budget
identity,current_pca,native,-1,vars_conservative_lower_bound_all,vars_conservative_lower_bound_all,vars_conservative_lower_bound_all,common_endpoint,mean_per_query_candidate_rmse,lower,128,0.592424943522,1.89500071019,-1.30257576667,favors_transform,false
identity,current_pca,native,-1,vars_conservative_lower_bound_all,vars_conservative_lower_bound_all,vars_conservative_lower_bound_all,common_endpoint,pooled_candidate_rmse,lower,128,0.585854850795,1.89126919556,-1.30541434476,favors_transform,false
identity,current_pca,native,-1,vars_conservative_lower_bound_all,vars_conservative_lower_bound_all,vars_conservative_lower_bound_all,common_endpoint,candidate_mae,lower,128,0.531693310209,1.8526956189,-1.32100230869,favors_transform,false
identity,current_pca,native,-1,vars_conservative_lower_bound_all,vars_conservative_lower_bound_all,vars_conservative_lower_bound_all,common_endpoint,topk_agreement,higher,128,0.25015625,0.084453125,0.165703125,favors_transform,false
identity,current_pca,native,-1,vars_conservative_lower_bound_all,vars_conservative_lower_bound_all,vars_conservative_lower_bound_all,common_endpoint,boundary_inversion_rate,lower,128,0.144625757377,0.234920553691,-0.0902947963142,favors_transform,false
identity,current_pca,native,-1,vars_conservative_lower_bound_all,vars_conservative_lower_bound_all,vars_conservative_lower_bound_all,common_endpoint,exact_best_rank,lower,128,508.578125,737.2734375,-228.6953125,favors_transform,false
identity,current_pca,native,0,vars_conservative_lower_bound_all,vars_conservative_lower_bound_all,vars_conservative_lower_bound_all,common_endpoint,mean_per_query_candidate_rmse,lower,128,0.59242497363,1.89500069874,-1.30257572511,favors_transform,false
identity,current_pca,native,1,vars_conservative_lower_bound_all,vars_conservative_lower_bound_all,vars_conservative_lower_bound_all,common_endpoint,mean_per_query_candidate_rmse,lower,128,0.592424953098,1.89500071054,-1.30257575744,favors_transform,false
identity,current_pca,native,2,vars_conservative_lower_bound_all,vars_conservative_lower_bound_all,vars_conservative_lower_bound_all,common_endpoint,mean_per_query_candidate_rmse,lower,128,0.592424926567,1.89500071781,-1.30257579124,favors_transform,false
identity,current_pca,native,3,vars_conservative_lower_bound_all,vars_conservative_lower_bound_all,vars_conservative_lower_bound_all,common_endpoint,mean_per_query_candidate_rmse,lower,128,0.592424931723,1.89500070805,-1.30257577633,favors_transform,false
identity,current_pca,native,4,vars_conservative_lower_bound_all,vars_conservative_lower_bound_all,vars_conservative_lower_bound_all,common_endpoint,mean_per_query_candidate_rmse,lower,128,0.592424928028,1.89500069747,-1.30257576945,favors_transform,false
identity,current_pca,native,5,vars_conservative_lower_bound_all,vars_conservative_lower_bound_all,vars_conservative_lower_bound_all,common_endpoint,mean_per_query_candidate_rmse,lower,128,0.592424968649,1.89500070472,-1.30257573607,favors_transform,false
identity,current_pca,native,6,vars_conservative_lower_bound_all,vars_conservative_lower_bound_all,vars_conservative_lower_bound_all,common_endpoint,mean_per_query_candidate_rmse,lower,128,0.592424920088,1.89500069055,-1.30257577046,favors_transform,false
identity,current_pca,native,7,vars_conservative_lower_bound_all,vars_conservative_lower_bound_all,vars_conservative_lower_bound_all,common_endpoint,mean_per_query_candidate_rmse,lower,128,0.59242491191,1.89500071228,-1.30257580037,favors_transform,false
identity,current_pca,native,8,vars_conservative_lower_bound_all,vars_conservative_lower_bound_all,vars_conservative_lower_bound_all,common_endpoint,mean_per_query_candidate_rmse,lower,128,0.592424899795,1.89500068569,-1.30257578589,favors_transform,false
identity,current_pca,native,9,vars_conservative_lower_bound_all,vars_conservative_lower_bound_all,vars_conservative_lower_bound_all,common_endpoint,mean_per_query_candidate_rmse,lower,128,0.592424963028,1.8950007085,-1.30257574548,favors_transform,false
identity,current_pca,native,0,vars_conservative_lower_bound_all,vars_conservative_lower_bound_all,vars_conservative_lower_bound_all,common_endpoint,pooled_candidate_rmse,lower,128,0.58585488073,1.8912691819,-1.30541430117,favors_transform,false
identity,current_pca,native,1,vars_conservative_lower_bound_all,vars_conservative_lower_bound_all,vars_conservative_lower_bound_all,common_endpoint,pooled_candidate_rmse,lower,128,0.58585486117,1.89126919514,-1.30541433397,favors_transform,false
identity,current_pca,native,2,vars_conservative_lower_bound_all,vars_conservative_lower_bound_all,vars_conservative_lower_bound_all,common_endpoint,pooled_candidate_rmse,lower,128,0.585854834167,1.8912692036,-1.30541436943,favors_transform,false
identity,current_pca,native,3,vars_conservative_lower_bound_all,vars_conservative_lower_bound_all,vars_conservative_lower_bound_all,common_endpoint,pooled_candidate_rmse,lower,128,0.585854837666,1.89126919321,-1.30541435554,favors_transform,false
identity,current_pca,native,4,vars_conservative_lower_bound_all,vars_conservative_lower_bound_all,vars_conservative_lower_bound_all,common_endpoint,pooled_candidate_rmse,lower,128,0.585854835863,1.89126918142,-1.30541434556,favors_transform,false
identity,current_pca,native,5,vars_conservative_lower_bound_all,vars_conservative_lower_bound_all,vars_conservative_lower_bound_all,common_endpoint,pooled_candidate_rmse,lower,128,0.585854876423,1.89126918924,-1.30541431282,favors_transform,false
identity,current_pca,native,6,vars_conservative_lower_bound_all,vars_conservative_lower_bound_all,vars_conservative_lower_bound_all,common_endpoint,pooled_candidate_rmse,lower,128,0.58585482749,1.89126917597,-1.30541434848,favors_transform,false
identity,current_pca,native,7,vars_conservative_lower_bound_all,vars_conservative_lower_bound_all,vars_conservative_lower_bound_all,common_endpoint,pooled_candidate_rmse,lower,128,0.585854819243,1.89126919718,-1.30541437794,favors_transform,false
identity,current_pca,native,8,vars_conservative_lower_bound_all,vars_conservative_lower_bound_all,vars_conservative_lower_bound_all,common_endpoint,pooled_candidate_rmse,lower,128,0.585854806534,1.89126916989,-1.30541436336,favors_transform,false
identity,current_pca,native,9,vars_conservative_lower_bound_all,vars_conservative_lower_bound_all,vars_conservative_lower_bound_all,common_endpoint,pooled_candidate_rmse,lower,128,0.585854870875,1.89126919334,-1.30541432247,favors_transform,false
identity,current_pca,native,0,vars_conservative_lower_bound_all,vars_conservative_lower_bound_all,vars_conservative_lower_bound_all,common_endpoint,candidate_mae,lower,128,0.531693341795,1.8526956073,-1.3210022655,favors_transform,false
identity,current_pca,native,1,vars_conservative_lower_bound_all,vars_conservative_lower_bound_all,vars_conservative_lower_bound_all,common_endpoint,candidate_mae,lower,128,0.531693319948,1.85269562027,-1.32100230032,favors_transform,false
identity,current_pca,native,2,vars_conservative_lower_bound_all,vars_conservative_lower_bound_all,vars_conservative_lower_bound_all,common_endpoint,candidate_mae,lower,128,0.531693292341,1.85269562646,-1.32100233411,favors_transform,false
identity,current_pca,native,3,vars_conservative_lower_bound_all,vars_conservative_lower_bound_all,vars_conservative_lower_bound_all,common_endpoint,candidate_mae,lower,128,0.531693297858,1.8526956163,-1.32100231844,favors_transform,false
identity,current_pca,native,4,vars_conservative_lower_bound_all,vars_conservative_lower_bound_all,vars_conservative_lower_bound_all,common_endpoint,candidate_mae,lower,128,0.53169329435,1.85269560671,-1.32100231236,favors_transform,false
identity,current_pca,native,5,vars_conservative_lower_bound_all,vars_conservative_lower_bound_all,vars_conservative_lower_bound_all,common_endpoint,candidate_mae,lower,128,0.531693336546,1.85269561398,-1.32100227743,favors_transform,false
identity,current_pca,native,6,vars_conservative_lower_bound_all,vars_conservative_lower_bound_all,vars_conservative_lower_bound_all,common_endpoint,candidate_mae,lower,128,0.531693285754,1.85269559908,-1.32100231332,favors_transform,false
identity,current_pca,native,7,vars_conservative_lower_bound_all,vars_conservative_lower_bound_all,vars_conservative_lower_bound_all,common_endpoint,candidate_mae,lower,128,0.531693277547,1.8526956218,-1.32100234425,favors_transform,false
identity,current_pca,native,8,vars_conservative_lower_bound_all,vars_conservative_lower_bound_all,vars_conservative_lower_bound_all,common_endpoint,candidate_mae,lower,128,0.531693264647,1.85269559499,-1.32100233034,favors_transform,false
identity,current_pca,native,9,vars_conservative_lower_bound_all,vars_conservative_lower_bound_all,vars_conservative_lower_bound_all,common_endpoint,candidate_mae,lower,128,0.531693330721,1.85269561739,-1.32100228667,favors_transform,false
identity,current_pca,native,0,vars_conservative_lower_bound_all,vars_conservative_lower_bound_all,vars_conservative_lower_bound_all,common_endpoint,topk_agreement,higher,128,0.25015625,0.084453125,0.165703125,favors_transform,false
identity,current_pca,native,1,vars_conservative_lower_bound_all,vars_conservative_lower_bound_all,vars_conservative_lower_bound_all,common_endpoint,topk_agreement,higher,128,0.25015625,0.084375,0.16578125,favors_transform,false
identity,current_pca,native,2,vars_conservative_lower_bound_all,vars_conservative_lower_bound_all,vars_conservative_lower_bound_all,common_endpoint,topk_agreement,higher,128,0.25015625,0.084453125,0.165703125,favors_transform,false
identity,current_pca,native,3,vars_conservative_lower_bound_all,vars_conservative_lower_bound_all,vars_conservative_lower_bound_all,common_endpoint,topk_agreement,higher,128,0.25015625,0.084453125,0.165703125,favors_transform,false
identity,current_pca,native,4,vars_conservative_lower_bound_all,vars_conservative_lower_bound_all,vars_conservative_lower_bound_all,common_endpoint,topk_agreement,higher,128,0.25015625,0.084453125,0.165703125,favors_transform,false
identity,current_pca,native,5,vars_conservative_lower_bound_all,vars_conservative_lower_bound_all,vars_conservative_lower_bound_all,common_endpoint,topk_agreement,higher,128,0.25015625,0.084453125,0.165703125,favors_transform,false
identity,current_pca,native,6,vars_conservative_lower_bound_all,vars_conservative_lower_bound_all,vars_conservative_lower_bound_all,common_endpoint,topk_agreement,higher,128,0.25015625,0.084453125,0.165703125,favors_transform,false
identity,current_pca,native,7,vars_conservative_lower_bound_all,vars_conservative_lower_bound_all,vars_conservative_lower_bound_all,common_endpoint,topk_agreement,higher,128,0.25015625,0.084453125,0.165703125,favors_transform,false
identity,current_pca,native,8,vars_conservative_lower_bound_all,vars_conservative_lower_bound_all,vars_conservative_lower_bound_all,common_endpoint,topk_agreement,higher,128,0.25015625,0.084453125,0.165703125,favors_transform,false
identity,current_pca,native,9,vars_conservative_lower_bound_all,vars_conservative_lower_bound_all,vars_conservative_lower_bound_all,common_endpoint,topk_agreement,higher,128,0.25015625,0.084453125,0.165703125,favors_transform,false
identity,current_pca,native,0,vars_conservative_lower_bound_all,vars_conservative_lower_bound_all,vars_conservative_lower_bound_all,common_endpoint,boundary_inversion_rate,lower,128,0.144625722394,0.234920600077,-0.090294877683,favors_transform,false
identity,current_pca,native,1,vars_conservative_lower_bound_all,vars_conservative_lower_bound_all,vars_conservative_lower_bound_all,common_endpoint,boundary_inversion_rate,lower,128,0.144625784668,0.234920667948,-0.0902948832805,favors_transform,false
identity,current_pca,native,2,vars_conservative_lower_bound_all,vars_conservative_lower_bound_all,vars_conservative_lower_bound_all,common_endpoint,boundary_inversion_rate,lower,128,0.144625893363,0.234920596754,-0.0902947033907,favors_transform,false
identity,current_pca,native,3,vars_conservative_lower_bound_all,vars_conservative_lower_bound_all,vars_conservative_lower_bound_all,common_endpoint,boundary_inversion_rate,lower,128,0.144625789033,0.234920557285,-0.0902947682525,favors_transform,false
identity,current_pca,native,4,vars_conservative_lower_bound_all,vars_conservative_lower_bound_all,vars_conservative_lower_bound_all,common_endpoint,boundary_inversion_rate,lower,128,0.144625802185,0.234920621382,-0.090294819197,favors_transform,false
identity,current_pca,native,5,vars_conservative_lower_bound_all,vars_conservative_lower_bound_all,vars_conservative_lower_bound_all,common_endpoint,boundary_inversion_rate,lower,128,0.144625733818,0.23492053078,-0.0902947969619,favors_transform,false
identity,current_pca,native,6,vars_conservative_lower_bound_all,vars_conservative_lower_bound_all,vars_conservative_lower_bound_all,common_endpoint,boundary_inversion_rate,lower,128,0.144625832712,0.234920549732,-0.0902947170205,favors_transform,false
identity,current_pca,native,7,vars_conservative_lower_bound_all,vars_conservative_lower_bound_all,vars_conservative_lower_bound_all,common_endpoint,boundary_inversion_rate,lower,128,0.144625757377,0.234920599842,-0.090294842465,favors_transform,false
identity,current_pca,native,8,vars_conservative_lower_bound_all,vars_conservative_lower_bound_all,vars_conservative_lower_bound_all,common_endpoint,boundary_inversion_rate,lower,128,0.144625802662,0.234920549732,-0.0902947470697,favors_transform,false
identity,current_pca,native,9,vars_conservative_lower_bound_all,vars_conservative_lower_bound_all,vars_conservative_lower_bound_all,common_endpoint,boundary_inversion_rate,lower,128,0.144625763904,0.234920528085,-0.0902947641814,favors_transform,false
identity,current_pca,native,0,vars_conservative_lower_bound_all,vars_conservative_lower_bound_all,vars_conservative_lower_bound_all,common_endpoint,exact_best_rank,lower,128,508.578125,737.2734375,-228.6953125,favors_transform,false
identity,current_pca,native,1,vars_conservative_lower_bound_all,vars_conservative_lower_bound_all,vars_conservative_lower_bound_all,common_endpoint,exact_best_rank,lower,128,508.578125,737.2734375,-228.6953125,favors_transform,false
identity,current_pca,native,2,vars_conservative_lower_bound_all,vars_conservative_lower_bound_all,vars_conservative_lower_bound_all,common_endpoint,exact_best_rank,lower,128,508.578125,737.2734375,-228.6953125,favors_transform,false
identity,current_pca,native,3,vars_conservative_lower_bound_all,vars_conservative_lower_bound_all,vars_conservative_lower_bound_all,common_endpoint,exact_best_rank,lower,128,508.578125,737.2734375,-228.6953125,favors_transform,false
identity,current_pca,native,4,vars_conservative_lower_bound_all,vars_conservative_lower_bound_all,vars_conservative_lower_bound_all,common_endpoint,exact_best_rank,lower,128,508.578125,737.2734375,-228.6953125,favors_transform,false
identity,current_pca,native,5,vars_conservative_lower_bound_all,vars_conservative_lower_bound_all,vars_conservative_lower_bound_all,common_endpoint,exact_best_rank,lower,128,508.578125,737.2734375,-228.6953125,favors_transform,false
identity,current_pca,native,6,vars_conservative_lower_bound_all,vars_conservative_lower_bound_all,vars_conservative_lower_bound_all,common_endpoint,exact_best_rank,lower,128,508.578125,737.2734375,-228.6953125,favors_transform,false
identity,current_pca,native,7,vars_conservative_lower_bound_all,vars_conservative_lower_bound_all,vars_conservative_lower_bound_all,common_endpoint,exact_best_rank,lower,128,508.578125,737.2734375,-228.6953125,favors_transform,false
identity,current_pca,native,8,vars_conservative_lower_bound_all,vars_conservative_lower_bound_all,vars_conservative_lower_bound_all,common_endpoint,exact_best_rank,lower,128,508.578125,737.2734375,-228.6953125,favors_transform,false
identity,current_pca,native,9,vars_conservative_lower_bound_all,vars_conservative_lower_bound_all,vars_conservative_lower_bound_all,common_endpoint,exact_best_rank,lower,128,508.578125,737.2734375,-228.6953125,favors_transform,false
identity,current_pca,native,-1,fast_all,fast_all,fast_all,common_endpoint,mean_per_query_candidate_rmse,lower,128,0.184787203956,0.398880779159,-0.214093575202,favors_transform,false
identity,current_pca,native,-1,fast_all,fast_all,fast_all,common_endpoint,pooled_candidate_rmse,lower,128,0.183891627626,0.399542946907,-0.215651319281,favors_transform,false
identity,current_pca,native,-1,fast_all,fast_all,fast_all,common_endpoint,candidate_mae,lower,128,0.144102515197,0.354421751874,-0.210319236678,favors_transform,false
identity,current_pca,native,-1,fast_all,fast_all,fast_all,common_endpoint,topk_agreement,higher,128,0.67046875,0.54890625,0.1215625,favors_transform,false
identity,current_pca,native,-1,fast_all,fast_all,fast_all,common_endpoint,boundary_inversion_rate,lower,128,0.0135511909895,0.0270983357513,-0.0135471447618,favors_transform,false
identity,current_pca,native,-1,fast_all,fast_all,fast_all,common_endpoint,exact_best_rank,lower,128,4.8125,11.625,-6.8125,favors_transform,false
identity,current_pca,native,0,fast_all,fast_all,fast_all,common_endpoint,mean_per_query_candidate_rmse,lower,128,0.122667648011,0.386381594359,-0.263713946348,favors_transform,false
identity,current_pca,native,1,fast_all,fast_all,fast_all,common_endpoint,mean_per_query_candidate_rmse,lower,128,0.122637861492,0.386689709863,-0.264051848371,favors_transform,false
identity,current_pca,native,2,fast_all,fast_all,fast_all,common_endpoint,mean_per_query_candidate_rmse,lower,128,0.122506774018,0.386282981184,-0.263776207166,favors_transform,false
identity,current_pca,native,3,fast_all,fast_all,fast_all,common_endpoint,mean_per_query_candidate_rmse,lower,128,0.122701801583,0.385622783846,-0.262920982264,favors_transform,false
identity,current_pca,native,4,fast_all,fast_all,fast_all,common_endpoint,mean_per_query_candidate_rmse,lower,128,0.122672338949,0.386475729427,-0.263803390478,favors_transform,false
identity,current_pca,native,5,fast_all,fast_all,fast_all,common_endpoint,mean_per_query_candidate_rmse,lower,128,0.122546562286,0.386118625048,-0.263572062762,favors_transform,false
identity,current_pca,native,6,fast_all,fast_all,fast_all,common_endpoint,mean_per_query_candidate_rmse,lower,128,0.122512484012,0.386763117892,-0.264250633881,favors_transform,false
identity,current_pca,native,7,fast_all,fast_all,fast_all,common_endpoint,mean_per_query_candidate_rmse,lower,128,0.122466830593,0.386618126852,-0.264151296259,favors_transform,false
identity,current_pca,native,8,fast_all,fast_all,fast_all,common_endpoint,mean_per_query_candidate_rmse,lower,128,0.122785386662,0.386085013167,-0.263299626505,favors_transform,false
identity,current_pca,native,9,fast_all,fast_all,fast_all,common_endpoint,mean_per_query_candidate_rmse,lower,128,0.12243407146,0.386436460766,-0.264002389306,favors_transform,false
identity,current_pca,native,0,fast_all,fast_all,fast_all,common_endpoint,pooled_candidate_rmse,lower,128,0.123775853084,0.387476115662,-0.263700262578,favors_transform,false
identity,current_pca,native,1,fast_all,fast_all,fast_all,common_endpoint,pooled_candidate_rmse,lower,128,0.123813297886,0.387823890494,-0.264010592609,favors_transform,false
identity,current_pca,native,2,fast_all,fast_all,fast_all,common_endpoint,pooled_candidate_rmse,lower,128,0.123657579778,0.387306415001,-0.263648835223,favors_transform,false
identity,current_pca,native,3,fast_all,fast_all,fast_all,common_endpoint,pooled_candidate_rmse,lower,128,0.123900088194,0.38674622361,-0.262846135415,favors_transform,false
identity,current_pca,native,4,fast_all,fast_all,fast_all,common_endpoint,pooled_candidate_rmse,lower,128,0.123787391443,0.387522871773,-0.26373548033,favors_transform,false
identity,current_pca,native,5,fast_all,fast_all,fast_all,common_endpoint,pooled_candidate_rmse,lower,128,0.12369125894,0.387201569908,-0.263510310968,favors_transform,false
identity,current_pca,native,6,fast_all,fast_all,fast_all,common_endpoint,pooled_candidate_rmse,lower,128,0.123635460525,0.387879762685,-0.26424430216,favors_transform,false
identity,current_pca,native,7,fast_all,fast_all,fast_all,common_endpoint,pooled_candidate_rmse,lower,128,0.123593695717,0.387743417224,-0.264149721507,favors_transform,false
identity,current_pca,native,8,fast_all,fast_all,fast_all,common_endpoint,pooled_candidate_rmse,lower,128,0.12386908148,0.387217760281,-0.263348678801,favors_transform,false
identity,current_pca,native,9,fast_all,fast_all,fast_all,common_endpoint,pooled_candidate_rmse,lower,128,0.123537032784,0.387451644591,-0.263914611808,favors_transform,false
identity,current_pca,native,0,fast_all,fast_all,fast_all,common_endpoint,candidate_mae,lower,128,0.108239153596,0.350874152836,-0.24263499924,favors_transform,false
identity,current_pca,native,1,fast_all,fast_all,fast_all,common_endpoint,candidate_mae,lower,128,0.108171106884,0.351196513993,-0.243025407109,favors_transform,false
identity,current_pca,native,2,fast_all,fast_all,fast_all,common_endpoint,candidate_mae,lower,128,0.10808980163,0.350870413192,-0.242780611563,favors_transform,false
identity,current_pca,native,3,fast_all,fast_all,fast_all,common_endpoint,candidate_mae,lower,128,0.10819750063,0.350336082684,-0.242138582055,favors_transform,false
identity,current_pca,native,4,fast_all,fast_all,fast_all,common_endpoint,candidate_mae,lower,128,0.108220854266,0.35090862202,-0.242687767754,favors_transform,false
identity,current_pca,native,5,fast_all,fast_all,fast_all,common_endpoint,candidate_mae,lower,128,0.108089847566,0.350551632938,-0.242461785372,favors_transform,false
identity,current_pca,native,6,fast_all,fast_all,fast_all,common_endpoint,candidate_mae,lower,128,0.108067308084,0.351501322789,-0.243434014705,favors_transform,false
identity,current_pca,native,7,fast_all,fast_all,fast_all,common_endpoint,candidate_mae,lower,128,0.10803357081,0.350976322036,-0.242942751226,favors_transform,false
identity,current_pca,native,8,fast_all,fast_all,fast_all,common_endpoint,candidate_mae,lower,128,0.108375568832,0.350510714998,-0.242135146166,favors_transform,false
identity,current_pca,native,9,fast_all,fast_all,fast_all,common_endpoint,candidate_mae,lower,128,0.108017507884,0.351012075041,-0.242994567158,favors_transform,false
identity,current_pca,native,0,fast_all,fast_all,fast_all,common_endpoint,topk_agreement,higher,128,0.841875,0.601796875,0.240078125,favors_transform,false
identity,current_pca,native,1,fast_all,fast_all,fast_all,common_endpoint,topk_agreement,higher,128,0.84421875,0.5946875,0.24953125,favors_transform,false
identity,current_pca,native,2,fast_all,fast_all,fast_all,common_endpoint,topk_agreement,higher,128,0.84078125,0.5946875,0.24609375,favors_transform,false
identity,current_pca,native,3,fast_all,fast_all,fast_all,common_endpoint,topk_agreement,higher,128,0.840390625,0.594765625,0.245625,favors_transform,false
identity,current_pca,native,4,fast_all,fast_all,fast_all,common_endpoint,topk_agreement,higher,128,0.840703125,0.588828125,0.251875,favors_transform,false
identity,current_pca,native,5,fast_all,fast_all,fast_all,common_endpoint,topk_agreement,higher,128,0.84375,0.59546875,0.24828125,favors_transform,false
identity,current_pca,native,6,fast_all,fast_all,fast_all,common_endpoint,topk_agreement,higher,128,0.8425,0.587890625,0.254609375,favors_transform,false
identity,current_pca,native,7,fast_all,fast_all,fast_all,common_endpoint,topk_agreement,higher,128,0.8425,0.59078125,0.25171875,favors_transform,false
identity,current_pca,native,8,fast_all,fast_all,fast_all,common_endpoint,topk_agreement,higher,128,0.840703125,0.590234375,0.25046875,favors_transform,false
identity,current_pca,native,9,fast_all,fast_all,fast_all,common_endpoint,topk_agreement,higher,128,0.84609375,0.5921875,0.25390625,favors_transform,false
identity,current_pca,native,0,fast_all,fast_all,fast_all,common_endpoint,boundary_inversion_rate,lower,128,0.00256219974678,0.0189777534292,-0.0164155536824,favors_transform,false
identity,current_pca,native,1,fast_all,fast_all,fast_all,common_endpoint,boundary_inversion_rate,lower,128,0.00249720933561,0.019054940773,-0.0165577314374,favors_transform,false
identity,current_pca,native,2,fast_all,fast_all,fast_all,common_endpoint,boundary_inversion_rate,lower,128,0.00257714787101,0.0191665660171,-0.0165894181461,favors_transform,false
identity,current_pca,native,3,fast_all,fast_all,fast_all,common_endpoint,boundary_inversion_rate,lower,128,0.00257578338837,0.0191663589101,-0.0165905755217,favors_transform,false
identity,current_pca,native,4,fast_all,fast_all,fast_all,common_endpoint,boundary_inversion_rate,lower,128,0.00259170922323,0.0192828324877,-0.0166911232645,favors_transform,false
identity,current_pca,native,5,fast_all,fast_all,fast_all,common_endpoint,boundary_inversion_rate,lower,128,0.0025503043901,0.0193829630538,-0.0168326586637,favors_transform,false
identity,current_pca,native,6,fast_all,fast_all,fast_all,common_endpoint,boundary_inversion_rate,lower,128,0.0026180672406,0.0198251378372,-0.0172070705966,favors_transform,false
identity,current_pca,native,7,fast_all,fast_all,fast_all,common_endpoint,boundary_inversion_rate,lower,128,0.00254636914811,0.0192007844465,-0.0166544152984,favors_transform,false
identity,current_pca,native,8,fast_all,fast_all,fast_all,common_endpoint,boundary_inversion_rate,lower,128,0.00263633720996,0.0194531712642,-0.0168168340543,favors_transform,false
identity,current_pca,native,9,fast_all,fast_all,fast_all,common_endpoint,boundary_inversion_rate,lower,128,0.00253506699596,0.0194292732658,-0.0168942062699,favors_transform,false
identity,current_pca,native,0,fast_all,fast_all,fast_all,common_endpoint,exact_best_rank,lower,128,1.734375,8.2265625,-6.4921875,favors_transform,false
identity,current_pca,native,1,fast_all,fast_all,fast_all,common_endpoint,exact_best_rank,lower,128,1.8671875,8.25,-6.3828125,favors_transform,false
identity,current_pca,native,2,fast_all,fast_all,fast_all,common_endpoint,exact_best_rank,lower,128,1.7734375,7.2578125,-5.484375,favors_transform,false
identity,current_pca,native,3,fast_all,fast_all,fast_all,common_endpoint,exact_best_rank,lower,128,1.953125,6.03125,-4.078125,favors_transform,false
identity,current_pca,native,4,fast_all,fast_all,fast_all,common_endpoint,exact_best_rank,lower,128,1.734375,7.6015625,-5.8671875,favors_transform,false
identity,current_pca,native,5,fast_all,fast_all,fast_all,common_endpoint,exact_best_rank,lower,128,1.6484375,8.5625,-6.9140625,favors_transform,false
identity,current_pca,native,6,fast_all,fast_all,fast_all,common_endpoint,exact_best_rank,lower,128,1.8359375,7.59375,-5.7578125,favors_transform,false
identity,current_pca,native,7,fast_all,fast_all,fast_all,common_endpoint,exact_best_rank,lower,128,1.7421875,6.3671875,-4.625,favors_transform,false
identity,current_pca,native,8,fast_all,fast_all,fast_all,common_endpoint,exact_best_rank,lower,128,1.796875,8.6640625,-6.8671875,favors_transform,false
identity,current_pca,native,9,fast_all,fast_all,fast_all,common_endpoint,exact_best_rank,lower,128,1.8125,7.9140625,-6.1015625,favors_transform,false
identity,current_pca,native,-1,full,full,full,common_endpoint,mean_per_query_candidate_rmse,lower,128,0.0135507644989,0.0020083822172,0.0115423822817,favors_pca,false
identity,current_pca,native,-1,full,full,full,common_endpoint,pooled_candidate_rmse,lower,128,0.01352823774,0.00216407267195,0.011364165068,favors_pca,false
identity,current_pca,native,-1,full,full,full,common_endpoint,candidate_mae,lower,128,0.010126635597,0.00156023058121,0.00856640501582,favors_pca,false
identity,current_pca,native,-1,full,full,full,common_endpoint,topk_agreement,higher,128,0.9653125,0.994296875,-0.028984375,favors_pca,false
identity,current_pca,native,-1,full,full,full,common_endpoint,boundary_inversion_rate,lower,128,0.000135743757002,4.15158251342e-06,0.000131592174488,favors_pca,false
identity,current_pca,native,-1,full,full,full,common_endpoint,exact_best_rank,lower,128,1.0625,1.015625,0.046875,favors_pca,false
identity,current_pca,native,0,full,full,full,common_endpoint,mean_per_query_candidate_rmse,lower,128,0.00839823748451,0.00168236720952,0.00671587027499,favors_pca,false
identity,current_pca,native,1,full,full,full,common_endpoint,mean_per_query_candidate_rmse,lower,128,0.00835859913876,0.00167930590519,0.00667929323357,favors_pca,false
identity,current_pca,native,2,full,full,full,common_endpoint,mean_per_query_candidate_rmse,lower,128,0.00837772312155,0.00168400632866,0.00669371679289,favors_pca,false
identity,current_pca,native,3,full,full,full,common_endpoint,mean_per_query_candidate_rmse,lower,128,0.00837757931752,0.00167933435596,0.00669824496156,favors_pca,false
identity,current_pca,native,4,full,full,full,common_endpoint,mean_per_query_candidate_rmse,lower,128,0.00837009387554,0.00168471465923,0.00668537921631,favors_pca,false
identity,current_pca,native,5,full,full,full,common_endpoint,mean_per_query_candidate_rmse,lower,128,0.00839593546816,0.0016801213046,0.00671581416355,favors_pca,false
identity,current_pca,native,6,full,full,full,common_endpoint,mean_per_query_candidate_rmse,lower,128,0.00836406576173,0.00167954922156,0.00668451654018,favors_pca,false
identity,current_pca,native,7,full,full,full,common_endpoint,mean_per_query_candidate_rmse,lower,128,0.00839594444907,0.00167743477012,0.00671850967895,favors_pca,false
identity,current_pca,native,8,full,full,full,common_endpoint,mean_per_query_candidate_rmse,lower,128,0.00839994038146,0.00168227518321,0.00671766519825,favors_pca,false
identity,current_pca,native,9,full,full,full,common_endpoint,mean_per_query_candidate_rmse,lower,128,0.00837561695922,0.00167964673165,0.00669597022757,favors_pca,false
identity,current_pca,native,0,full,full,full,common_endpoint,pooled_candidate_rmse,lower,128,0.00847899103428,0.00183249958282,0.00664649145145,favors_pca,false
identity,current_pca,native,1,full,full,full,common_endpoint,pooled_candidate_rmse,lower,128,0.00843559612736,0.00183065470791,0.00660494141945,favors_pca,false
identity,current_pca,native,2,full,full,full,common_endpoint,pooled_candidate_rmse,lower,128,0.00845984791058,0.00183602177274,0.00662382613784,favors_pca,false
identity,current_pca,native,3,full,full,full,common_endpoint,pooled_candidate_rmse,lower,128,0.00845788950406,0.00182814147249,0.00662974803157,favors_pca,false
identity,current_pca,native,4,full,full,full,common_endpoint,pooled_candidate_rmse,lower,128,0.00845282197557,0.00183631541026,0.00661650656531,favors_pca,false
identity,current_pca,native,5,full,full,full,common_endpoint,pooled_candidate_rmse,lower,128,0.00847828385805,0.00182871234365,0.0066495715144,favors_pca,false
identity,current_pca,native,6,full,full,full,common_endpoint,pooled_candidate_rmse,lower,128,0.00844515598607,0.00183130131386,0.00661385467221,favors_pca,false
identity,current_pca,native,7,full,full,full,common_endpoint,pooled_candidate_rmse,lower,128,0.00847433399515,0.0018281419111,0.00664619208405,favors_pca,false
identity,current_pca,native,8,full,full,full,common_endpoint,pooled_candidate_rmse,lower,128,0.00848566379558,0.00183285952627,0.00665280426931,favors_pca,false
identity,current_pca,native,9,full,full,full,common_endpoint,pooled_candidate_rmse,lower,128,0.00845689072446,0.00183239344865,0.00662449727581,favors_pca,false
identity,current_pca,native,0,full,full,full,common_endpoint,candidate_mae,lower,128,0.00656546913395,0.00130683640922,0.00525863272473,favors_pca,false
identity,current_pca,native,1,full,full,full,common_endpoint,candidate_mae,lower,128,0.00653578984643,0.0013040441677,0.00523174567873,favors_pca,false
identity,current_pca,native,2,full,full,full,common_endpoint,candidate_mae,lower,128,0.00655226969807,0.00130747509357,0.0052447946045,favors_pca,false
identity,current_pca,native,3,full,full,full,common_endpoint,candidate_mae,lower,128,0.00654779870306,0.00130411957543,0.00524367912763,favors_pca,false
identity,current_pca,native,4,full,full,full,common_endpoint,candidate_mae,lower,128,0.00654764084062,0.0013080513056,0.00523958953502,favors_pca,false
identity,current_pca,native,5,full,full,full,common_endpoint,candidate_mae,lower,128,0.00656442947717,0.00130527082511,0.00525915865206,favors_pca,false
identity,current_pca,native,6,full,full,full,common_endpoint,candidate_mae,lower,128,0.00654351702013,0.00130427124599,0.00523924577414,favors_pca,false
identity,current_pca,native,7,full,full,full,common_endpoint,candidate_mae,lower,128,0.00656874570706,0.00130499981273,0.00526374589434,favors_pca,false
identity,current_pca,native,8,full,full,full,common_endpoint,candidate_mae,lower,128,0.00656863563038,0.00130620664457,0.0052624289858,favors_pca,false
identity,current_pca,native,9,full,full,full,common_endpoint,candidate_mae,lower,128,0.00654857415005,0.00130488843246,0.0052436857176,favors_pca,false
identity,current_pca,native,0,full,full,full,common_endpoint,topk_agreement,higher,128,0.97703125,0.99453125,-0.0175,favors_pca,false
identity,current_pca,native,1,full,full,full,common_endpoint,topk_agreement,higher,128,0.977109375,0.9940625,-0.016953125,favors_pca,false
identity,current_pca,native,2,full,full,full,common_endpoint,topk_agreement,higher,128,0.976328125,0.994453125,-0.018125,favors_pca,false
identity,current_pca,native,3,full,full,full,common_endpoint,topk_agreement,higher,128,0.977734375,0.995078125,-0.01734375,favors_pca,false
identity,current_pca,native,4,full,full,full,common_endpoint,topk_agreement,higher,128,0.976484375,0.994140625,-0.01765625,favors_pca,false
identity,current_pca,native,5,full,full,full,common_endpoint,topk_agreement,higher,128,0.977578125,0.995625,-0.018046875,favors_pca,false
identity,current_pca,native,6,full,full,full,common_endpoint,topk_agreement,higher,128,0.97515625,0.994296875,-0.019140625,favors_pca,false
identity,current_pca,native,7,full,full,full,common_endpoint,topk_agreement,higher,128,0.97609375,0.99484375,-0.01875,favors_pca,false
identity,current_pca,native,8,full,full,full,common_endpoint,topk_agreement,higher,128,0.976328125,0.994453125,-0.018125,favors_pca,false
identity,current_pca,native,9,full,full,full,common_endpoint,topk_agreement,higher,128,0.976015625,0.9946875,-0.018671875,favors_pca,false
identity,current_pca,native,0,full,full,full,common_endpoint,boundary_inversion_rate,lower,128,5.92308247878e-05,4.05613163891e-06,5.51746931489e-05,favors_pca,false
identity,current_pca,native,1,full,full,full,common_endpoint,boundary_inversion_rate,lower,128,5.57549029235e-05,4.67970124623e-06,5.10752016773e-05,favors_pca,false
identity,current_pca,native,2,full,full,full,common_endpoint,boundary_inversion_rate,lower,128,5.89190665318e-05,3.68082250264e-06,5.52382440291e-05,favors_pca,false
identity,current_pca,native,3,full,full,full,common_endpoint,boundary_inversion_rate,lower,128,5.24103172272e-05,3.94345560148e-06,4.84668616258e-05,favors_pca,false
identity,current_pca,native,4,full,full,full,common_endpoint,boundary_inversion_rate,lower,128,5.9426772776e-05,4.37602283955e-06,5.50507499364e-05,favors_pca,false
identity,current_pca,native,5,full,full,full,common_endpoint,boundary_inversion_rate,lower,128,6.03816795928e-05,3.53275710973e-06,5.6848922483e-05,favors_pca,false
identity,current_pca,native,6,full,full,full,common_endpoint,boundary_inversion_rate,lower,128,6.30027965606e-05,4.3822572932e-06,5.86205392674e-05,favors_pca,false
identity,current_pca,native,7,full,full,full,common_endpoint,boundary_inversion_rate,lower,128,5.81430043756e-05,4.39630281862e-06,5.3746701557e-05,favors_pca,false
identity,current_pca,native,8,full,full,full,common_endpoint,boundary_inversion_rate,lower,128,5.57771358163e-05,4.41832978755e-06,5.13588060288e-05,favors_pca,false
identity,current_pca,native,9,full,full,full,common_endpoint,boundary_inversion_rate,lower,128,6.0824742912e-05,3.40292867537e-06,5.74218142367e-05,favors_pca,false
identity,current_pca,native,0,full,full,full,common_endpoint,exact_best_rank,lower,128,1.0703125,1.0078125,0.0625,favors_pca,false
identity,current_pca,native,1,full,full,full,common_endpoint,exact_best_rank,lower,128,1.0703125,1.0234375,0.046875,favors_pca,false
identity,current_pca,native,2,full,full,full,common_endpoint,exact_best_rank,lower,128,1.046875,1.015625,0.03125,favors_pca,false
identity,current_pca,native,3,full,full,full,common_endpoint,exact_best_rank,lower,128,1.078125,1.015625,0.0625,favors_pca,false
identity,current_pca,native,4,full,full,full,common_endpoint,exact_best_rank,lower,128,1.0625,1.0078125,0.0546875,favors_pca,false
identity,current_pca,native,5,full,full,full,common_endpoint,exact_best_rank,lower,128,1.0703125,1,0.0703125,favors_pca,false
identity,current_pca,native,6,full,full,full,common_endpoint,exact_best_rank,lower,128,1.0703125,1.0078125,0.0625,favors_pca,false
identity,current_pca,native,7,full,full,full,common_endpoint,exact_best_rank,lower,128,1.078125,1.03125,0.046875,favors_pca,false
identity,current_pca,native,8,full,full,full,common_endpoint,exact_best_rank,lower,128,1.0859375,1,0.0859375,favors_pca,false
identity,current_pca,native,9,full,full,full,common_endpoint,exact_best_rank,lower,128,1.0390625,1.0078125,0.03125,favors_pca,false
identity,current_pca,frozen-pca,-1,vars_conservative_lower_bound_all,vars_conservative_lower_bound_all,vars_conservative_lower_bound_all,common_endpoint,mean_per_query_candidate_rmse,lower,128,1.11970495975,1.89500071019,-0.775295750439,favors_transform,true
identity,current_pca,frozen-pca,-1,vars_conservative_lower_bound_all,vars_conservative_lower_bound_all,vars_conservative_lower_bound_all,common_endpoint,pooled_candidate_rmse,lower,128,1.10739178895,1.89126919556,-0.783877406605,favors_transform,true
identity,current_pca,frozen-pca,-1,vars_conservative_lower_bound_all,vars_conservative_lower_bound_all,vars_conservative_lower_bound_all,common_endpoint,candidate_mae,lower,128,1.08281318074,1.8526956189,-0.76988243816,favors_transform,true
identity,current_pca,frozen-pca,-1,vars_conservative_lower_bound_all,vars_conservative_lower_bound_all,vars_conservative_lower_bound_all,common_endpoint,topk_agreement,higher,128,0.24671875,0.084453125,0.162265625,favors_transform,true
identity,current_pca,frozen-pca,-1,vars_conservative_lower_bound_all,vars_conservative_lower_bound_all,vars_conservative_lower_bound_all,common_endpoint,boundary_inversion_rate,lower,128,0.148473856811,0.234920553691,-0.0864466968805,favors_transform,true
identity,current_pca,frozen-pca,-1,vars_conservative_lower_bound_all,vars_conservative_lower_bound_all,vars_conservative_lower_bound_all,common_endpoint,exact_best_rank,lower,128,577.5390625,737.2734375,-159.734375,favors_transform,true
identity,current_pca,frozen-pca,0,vars_conservative_lower_bound_all,vars_conservative_lower_bound_all,vars_conservative_lower_bound_all,common_endpoint,mean_per_query_candidate_rmse,lower,128,1.11970495781,1.89500069874,-0.775295740926,favors_transform,true
identity,current_pca,frozen-pca,1,vars_conservative_lower_bound_all,vars_conservative_lower_bound_all,vars_conservative_lower_bound_all,common_endpoint,mean_per_query_candidate_rmse,lower,128,1.11970497568,1.89500071054,-0.775295734856,favors_transform,true
identity,current_pca,frozen-pca,2,vars_conservative_lower_bound_all,vars_conservative_lower_bound_all,vars_conservative_lower_bound_all,common_endpoint,mean_per_query_candidate_rmse,lower,128,1.11970496224,1.89500071781,-0.775295755563,favors_transform,true
identity,current_pca,frozen-pca,3,vars_conservative_lower_bound_all,vars_conservative_lower_bound_all,vars_conservative_lower_bound_all,common_endpoint,mean_per_query_candidate_rmse,lower,128,1.11970496866,1.89500070805,-0.77529573939,favors_transform,true
identity,current_pca,frozen-pca,4,vars_conservative_lower_bound_all,vars_conservative_lower_bound_all,vars_conservative_lower_bound_all,common_endpoint,mean_per_query_candidate_rmse,lower,128,1.11970493441,1.89500069747,-0.775295763066,favors_transform,true
identity,current_pca,frozen-pca,5,vars_conservative_lower_bound_all,vars_conservative_lower_bound_all,vars_conservative_lower_bound_all,common_endpoint,mean_per_query_candidate_rmse,lower,128,1.11970495648,1.89500070472,-0.775295748239,favors_transform,true
identity,current_pca,frozen-pca,6,vars_conservative_lower_bound_all,vars_conservative_lower_bound_all,vars_conservative_lower_bound_all,common_endpoint,mean_per_query_candidate_rmse,lower,128,1.11970494401,1.89500069055,-0.775295746537,favors_transform,true
identity,current_pca,frozen-pca,7,vars_conservative_lower_bound_all,vars_conservative_lower_bound_all,vars_conservative_lower_bound_all,common_endpoint,mean_per_query_candidate_rmse,lower,128,1.11970496914,1.89500071228,-0.775295743147,favors_transform,true
identity,current_pca,frozen-pca,8,vars_conservative_lower_bound_all,vars_conservative_lower_bound_all,vars_conservative_lower_bound_all,common_endpoint,mean_per_query_candidate_rmse,lower,128,1.11970493208,1.89500068569,-0.775295753608,favors_transform,true
identity,current_pca,frozen-pca,9,vars_conservative_lower_bound_all,vars_conservative_lower_bound_all,vars_conservative_lower_bound_all,common_endpoint,mean_per_query_candidate_rmse,lower,128,1.11970496497,1.8950007085,-0.775295743531,favors_transform,true
identity,current_pca,frozen-pca,0,vars_conservative_lower_bound_all,vars_conservative_lower_bound_all,vars_conservative_lower_bound_all,common_endpoint,pooled_candidate_rmse,lower,128,1.10739178753,1.8912691819,-0.783877394376,favors_transform,true
identity,current_pca,frozen-pca,1,vars_conservative_lower_bound_all,vars_conservative_lower_bound_all,vars_conservative_lower_bound_all,common_endpoint,pooled_candidate_rmse,lower,128,1.10739180449,1.89126919514,-0.783877390651,favors_transform,true
identity,current_pca,frozen-pca,2,vars_conservative_lower_bound_all,vars_conservative_lower_bound_all,vars_conservative_lower_bound_all,common_endpoint,pooled_candidate_rmse,lower,128,1.1073917911,1.8912692036,-0.7838774125,favors_transform,true
identity,current_pca,frozen-pca,3,vars_conservative_lower_bound_all,vars_conservative_lower_bound_all,vars_conservative_lower_bound_all,common_endpoint,pooled_candidate_rmse,lower,128,1.10739179712,1.89126919321,-0.783877396091,favors_transform,true
identity,current_pca,frozen-pca,4,vars_conservative_lower_bound_all,vars_conservative_lower_bound_all,vars_conservative_lower_bound_all,common_endpoint,pooled_candidate_rmse,lower,128,1.10739176302,1.89126918142,-0.783877418399,favors_transform,true
identity,current_pca,frozen-pca,5,vars_conservative_lower_bound_all,vars_conservative_lower_bound_all,vars_conservative_lower_bound_all,common_endpoint,pooled_candidate_rmse,lower,128,1.10739178508,1.89126918924,-0.783877404168,favors_transform,true
identity,current_pca,frozen-pca,6,vars_conservative_lower_bound_all,vars_conservative_lower_bound_all,vars_conservative_lower_bound_all,common_endpoint,pooled_candidate_rmse,lower,128,1.10739177404,1.89126917597,-0.783877401934,favors_transform,true
identity,current_pca,frozen-pca,7,vars_conservative_lower_bound_all,vars_conservative_lower_bound_all,vars_conservative_lower_bound_all,common_endpoint,pooled_candidate_rmse,lower,128,1.10739179681,1.89126919718,-0.783877400378,favors_transform,true
identity,current_pca,frozen-pca,8,vars_conservative_lower_bound_all,vars_conservative_lower_bound_all,vars_conservative_lower_bound_all,common_endpoint,pooled_candidate_rmse,lower,128,1.10739176267,1.89126916989,-0.783877407222,favors_transform,true
identity,current_pca,frozen-pca,9,vars_conservative_lower_bound_all,vars_conservative_lower_bound_all,vars_conservative_lower_bound_all,common_endpoint,pooled_candidate_rmse,lower,128,1.107391794,1.89126919334,-0.783877399336,favors_transform,true
identity,current_pca,frozen-pca,0,vars_conservative_lower_bound_all,vars_conservative_lower_bound_all,vars_conservative_lower_bound_all,common_endpoint,candidate_mae,lower,128,1.0828131789,1.8526956073,-0.769882428394,favors_transform,true
identity,current_pca,frozen-pca,1,vars_conservative_lower_bound_all,vars_conservative_lower_bound_all,vars_conservative_lower_bound_all,common_endpoint,candidate_mae,lower,128,1.08281319715,1.85269562027,-0.769882423121,favors_transform,true
identity,current_pca,frozen-pca,2,vars_conservative_lower_bound_all,vars_conservative_lower_bound_all,vars_conservative_lower_bound_all,common_endpoint,candidate_mae,lower,128,1.08281318335,1.85269562646,-0.769882443109,favors_transform,true
identity,current_pca,frozen-pca,3,vars_conservative_lower_bound_all,vars_conservative_lower_bound_all,vars_conservative_lower_bound_all,common_endpoint,candidate_mae,lower,128,1.08281319001,1.8526956163,-0.769882426284,favors_transform,true
identity,current_pca,frozen-pca,4,vars_conservative_lower_bound_all,vars_conservative_lower_bound_all,vars_conservative_lower_bound_all,common_endpoint,candidate_mae,lower,128,1.08281315476,1.85269560671,-0.769882451945,favors_transform,true
identity,current_pca,frozen-pca,5,vars_conservative_lower_bound_all,vars_conservative_lower_bound_all,vars_conservative_lower_bound_all,common_endpoint,candidate_mae,lower,128,1.08281317748,1.85269561398,-0.769882436502,favors_transform,true
identity,current_pca,frozen-pca,6,vars_conservative_lower_bound_all,vars_conservative_lower_bound_all,vars_conservative_lower_bound_all,common_endpoint,candidate_mae,lower,128,1.08281316458,1.85269559908,-0.769882434503,favors_transform,true
identity,current_pca,frozen-pca,7,vars_conservative_lower_bound_all,vars_conservative_lower_bound_all,vars_conservative_lower_bound_all,common_endpoint,candidate_mae,lower,128,1.08281319045,1.8526956218,-0.76988243135,favors_transform,true
identity,current_pca,frozen-pca,8,vars_conservative_lower_bound_all,vars_conservative_lower_bound_all,vars_conservative_lower_bound_all,common_endpoint,candidate_mae,lower,128,1.08281315227,1.85269559499,-0.769882442723,favors_transform,true
identity,current_pca,frozen-pca,9,vars_conservative_lower_bound_all,vars_conservative_lower_bound_all,vars_conservative_lower_bound_all,common_endpoint,candidate_mae,lower,128,1.08281318608,1.85269561739,-0.769882431312,favors_transform,true
identity,current_pca,frozen-pca,0,vars_conservative_lower_bound_all,vars_conservative_lower_bound_all,vars_conservative_lower_bound_all,common_endpoint,topk_agreement,higher,128,0.24671875,0.084453125,0.162265625,favors_transform,true
identity,current_pca,frozen-pca,1,vars_conservative_lower_bound_all,vars_conservative_lower_bound_all,vars_conservative_lower_bound_all,common_endpoint,topk_agreement,higher,128,0.24671875,0.084375,0.16234375,favors_transform,true
identity,current_pca,frozen-pca,2,vars_conservative_lower_bound_all,vars_conservative_lower_bound_all,vars_conservative_lower_bound_all,common_endpoint,topk_agreement,higher,128,0.24671875,0.084453125,0.162265625,favors_transform,true
identity,current_pca,frozen-pca,3,vars_conservative_lower_bound_all,vars_conservative_lower_bound_all,vars_conservative_lower_bound_all,common_endpoint,topk_agreement,higher,128,0.24671875,0.084453125,0.162265625,favors_transform,true
identity,current_pca,frozen-pca,4,vars_conservative_lower_bound_all,vars_conservative_lower_bound_all,vars_conservative_lower_bound_all,common_endpoint,topk_agreement,higher,128,0.24671875,0.084453125,0.162265625,favors_transform,true
identity,current_pca,frozen-pca,5,vars_conservative_lower_bound_all,vars_conservative_lower_bound_all,vars_conservative_lower_bound_all,common_endpoint,topk_agreement,higher,128,0.24671875,0.084453125,0.162265625,favors_transform,true
identity,current_pca,frozen-pca,6,vars_conservative_lower_bound_all,vars_conservative_lower_bound_all,vars_conservative_lower_bound_all,common_endpoint,topk_agreement,higher,128,0.24671875,0.084453125,0.162265625,favors_transform,true
identity,current_pca,frozen-pca,7,vars_conservative_lower_bound_all,vars_conservative_lower_bound_all,vars_conservative_lower_bound_all,common_endpoint,topk_agreement,higher,128,0.24671875,0.084453125,0.162265625,favors_transform,true
identity,current_pca,frozen-pca,8,vars_conservative_lower_bound_all,vars_conservative_lower_bound_all,vars_conservative_lower_bound_all,common_endpoint,topk_agreement,higher,128,0.24671875,0.084453125,0.162265625,favors_transform,true
identity,current_pca,frozen-pca,9,vars_conservative_lower_bound_all,vars_conservative_lower_bound_all,vars_conservative_lower_bound_all,common_endpoint,topk_agreement,higher,128,0.24671875,0.084453125,0.162265625,favors_transform,true
identity,current_pca,frozen-pca,0,vars_conservative_lower_bound_all,vars_conservative_lower_bound_all,vars_conservative_lower_bound_all,common_endpoint,boundary_inversion_rate,lower,128,0.14847379428,0.234920600077,-0.0864468057969,favors_transform,true
identity,current_pca,frozen-pca,1,vars_conservative_lower_bound_all,vars_conservative_lower_bound_all,vars_conservative_lower_bound_all,common_endpoint,boundary_inversion_rate,lower,128,0.14847386151,0.234920667948,-0.0864468064383,favors_transform,true
identity,current_pca,frozen-pca,2,vars_conservative_lower_bound_all,vars_conservative_lower_bound_all,vars_conservative_lower_bound_all,common_endpoint,boundary_inversion_rate,lower,128,0.148473808421,0.234920596754,-0.0864467883328,favors_transform,true
identity,current_pca,frozen-pca,3,vars_conservative_lower_bound_all,vars_conservative_lower_bound_all,vars_conservative_lower_bound_all,common_endpoint,boundary_inversion_rate,lower,128,0.148473832661,0.234920557285,-0.0864467246242,favors_transform,true
identity,current_pca,frozen-pca,4,vars_conservative_lower_bound_all,vars_conservative_lower_bound_all,vars_conservative_lower_bound_all,common_endpoint,boundary_inversion_rate,lower,128,0.148473908512,0.234920621382,-0.0864467128703,favors_transform,true
identity,current_pca,frozen-pca,5,vars_conservative_lower_bound_all,vars_conservative_lower_bound_all,vars_conservative_lower_bound_all,common_endpoint,boundary_inversion_rate,lower,128,0.148473786556,0.23492053078,-0.0864467442235,favors_transform,true
identity,current_pca,frozen-pca,6,vars_conservative_lower_bound_all,vars_conservative_lower_bound_all,vars_conservative_lower_bound_all,common_endpoint,boundary_inversion_rate,lower,128,0.148473859332,0.234920549732,-0.0864466904,favors_transform,true
identity,current_pca,frozen-pca,7,vars_conservative_lower_bound_all,vars_conservative_lower_bound_all,vars_conservative_lower_bound_all,common_endpoint,boundary_inversion_rate,lower,128,0.148473827172,0.234920599842,-0.0864467726703,favors_transform,true
identity,current_pca,frozen-pca,8,vars_conservative_lower_bound_all,vars_conservative_lower_bound_all,vars_conservative_lower_bound_all,common_endpoint,boundary_inversion_rate,lower,128,0.148473883375,0.234920549732,-0.086446666357,favors_transform,true
identity,current_pca,frozen-pca,9,vars_conservative_lower_bound_all,vars_conservative_lower_bound_all,vars_conservative_lower_bound_all,common_endpoint,boundary_inversion_rate,lower,128,0.14847383727,0.234920528085,-0.0864466908149,favors_transform,true
identity,current_pca,frozen-pca,0,vars_conservative_lower_bound_all,vars_conservative_lower_bound_all,vars_conservative_lower_bound_all,common_endpoint,exact_best_rank,lower,128,577.5390625,737.2734375,-159.734375,favors_transform,true
identity,current_pca,frozen-pca,1,vars_conservative_lower_bound_all,vars_conservative_lower_bound_all,vars_conservative_lower_bound_all,common_endpoint,exact_best_rank,lower,128,577.5390625,737.2734375,-159.734375,favors_transform,true
identity,current_pca,frozen-pca,2,vars_conservative_lower_bound_all,vars_conservative_lower_bound_all,vars_conservative_lower_bound_all,common_endpoint,exact_best_rank,lower,128,577.5390625,737.2734375,-159.734375,favors_transform,true
identity,current_pca,frozen-pca,3,vars_conservative_lower_bound_all,vars_conservative_lower_bound_all,vars_conservative_lower_bound_all,common_endpoint,exact_best_rank,lower,128,577.5390625,737.2734375,-159.734375,favors_transform,true
identity,current_pca,frozen-pca,4,vars_conservative_lower_bound_all,vars_conservative_lower_bound_all,vars_conservative_lower_bound_all,common_endpoint,exact_best_rank,lower,128,577.5390625,737.2734375,-159.734375,favors_transform,true
identity,current_pca,frozen-pca,5,vars_conservative_lower_bound_all,vars_conservative_lower_bound_all,vars_conservative_lower_bound_all,common_endpoint,exact_best_rank,lower,128,577.5390625,737.2734375,-159.734375,favors_transform,true
identity,current_pca,frozen-pca,6,vars_conservative_lower_bound_all,vars_conservative_lower_bound_all,vars_conservative_lower_bound_all,common_endpoint,exact_best_rank,lower,128,577.5390625,737.2734375,-159.734375,favors_transform,true
identity,current_pca,frozen-pca,7,vars_conservative_lower_bound_all,vars_conservative_lower_bound_all,vars_conservative_lower_bound_all,common_endpoint,exact_best_rank,lower,128,577.5390625,737.2734375,-159.734375,favors_transform,true
identity,current_pca,frozen-pca,8,vars_conservative_lower_bound_all,vars_conservative_lower_bound_all,vars_conservative_lower_bound_all,common_endpoint,exact_best_rank,lower,128,577.5390625,737.2734375,-159.734375,favors_transform,true
identity,current_pca,frozen-pca,9,vars_conservative_lower_bound_all,vars_conservative_lower_bound_all,vars_conservative_lower_bound_all,common_endpoint,exact_best_rank,lower,128,577.5390625,737.2734375,-159.734375,favors_transform,true
identity,current_pca,frozen-pca,-1,fast_prefix_1,fast_prefix_1,fast_prefix_1,matched_intermediate_family_and_bytes,mean_per_query_candidate_rmse,lower,128,1.03493595977,0.563567108634,0.471368851134,favors_pca,true
identity,current_pca,frozen-pca,-1,fast_prefix_1,fast_prefix_1,fast_prefix_1,matched_intermediate_family_and_bytes,pooled_candidate_rmse,lower,128,1.02343929492,0.564099399985,0.459339894938,favors_pca,true
identity,current_pca,frozen-pca,-1,fast_prefix_1,fast_prefix_1,fast_prefix_1,matched_intermediate_family_and_bytes,candidate_mae,lower,128,0.999272173499,0.530952945849,0.46831922765,favors_pca,true
identity,current_pca,frozen-pca,-1,fast_prefix_1,fast_prefix_1,fast_prefix_1,matched_intermediate_family_and_bytes,topk_agreement,higher,128,0.2815625,0.521953125,-0.240390625,favors_pca,true
identity,current_pca,frozen-pca,-1,fast_prefix_1,fast_prefix_1,fast_prefix_1,matched_intermediate_family_and_bytes,boundary_inversion_rate,lower,128,0.131281360217,0.0311723875546,0.100108972662,favors_pca,true
identity,current_pca,frozen-pca,-1,fast_prefix_1,fast_prefix_1,fast_prefix_1,matched_intermediate_family_and_bytes,exact_best_rank,lower,128,407.5234375,16.2109375,391.3125,favors_pca,true
identity,current_pca,frozen-pca,0,fast_prefix_1,fast_prefix_1,fast_prefix_1,matched_intermediate_family_and_bytes,mean_per_query_candidate_rmse,lower,128,1.03472230827,0.554477750822,0.480244557452,favors_pca,true
identity,current_pca,frozen-pca,1,fast_prefix_1,fast_prefix_1,fast_prefix_1,matched_intermediate_family_and_bytes,mean_per_query_candidate_rmse,lower,128,1.0347359631,0.554749374171,0.479986588926,favors_pca,true
identity,current_pca,frozen-pca,2,fast_prefix_1,fast_prefix_1,fast_prefix_1,matched_intermediate_family_and_bytes,mean_per_query_candidate_rmse,lower,128,1.03470741485,0.554344618063,0.480362796789,favors_pca,true
identity,current_pca,frozen-pca,3,fast_prefix_1,fast_prefix_1,fast_prefix_1,matched_intermediate_family_and_bytes,mean_per_query_candidate_rmse,lower,128,1.03465827472,0.553763646467,0.480894628248,favors_pca,true
identity,current_pca,frozen-pca,4,fast_prefix_1,fast_prefix_1,fast_prefix_1,matched_intermediate_family_and_bytes,mean_per_query_candidate_rmse,lower,128,1.03473158275,0.554510681925,0.480220900823,favors_pca,true
identity,current_pca,frozen-pca,5,fast_prefix_1,fast_prefix_1,fast_prefix_1,matched_intermediate_family_and_bytes,mean_per_query_candidate_rmse,lower,128,1.03469884364,0.554144038193,0.480554805452,favors_pca,true
identity,current_pca,frozen-pca,6,fast_prefix_1,fast_prefix_1,fast_prefix_1,matched_intermediate_family_and_bytes,mean_per_query_candidate_rmse,lower,128,1.03470432496,0.554844343351,0.479859981613,favors_pca,true
identity,current_pca,frozen-pca,7,fast_prefix_1,fast_prefix_1,fast_prefix_1,matched_intermediate_family_and_bytes,mean_per_query_candidate_rmse,lower,128,1.03468475783,0.554654471182,0.48003028665,favors_pca,true
identity,current_pca,frozen-pca,8,fast_prefix_1,fast_prefix_1,fast_prefix_1,matched_intermediate_family_and_bytes,mean_per_query_candidate_rmse,lower,128,1.03473058924,0.554105108863,0.48062548038,favors_pca,true
identity,current_pca,frozen-pca,9,fast_prefix_1,fast_prefix_1,fast_prefix_1,matched_intermediate_family_and_bytes,mean_per_query_candidate_rmse,lower,128,1.03473927188,0.554552802071,0.480186469806,favors_pca,true
identity,current_pca,frozen-pca,0,fast_prefix_1,fast_prefix_1,fast_prefix_1,matched_intermediate_family_and_bytes,pooled_candidate_rmse,lower,128,1.02321203727,0.555251422159,0.467960615114,favors_pca,true
identity,current_pca,frozen-pca,1,fast_prefix_1,fast_prefix_1,fast_prefix_1,matched_intermediate_family_and_bytes,pooled_candidate_rmse,lower,128,1.02324143555,0.5555803461,0.467661089447,favors_pca,true
identity,current_pca,frozen-pca,2,fast_prefix_1,fast_prefix_1,fast_prefix_1,matched_intermediate_family_and_bytes,pooled_candidate_rmse,lower,128,1.02320307971,0.555064713151,0.46813836656,favors_pca,true
identity,current_pca,frozen-pca,3,fast_prefix_1,fast_prefix_1,fast_prefix_1,matched_intermediate_family_and_bytes,pooled_candidate_rmse,lower,128,1.02315909013,0.554584604927,0.468574485201,favors_pca,true
identity,current_pca,frozen-pca,4,fast_prefix_1,fast_prefix_1,fast_prefix_1,matched_intermediate_family_and_bytes,pooled_candidate_rmse,lower,128,1.02322875987,0.555252357273,0.4679764026,favors_pca,true
identity,current_pca,frozen-pca,5,fast_prefix_1,fast_prefix_1,fast_prefix_1,matched_intermediate_family_and_bytes,pooled_candidate_rmse,lower,128,1.02319671105,0.554909153442,0.468287557612,favors_pca,true
identity,current_pca,frozen-pca,6,fast_prefix_1,fast_prefix_1,fast_prefix_1,matched_intermediate_family_and_bytes,pooled_candidate_rmse,lower,128,1.0231957662,0.555681170793,0.467514595402,favors_pca,true
identity,current_pca,frozen-pca,7,fast_prefix_1,fast_prefix_1,fast_prefix_1,matched_intermediate_family_and_bytes,pooled_candidate_rmse,lower,128,1.02317886862,0.555429642438,0.467749226185,favors_pca,true
identity,current_pca,frozen-pca,8,fast_prefix_1,fast_prefix_1,fast_prefix_1,matched_intermediate_family_and_bytes,pooled_candidate_rmse,lower,128,1.0232321707,0.554915194235,0.468316976466,favors_pca,true
identity,current_pca,frozen-pca,9,fast_prefix_1,fast_prefix_1,fast_prefix_1,matched_intermediate_family_and_bytes,pooled_candidate_rmse,lower,128,1.02322476911,0.555257488546,0.467967280564,favors_pca,true
identity,current_pca,frozen-pca,0,fast_prefix_1,fast_prefix_1,fast_prefix_1,matched_intermediate_family_and_bytes,candidate_mae,lower,128,0.999143670321,0.528936614955,0.470207055366,favors_pca,true
identity,current_pca,frozen-pca,1,fast_prefix_1,fast_prefix_1,fast_prefix_1,matched_intermediate_family_and_bytes,candidate_mae,lower,128,0.999169287103,0.529347859214,0.469821427889,favors_pca,true
identity,current_pca,frozen-pca,2,fast_prefix_1,fast_prefix_1,fast_prefix_1,matched_intermediate_family_and_bytes,candidate_mae,lower,128,0.999139022013,0.528948413421,0.470190608592,favors_pca,true
identity,current_pca,frozen-pca,3,fast_prefix_1,fast_prefix_1,fast_prefix_1,matched_intermediate_family_and_bytes,candidate_mae,lower,128,0.99910413857,0.528464350004,0.470639788566,favors_pca,true
identity,current_pca,frozen-pca,4,fast_prefix_1,fast_prefix_1,fast_prefix_1,matched_intermediate_family_and_bytes,candidate_mae,lower,128,0.999155899434,0.529038722116,0.470117177318,favors_pca,true
identity,current_pca,frozen-pca,5,fast_prefix_1,fast_prefix_1,fast_prefix_1,matched_intermediate_family_and_bytes,candidate_mae,lower,128,0.999103520966,0.528617787586,0.47048573338,favors_pca,true
identity,current_pca,frozen-pca,6,fast_prefix_1,fast_prefix_1,fast_prefix_1,matched_intermediate_family_and_bytes,candidate_mae,lower,128,0.999129467651,0.529550280385,0.469579187266,favors_pca,true
identity,current_pca,frozen-pca,7,fast_prefix_1,fast_prefix_1,fast_prefix_1,matched_intermediate_family_and_bytes,candidate_mae,lower,128,0.999110336375,0.529065744652,0.470044591723,favors_pca,true
identity,current_pca,frozen-pca,8,fast_prefix_1,fast_prefix_1,fast_prefix_1,matched_intermediate_family_and_bytes,candidate_mae,lower,128,0.999186100448,0.528575241066,0.470610859381,favors_pca,true
identity,current_pca,frozen-pca,9,fast_prefix_1,fast_prefix_1,fast_prefix_1,matched_intermediate_family_and_bytes,candidate_mae,lower,128,0.999158834209,0.529161191411,0.469997642798,favors_pca,true
identity,current_pca,frozen-pca,0,fast_prefix_1,fast_prefix_1,fast_prefix_1,matched_intermediate_family_and_bytes,topk_agreement,higher,128,0.282890625,0.573359375,-0.29046875,favors_pca,true
identity,current_pca,frozen-pca,1,fast_prefix_1,fast_prefix_1,fast_prefix_1,matched_intermediate_family_and_bytes,topk_agreement,higher,128,0.28359375,0.573046875,-0.289453125,favors_pca,true
identity,current_pca,frozen-pca,2,fast_prefix_1,fast_prefix_1,fast_prefix_1,matched_intermediate_family_and_bytes,topk_agreement,higher,128,0.285078125,0.573125,-0.288046875,favors_pca,true
identity,current_pca,frozen-pca,3,fast_prefix_1,fast_prefix_1,fast_prefix_1,matched_intermediate_family_and_bytes,topk_agreement,higher,128,0.2834375,0.57203125,-0.28859375,favors_pca,true
identity,current_pca,frozen-pca,4,fast_prefix_1,fast_prefix_1,fast_prefix_1,matched_intermediate_family_and_bytes,topk_agreement,higher,128,0.283828125,0.56734375,-0.283515625,favors_pca,true
identity,current_pca,frozen-pca,5,fast_prefix_1,fast_prefix_1,fast_prefix_1,matched_intermediate_family_and_bytes,topk_agreement,higher,128,0.28234375,0.57296875,-0.290625,favors_pca,true
identity,current_pca,frozen-pca,6,fast_prefix_1,fast_prefix_1,fast_prefix_1,matched_intermediate_family_and_bytes,topk_agreement,higher,128,0.282265625,0.567890625,-0.285625,favors_pca,true
identity,current_pca,frozen-pca,7,fast_prefix_1,fast_prefix_1,fast_prefix_1,matched_intermediate_family_and_bytes,topk_agreement,higher,128,0.284375,0.570703125,-0.286328125,favors_pca,true
identity,current_pca,frozen-pca,8,fast_prefix_1,fast_prefix_1,fast_prefix_1,matched_intermediate_family_and_bytes,topk_agreement,higher,128,0.283359375,0.568125,-0.284765625,favors_pca,true
identity,current_pca,frozen-pca,9,fast_prefix_1,fast_prefix_1,fast_prefix_1,matched_intermediate_family_and_bytes,topk_agreement,higher,128,0.28390625,0.57109375,-0.2871875,favors_pca,true
identity,current_pca,frozen-pca,0,fast_prefix_1,fast_prefix_1,fast_prefix_1,matched_intermediate_family_and_bytes,boundary_inversion_rate,lower,128,0.130249983033,0.0222636864919,0.107986296541,favors_pca,true
identity,current_pca,frozen-pca,1,fast_prefix_1,fast_prefix_1,fast_prefix_1,matched_intermediate_family_and_bytes,boundary_inversion_rate,lower,128,0.130496365245,0.0225822804267,0.107914084818,favors_pca,true
identity,current_pca,frozen-pca,2,fast_prefix_1,fast_prefix_1,fast_prefix_1,matched_intermediate_family_and_bytes,boundary_inversion_rate,lower,128,0.130340580623,0.0224900823852,0.107850498238,favors_pca,true
identity,current_pca,frozen-pca,3,fast_prefix_1,fast_prefix_1,fast_prefix_1,matched_intermediate_family_and_bytes,boundary_inversion_rate,lower,128,0.130473828053,0.0222044397574,0.108269388295,favors_pca,true
identity,current_pca,frozen-pca,4,fast_prefix_1,fast_prefix_1,fast_prefix_1,matched_intermediate_family_and_bytes,boundary_inversion_rate,lower,128,0.130210900769,0.0226762565324,0.107534644237,favors_pca,true
identity,current_pca,frozen-pca,5,fast_prefix_1,fast_prefix_1,fast_prefix_1,matched_intermediate_family_and_bytes,boundary_inversion_rate,lower,128,0.130345020462,0.0226467917959,0.107698228666,favors_pca,true
identity,current_pca,frozen-pca,6,fast_prefix_1,fast_prefix_1,fast_prefix_1,matched_intermediate_family_and_bytes,boundary_inversion_rate,lower,128,0.130274317831,0.0228620468967,0.107412270934,favors_pca,true
identity,current_pca,frozen-pca,7,fast_prefix_1,fast_prefix_1,fast_prefix_1,matched_intermediate_family_and_bytes,boundary_inversion_rate,lower,128,0.130205250295,0.0225750024573,0.107630247838,favors_pca,true
identity,current_pca,frozen-pca,8,fast_prefix_1,fast_prefix_1,fast_prefix_1,matched_intermediate_family_and_bytes,boundary_inversion_rate,lower,128,0.130076258676,0.0227422472359,0.10733401144,favors_pca,true
identity,current_pca,frozen-pca,9,fast_prefix_1,fast_prefix_1,fast_prefix_1,matched_intermediate_family_and_bytes,boundary_inversion_rate,lower,128,0.130334971217,0.0225121502934,0.107822820923,favors_pca,true
identity,current_pca,frozen-pca,0,fast_prefix_1,fast_prefix_1,fast_prefix_1,matched_intermediate_family_and_bytes,exact_best_rank,lower,128,402.5703125,14.265625,388.3046875,favors_pca,true
identity,current_pca,frozen-pca,1,fast_prefix_1,fast_prefix_1,fast_prefix_1,matched_intermediate_family_and_bytes,exact_best_rank,lower,128,399.6875,12.3359375,387.3515625,favors_pca,true
identity,current_pca,frozen-pca,2,fast_prefix_1,fast_prefix_1,fast_prefix_1,matched_intermediate_family_and_bytes,exact_best_rank,lower,128,408.1171875,11.7109375,396.40625,favors_pca,true
identity,current_pca,frozen-pca,3,fast_prefix_1,fast_prefix_1,fast_prefix_1,matched_intermediate_family_and_bytes,exact_best_rank,lower,128,399.7578125,9.3515625,390.40625,favors_pca,true
identity,current_pca,frozen-pca,4,fast_prefix_1,fast_prefix_1,fast_prefix_1,matched_intermediate_family_and_bytes,exact_best_rank,lower,128,404.5859375,12.53125,392.0546875,favors_pca,true
identity,current_pca,frozen-pca,5,fast_prefix_1,fast_prefix_1,fast_prefix_1,matched_intermediate_family_and_bytes,exact_best_rank,lower,128,404.328125,13.171875,391.15625,favors_pca,true
identity,current_pca,frozen-pca,6,fast_prefix_1,fast_prefix_1,fast_prefix_1,matched_intermediate_family_and_bytes,exact_best_rank,lower,128,409.2890625,12.2265625,397.0625,favors_pca,true
identity,current_pca,frozen-pca,7,fast_prefix_1,fast_prefix_1,fast_prefix_1,matched_intermediate_family_and_bytes,exact_best_rank,lower,128,404.7109375,9.8046875,394.90625,favors_pca,true
identity,current_pca,frozen-pca,8,fast_prefix_1,fast_prefix_1,fast_prefix_1,matched_intermediate_family_and_bytes,exact_best_rank,lower,128,405.046875,12.0546875,392.9921875,favors_pca,true
identity,current_pca,frozen-pca,9,fast_prefix_1,fast_prefix_1,fast_prefix_1,matched_intermediate_family_and_bytes,exact_best_rank,lower,128,403.421875,11.640625,391.78125,favors_pca,true
identity,current_pca,frozen-pca,-1,fast_prefix_2,fast_prefix_2,fast_prefix_2,matched_intermediate_family_and_bytes,mean_per_query_candidate_rmse,lower,128,0.840593221798,0.433125271783,0.407467950015,favors_pca,true
identity,current_pca,frozen-pca,-1,fast_prefix_2,fast_prefix_2,fast_prefix_2,matched_intermediate_family_and_bytes,pooled_candidate_rmse,lower,128,0.833813010367,0.433984054961,0.399828955406,favors_pca,true
identity,current_pca,frozen-pca,-1,fast_prefix_2,fast_prefix_2,fast_prefix_2,matched_intermediate_family_and_bytes,candidate_mae,lower,128,0.808619672377,0.391971701347,0.41664797103,favors_pca,true
identity,current_pca,frozen-pca,-1,fast_prefix_2,fast_prefix_2,fast_prefix_2,matched_intermediate_family_and_bytes,topk_agreement,higher,128,0.397265625,0.546953125,-0.1496875,favors_pca,true
identity,current_pca,frozen-pca,-1,fast_prefix_2,fast_prefix_2,fast_prefix_2,matched_intermediate_family_and_bytes,boundary_inversion_rate,lower,128,0.0790084066635,0.0272567540348,0.0517516526287,favors_pca,true
identity,current_pca,frozen-pca,-1,fast_prefix_2,fast_prefix_2,fast_prefix_2,matched_intermediate_family_and_bytes,exact_best_rank,lower,128,220.4765625,11.6484375,208.828125,favors_pca,true
identity,current_pca,frozen-pca,0,fast_prefix_2,fast_prefix_2,fast_prefix_2,matched_intermediate_family_and_bytes,mean_per_query_candidate_rmse,lower,128,0.839373414446,0.421516499389,0.417856915057,favors_pca,true
identity,current_pca,frozen-pca,1,fast_prefix_2,fast_prefix_2,fast_prefix_2,matched_intermediate_family_and_bytes,mean_per_query_candidate_rmse,lower,128,0.839455490608,0.421843074441,0.417612416166,favors_pca,true
identity,current_pca,frozen-pca,2,fast_prefix_2,fast_prefix_2,fast_prefix_2,matched_intermediate_family_and_bytes,mean_per_query_candidate_rmse,lower,128,0.839453226374,0.421426380773,0.418026845601,favors_pca,true
identity,current_pca,frozen-pca,3,fast_prefix_2,fast_prefix_2,fast_prefix_2,matched_intermediate_family_and_bytes,mean_per_query_candidate_rmse,lower,128,0.839330478517,0.420756092904,0.418574385613,favors_pca,true
identity,current_pca,frozen-pca,4,fast_prefix_2,fast_prefix_2,fast_prefix_2,matched_intermediate_family_and_bytes,mean_per_query_candidate_rmse,lower,128,0.83945839542,0.421610210234,0.417848185186,favors_pca,true
identity,current_pca,frozen-pca,5,fast_prefix_2,fast_prefix_2,fast_prefix_2,matched_intermediate_family_and_bytes,mean_per_query_candidate_rmse,lower,128,0.839255210001,0.42126418583,0.417991024171,favors_pca,true
identity,current_pca,frozen-pca,6,fast_prefix_2,fast_prefix_2,fast_prefix_2,matched_intermediate_family_and_bytes,mean_per_query_candidate_rmse,lower,128,0.839399902803,0.421918993431,0.417480909372,favors_pca,true
identity,current_pca,frozen-pca,7,fast_prefix_2,fast_prefix_2,fast_prefix_2,matched_intermediate_family_and_bytes,mean_per_query_candidate_rmse,lower,128,0.839509798252,0.421772655374,0.417737142877,favors_pca,true
identity,current_pca,frozen-pca,8,fast_prefix_2,fast_prefix_2,fast_prefix_2,matched_intermediate_family_and_bytes,mean_per_query_candidate_rmse,lower,128,0.839318141159,0.421209682261,0.418108458898,favors_pca,true
identity,current_pca,frozen-pca,9,fast_prefix_2,fast_prefix_2,fast_prefix_2,matched_intermediate_family_and_bytes,mean_per_query_candidate_rmse,lower,128,0.839421158448,0.421580978267,0.417840180181,favors_pca,true
identity,current_pca,frozen-pca,0,fast_prefix_2,fast_prefix_2,fast_prefix_2,matched_intermediate_family_and_bytes,pooled_candidate_rmse,lower,128,0.831774824508,0.422776596275,0.408998228233,favors_pca,true
identity,current_pca,frozen-pca,1,fast_prefix_2,fast_prefix_2,fast_prefix_2,matched_intermediate_family_and_bytes,pooled_candidate_rmse,lower,128,0.831858675846,0.423127911492,0.408730764354,favors_pca,true
identity,current_pca,frozen-pca,2,fast_prefix_2,fast_prefix_2,fast_prefix_2,matched_intermediate_family_and_bytes,pooled_candidate_rmse,lower,128,0.831829284023,0.422615186949,0.409214097074,favors_pca,true
identity,current_pca,frozen-pca,3,fast_prefix_2,fast_prefix_2,fast_prefix_2,matched_intermediate_family_and_bytes,pooled_candidate_rmse,lower,128,0.831728054103,0.422039030673,0.409689023429,favors_pca,true
identity,current_pca,frozen-pca,4,fast_prefix_2,fast_prefix_2,fast_prefix_2,matched_intermediate_family_and_bytes,pooled_candidate_rmse,lower,128,0.831852107342,0.422820075446,0.409032031896,favors_pca,true
identity,current_pca,frozen-pca,5,fast_prefix_2,fast_prefix_2,fast_prefix_2,matched_intermediate_family_and_bytes,pooled_candidate_rmse,lower,128,0.831667505229,0.422508174564,0.409159330665,favors_pca,true
identity,current_pca,frozen-pca,6,fast_prefix_2,fast_prefix_2,fast_prefix_2,matched_intermediate_family_and_bytes,pooled_candidate_rmse,lower,128,0.831792963444,0.423208874652,0.408584088792,favors_pca,true
identity,current_pca,frozen-pca,7,fast_prefix_2,fast_prefix_2,fast_prefix_2,matched_intermediate_family_and_bytes,pooled_candidate_rmse,lower,128,0.831898115583,0.423059051902,0.408839063681,favors_pca,true
identity,current_pca,frozen-pca,8,fast_prefix_2,fast_prefix_2,fast_prefix_2,matched_intermediate_family_and_bytes,pooled_candidate_rmse,lower,128,0.831727964249,0.422512625447,0.409215338802,favors_pca,true
identity,current_pca,frozen-pca,9,fast_prefix_2,fast_prefix_2,fast_prefix_2,matched_intermediate_family_and_bytes,pooled_candidate_rmse,lower,128,0.831824482429,0.422757680251,0.409066802178,favors_pca,true
identity,current_pca,frozen-pca,0,fast_prefix_2,fast_prefix_2,fast_prefix_2,matched_intermediate_family_and_bytes,candidate_mae,lower,128,0.809481426753,0.389084557978,0.420396868775,favors_pca,true
identity,current_pca,frozen-pca,1,fast_prefix_2,fast_prefix_2,fast_prefix_2,matched_intermediate_family_and_bytes,candidate_mae,lower,128,0.809550951531,0.389414936092,0.420136015439,favors_pca,true
identity,current_pca,frozen-pca,2,fast_prefix_2,fast_prefix_2,fast_prefix_2,matched_intermediate_family_and_bytes,candidate_mae,lower,128,0.809590016555,0.389052367737,0.420537648818,favors_pca,true
identity,current_pca,frozen-pca,3,fast_prefix_2,fast_prefix_2,fast_prefix_2,matched_intermediate_family_and_bytes,candidate_mae,lower,128,0.809466259497,0.388529849966,0.42093640953,favors_pca,true
identity,current_pca,frozen-pca,4,fast_prefix_2,fast_prefix_2,fast_prefix_2,matched_intermediate_family_and_bytes,candidate_mae,lower,128,0.809567209576,0.389116805191,0.420450404384,favors_pca,true
identity,current_pca,frozen-pca,5,fast_prefix_2,fast_prefix_2,fast_prefix_2,matched_intermediate_family_and_bytes,candidate_mae,lower,128,0.809382511251,0.388776283301,0.42060622795,favors_pca,true
identity,current_pca,frozen-pca,6,fast_prefix_2,fast_prefix_2,fast_prefix_2,matched_intermediate_family_and_bytes,candidate_mae,lower,128,0.809496231273,0.389699327606,0.419796903667,favors_pca,true
identity,current_pca,frozen-pca,7,fast_prefix_2,fast_prefix_2,fast_prefix_2,matched_intermediate_family_and_bytes,candidate_mae,lower,128,0.80961494368,0.389190359616,0.420424584064,favors_pca,true
identity,current_pca,frozen-pca,8,fast_prefix_2,fast_prefix_2,fast_prefix_2,matched_intermediate_family_and_bytes,candidate_mae,lower,128,0.80948619742,0.388701533165,0.420784664255,favors_pca,true
identity,current_pca,frozen-pca,9,fast_prefix_2,fast_prefix_2,fast_prefix_2,matched_intermediate_family_and_bytes,candidate_mae,lower,128,0.809522807166,0.389216955927,0.42030585124,favors_pca,true
identity,current_pca,frozen-pca,0,fast_prefix_2,fast_prefix_2,fast_prefix_2,matched_intermediate_family_and_bytes,topk_agreement,higher,128,0.41171875,0.60015625,-0.1884375,favors_pca,true
identity,current_pca,frozen-pca,1,fast_prefix_2,fast_prefix_2,fast_prefix_2,matched_intermediate_family_and_bytes,topk_agreement,higher,128,0.41203125,0.5953125,-0.18328125,favors_pca,true
identity,current_pca,frozen-pca,2,fast_prefix_2,fast_prefix_2,fast_prefix_2,matched_intermediate_family_and_bytes,topk_agreement,higher,128,0.41171875,0.595390625,-0.183671875,favors_pca,true
identity,current_pca,frozen-pca,3,fast_prefix_2,fast_prefix_2,fast_prefix_2,matched_intermediate_family_and_bytes,topk_agreement,higher,128,0.412265625,0.591484375,-0.17921875,favors_pca,true
identity,current_pca,frozen-pca,4,fast_prefix_2,fast_prefix_2,fast_prefix_2,matched_intermediate_family_and_bytes,topk_agreement,higher,128,0.4096875,0.588046875,-0.178359375,favors_pca,true
identity,current_pca,frozen-pca,5,fast_prefix_2,fast_prefix_2,fast_prefix_2,matched_intermediate_family_and_bytes,topk_agreement,higher,128,0.408125,0.59453125,-0.18640625,favors_pca,true
identity,current_pca,frozen-pca,6,fast_prefix_2,fast_prefix_2,fast_prefix_2,matched_intermediate_family_and_bytes,topk_agreement,higher,128,0.410703125,0.586640625,-0.1759375,favors_pca,true
identity,current_pca,frozen-pca,7,fast_prefix_2,fast_prefix_2,fast_prefix_2,matched_intermediate_family_and_bytes,topk_agreement,higher,128,0.41234375,0.59234375,-0.18,favors_pca,true
identity,current_pca,frozen-pca,8,fast_prefix_2,fast_prefix_2,fast_prefix_2,matched_intermediate_family_and_bytes,topk_agreement,higher,128,0.4115625,0.589453125,-0.177890625,favors_pca,true
identity,current_pca,frozen-pca,9,fast_prefix_2,fast_prefix_2,fast_prefix_2,matched_intermediate_family_and_bytes,topk_agreement,higher,128,0.41578125,0.590703125,-0.174921875,favors_pca,true
identity,current_pca,frozen-pca,0,fast_prefix_2,fast_prefix_2,fast_prefix_2,matched_intermediate_family_and_bytes,boundary_inversion_rate,lower,128,0.0736518145957,0.0190595682182,0.0545922463775,favors_pca,true
identity,current_pca,frozen-pca,1,fast_prefix_2,fast_prefix_2,fast_prefix_2,matched_intermediate_family_and_bytes,boundary_inversion_rate,lower,128,0.0735252699798,0.0191850647985,0.0543402051814,favors_pca,true
identity,current_pca,frozen-pca,2,fast_prefix_2,fast_prefix_2,fast_prefix_2,matched_intermediate_family_and_bytes,boundary_inversion_rate,lower,128,0.0736476676475,0.0192471573614,0.0544005102861,favors_pca,true
identity,current_pca,frozen-pca,3,fast_prefix_2,fast_prefix_2,fast_prefix_2,matched_intermediate_family_and_bytes,boundary_inversion_rate,lower,128,0.0734282552867,0.0191993013356,0.0542289539511,favors_pca,true
identity,current_pca,frozen-pca,4,fast_prefix_2,fast_prefix_2,fast_prefix_2,matched_intermediate_family_and_bytes,boundary_inversion_rate,lower,128,0.0732855498004,0.0193320667947,0.0539534830057,favors_pca,true
identity,current_pca,frozen-pca,5,fast_prefix_2,fast_prefix_2,fast_prefix_2,matched_intermediate_family_and_bytes,boundary_inversion_rate,lower,128,0.0734020456607,0.0194306579924,0.0539713876683,favors_pca,true
identity,current_pca,frozen-pca,6,fast_prefix_2,fast_prefix_2,fast_prefix_2,matched_intermediate_family_and_bytes,boundary_inversion_rate,lower,128,0.0734594592922,0.0198731684639,0.0535862908283,favors_pca,true
identity,current_pca,frozen-pca,7,fast_prefix_2,fast_prefix_2,fast_prefix_2,matched_intermediate_family_and_bytes,boundary_inversion_rate,lower,128,0.0735753025353,0.0192697160017,0.0543055865336,favors_pca,true
identity,current_pca,frozen-pca,8,fast_prefix_2,fast_prefix_2,fast_prefix_2,matched_intermediate_family_and_bytes,boundary_inversion_rate,lower,128,0.0734227137189,0.0195297551972,0.0538929585217,favors_pca,true
identity,current_pca,frozen-pca,9,fast_prefix_2,fast_prefix_2,fast_prefix_2,matched_intermediate_family_and_bytes,boundary_inversion_rate,lower,128,0.0734448722955,0.0194685677791,0.0539763045164,favors_pca,true
identity,current_pca,frozen-pca,0,fast_prefix_2,fast_prefix_2,fast_prefix_2,matched_intermediate_family_and_bytes,exact_best_rank,lower,128,205,8.2890625,196.7109375,favors_pca,true
identity,current_pca,frozen-pca,1,fast_prefix_2,fast_prefix_2,fast_prefix_2,matched_intermediate_family_and_bytes,exact_best_rank,lower,128,205.953125,8.375,197.578125,favors_pca,true
identity,current_pca,frozen-pca,2,fast_prefix_2,fast_prefix_2,fast_prefix_2,matched_intermediate_family_and_bytes,exact_best_rank,lower,128,209.4453125,7.578125,201.8671875,favors_pca,true
identity,current_pca,frozen-pca,3,fast_prefix_2,fast_prefix_2,fast_prefix_2,matched_intermediate_family_and_bytes,exact_best_rank,lower,128,203.84375,6.203125,197.640625,favors_pca,true
identity,current_pca,frozen-pca,4,fast_prefix_2,fast_prefix_2,fast_prefix_2,matched_intermediate_family_and_bytes,exact_best_rank,lower,128,203.6875,7.71875,195.96875,favors_pca,true
identity,current_pca,frozen-pca,5,fast_prefix_2,fast_prefix_2,fast_prefix_2,matched_intermediate_family_and_bytes,exact_best_rank,lower,128,202.0078125,8.8125,193.1953125,favors_pca,true
identity,current_pca,frozen-pca,6,fast_prefix_2,fast_prefix_2,fast_prefix_2,matched_intermediate_family_and_bytes,exact_best_rank,lower,128,204.5625,7.84375,196.71875,favors_pca,true
identity,current_pca,frozen-pca,7,fast_prefix_2,fast_prefix_2,fast_prefix_2,matched_intermediate_family_and_bytes,exact_best_rank,lower,128,203.921875,6.359375,197.5625,favors_pca,true
identity,current_pca,frozen-pca,8,fast_prefix_2,fast_prefix_2,fast_prefix_2,matched_intermediate_family_and_bytes,exact_best_rank,lower,128,206.578125,8.234375,198.34375,favors_pca,true
identity,current_pca,frozen-pca,9,fast_prefix_2,fast_prefix_2,fast_prefix_2,matched_intermediate_family_and_bytes,exact_best_rank,lower,128,205.390625,8.109375,197.28125,favors_pca,true
identity,current_pca,frozen-pca,-1,fast_prefix_3,fast_prefix_3,fast_prefix_3,matched_intermediate_family_and_bytes,mean_per_query_candidate_rmse,lower,128,0.630153412408,0.404365577707,0.225787834701,favors_pca,true
identity,current_pca,frozen-pca,-1,fast_prefix_3,fast_prefix_3,fast_prefix_3,matched_intermediate_family_and_bytes,pooled_candidate_rmse,lower,128,0.628320637578,0.405092888116,0.223227749462,favors_pca,true
identity,current_pca,frozen-pca,-1,fast_prefix_3,fast_prefix_3,fast_prefix_3,matched_intermediate_family_and_bytes,candidate_mae,lower,128,0.60240201733,0.360475636859,0.241926380472,favors_pca,true
identity,current_pca,frozen-pca,-1,fast_prefix_3,fast_prefix_3,fast_prefix_3,matched_intermediate_family_and_bytes,topk_agreement,higher,128,0.550859375,0.548359375,0.0025,favors_transform,true
identity,current_pca,frozen-pca,-1,fast_prefix_3,fast_prefix_3,fast_prefix_3,matched_intermediate_family_and_bytes,boundary_inversion_rate,lower,128,0.0383107618972,0.0270919274798,0.0112188344174,favors_pca,true
identity,current_pca,frozen-pca,-1,fast_prefix_3,fast_prefix_3,fast_prefix_3,matched_intermediate_family_and_bytes,exact_best_rank,lower,128,66.78125,11.6953125,55.0859375,favors_pca,true
identity,current_pca,frozen-pca,0,fast_prefix_3,fast_prefix_3,fast_prefix_3,matched_intermediate_family_and_bytes,mean_per_query_candidate_rmse,lower,128,0.619885244049,0.392010901478,0.227874342571,favors_pca,true
identity,current_pca,frozen-pca,1,fast_prefix_3,fast_prefix_3,fast_prefix_3,matched_intermediate_family_and_bytes,mean_per_query_candidate_rmse,lower,128,0.619856445859,0.392324888336,0.227531557523,favors_pca,true
identity,current_pca,frozen-pca,2,fast_prefix_3,fast_prefix_3,fast_prefix_3,matched_intermediate_family_and_bytes,mean_per_query_candidate_rmse,lower,128,0.619967758027,0.391922406723,0.228045351304,favors_pca,true
identity,current_pca,frozen-pca,3,fast_prefix_3,fast_prefix_3,fast_prefix_3,matched_intermediate_family_and_bytes,mean_per_query_candidate_rmse,lower,128,0.619695377556,0.391258707264,0.228436670292,favors_pca,true
identity,current_pca,frozen-pca,4,fast_prefix_3,fast_prefix_3,fast_prefix_3,matched_intermediate_family_and_bytes,mean_per_query_candidate_rmse,lower,128,0.619801929233,0.392103074641,0.227698854592,favors_pca,true
identity,current_pca,frozen-pca,5,fast_prefix_3,fast_prefix_3,fast_prefix_3,matched_intermediate_family_and_bytes,mean_per_query_candidate_rmse,lower,128,0.619623946027,0.391742080394,0.227881865634,favors_pca,true
identity,current_pca,frozen-pca,6,fast_prefix_3,fast_prefix_3,fast_prefix_3,matched_intermediate_family_and_bytes,mean_per_query_candidate_rmse,lower,128,0.619823781564,0.39239526085,0.227428520714,favors_pca,true
identity,current_pca,frozen-pca,7,fast_prefix_3,fast_prefix_3,fast_prefix_3,matched_intermediate_family_and_bytes,mean_per_query_candidate_rmse,lower,128,0.619807079128,0.392251419097,0.227555660031,favors_pca,true
identity,current_pca,frozen-pca,8,fast_prefix_3,fast_prefix_3,fast_prefix_3,matched_intermediate_family_and_bytes,mean_per_query_candidate_rmse,lower,128,0.619784710962,0.39170778507,0.228076925893,favors_pca,true
identity,current_pca,frozen-pca,9,fast_prefix_3,fast_prefix_3,fast_prefix_3,matched_intermediate_family_and_bytes,mean_per_query_candidate_rmse,lower,128,0.619882182911,0.392078514695,0.227803668216,favors_pca,true
identity,current_pca,frozen-pca,0,fast_prefix_3,fast_prefix_3,fast_prefix_3,matched_intermediate_family_and_bytes,pooled_candidate_rmse,lower,128,0.616700570171,0.393165087855,0.223535482316,favors_pca,true
identity,current_pca,frozen-pca,1,fast_prefix_3,fast_prefix_3,fast_prefix_3,matched_intermediate_family_and_bytes,pooled_candidate_rmse,lower,128,0.616670731718,0.393516954429,0.223153777289,favors_pca,true
identity,current_pca,frozen-pca,2,fast_prefix_3,fast_prefix_3,fast_prefix_3,matched_intermediate_family_and_bytes,pooled_candidate_rmse,lower,128,0.616744885333,0.393007850552,0.223737034781,favors_pca,true
identity,current_pca,frozen-pca,3,fast_prefix_3,fast_prefix_3,fast_prefix_3,matched_intermediate_family_and_bytes,pooled_candidate_rmse,lower,128,0.616509449554,0.392442491951,0.224066957603,favors_pca,true
identity,current_pca,frozen-pca,4,fast_prefix_3,fast_prefix_3,fast_prefix_3,matched_intermediate_family_and_bytes,pooled_candidate_rmse,lower,128,0.616616434974,0.393208117543,0.223408317431,favors_pca,true
identity,current_pca,frozen-pca,5,fast_prefix_3,fast_prefix_3,fast_prefix_3,matched_intermediate_family_and_bytes,pooled_candidate_rmse,lower,128,0.616430059299,0.392885285809,0.22354477349,favors_pca,true
identity,current_pca,frozen-pca,6,fast_prefix_3,fast_prefix_3,fast_prefix_3,matched_intermediate_family_and_bytes,pooled_candidate_rmse,lower,128,0.616674233161,0.393571670923,0.223102562239,favors_pca,true
identity,current_pca,frozen-pca,7,fast_prefix_3,fast_prefix_3,fast_prefix_3,matched_intermediate_family_and_bytes,pooled_candidate_rmse,lower,128,0.616606572653,0.393436234396,0.223170338257,favors_pca,true
identity,current_pca,frozen-pca,8,fast_prefix_3,fast_prefix_3,fast_prefix_3,matched_intermediate_family_and_bytes,pooled_candidate_rmse,lower,128,0.616615018554,0.392900088133,0.223714930421,favors_pca,true
identity,current_pca,frozen-pca,9,fast_prefix_3,fast_prefix_3,fast_prefix_3,matched_intermediate_family_and_bytes,pooled_candidate_rmse,lower,128,0.616681835676,0.393153313455,0.223528522221,favors_pca,true
identity,current_pca,frozen-pca,0,fast_prefix_3,fast_prefix_3,fast_prefix_3,matched_intermediate_family_and_bytes,candidate_mae,lower,128,0.598943081462,0.357050255197,0.241892826266,favors_pca,true
identity,current_pca,frozen-pca,1,fast_prefix_3,fast_prefix_3,fast_prefix_3,matched_intermediate_family_and_bytes,candidate_mae,lower,128,0.598962432523,0.357374342195,0.241588090328,favors_pca,true
identity,current_pca,frozen-pca,2,fast_prefix_3,fast_prefix_3,fast_prefix_3,matched_intermediate_family_and_bytes,candidate_mae,lower,128,0.599067114113,0.357047952271,0.242019161841,favors_pca,true
identity,current_pca,frozen-pca,3,fast_prefix_3,fast_prefix_3,fast_prefix_3,matched_intermediate_family_and_bytes,candidate_mae,lower,128,0.598816798563,0.356511149895,0.242305648669,favors_pca,true
identity,current_pca,frozen-pca,4,fast_prefix_3,fast_prefix_3,fast_prefix_3,matched_intermediate_family_and_bytes,candidate_mae,lower,128,0.59893196233,0.357079310789,0.241852651541,favors_pca,true
identity,current_pca,frozen-pca,5,fast_prefix_3,fast_prefix_3,fast_prefix_3,matched_intermediate_family_and_bytes,candidate_mae,lower,128,0.598782872923,0.356721821757,0.242061051166,favors_pca,true
identity,current_pca,frozen-pca,6,fast_prefix_3,fast_prefix_3,fast_prefix_3,matched_intermediate_family_and_bytes,candidate_mae,lower,128,0.598923568939,0.35767299989,0.241250569049,favors_pca,true
identity,current_pca,frozen-pca,7,fast_prefix_3,fast_prefix_3,fast_prefix_3,matched_intermediate_family_and_bytes,candidate_mae,lower,128,0.598935154893,0.357155385385,0.241779769508,favors_pca,true
identity,current_pca,frozen-pca,8,fast_prefix_3,fast_prefix_3,fast_prefix_3,matched_intermediate_family_and_bytes,candidate_mae,lower,128,0.598912466947,0.356681042395,0.242231424552,favors_pca,true
identity,current_pca,frozen-pca,9,fast_prefix_3,fast_prefix_3,fast_prefix_3,matched_intermediate_family_and_bytes,candidate_mae,lower,128,0.598991843932,0.357192714468,0.241799129464,favors_pca,true
identity,current_pca,frozen-pca,0,fast_prefix_3,fast_prefix_3,fast_prefix_3,matched_intermediate_family_and_bytes,topk_agreement,higher,128,0.6059375,0.60109375,0.00484375,favors_transform,true
identity,current_pca,frozen-pca,1,fast_prefix_3,fast_prefix_3,fast_prefix_3,matched_intermediate_family_and_bytes,topk_agreement,higher,128,0.6078125,0.5953125,0.0125,favors_transform,true
identity,current_pca,frozen-pca,2,fast_prefix_3,fast_prefix_3,fast_prefix_3,matched_intermediate_family_and_bytes,topk_agreement,higher,128,0.604765625,0.595546875,0.00921875,favors_transform,true
identity,current_pca,frozen-pca,3,fast_prefix_3,fast_prefix_3,fast_prefix_3,matched_intermediate_family_and_bytes,topk_agreement,higher,128,0.6034375,0.5946875,0.00875,favors_transform,true
identity,current_pca,frozen-pca,4,fast_prefix_3,fast_prefix_3,fast_prefix_3,matched_intermediate_family_and_bytes,topk_agreement,higher,128,0.608125,0.589140625,0.018984375,favors_transform,true
identity,current_pca,frozen-pca,5,fast_prefix_3,fast_prefix_3,fast_prefix_3,matched_intermediate_family_and_bytes,topk_agreement,higher,128,0.60453125,0.5953125,0.00921875,favors_transform,true
identity,current_pca,frozen-pca,6,fast_prefix_3,fast_prefix_3,fast_prefix_3,matched_intermediate_family_and_bytes,topk_agreement,higher,128,0.603359375,0.587890625,0.01546875,favors_transform,true
identity,current_pca,frozen-pca,7,fast_prefix_3,fast_prefix_3,fast_prefix_3,matched_intermediate_family_and_bytes,topk_agreement,higher,128,0.606484375,0.59203125,0.014453125,favors_transform,true
identity,current_pca,frozen-pca,8,fast_prefix_3,fast_prefix_3,fast_prefix_3,matched_intermediate_family_and_bytes,topk_agreement,higher,128,0.60859375,0.590859375,0.017734375,favors_transform,true
identity,current_pca,frozen-pca,9,fast_prefix_3,fast_prefix_3,fast_prefix_3,matched_intermediate_family_and_bytes,topk_agreement,higher,128,0.606171875,0.59140625,0.014765625,favors_transform,true
identity,current_pca,frozen-pca,0,fast_prefix_3,fast_prefix_3,fast_prefix_3,matched_intermediate_family_and_bytes,boundary_inversion_rate,lower,128,0.0282513863602,0.018957682465,0.0092937038952,favors_pca,true
identity,current_pca,frozen-pca,1,fast_prefix_3,fast_prefix_3,fast_prefix_3,matched_intermediate_family_and_bytes,boundary_inversion_rate,lower,128,0.028467989729,0.0190368779659,0.00943111176302,favors_pca,true
identity,current_pca,frozen-pca,2,fast_prefix_3,fast_prefix_3,fast_prefix_3,matched_intermediate_family_and_bytes,boundary_inversion_rate,lower,128,0.0285208394075,0.019149982849,0.00937085655851,favors_pca,true
identity,current_pca,frozen-pca,3,fast_prefix_3,fast_prefix_3,fast_prefix_3,matched_intermediate_family_and_bytes,boundary_inversion_rate,lower,128,0.02831510292,0.0191463588751,0.00916874404487,favors_pca,true
identity,current_pca,frozen-pca,4,fast_prefix_3,fast_prefix_3,fast_prefix_3,matched_intermediate_family_and_bytes,boundary_inversion_rate,lower,128,0.0280691143974,0.0192603049829,0.00880880941455,favors_pca,true
identity,current_pca,frozen-pca,5,fast_prefix_3,fast_prefix_3,fast_prefix_3,matched_intermediate_family_and_bytes,boundary_inversion_rate,lower,128,0.0283175368785,0.0193607317256,0.00895680515294,favors_pca,true
identity,current_pca,frozen-pca,6,fast_prefix_3,fast_prefix_3,fast_prefix_3,matched_intermediate_family_and_bytes,boundary_inversion_rate,lower,128,0.0283057533122,0.0198126243021,0.0084931290101,favors_pca,true
identity,current_pca,frozen-pca,7,fast_prefix_3,fast_prefix_3,fast_prefix_3,matched_intermediate_family_and_bytes,boundary_inversion_rate,lower,128,0.0281902213171,0.019182277068,0.00900794424914,favors_pca,true
identity,current_pca,frozen-pca,8,fast_prefix_3,fast_prefix_3,fast_prefix_3,matched_intermediate_family_and_bytes,boundary_inversion_rate,lower,128,0.0282512704538,0.019433647801,0.00881762265278,favors_pca,true
identity,current_pca,frozen-pca,9,fast_prefix_3,fast_prefix_3,fast_prefix_3,matched_intermediate_family_and_bytes,boundary_inversion_rate,lower,128,0.0282116942629,0.0194165101275,0.00879518413543,favors_pca,true
identity,current_pca,frozen-pca,0,fast_prefix_3,fast_prefix_3,fast_prefix_3,matched_intermediate_family_and_bytes,exact_best_rank,lower,128,43.859375,8.1171875,35.7421875,favors_pca,true
identity,current_pca,frozen-pca,1,fast_prefix_3,fast_prefix_3,fast_prefix_3,matched_intermediate_family_and_bytes,exact_best_rank,lower,128,43.25,8.203125,35.046875,favors_pca,true
identity,current_pca,frozen-pca,2,fast_prefix_3,fast_prefix_3,fast_prefix_3,matched_intermediate_family_and_bytes,exact_best_rank,lower,128,44.5703125,7.2265625,37.34375,favors_pca,true
identity,current_pca,frozen-pca,3,fast_prefix_3,fast_prefix_3,fast_prefix_3,matched_intermediate_family_and_bytes,exact_best_rank,lower,128,43.078125,6.0234375,37.0546875,favors_pca,true
identity,current_pca,frozen-pca,4,fast_prefix_3,fast_prefix_3,fast_prefix_3,matched_intermediate_family_and_bytes,exact_best_rank,lower,128,46.125,7.6328125,38.4921875,favors_pca,true
identity,current_pca,frozen-pca,5,fast_prefix_3,fast_prefix_3,fast_prefix_3,matched_intermediate_family_and_bytes,exact_best_rank,lower,128,40.53125,8.625,31.90625,favors_pca,true
identity,current_pca,frozen-pca,6,fast_prefix_3,fast_prefix_3,fast_prefix_3,matched_intermediate_family_and_bytes,exact_best_rank,lower,128,39.78125,7.6328125,32.1484375,favors_pca,true
identity,current_pca,frozen-pca,7,fast_prefix_3,fast_prefix_3,fast_prefix_3,matched_intermediate_family_and_bytes,exact_best_rank,lower,128,40.6796875,6.421875,34.2578125,favors_pca,true
identity,current_pca,frozen-pca,8,fast_prefix_3,fast_prefix_3,fast_prefix_3,matched_intermediate_family_and_bytes,exact_best_rank,lower,128,47.078125,8.625,38.453125,favors_pca,true
identity,current_pca,frozen-pca,9,fast_prefix_3,fast_prefix_3,fast_prefix_3,matched_intermediate_family_and_bytes,exact_best_rank,lower,128,42.1796875,7.8671875,34.3125,favors_pca,true
identity,current_pca,frozen-pca,-1,fast_prefix_4,fast_prefix_4,fast_prefix_4,matched_intermediate_family_and_bytes,mean_per_query_candidate_rmse,lower,128,0.411041559856,0.398880779159,0.0121607806977,favors_pca,true
identity,current_pca,frozen-pca,-1,fast_prefix_4,fast_prefix_4,fast_prefix_4,matched_intermediate_family_and_bytes,pooled_candidate_rmse,lower,128,0.408839646944,0.399542946907,0.00929670003741,favors_pca,true
identity,current_pca,frozen-pca,-1,fast_prefix_4,fast_prefix_4,fast_prefix_4,matched_intermediate_family_and_bytes,candidate_mae,lower,128,0.381430927989,0.354421751874,0.0270091761148,favors_pca,true
identity,current_pca,frozen-pca,-1,fast_prefix_4,fast_prefix_4,fast_prefix_4,matched_intermediate_family_and_bytes,topk_agreement,higher,128,0.641875,0.54890625,0.09296875,favors_transform,true
identity,current_pca,frozen-pca,-1,fast_prefix_4,fast_prefix_4,fast_prefix_4,matched_intermediate_family_and_bytes,boundary_inversion_rate,lower,128,0.0181080415063,0.0270983357513,-0.00899029424494,favors_transform,true
identity,current_pca,frozen-pca,-1,fast_prefix_4,fast_prefix_4,fast_prefix_4,matched_intermediate_family_and_bytes,exact_best_rank,lower,128,8.8125,11.625,-2.8125,favors_transform,true
identity,current_pca,frozen-pca,0,fast_prefix_4,fast_prefix_4,fast_prefix_4,matched_intermediate_family_and_bytes,mean_per_query_candidate_rmse,lower,128,0.388925026859,0.386381594359,0.00254343250078,favors_pca,true
identity,current_pca,frozen-pca,1,fast_prefix_4,fast_prefix_4,fast_prefix_4,matched_intermediate_family_and_bytes,mean_per_query_candidate_rmse,lower,128,0.388962343791,0.386689709863,0.00227263392734,favors_pca,true
identity,current_pca,frozen-pca,2,fast_prefix_4,fast_prefix_4,fast_prefix_4,matched_intermediate_family_and_bytes,mean_per_query_candidate_rmse,lower,128,0.389078808506,0.386282981184,0.00279582732187,favors_pca,true
identity,current_pca,frozen-pca,3,fast_prefix_4,fast_prefix_4,fast_prefix_4,matched_intermediate_family_and_bytes,mean_per_query_candidate_rmse,lower,128,0.388802787085,0.385622783846,0.00318000323906,favors_pca,true
identity,current_pca,frozen-pca,4,fast_prefix_4,fast_prefix_4,fast_prefix_4,matched_intermediate_family_and_bytes,mean_per_query_candidate_rmse,lower,128,0.388942731696,0.386475729427,0.00246700226875,favors_pca,true
identity,current_pca,frozen-pca,5,fast_prefix_4,fast_prefix_4,fast_prefix_4,matched_intermediate_family_and_bytes,mean_per_query_candidate_rmse,lower,128,0.388799141019,0.386118625048,0.00268051597109,favors_pca,true
identity,current_pca,frozen-pca,6,fast_prefix_4,fast_prefix_4,fast_prefix_4,matched_intermediate_family_and_bytes,mean_per_query_candidate_rmse,lower,128,0.388904910007,0.386763117892,0.00214179211484,favors_pca,true
identity,current_pca,frozen-pca,7,fast_prefix_4,fast_prefix_4,fast_prefix_4,matched_intermediate_family_and_bytes,mean_per_query_candidate_rmse,lower,128,0.388967369124,0.386618126852,0.00234924227266,favors_pca,true
identity,current_pca,frozen-pca,8,fast_prefix_4,fast_prefix_4,fast_prefix_4,matched_intermediate_family_and_bytes,mean_per_query_candidate_rmse,lower,128,0.389050815569,0.386085013167,0.00296580240156,favors_pca,true
identity,current_pca,frozen-pca,9,fast_prefix_4,fast_prefix_4,fast_prefix_4,matched_intermediate_family_and_bytes,mean_per_query_candidate_rmse,lower,128,0.389057463145,0.386436460766,0.00262100237969,favors_pca,true
identity,current_pca,frozen-pca,0,fast_prefix_4,fast_prefix_4,fast_prefix_4,matched_intermediate_family_and_bytes,pooled_candidate_rmse,lower,128,0.387914520809,0.387476115662,0.00043840514608,favors_pca,true
identity,current_pca,frozen-pca,1,fast_prefix_4,fast_prefix_4,fast_prefix_4,matched_intermediate_family_and_bytes,pooled_candidate_rmse,lower,128,0.387912384901,0.387823890494,8.84944062777e-05,favors_pca,true
identity,current_pca,frozen-pca,2,fast_prefix_4,fast_prefix_4,fast_prefix_4,matched_intermediate_family_and_bytes,pooled_candidate_rmse,lower,128,0.388030965726,0.387306415001,0.000724550725487,favors_pca,true
identity,current_pca,frozen-pca,3,fast_prefix_4,fast_prefix_4,fast_prefix_4,matched_intermediate_family_and_bytes,pooled_candidate_rmse,lower,128,0.387813112161,0.38674622361,0.00106688855147,favors_pca,true
identity,current_pca,frozen-pca,4,fast_prefix_4,fast_prefix_4,fast_prefix_4,matched_intermediate_family_and_bytes,pooled_candidate_rmse,lower,128,0.38793975601,0.387522871773,0.000416884236909,favors_pca,true
identity,current_pca,frozen-pca,5,fast_prefix_4,fast_prefix_4,fast_prefix_4,matched_intermediate_family_and_bytes,pooled_candidate_rmse,lower,128,0.387771602976,0.387201569908,0.00057003306787,favors_pca,true
identity,current_pca,frozen-pca,6,fast_prefix_4,fast_prefix_4,fast_prefix_4,matched_intermediate_family_and_bytes,pooled_candidate_rmse,lower,128,0.38791839397,0.387879762685,3.86312842215e-05,favors_pca,true
identity,current_pca,frozen-pca,7,fast_prefix_4,fast_prefix_4,fast_prefix_4,matched_intermediate_family_and_bytes,pooled_candidate_rmse,lower,128,0.38791585498,0.387743417224,0.000172437756041,favors_pca,true
identity,current_pca,frozen-pca,8,fast_prefix_4,fast_prefix_4,fast_prefix_4,matched_intermediate_family_and_bytes,pooled_candidate_rmse,lower,128,0.388058497937,0.387217760281,0.000840737656086,favors_pca,true
identity,current_pca,frozen-pca,9,fast_prefix_4,fast_prefix_4,fast_prefix_4,matched_intermediate_family_and_bytes,pooled_candidate_rmse,lower,128,0.388029605649,0.387451644591,0.00057796105717,favors_pca,true
identity,current_pca,frozen-pca,0,fast_prefix_4,fast_prefix_4,fast_prefix_4,matched_intermediate_family_and_bytes,candidate_mae,lower,128,0.376551103894,0.350874152836,0.0256769510578,favors_pca,true
identity,current_pca,frozen-pca,1,fast_prefix_4,fast_prefix_4,fast_prefix_4,matched_intermediate_family_and_bytes,candidate_mae,lower,128,0.376572659727,0.351196513993,0.0253761457336,favors_pca,true
identity,current_pca,frozen-pca,2,fast_prefix_4,fast_prefix_4,fast_prefix_4,matched_intermediate_family_and_bytes,candidate_mae,lower,128,0.376727354362,0.350870413192,0.0258569411695,favors_pca,true
identity,current_pca,frozen-pca,3,fast_prefix_4,fast_prefix_4,fast_prefix_4,matched_intermediate_family_and_bytes,candidate_mae,lower,128,0.376417384135,0.350336082684,0.0260813014508,favors_pca,true
identity,current_pca,frozen-pca,4,fast_prefix_4,fast_prefix_4,fast_prefix_4,matched_intermediate_family_and_bytes,candidate_mae,lower,128,0.376540809707,0.35090862202,0.0256321876867,favors_pca,true
identity,current_pca,frozen-pca,5,fast_prefix_4,fast_prefix_4,fast_prefix_4,matched_intermediate_family_and_bytes,candidate_mae,lower,128,0.376480036025,0.350551632938,0.0259284030875,favors_pca,true
identity,current_pca,frozen-pca,6,fast_prefix_4,fast_prefix_4,fast_prefix_4,matched_intermediate_family_and_bytes,candidate_mae,lower,128,0.376541782967,0.351501322789,0.0250404601781,favors_pca,true
identity,current_pca,frozen-pca,7,fast_prefix_4,fast_prefix_4,fast_prefix_4,matched_intermediate_family_and_bytes,candidate_mae,lower,128,0.376595878246,0.350976322036,0.0256195562102,favors_pca,true
identity,current_pca,frozen-pca,8,fast_prefix_4,fast_prefix_4,fast_prefix_4,matched_intermediate_family_and_bytes,candidate_mae,lower,128,0.376682660888,0.350510714998,0.0261719458891,favors_pca,true
identity,current_pca,frozen-pca,9,fast_prefix_4,fast_prefix_4,fast_prefix_4,matched_intermediate_family_and_bytes,candidate_mae,lower,128,0.376697104599,0.351012075041,0.0256850295578,favors_pca,true
identity,current_pca,frozen-pca,0,fast_prefix_4,fast_prefix_4,fast_prefix_4,matched_intermediate_family_and_bytes,topk_agreement,higher,128,0.763515625,0.601796875,0.16171875,favors_transform,true
identity,current_pca,frozen-pca,1,fast_prefix_4,fast_prefix_4,fast_prefix_4,matched_intermediate_family_and_bytes,topk_agreement,higher,128,0.761015625,0.5946875,0.166328125,favors_transform,true
identity,current_pca,frozen-pca,2,fast_prefix_4,fast_prefix_4,fast_prefix_4,matched_intermediate_family_and_bytes,topk_agreement,higher,128,0.76375,0.5946875,0.1690625,favors_transform,true
identity,current_pca,frozen-pca,3,fast_prefix_4,fast_prefix_4,fast_prefix_4,matched_intermediate_family_and_bytes,topk_agreement,higher,128,0.75984375,0.594765625,0.165078125,favors_transform,true
identity,current_pca,frozen-pca,4,fast_prefix_4,fast_prefix_4,fast_prefix_4,matched_intermediate_family_and_bytes,topk_agreement,higher,128,0.760078125,0.588828125,0.17125,favors_transform,true
identity,current_pca,frozen-pca,5,fast_prefix_4,fast_prefix_4,fast_prefix_4,matched_intermediate_family_and_bytes,topk_agreement,higher,128,0.76078125,0.59546875,0.1653125,favors_transform,true
identity,current_pca,frozen-pca,6,fast_prefix_4,fast_prefix_4,fast_prefix_4,matched_intermediate_family_and_bytes,topk_agreement,higher,128,0.760859375,0.587890625,0.17296875,favors_transform,true
identity,current_pca,frozen-pca,7,fast_prefix_4,fast_prefix_4,fast_prefix_4,matched_intermediate_family_and_bytes,topk_agreement,higher,128,0.76078125,0.59078125,0.17,favors_transform,true
identity,current_pca,frozen-pca,8,fast_prefix_4,fast_prefix_4,fast_prefix_4,matched_intermediate_family_and_bytes,topk_agreement,higher,128,0.765234375,0.590234375,0.175,favors_transform,true
identity,current_pca,frozen-pca,9,fast_prefix_4,fast_prefix_4,fast_prefix_4,matched_intermediate_family_and_bytes,topk_agreement,higher,128,0.759765625,0.5921875,0.167578125,favors_transform,true
identity,current_pca,frozen-pca,0,fast_prefix_4,fast_prefix_4,fast_prefix_4,matched_intermediate_family_and_bytes,boundary_inversion_rate,lower,128,0.00725722367275,0.0189777534292,-0.0117205297565,favors_transform,true
identity,current_pca,frozen-pca,1,fast_prefix_4,fast_prefix_4,fast_prefix_4,matched_intermediate_family_and_bytes,boundary_inversion_rate,lower,128,0.00746685498417,0.019054940773,-0.0115880857889,favors_transform,true
identity,current_pca,frozen-pca,2,fast_prefix_4,fast_prefix_4,fast_prefix_4,matched_intermediate_family_and_bytes,boundary_inversion_rate,lower,128,0.00729955142802,0.0191665660171,-0.0118670145891,favors_transform,true
identity,current_pca,frozen-pca,3,fast_prefix_4,fast_prefix_4,fast_prefix_4,matched_intermediate_family_and_bytes,boundary_inversion_rate,lower,128,0.00736903501986,0.0191663589101,-0.0117973238902,favors_transform,true
identity,current_pca,frozen-pca,4,fast_prefix_4,fast_prefix_4,fast_prefix_4,matched_intermediate_family_and_bytes,boundary_inversion_rate,lower,128,0.00735889794945,0.0192828324877,-0.0119239345383,favors_transform,true
identity,current_pca,frozen-pca,5,fast_prefix_4,fast_prefix_4,fast_prefix_4,matched_intermediate_family_and_bytes,boundary_inversion_rate,lower,128,0.00738812824129,0.0193829630538,-0.0119948348125,favors_transform,true
identity,current_pca,frozen-pca,6,fast_prefix_4,fast_prefix_4,fast_prefix_4,matched_intermediate_family_and_bytes,boundary_inversion_rate,lower,128,0.00727955430277,0.0198251378372,-0.0125455835344,favors_transform,true
identity,current_pca,frozen-pca,7,fast_prefix_4,fast_prefix_4,fast_prefix_4,matched_intermediate_family_and_bytes,boundary_inversion_rate,lower,128,0.00733910974335,0.0192007844465,-0.0118616747032,favors_transform,true
identity,current_pca,frozen-pca,8,fast_prefix_4,fast_prefix_4,fast_prefix_4,matched_intermediate_family_and_bytes,boundary_inversion_rate,lower,128,0.00735367361296,0.0194531712642,-0.0120994976513,favors_transform,true
identity,current_pca,frozen-pca,9,fast_prefix_4,fast_prefix_4,fast_prefix_4,matched_intermediate_family_and_bytes,boundary_inversion_rate,lower,128,0.0072446172652,0.0194292732658,-0.0121846560006,favors_transform,true
identity,current_pca,frozen-pca,0,fast_prefix_4,fast_prefix_4,fast_prefix_4,matched_intermediate_family_and_bytes,exact_best_rank,lower,128,3.8984375,8.2265625,-4.328125,favors_transform,true
identity,current_pca,frozen-pca,1,fast_prefix_4,fast_prefix_4,fast_prefix_4,matched_intermediate_family_and_bytes,exact_best_rank,lower,128,3.4609375,8.25,-4.7890625,favors_transform,true
identity,current_pca,frozen-pca,2,fast_prefix_4,fast_prefix_4,fast_prefix_4,matched_intermediate_family_and_bytes,exact_best_rank,lower,128,3.546875,7.2578125,-3.7109375,favors_transform,true
identity,current_pca,frozen-pca,3,fast_prefix_4,fast_prefix_4,fast_prefix_4,matched_intermediate_family_and_bytes,exact_best_rank,lower,128,3.484375,6.03125,-2.546875,favors_transform,true
identity,current_pca,frozen-pca,4,fast_prefix_4,fast_prefix_4,fast_prefix_4,matched_intermediate_family_and_bytes,exact_best_rank,lower,128,3.8671875,7.6015625,-3.734375,favors_transform,true
identity,current_pca,frozen-pca,5,fast_prefix_4,fast_prefix_4,fast_prefix_4,matched_intermediate_family_and_bytes,exact_best_rank,lower,128,3.578125,8.5625,-4.984375,favors_transform,true
identity,current_pca,frozen-pca,6,fast_prefix_4,fast_prefix_4,fast_prefix_4,matched_intermediate_family_and_bytes,exact_best_rank,lower,128,3.6796875,7.59375,-3.9140625,favors_transform,true
identity,current_pca,frozen-pca,7,fast_prefix_4,fast_prefix_4,fast_prefix_4,matched_intermediate_family_and_bytes,exact_best_rank,lower,128,3.6328125,6.3671875,-2.734375,favors_transform,true
identity,current_pca,frozen-pca,8,fast_prefix_4,fast_prefix_4,fast_prefix_4,matched_intermediate_family_and_bytes,exact_best_rank,lower,128,3.8203125,8.6640625,-4.84375,favors_transform,true
identity,current_pca,frozen-pca,9,fast_prefix_4,fast_prefix_4,fast_prefix_4,matched_intermediate_family_and_bytes,exact_best_rank,lower,128,3.6484375,7.9140625,-4.265625,favors_transform,true
identity,current_pca,frozen-pca,-1,fast_all,fast_all,fast_all,common_endpoint,mean_per_query_candidate_rmse,lower,128,0.411041559856,0.398880779159,0.0121607806977,favors_pca,true
identity,current_pca,frozen-pca,-1,fast_all,fast_all,fast_all,common_endpoint,pooled_candidate_rmse,lower,128,0.408839646944,0.399542946907,0.00929670003741,favors_pca,true
identity,current_pca,frozen-pca,-1,fast_all,fast_all,fast_all,common_endpoint,candidate_mae,lower,128,0.381430927989,0.354421751874,0.0270091761148,favors_pca,true
identity,current_pca,frozen-pca,-1,fast_all,fast_all,fast_all,common_endpoint,topk_agreement,higher,128,0.641875,0.54890625,0.09296875,favors_transform,true
identity,current_pca,frozen-pca,-1,fast_all,fast_all,fast_all,common_endpoint,boundary_inversion_rate,lower,128,0.0181080415063,0.0270983357513,-0.00899029424494,favors_transform,true
identity,current_pca,frozen-pca,-1,fast_all,fast_all,fast_all,common_endpoint,exact_best_rank,lower,128,8.8125,11.625,-2.8125,favors_transform,true
identity,current_pca,frozen-pca,0,fast_all,fast_all,fast_all,common_endpoint,mean_per_query_candidate_rmse,lower,128,0.388925026859,0.386381594359,0.00254343250078,favors_pca,true
identity,current_pca,frozen-pca,1,fast_all,fast_all,fast_all,common_endpoint,mean_per_query_candidate_rmse,lower,128,0.388962343791,0.386689709863,0.00227263392734,favors_pca,true
identity,current_pca,frozen-pca,2,fast_all,fast_all,fast_all,common_endpoint,mean_per_query_candidate_rmse,lower,128,0.389078808506,0.386282981184,0.00279582732187,favors_pca,true
identity,current_pca,frozen-pca,3,fast_all,fast_all,fast_all,common_endpoint,mean_per_query_candidate_rmse,lower,128,0.388802787085,0.385622783846,0.00318000323906,favors_pca,true
identity,current_pca,frozen-pca,4,fast_all,fast_all,fast_all,common_endpoint,mean_per_query_candidate_rmse,lower,128,0.388942731696,0.386475729427,0.00246700226875,favors_pca,true
identity,current_pca,frozen-pca,5,fast_all,fast_all,fast_all,common_endpoint,mean_per_query_candidate_rmse,lower,128,0.388799141019,0.386118625048,0.00268051597109,favors_pca,true
identity,current_pca,frozen-pca,6,fast_all,fast_all,fast_all,common_endpoint,mean_per_query_candidate_rmse,lower,128,0.388904910007,0.386763117892,0.00214179211484,favors_pca,true
identity,current_pca,frozen-pca,7,fast_all,fast_all,fast_all,common_endpoint,mean_per_query_candidate_rmse,lower,128,0.388967369124,0.386618126852,0.00234924227266,favors_pca,true
identity,current_pca,frozen-pca,8,fast_all,fast_all,fast_all,common_endpoint,mean_per_query_candidate_rmse,lower,128,0.389050815569,0.386085013167,0.00296580240156,favors_pca,true
identity,current_pca,frozen-pca,9,fast_all,fast_all,fast_all,common_endpoint,mean_per_query_candidate_rmse,lower,128,0.389057463145,0.386436460766,0.00262100237969,favors_pca,true
identity,current_pca,frozen-pca,0,fast_all,fast_all,fast_all,common_endpoint,pooled_candidate_rmse,lower,128,0.387914520809,0.387476115662,0.00043840514608,favors_pca,true
identity,current_pca,frozen-pca,1,fast_all,fast_all,fast_all,common_endpoint,pooled_candidate_rmse,lower,128,0.387912384901,0.387823890494,8.84944062777e-05,favors_pca,true
identity,current_pca,frozen-pca,2,fast_all,fast_all,fast_all,common_endpoint,pooled_candidate_rmse,lower,128,0.388030965726,0.387306415001,0.000724550725487,favors_pca,true
identity,current_pca,frozen-pca,3,fast_all,fast_all,fast_all,common_endpoint,pooled_candidate_rmse,lower,128,0.387813112161,0.38674622361,0.00106688855147,favors_pca,true
identity,current_pca,frozen-pca,4,fast_all,fast_all,fast_all,common_endpoint,pooled_candidate_rmse,lower,128,0.38793975601,0.387522871773,0.000416884236909,favors_pca,true
identity,current_pca,frozen-pca,5,fast_all,fast_all,fast_all,common_endpoint,pooled_candidate_rmse,lower,128,0.387771602976,0.387201569908,0.00057003306787,favors_pca,true
identity,current_pca,frozen-pca,6,fast_all,fast_all,fast_all,common_endpoint,pooled_candidate_rmse,lower,128,0.38791839397,0.387879762685,3.86312842215e-05,favors_pca,true
identity,current_pca,frozen-pca,7,fast_all,fast_all,fast_all,common_endpoint,pooled_candidate_rmse,lower,128,0.38791585498,0.387743417224,0.000172437756041,favors_pca,true
identity,current_pca,frozen-pca,8,fast_all,fast_all,fast_all,common_endpoint,pooled_candidate_rmse,lower,128,0.388058497937,0.387217760281,0.000840737656086,favors_pca,true
identity,current_pca,frozen-pca,9,fast_all,fast_all,fast_all,common_endpoint,pooled_candidate_rmse,lower,128,0.388029605649,0.387451644591,0.00057796105717,favors_pca,true
identity,current_pca,frozen-pca,0,fast_all,fast_all,fast_all,common_endpoint,candidate_mae,lower,128,0.376551103894,0.350874152836,0.0256769510578,favors_pca,true
identity,current_pca,frozen-pca,1,fast_all,fast_all,fast_all,common_endpoint,candidate_mae,lower,128,0.376572659727,0.351196513993,0.0253761457336,favors_pca,true
identity,current_pca,frozen-pca,2,fast_all,fast_all,fast_all,common_endpoint,candidate_mae,lower,128,0.376727354362,0.350870413192,0.0258569411695,favors_pca,true
identity,current_pca,frozen-pca,3,fast_all,fast_all,fast_all,common_endpoint,candidate_mae,lower,128,0.376417384135,0.350336082684,0.0260813014508,favors_pca,true
identity,current_pca,frozen-pca,4,fast_all,fast_all,fast_all,common_endpoint,candidate_mae,lower,128,0.376540809707,0.35090862202,0.0256321876867,favors_pca,true
identity,current_pca,frozen-pca,5,fast_all,fast_all,fast_all,common_endpoint,candidate_mae,lower,128,0.376480036025,0.350551632938,0.0259284030875,favors_pca,true
identity,current_pca,frozen-pca,6,fast_all,fast_all,fast_all,common_endpoint,candidate_mae,lower,128,0.376541782967,0.351501322789,0.0250404601781,favors_pca,true
identity,current_pca,frozen-pca,7,fast_all,fast_all,fast_all,common_endpoint,candidate_mae,lower,128,0.376595878246,0.350976322036,0.0256195562102,favors_pca,true
identity,current_pca,frozen-pca,8,fast_all,fast_all,fast_all,common_endpoint,candidate_mae,lower,128,0.376682660888,0.350510714998,0.0261719458891,favors_pca,true
identity,current_pca,frozen-pca,9,fast_all,fast_all,fast_all,common_endpoint,candidate_mae,lower,128,0.376697104599,0.351012075041,0.0256850295578,favors_pca,true
identity,current_pca,frozen-pca,0,fast_all,fast_all,fast_all,common_endpoint,topk_agreement,higher,128,0.763515625,0.601796875,0.16171875,favors_transform,true
identity,current_pca,frozen-pca,1,fast_all,fast_all,fast_all,common_endpoint,topk_agreement,higher,128,0.761015625,0.5946875,0.166328125,favors_transform,true
identity,current_pca,frozen-pca,2,fast_all,fast_all,fast_all,common_endpoint,topk_agreement,higher,128,0.76375,0.5946875,0.1690625,favors_transform,true
identity,current_pca,frozen-pca,3,fast_all,fast_all,fast_all,common_endpoint,topk_agreement,higher,128,0.75984375,0.594765625,0.165078125,favors_transform,true
identity,current_pca,frozen-pca,4,fast_all,fast_all,fast_all,common_endpoint,topk_agreement,higher,128,0.760078125,0.588828125,0.17125,favors_transform,true
identity,current_pca,frozen-pca,5,fast_all,fast_all,fast_all,common_endpoint,topk_agreement,higher,128,0.76078125,0.59546875,0.1653125,favors_transform,true
identity,current_pca,frozen-pca,6,fast_all,fast_all,fast_all,common_endpoint,topk_agreement,higher,128,0.760859375,0.587890625,0.17296875,favors_transform,true
identity,current_pca,frozen-pca,7,fast_all,fast_all,fast_all,common_endpoint,topk_agreement,higher,128,0.76078125,0.59078125,0.17,favors_transform,true
identity,current_pca,frozen-pca,8,fast_all,fast_all,fast_all,common_endpoint,topk_agreement,higher,128,0.765234375,0.590234375,0.175,favors_transform,true
identity,current_pca,frozen-pca,9,fast_all,fast_all,fast_all,common_endpoint,topk_agreement,higher,128,0.759765625,0.5921875,0.167578125,favors_transform,true
identity,current_pca,frozen-pca,0,fast_all,fast_all,fast_all,common_endpoint,boundary_inversion_rate,lower,128,0.00725722367275,0.0189777534292,-0.0117205297565,favors_transform,true
identity,current_pca,frozen-pca,1,fast_all,fast_all,fast_all,common_endpoint,boundary_inversion_rate,lower,128,0.00746685498417,0.019054940773,-0.0115880857889,favors_transform,true
identity,current_pca,frozen-pca,2,fast_all,fast_all,fast_all,common_endpoint,boundary_inversion_rate,lower,128,0.00729955142802,0.0191665660171,-0.0118670145891,favors_transform,true
identity,current_pca,frozen-pca,3,fast_all,fast_all,fast_all,common_endpoint,boundary_inversion_rate,lower,128,0.00736903501986,0.0191663589101,-0.0117973238902,favors_transform,true
identity,current_pca,frozen-pca,4,fast_all,fast_all,fast_all,common_endpoint,boundary_inversion_rate,lower,128,0.00735889794945,0.0192828324877,-0.0119239345383,favors_transform,true
identity,current_pca,frozen-pca,5,fast_all,fast_all,fast_all,common_endpoint,boundary_inversion_rate,lower,128,0.00738812824129,0.0193829630538,-0.0119948348125,favors_transform,true
identity,current_pca,frozen-pca,6,fast_all,fast_all,fast_all,common_endpoint,boundary_inversion_rate,lower,128,0.00727955430277,0.0198251378372,-0.0125455835344,favors_transform,true
identity,current_pca,frozen-pca,7,fast_all,fast_all,fast_all,common_endpoint,boundary_inversion_rate,lower,128,0.00733910974335,0.0192007844465,-0.0118616747032,favors_transform,true
identity,current_pca,frozen-pca,8,fast_all,fast_all,fast_all,common_endpoint,boundary_inversion_rate,lower,128,0.00735367361296,0.0194531712642,-0.0120994976513,favors_transform,true
identity,current_pca,frozen-pca,9,fast_all,fast_all,fast_all,common_endpoint,boundary_inversion_rate,lower,128,0.0072446172652,0.0194292732658,-0.0121846560006,favors_transform,true
identity,current_pca,frozen-pca,0,fast_all,fast_all,fast_all,common_endpoint,exact_best_rank,lower,128,3.8984375,8.2265625,-4.328125,favors_transform,true
identity,current_pca,frozen-pca,1,fast_all,fast_all,fast_all,common_endpoint,exact_best_rank,lower,128,3.4609375,8.25,-4.7890625,favors_transform,true
identity,current_pca,frozen-pca,2,fast_all,fast_all,fast_all,common_endpoint,exact_best_rank,lower,128,3.546875,7.2578125,-3.7109375,favors_transform,true
identity,current_pca,frozen-pca,3,fast_all,fast_all,fast_all,common_endpoint,exact_best_rank,lower,128,3.484375,6.03125,-2.546875,favors_transform,true
identity,current_pca,frozen-pca,4,fast_all,fast_all,fast_all,common_endpoint,exact_best_rank,lower,128,3.8671875,7.6015625,-3.734375,favors_transform,true
identity,current_pca,frozen-pca,5,fast_all,fast_all,fast_all,common_endpoint,exact_best_rank,lower,128,3.578125,8.5625,-4.984375,favors_transform,true
identity,current_pca,frozen-pca,6,fast_all,fast_all,fast_all,common_endpoint,exact_best_rank,lower,128,3.6796875,7.59375,-3.9140625,favors_transform,true
identity,current_pca,frozen-pca,7,fast_all,fast_all,fast_all,common_endpoint,exact_best_rank,lower,128,3.6328125,6.3671875,-2.734375,favors_transform,true
identity,current_pca,frozen-pca,8,fast_all,fast_all,fast_all,common_endpoint,exact_best_rank,lower,128,3.8203125,8.6640625,-4.84375,favors_transform,true
identity,current_pca,frozen-pca,9,fast_all,fast_all,fast_all,common_endpoint,exact_best_rank,lower,128,3.6484375,7.9140625,-4.265625,favors_transform,true
identity,current_pca,frozen-pca,-1,accurate_prefix_1,accurate_prefix_1,accurate_prefix_1,matched_intermediate_family_and_bytes,mean_per_query_candidate_rmse,lower,128,0.385363695934,0.083347049178,0.302016646756,favors_pca,true
identity,current_pca,frozen-pca,-1,accurate_prefix_1,accurate_prefix_1,accurate_prefix_1,matched_intermediate_family_and_bytes,pooled_candidate_rmse,lower,128,0.383858835065,0.0881312006375,0.295727634428,favors_pca,true
identity,current_pca,frozen-pca,-1,accurate_prefix_1,accurate_prefix_1,accurate_prefix_1,matched_intermediate_family_and_bytes,candidate_mae,lower,128,0.357331795958,0.075026318327,0.282305477631,favors_pca,true
identity,current_pca,frozen-pca,-1,accurate_prefix_1,accurate_prefix_1,accurate_prefix_1,matched_intermediate_family_and_bytes,topk_agreement,higher,128,0.6615625,0.900234375,-0.238671875,favors_pca,true
identity,current_pca,frozen-pca,-1,accurate_prefix_1,accurate_prefix_1,accurate_prefix_1,matched_intermediate_family_and_bytes,boundary_inversion_rate,lower,128,0.0162750985796,0.0011019548401,0.0151731437395,favors_pca,true
identity,current_pca,frozen-pca,-1,accurate_prefix_1,accurate_prefix_1,accurate_prefix_1,matched_intermediate_family_and_bytes,exact_best_rank,lower,128,8.015625,1.3046875,6.7109375,favors_pca,true
identity,current_pca,frozen-pca,0,accurate_prefix_1,accurate_prefix_1,accurate_prefix_1,matched_intermediate_family_and_bytes,mean_per_query_candidate_rmse,lower,128,0.364874895264,0.0818507213882,0.283024173876,favors_pca,true
identity,current_pca,frozen-pca,1,accurate_prefix_1,accurate_prefix_1,accurate_prefix_1,matched_intermediate_family_and_bytes,mean_per_query_candidate_rmse,lower,128,0.364886830777,0.0817794194902,0.283107411287,favors_pca,true
identity,current_pca,frozen-pca,2,accurate_prefix_1,accurate_prefix_1,accurate_prefix_1,matched_intermediate_family_and_bytes,mean_per_query_candidate_rmse,lower,128,0.365035523535,0.081821884752,0.283213638783,favors_pca,true
identity,current_pca,frozen-pca,3,accurate_prefix_1,accurate_prefix_1,accurate_prefix_1,matched_intermediate_family_and_bytes,mean_per_query_candidate_rmse,lower,128,0.36481391318,0.0817397918273,0.283074121353,favors_pca,true
identity,current_pca,frozen-pca,4,accurate_prefix_1,accurate_prefix_1,accurate_prefix_1,matched_intermediate_family_and_bytes,mean_per_query_candidate_rmse,lower,128,0.364868310422,0.0818263854587,0.283041924963,favors_pca,true
identity,current_pca,frozen-pca,5,accurate_prefix_1,accurate_prefix_1,accurate_prefix_1,matched_intermediate_family_and_bytes,mean_per_query_candidate_rmse,lower,128,0.364797611733,0.0818562957766,0.282941315956,favors_pca,true
identity,current_pca,frozen-pca,6,accurate_prefix_1,accurate_prefix_1,accurate_prefix_1,matched_intermediate_family_and_bytes,mean_per_query_candidate_rmse,lower,128,0.364888205254,0.0818174886596,0.283070716594,favors_pca,true
identity,current_pca,frozen-pca,7,accurate_prefix_1,accurate_prefix_1,accurate_prefix_1,matched_intermediate_family_and_bytes,mean_per_query_candidate_rmse,lower,128,0.364941271754,0.0818061557312,0.283135116023,favors_pca,true
identity,current_pca,frozen-pca,8,accurate_prefix_1,accurate_prefix_1,accurate_prefix_1,matched_intermediate_family_and_bytes,mean_per_query_candidate_rmse,lower,128,0.364961996171,0.0818376062301,0.283124389941,favors_pca,true
identity,current_pca,frozen-pca,9,accurate_prefix_1,accurate_prefix_1,accurate_prefix_1,matched_intermediate_family_and_bytes,mean_per_query_candidate_rmse,lower,128,0.364989590675,0.0817718819924,0.283217708683,favors_pca,true
identity,current_pca,frozen-pca,0,accurate_prefix_1,accurate_prefix_1,accurate_prefix_1,matched_intermediate_family_and_bytes,pooled_candidate_rmse,lower,128,0.364170911411,0.0866542929084,0.277516618502,favors_pca,true
identity,current_pca,frozen-pca,1,accurate_prefix_1,accurate_prefix_1,accurate_prefix_1,matched_intermediate_family_and_bytes,pooled_candidate_rmse,lower,128,0.364136001556,0.0865420590038,0.277593942552,favors_pca,true
identity,current_pca,frozen-pca,2,accurate_prefix_1,accurate_prefix_1,accurate_prefix_1,matched_intermediate_family_and_bytes,pooled_candidate_rmse,lower,128,0.364285970257,0.0865846645808,0.277701305676,favors_pca,true
identity,current_pca,frozen-pca,3,accurate_prefix_1,accurate_prefix_1,accurate_prefix_1,matched_intermediate_family_and_bytes,pooled_candidate_rmse,lower,128,0.364122677493,0.0865195834826,0.27760309401,favors_pca,true
identity,current_pca,frozen-pca,4,accurate_prefix_1,accurate_prefix_1,accurate_prefix_1,matched_intermediate_family_and_bytes,pooled_candidate_rmse,lower,128,0.364164506648,0.0866439777187,0.277520528929,favors_pca,true
identity,current_pca,frozen-pca,5,accurate_prefix_1,accurate_prefix_1,accurate_prefix_1,matched_intermediate_family_and_bytes,pooled_candidate_rmse,lower,128,0.364079476981,0.0866486720936,0.277430804887,favors_pca,true
identity,current_pca,frozen-pca,6,accurate_prefix_1,accurate_prefix_1,accurate_prefix_1,matched_intermediate_family_and_bytes,pooled_candidate_rmse,lower,128,0.36421525241,0.0865658400666,0.277649412344,favors_pca,true
identity,current_pca,frozen-pca,7,accurate_prefix_1,accurate_prefix_1,accurate_prefix_1,matched_intermediate_family_and_bytes,pooled_candidate_rmse,lower,128,0.364199457224,0.0866150619589,0.277584395265,favors_pca,true
identity,current_pca,frozen-pca,8,accurate_prefix_1,accurate_prefix_1,accurate_prefix_1,matched_intermediate_family_and_bytes,pooled_candidate_rmse,lower,128,0.364276240706,0.0866228906078,0.277653350098,favors_pca,true
identity,current_pca,frozen-pca,9,accurate_prefix_1,accurate_prefix_1,accurate_prefix_1,matched_intermediate_family_and_bytes,pooled_candidate_rmse,lower,128,0.364270343737,0.0865625178586,0.277707825879,favors_pca,true
identity,current_pca,frozen-pca,0,accurate_prefix_1,accurate_prefix_1,accurate_prefix_1,matched_intermediate_family_and_bytes,candidate_mae,lower,128,0.352543944102,0.0746649305944,0.277879013508,favors_pca,true
identity,current_pca,frozen-pca,1,accurate_prefix_1,accurate_prefix_1,accurate_prefix_1,matched_intermediate_family_and_bytes,candidate_mae,lower,128,0.352542208534,0.074591720416,0.277950488118,favors_pca,true
identity,current_pca,frozen-pca,2,accurate_prefix_1,accurate_prefix_1,accurate_prefix_1,matched_intermediate_family_and_bytes,candidate_mae,lower,128,0.352723915126,0.0746459645517,0.278077950574,favors_pca,true
identity,current_pca,frozen-pca,3,accurate_prefix_1,accurate_prefix_1,accurate_prefix_1,matched_intermediate_family_and_bytes,candidate_mae,lower,128,0.352448480359,0.0746138917002,0.277834588659,favors_pca,true
identity,current_pca,frozen-pca,4,accurate_prefix_1,accurate_prefix_1,accurate_prefix_1,matched_intermediate_family_and_bytes,candidate_mae,lower,128,0.352517107594,0.0746194498961,0.277897657698,favors_pca,true
identity,current_pca,frozen-pca,5,accurate_prefix_1,accurate_prefix_1,accurate_prefix_1,matched_intermediate_family_and_bytes,candidate_mae,lower,128,0.352512287184,0.0746716439769,0.277840643208,favors_pca,true
identity,current_pca,frozen-pca,6,accurate_prefix_1,accurate_prefix_1,accurate_prefix_1,matched_intermediate_family_and_bytes,candidate_mae,lower,128,0.352548660005,0.0746536325069,0.277895027498,favors_pca,true
identity,current_pca,frozen-pca,7,accurate_prefix_1,accurate_prefix_1,accurate_prefix_1,matched_intermediate_family_and_bytes,candidate_mae,lower,128,0.352625905457,0.0746460906608,0.277979814796,favors_pca,true
identity,current_pca,frozen-pca,8,accurate_prefix_1,accurate_prefix_1,accurate_prefix_1,matched_intermediate_family_and_bytes,candidate_mae,lower,128,0.352630035598,0.0746467182542,0.277983317344,favors_pca,true
identity,current_pca,frozen-pca,9,accurate_prefix_1,accurate_prefix_1,accurate_prefix_1,matched_intermediate_family_and_bytes,candidate_mae,lower,128,0.352671202109,0.0745929075898,0.27807829452,favors_pca,true
identity,current_pca,frozen-pca,0,accurate_prefix_1,accurate_prefix_1,accurate_prefix_1,matched_intermediate_family_and_bytes,topk_agreement,higher,128,0.770625,0.906328125,-0.135703125,favors_pca,true
identity,current_pca,frozen-pca,1,accurate_prefix_1,accurate_prefix_1,accurate_prefix_1,matched_intermediate_family_and_bytes,topk_agreement,higher,128,0.767109375,0.903984375,-0.136875,favors_pca,true
identity,current_pca,frozen-pca,2,accurate_prefix_1,accurate_prefix_1,accurate_prefix_1,matched_intermediate_family_and_bytes,topk_agreement,higher,128,0.769609375,0.906484375,-0.136875,favors_pca,true
identity,current_pca,frozen-pca,3,accurate_prefix_1,accurate_prefix_1,accurate_prefix_1,matched_intermediate_family_and_bytes,topk_agreement,higher,128,0.763125,0.906015625,-0.142890625,favors_pca,true
identity,current_pca,frozen-pca,4,accurate_prefix_1,accurate_prefix_1,accurate_prefix_1,matched_intermediate_family_and_bytes,topk_agreement,higher,128,0.767578125,0.9040625,-0.136484375,favors_pca,true
identity,current_pca,frozen-pca,5,accurate_prefix_1,accurate_prefix_1,accurate_prefix_1,matched_intermediate_family_and_bytes,topk_agreement,higher,128,0.76421875,0.906640625,-0.142421875,favors_pca,true
identity,current_pca,frozen-pca,6,accurate_prefix_1,accurate_prefix_1,accurate_prefix_1,matched_intermediate_family_and_bytes,topk_agreement,higher,128,0.768046875,0.9021875,-0.134140625,favors_pca,true
identity,current_pca,frozen-pca,7,accurate_prefix_1,accurate_prefix_1,accurate_prefix_1,matched_intermediate_family_and_bytes,topk_agreement,higher,128,0.766875,0.90453125,-0.13765625,favors_pca,true
identity,current_pca,frozen-pca,8,accurate_prefix_1,accurate_prefix_1,accurate_prefix_1,matched_intermediate_family_and_bytes,topk_agreement,higher,128,0.769609375,0.905625,-0.136015625,favors_pca,true
identity,current_pca,frozen-pca,9,accurate_prefix_1,accurate_prefix_1,accurate_prefix_1,matched_intermediate_family_and_bytes,topk_agreement,higher,128,0.7653125,0.9034375,-0.138125,favors_pca,true
identity,current_pca,frozen-pca,0,accurate_prefix_1,accurate_prefix_1,accurate_prefix_1,matched_intermediate_family_and_bytes,boundary_inversion_rate,lower,128,0.00693895022407,0.000925058293133,0.00601389193094,favors_pca,true
identity,current_pca,frozen-pca,1,accurate_prefix_1,accurate_prefix_1,accurate_prefix_1,matched_intermediate_family_and_bytes,boundary_inversion_rate,lower,128,0.00710066350448,0.000957864972122,0.00614279853235,favors_pca,true
identity,current_pca,frozen-pca,2,accurate_prefix_1,accurate_prefix_1,accurate_prefix_1,matched_intermediate_family_and_bytes,boundary_inversion_rate,lower,128,0.00696052305508,0.000941350906275,0.00601917214881,favors_pca,true
identity,current_pca,frozen-pca,3,accurate_prefix_1,accurate_prefix_1,accurate_prefix_1,matched_intermediate_family_and_bytes,boundary_inversion_rate,lower,128,0.00704151646414,0.00094366616919,0.00609785029495,favors_pca,true
identity,current_pca,frozen-pca,4,accurate_prefix_1,accurate_prefix_1,accurate_prefix_1,matched_intermediate_family_and_bytes,boundary_inversion_rate,lower,128,0.00701138281255,0.000973713744481,0.00603766906807,favors_pca,true
identity,current_pca,frozen-pca,5,accurate_prefix_1,accurate_prefix_1,accurate_prefix_1,matched_intermediate_family_and_bytes,boundary_inversion_rate,lower,128,0.00704299798423,0.000945517392744,0.00609748059148,favors_pca,true
identity,current_pca,frozen-pca,6,accurate_prefix_1,accurate_prefix_1,accurate_prefix_1,matched_intermediate_family_and_bytes,boundary_inversion_rate,lower,128,0.0069696439245,0.000991391403444,0.00597825252106,favors_pca,true
identity,current_pca,frozen-pca,7,accurate_prefix_1,accurate_prefix_1,accurate_prefix_1,matched_intermediate_family_and_bytes,boundary_inversion_rate,lower,128,0.0069657939899,0.000953192795177,0.00601260119472,favors_pca,true
identity,current_pca,frozen-pca,8,accurate_prefix_1,accurate_prefix_1,accurate_prefix_1,matched_intermediate_family_and_bytes,boundary_inversion_rate,lower,128,0.00701292674143,0.000946753261622,0.00606617347981,favors_pca,true
identity,current_pca,frozen-pca,9,accurate_prefix_1,accurate_prefix_1,accurate_prefix_1,matched_intermediate_family_and_bytes,boundary_inversion_rate,lower,128,0.00694773500668,0.000975892357107,0.00597184264957,favors_pca,true
identity,current_pca,frozen-pca,0,accurate_prefix_1,accurate_prefix_1,accurate_prefix_1,matched_intermediate_family_and_bytes,exact_best_rank,lower,128,3.828125,1.375,2.453125,favors_pca,true
identity,current_pca,frozen-pca,1,accurate_prefix_1,accurate_prefix_1,accurate_prefix_1,matched_intermediate_family_and_bytes,exact_best_rank,lower,128,3.359375,1.4921875,1.8671875,favors_pca,true
identity,current_pca,frozen-pca,2,accurate_prefix_1,accurate_prefix_1,accurate_prefix_1,matched_intermediate_family_and_bytes,exact_best_rank,lower,128,3.40625,1.5,1.90625,favors_pca,true
identity,current_pca,frozen-pca,3,accurate_prefix_1,accurate_prefix_1,accurate_prefix_1,matched_intermediate_family_and_bytes,exact_best_rank,lower,128,3.5625,1.453125,2.109375,favors_pca,true
identity,current_pca,frozen-pca,4,accurate_prefix_1,accurate_prefix_1,accurate_prefix_1,matched_intermediate_family_and_bytes,exact_best_rank,lower,128,3.765625,1.453125,2.3125,favors_pca,true
identity,current_pca,frozen-pca,5,accurate_prefix_1,accurate_prefix_1,accurate_prefix_1,matched_intermediate_family_and_bytes,exact_best_rank,lower,128,3.4765625,1.46875,2.0078125,favors_pca,true
identity,current_pca,frozen-pca,6,accurate_prefix_1,accurate_prefix_1,accurate_prefix_1,matched_intermediate_family_and_bytes,exact_best_rank,lower,128,3.671875,1.453125,2.21875,favors_pca,true
identity,current_pca,frozen-pca,7,accurate_prefix_1,accurate_prefix_1,accurate_prefix_1,matched_intermediate_family_and_bytes,exact_best_rank,lower,128,3.65625,1.40625,2.25,favors_pca,true
identity,current_pca,frozen-pca,8,accurate_prefix_1,accurate_prefix_1,accurate_prefix_1,matched_intermediate_family_and_bytes,exact_best_rank,lower,128,3.7734375,1.3203125,2.453125,favors_pca,true
identity,current_pca,frozen-pca,9,accurate_prefix_1,accurate_prefix_1,accurate_prefix_1,matched_intermediate_family_and_bytes,exact_best_rank,lower,128,3.40625,1.4375,1.96875,favors_pca,true
identity,current_pca,frozen-pca,-1,accurate_prefix_2,accurate_prefix_2,accurate_prefix_2,matched_intermediate_family_and_bytes,mean_per_query_candidate_rmse,lower,128,0.331331557241,0.0194689879851,0.311862569256,favors_pca,true
identity,current_pca,frozen-pca,-1,accurate_prefix_2,accurate_prefix_2,accurate_prefix_2,matched_intermediate_family_and_bytes,pooled_candidate_rmse,lower,128,0.331261781297,0.0215690642973,0.309692717,favors_pca,true
identity,current_pca,frozen-pca,-1,accurate_prefix_2,accurate_prefix_2,accurate_prefix_2,matched_intermediate_family_and_bytes,candidate_mae,lower,128,0.308693054548,0.0174223897505,0.291270664797,favors_pca,true
identity,current_pca,frozen-pca,-1,accurate_prefix_2,accurate_prefix_2,accurate_prefix_2,matched_intermediate_family_and_bytes,topk_agreement,higher,128,0.713984375,0.9753125,-0.261328125,favors_pca,true
identity,current_pca,frozen-pca,-1,accurate_prefix_2,accurate_prefix_2,accurate_prefix_2,matched_intermediate_family_and_bytes,boundary_inversion_rate,lower,128,0.0114213348018,6.86119429142e-05,0.0113527228589,favors_pca,true
identity,current_pca,frozen-pca,-1,accurate_prefix_2,accurate_prefix_2,accurate_prefix_2,matched_intermediate_family_and_bytes,exact_best_rank,lower,128,5.8125,1.0625,4.75,favors_pca,true
identity,current_pca,frozen-pca,0,accurate_prefix_2,accurate_prefix_2,accurate_prefix_2,matched_intermediate_family_and_bytes,mean_per_query_candidate_rmse,lower,128,0.315139355979,0.0191923108634,0.295947045116,favors_pca,true
identity,current_pca,frozen-pca,1,accurate_prefix_2,accurate_prefix_2,accurate_prefix_2,matched_intermediate_family_and_bytes,mean_per_query_candidate_rmse,lower,128,0.315106253032,0.01919704572,0.295909207312,favors_pca,true
identity,current_pca,frozen-pca,2,accurate_prefix_2,accurate_prefix_2,accurate_prefix_2,matched_intermediate_family_and_bytes,mean_per_query_candidate_rmse,lower,128,0.315218834429,0.0192107917352,0.296008042694,favors_pca,true
identity,current_pca,frozen-pca,3,accurate_prefix_2,accurate_prefix_2,accurate_prefix_2,matched_intermediate_family_and_bytes,mean_per_query_candidate_rmse,lower,128,0.315047943537,0.0192236558909,0.295824287647,favors_pca,true
identity,current_pca,frozen-pca,4,accurate_prefix_2,accurate_prefix_2,accurate_prefix_2,matched_intermediate_family_and_bytes,mean_per_query_candidate_rmse,lower,128,0.315057566542,0.0192194735732,0.295838092969,favors_pca,true
identity,current_pca,frozen-pca,5,accurate_prefix_2,accurate_prefix_2,accurate_prefix_2,matched_intermediate_family_and_bytes,mean_per_query_candidate_rmse,lower,128,0.315162782105,0.0191724472292,0.295990334876,favors_pca,true
identity,current_pca,frozen-pca,6,accurate_prefix_2,accurate_prefix_2,accurate_prefix_2,matched_intermediate_family_and_bytes,mean_per_query_candidate_rmse,lower,128,0.315141133379,0.0192064969079,0.295934636471,favors_pca,true
identity,current_pca,frozen-pca,7,accurate_prefix_2,accurate_prefix_2,accurate_prefix_2,matched_intermediate_family_and_bytes,mean_per_query_candidate_rmse,lower,128,0.315036598215,0.0191916652504,0.295844932964,favors_pca,true
identity,current_pca,frozen-pca,8,accurate_prefix_2,accurate_prefix_2,accurate_prefix_2,matched_intermediate_family_and_bytes,mean_per_query_candidate_rmse,lower,128,0.315304111727,0.0192141968312,0.296089914896,favors_pca,true
identity,current_pca,frozen-pca,9,accurate_prefix_2,accurate_prefix_2,accurate_prefix_2,matched_intermediate_family_and_bytes,mean_per_query_candidate_rmse,lower,128,0.315234987099,0.0192165033109,0.296018483788,favors_pca,true
identity,current_pca,frozen-pca,0,accurate_prefix_2,accurate_prefix_2,accurate_prefix_2,matched_intermediate_family_and_bytes,pooled_candidate_rmse,lower,128,0.31609390441,0.0212736623307,0.294820242079,favors_pca,true
identity,current_pca,frozen-pca,1,accurate_prefix_2,accurate_prefix_2,accurate_prefix_2,matched_intermediate_family_and_bytes,pooled_candidate_rmse,lower,128,0.316039866984,0.0212940792474,0.294745787737,favors_pca,true
identity,current_pca,frozen-pca,2,accurate_prefix_2,accurate_prefix_2,accurate_prefix_2,matched_intermediate_family_and_bytes,pooled_candidate_rmse,lower,128,0.316160118554,0.0212957503501,0.294864368204,favors_pca,true
identity,current_pca,frozen-pca,3,accurate_prefix_2,accurate_prefix_2,accurate_prefix_2,matched_intermediate_family_and_bytes,pooled_candidate_rmse,lower,128,0.316036450737,0.021323048801,0.294713401936,favors_pca,true
identity,current_pca,frozen-pca,4,accurate_prefix_2,accurate_prefix_2,accurate_prefix_2,matched_intermediate_family_and_bytes,pooled_candidate_rmse,lower,128,0.316030374597,0.0213088736538,0.294721500943,favors_pca,true
identity,current_pca,frozen-pca,5,accurate_prefix_2,accurate_prefix_2,accurate_prefix_2,matched_intermediate_family_and_bytes,pooled_candidate_rmse,lower,128,0.316097746765,0.0212503932292,0.294847353536,favors_pca,true
identity,current_pca,frozen-pca,6,accurate_prefix_2,accurate_prefix_2,accurate_prefix_2,matched_intermediate_family_and_bytes,pooled_candidate_rmse,lower,128,0.316151284723,0.021289467523,0.2948618172,favors_pca,true
identity,current_pca,frozen-pca,7,accurate_prefix_2,accurate_prefix_2,accurate_prefix_2,matched_intermediate_family_and_bytes,pooled_candidate_rmse,lower,128,0.315984829426,0.0212533622453,0.294731467181,favors_pca,true
identity,current_pca,frozen-pca,8,accurate_prefix_2,accurate_prefix_2,accurate_prefix_2,matched_intermediate_family_and_bytes,pooled_candidate_rmse,lower,128,0.316311625638,0.0212976387761,0.295013986862,favors_pca,true
identity,current_pca,frozen-pca,9,accurate_prefix_2,accurate_prefix_2,accurate_prefix_2,matched_intermediate_family_and_bytes,pooled_candidate_rmse,lower,128,0.316158252486,0.0213047922199,0.294853460266,favors_pca,true
identity,current_pca,frozen-pca,0,accurate_prefix_2,accurate_prefix_2,accurate_prefix_2,matched_intermediate_family_and_bytes,candidate_mae,lower,128,0.303088834497,0.0173238162104,0.285765018286,favors_pca,true
identity,current_pca,frozen-pca,1,accurate_prefix_2,accurate_prefix_2,accurate_prefix_2,matched_intermediate_family_and_bytes,candidate_mae,lower,128,0.303040365817,0.017330026365,0.285710339452,favors_pca,true
identity,current_pca,frozen-pca,2,accurate_prefix_2,accurate_prefix_2,accurate_prefix_2,matched_intermediate_family_and_bytes,candidate_mae,lower,128,0.303154856027,0.017350364233,0.285804491794,favors_pca,true
identity,current_pca,frozen-pca,3,accurate_prefix_2,accurate_prefix_2,accurate_prefix_2,matched_intermediate_family_and_bytes,candidate_mae,lower,128,0.302952802085,0.0173545195722,0.285598282513,favors_pca,true
identity,current_pca,frozen-pca,4,accurate_prefix_2,accurate_prefix_2,accurate_prefix_2,matched_intermediate_family_and_bytes,candidate_mae,lower,128,0.302985923822,0.0173469905275,0.285638933294,favors_pca,true
identity,current_pca,frozen-pca,5,accurate_prefix_2,accurate_prefix_2,accurate_prefix_2,matched_intermediate_family_and_bytes,candidate_mae,lower,128,0.303108673227,0.0173158708343,0.285792802393,favors_pca,true
identity,current_pca,frozen-pca,6,accurate_prefix_2,accurate_prefix_2,accurate_prefix_2,matched_intermediate_family_and_bytes,candidate_mae,lower,128,0.303064528405,0.0173352208827,0.285729307522,favors_pca,true
identity,current_pca,frozen-pca,7,accurate_prefix_2,accurate_prefix_2,accurate_prefix_2,matched_intermediate_family_and_bytes,candidate_mae,lower,128,0.30299849974,0.0173299585842,0.285668541156,favors_pca,true
identity,current_pca,frozen-pca,8,accurate_prefix_2,accurate_prefix_2,accurate_prefix_2,matched_intermediate_family_and_bytes,candidate_mae,lower,128,0.303216472667,0.0173511963969,0.28586527627,favors_pca,true
identity,current_pca,frozen-pca,9,accurate_prefix_2,accurate_prefix_2,accurate_prefix_2,matched_intermediate_family_and_bytes,candidate_mae,lower,128,0.303193848721,0.0173415780247,0.285852270696,favors_pca,true
identity,current_pca,frozen-pca,0,accurate_prefix_2,accurate_prefix_2,accurate_prefix_2,matched_intermediate_family_and_bytes,topk_agreement,higher,128,0.7871875,0.97765625,-0.19046875,favors_pca,true
identity,current_pca,frozen-pca,1,accurate_prefix_2,accurate_prefix_2,accurate_prefix_2,matched_intermediate_family_and_bytes,topk_agreement,higher,128,0.783125,0.97625,-0.193125,favors_pca,true
identity,current_pca,frozen-pca,2,accurate_prefix_2,accurate_prefix_2,accurate_prefix_2,matched_intermediate_family_and_bytes,topk_agreement,higher,128,0.785859375,0.97609375,-0.190234375,favors_pca,true
identity,current_pca,frozen-pca,3,accurate_prefix_2,accurate_prefix_2,accurate_prefix_2,matched_intermediate_family_and_bytes,topk_agreement,higher,128,0.78203125,0.97640625,-0.194375,favors_pca,true
identity,current_pca,frozen-pca,4,accurate_prefix_2,accurate_prefix_2,accurate_prefix_2,matched_intermediate_family_and_bytes,topk_agreement,higher,128,0.783125,0.97671875,-0.19359375,favors_pca,true
identity,current_pca,frozen-pca,5,accurate_prefix_2,accurate_prefix_2,accurate_prefix_2,matched_intermediate_family_and_bytes,topk_agreement,higher,128,0.786171875,0.9759375,-0.189765625,favors_pca,true
identity,current_pca,frozen-pca,6,accurate_prefix_2,accurate_prefix_2,accurate_prefix_2,matched_intermediate_family_and_bytes,topk_agreement,higher,128,0.787578125,0.9759375,-0.188359375,favors_pca,true
identity,current_pca,frozen-pca,7,accurate_prefix_2,accurate_prefix_2,accurate_prefix_2,matched_intermediate_family_and_bytes,topk_agreement,higher,128,0.7859375,0.9765625,-0.190625,favors_pca,true
identity,current_pca,frozen-pca,8,accurate_prefix_2,accurate_prefix_2,accurate_prefix_2,matched_intermediate_family_and_bytes,topk_agreement,higher,128,0.784609375,0.97640625,-0.191796875,favors_pca,true
identity,current_pca,frozen-pca,9,accurate_prefix_2,accurate_prefix_2,accurate_prefix_2,matched_intermediate_family_and_bytes,topk_agreement,higher,128,0.783515625,0.97625,-0.192734375,favors_pca,true
identity,current_pca,frozen-pca,0,accurate_prefix_2,accurate_prefix_2,accurate_prefix_2,matched_intermediate_family_and_bytes,boundary_inversion_rate,lower,128,0.00616357136477,5.76745042802e-05,0.00610589686049,favors_pca,true
identity,current_pca,frozen-pca,1,accurate_prefix_2,accurate_prefix_2,accurate_prefix_2,matched_intermediate_family_and_bytes,boundary_inversion_rate,lower,128,0.00629912516267,6.41589597061e-05,0.00623496620297,favors_pca,true
identity,current_pca,frozen-pca,2,accurate_prefix_2,accurate_prefix_2,accurate_prefix_2,matched_intermediate_family_and_bytes,boundary_inversion_rate,lower,128,0.00613696314277,6.78803602136e-05,0.00606908278256,favors_pca,true
identity,current_pca,frozen-pca,3,accurate_prefix_2,accurate_prefix_2,accurate_prefix_2,matched_intermediate_family_and_bytes,boundary_inversion_rate,lower,128,0.00620685436337,6.12539349986e-05,0.00614560042837,favors_pca,true
identity,current_pca,frozen-pca,4,accurate_prefix_2,accurate_prefix_2,accurate_prefix_2,matched_intermediate_family_and_bytes,boundary_inversion_rate,lower,128,0.00628398096387,6.48347442368e-05,0.00621914621964,favors_pca,true
identity,current_pca,frozen-pca,5,accurate_prefix_2,accurate_prefix_2,accurate_prefix_2,matched_intermediate_family_and_bytes,boundary_inversion_rate,lower,128,0.00624242605406,6.15423383569e-05,0.0061808837157,favors_pca,true
identity,current_pca,frozen-pca,6,accurate_prefix_2,accurate_prefix_2,accurate_prefix_2,matched_intermediate_family_and_bytes,boundary_inversion_rate,lower,128,0.00616353825679,6.38335891699e-05,0.00609970466762,favors_pca,true
identity,current_pca,frozen-pca,7,accurate_prefix_2,accurate_prefix_2,accurate_prefix_2,matched_intermediate_family_and_bytes,boundary_inversion_rate,lower,128,0.00615177972368,6.06161887874e-05,0.00609116353489,favors_pca,true
identity,current_pca,frozen-pca,8,accurate_prefix_2,accurate_prefix_2,accurate_prefix_2,matched_intermediate_family_and_bytes,boundary_inversion_rate,lower,128,0.00626110705151,6.25693865841e-05,0.00619853766493,favors_pca,true
identity,current_pca,frozen-pca,9,accurate_prefix_2,accurate_prefix_2,accurate_prefix_2,matched_intermediate_family_and_bytes,boundary_inversion_rate,lower,128,0.00625070647465,6.05278597547e-05,0.00619017861489,favors_pca,true
identity,current_pca,frozen-pca,0,accurate_prefix_2,accurate_prefix_2,accurate_prefix_2,matched_intermediate_family_and_bytes,exact_best_rank,lower,128,3.5078125,1.078125,2.4296875,favors_pca,true
identity,current_pca,frozen-pca,1,accurate_prefix_2,accurate_prefix_2,accurate_prefix_2,matched_intermediate_family_and_bytes,exact_best_rank,lower,128,3.171875,1.046875,2.125,favors_pca,true
identity,current_pca,frozen-pca,2,accurate_prefix_2,accurate_prefix_2,accurate_prefix_2,matched_intermediate_family_and_bytes,exact_best_rank,lower,128,3.1640625,1.0859375,2.078125,favors_pca,true
identity,current_pca,frozen-pca,3,accurate_prefix_2,accurate_prefix_2,accurate_prefix_2,matched_intermediate_family_and_bytes,exact_best_rank,lower,128,3.2890625,1.0703125,2.21875,favors_pca,true
identity,current_pca,frozen-pca,4,accurate_prefix_2,accurate_prefix_2,accurate_prefix_2,matched_intermediate_family_and_bytes,exact_best_rank,lower,128,3.484375,1.125,2.359375,favors_pca,true
identity,current_pca,frozen-pca,5,accurate_prefix_2,accurate_prefix_2,accurate_prefix_2,matched_intermediate_family_and_bytes,exact_best_rank,lower,128,3.2421875,1.0546875,2.1875,favors_pca,true
identity,current_pca,frozen-pca,6,accurate_prefix_2,accurate_prefix_2,accurate_prefix_2,matched_intermediate_family_and_bytes,exact_best_rank,lower,128,3.15625,1.0703125,2.0859375,favors_pca,true
identity,current_pca,frozen-pca,7,accurate_prefix_2,accurate_prefix_2,accurate_prefix_2,matched_intermediate_family_and_bytes,exact_best_rank,lower,128,3.328125,1.0859375,2.2421875,favors_pca,true
identity,current_pca,frozen-pca,8,accurate_prefix_2,accurate_prefix_2,accurate_prefix_2,matched_intermediate_family_and_bytes,exact_best_rank,lower,128,3.421875,1.078125,2.34375,favors_pca,true
identity,current_pca,frozen-pca,9,accurate_prefix_2,accurate_prefix_2,accurate_prefix_2,matched_intermediate_family_and_bytes,exact_best_rank,lower,128,3.171875,1.0703125,2.1015625,favors_pca,true
identity,current_pca,frozen-pca,-1,accurate_prefix_3,accurate_prefix_3,accurate_prefix_3,matched_intermediate_family_and_bytes,mean_per_query_candidate_rmse,lower,128,0.265210650998,0.00488378357943,0.260326867419,favors_pca,true
identity,current_pca,frozen-pca,-1,accurate_prefix_3,accurate_prefix_3,accurate_prefix_3,matched_intermediate_family_and_bytes,pooled_candidate_rmse,lower,128,0.26634795735,0.00557274079267,0.260775216557,favors_pca,true
identity,current_pca,frozen-pca,-1,accurate_prefix_3,accurate_prefix_3,accurate_prefix_3,matched_intermediate_family_and_bytes,candidate_mae,lower,128,0.24893218716,0.00423853770025,0.24469364946,favors_pca,true
identity,current_pca,frozen-pca,-1,accurate_prefix_3,accurate_prefix_3,accurate_prefix_3,matched_intermediate_family_and_bytes,topk_agreement,higher,128,0.7815625,0.99234375,-0.21078125,favors_pca,true
identity,current_pca,frozen-pca,-1,accurate_prefix_3,accurate_prefix_3,accurate_prefix_3,matched_intermediate_family_and_bytes,boundary_inversion_rate,lower,128,0.00698514056171,7.58636330213e-06,0.00697755419841,favors_pca,true
identity,current_pca,frozen-pca,-1,accurate_prefix_3,accurate_prefix_3,accurate_prefix_3,matched_intermediate_family_and_bytes,exact_best_rank,lower,128,3.9296875,1.0234375,2.90625,favors_pca,true
identity,current_pca,frozen-pca,0,accurate_prefix_3,accurate_prefix_3,accurate_prefix_3,matched_intermediate_family_and_bytes,mean_per_query_candidate_rmse,lower,128,0.259457933469,0.00472995046428,0.254727983004,favors_pca,true
identity,current_pca,frozen-pca,1,accurate_prefix_3,accurate_prefix_3,accurate_prefix_3,matched_intermediate_family_and_bytes,mean_per_query_candidate_rmse,lower,128,0.259536551116,0.00473330705085,0.254803244065,favors_pca,true
identity,current_pca,frozen-pca,2,accurate_prefix_3,accurate_prefix_3,accurate_prefix_3,matched_intermediate_family_and_bytes,mean_per_query_candidate_rmse,lower,128,0.259545947913,0.00473319563485,0.254812752278,favors_pca,true
identity,current_pca,frozen-pca,3,accurate_prefix_3,accurate_prefix_3,accurate_prefix_3,matched_intermediate_family_and_bytes,mean_per_query_candidate_rmse,lower,128,0.259551063839,0.00473847557427,0.254812588265,favors_pca,true
identity,current_pca,frozen-pca,4,accurate_prefix_3,accurate_prefix_3,accurate_prefix_3,matched_intermediate_family_and_bytes,mean_per_query_candidate_rmse,lower,128,0.259520434876,0.00474094175475,0.254779493121,favors_pca,true
identity,current_pca,frozen-pca,5,accurate_prefix_3,accurate_prefix_3,accurate_prefix_3,matched_intermediate_family_and_bytes,mean_per_query_candidate_rmse,lower,128,0.259590418125,0.00473484030426,0.254855577821,favors_pca,true
identity,current_pca,frozen-pca,6,accurate_prefix_3,accurate_prefix_3,accurate_prefix_3,matched_intermediate_family_and_bytes,mean_per_query_candidate_rmse,lower,128,0.259528813126,0.00474245218847,0.254786360937,favors_pca,true
identity,current_pca,frozen-pca,7,accurate_prefix_3,accurate_prefix_3,accurate_prefix_3,matched_intermediate_family_and_bytes,mean_per_query_candidate_rmse,lower,128,0.259553475895,0.00473187272745,0.254821603167,favors_pca,true
identity,current_pca,frozen-pca,8,accurate_prefix_3,accurate_prefix_3,accurate_prefix_3,matched_intermediate_family_and_bytes,mean_per_query_candidate_rmse,lower,128,0.259665325152,0.00474419396802,0.254921131184,favors_pca,true
identity,current_pca,frozen-pca,9,accurate_prefix_3,accurate_prefix_3,accurate_prefix_3,matched_intermediate_family_and_bytes,mean_per_query_candidate_rmse,lower,128,0.259592016101,0.00472905819277,0.254862957908,favors_pca,true
identity,current_pca,frozen-pca,0,accurate_prefix_3,accurate_prefix_3,accurate_prefix_3,matched_intermediate_family_and_bytes,pooled_candidate_rmse,lower,128,0.262033323799,0.00543015963452,0.256603164165,favors_pca,true
identity,current_pca,frozen-pca,1,accurate_prefix_3,accurate_prefix_3,accurate_prefix_3,matched_intermediate_family_and_bytes,pooled_candidate_rmse,lower,128,0.262088678133,0.00544013077991,0.256648547353,favors_pca,true
identity,current_pca,frozen-pca,2,accurate_prefix_3,accurate_prefix_3,accurate_prefix_3,matched_intermediate_family_and_bytes,pooled_candidate_rmse,lower,128,0.262113772165,0.0054350439619,0.256678728203,favors_pca,true
identity,current_pca,frozen-pca,3,accurate_prefix_3,accurate_prefix_3,accurate_prefix_3,matched_intermediate_family_and_bytes,pooled_candidate_rmse,lower,128,0.262146213885,0.0054437468964,0.256702466989,favors_pca,true
identity,current_pca,frozen-pca,4,accurate_prefix_3,accurate_prefix_3,accurate_prefix_3,matched_intermediate_family_and_bytes,pooled_candidate_rmse,lower,128,0.26210295378,0.00545319723469,0.256649756546,favors_pca,true
identity,current_pca,frozen-pca,5,accurate_prefix_3,accurate_prefix_3,accurate_prefix_3,matched_intermediate_family_and_bytes,pooled_candidate_rmse,lower,128,0.262162584279,0.00543666712843,0.25672591715,favors_pca,true
identity,current_pca,frozen-pca,6,accurate_prefix_3,accurate_prefix_3,accurate_prefix_3,matched_intermediate_family_and_bytes,pooled_candidate_rmse,lower,128,0.262103021295,0.00545493299417,0.256648088301,favors_pca,true
identity,current_pca,frozen-pca,7,accurate_prefix_3,accurate_prefix_3,accurate_prefix_3,matched_intermediate_family_and_bytes,pooled_candidate_rmse,lower,128,0.262108095727,0.00543380062332,0.256674295103,favors_pca,true
identity,current_pca,frozen-pca,8,accurate_prefix_3,accurate_prefix_3,accurate_prefix_3,matched_intermediate_family_and_bytes,pooled_candidate_rmse,lower,128,0.262282459976,0.00545449341593,0.256827966561,favors_pca,true
identity,current_pca,frozen-pca,9,accurate_prefix_3,accurate_prefix_3,accurate_prefix_3,matched_intermediate_family_and_bytes,pooled_candidate_rmse,lower,128,0.262145409248,0.00543847590211,0.256706933346,favors_pca,true
identity,current_pca,frozen-pca,0,accurate_prefix_3,accurate_prefix_3,accurate_prefix_3,matched_intermediate_family_and_bytes,candidate_mae,lower,128,0.24757066459,0.00416715498058,0.243403509609,favors_pca,true
identity,current_pca,frozen-pca,1,accurate_prefix_3,accurate_prefix_3,accurate_prefix_3,matched_intermediate_family_and_bytes,candidate_mae,lower,128,0.24758154239,0.00417294735401,0.243408595036,favors_pca,true
identity,current_pca,frozen-pca,2,accurate_prefix_3,accurate_prefix_3,accurate_prefix_3,matched_intermediate_family_and_bytes,candidate_mae,lower,128,0.24761323473,0.00417055552044,0.243442679209,favors_pca,true
identity,current_pca,frozen-pca,3,accurate_prefix_3,accurate_prefix_3,accurate_prefix_3,matched_intermediate_family_and_bytes,candidate_mae,lower,128,0.247559698637,0.00417750048603,0.243382198151,favors_pca,true
identity,current_pca,frozen-pca,4,accurate_prefix_3,accurate_prefix_3,accurate_prefix_3,matched_intermediate_family_and_bytes,candidate_mae,lower,128,0.247568923484,0.00417832469477,0.243390598789,favors_pca,true
identity,current_pca,frozen-pca,5,accurate_prefix_3,accurate_prefix_3,accurate_prefix_3,matched_intermediate_family_and_bytes,candidate_mae,lower,128,0.24766112024,0.00417276607455,0.243488354165,favors_pca,true
identity,current_pca,frozen-pca,6,accurate_prefix_3,accurate_prefix_3,accurate_prefix_3,matched_intermediate_family_and_bytes,candidate_mae,lower,128,0.247580739441,0.00418003120628,0.243400708235,favors_pca,true
identity,current_pca,frozen-pca,7,accurate_prefix_3,accurate_prefix_3,accurate_prefix_3,matched_intermediate_family_and_bytes,candidate_mae,lower,128,0.247607396227,0.00417216629675,0.24343522993,favors_pca,true
identity,current_pca,frozen-pca,8,accurate_prefix_3,accurate_prefix_3,accurate_prefix_3,matched_intermediate_family_and_bytes,candidate_mae,lower,128,0.247724641252,0.00418188886629,0.243542752386,favors_pca,true
identity,current_pca,frozen-pca,9,accurate_prefix_3,accurate_prefix_3,accurate_prefix_3,matched_intermediate_family_and_bytes,candidate_mae,lower,128,0.247665043347,0.00416968544527,0.243495357902,favors_pca,true
identity,current_pca,frozen-pca,0,accurate_prefix_3,accurate_prefix_3,accurate_prefix_3,matched_intermediate_family_and_bytes,topk_agreement,higher,128,0.805546875,0.993828125,-0.18828125,favors_pca,true
identity,current_pca,frozen-pca,1,accurate_prefix_3,accurate_prefix_3,accurate_prefix_3,matched_intermediate_family_and_bytes,topk_agreement,higher,128,0.805390625,0.992734375,-0.18734375,favors_pca,true
identity,current_pca,frozen-pca,2,accurate_prefix_3,accurate_prefix_3,accurate_prefix_3,matched_intermediate_family_and_bytes,topk_agreement,higher,128,0.805390625,0.992265625,-0.186875,favors_pca,true
identity,current_pca,frozen-pca,3,accurate_prefix_3,accurate_prefix_3,accurate_prefix_3,matched_intermediate_family_and_bytes,topk_agreement,higher,128,0.8046875,0.99328125,-0.18859375,favors_pca,true
identity,current_pca,frozen-pca,4,accurate_prefix_3,accurate_prefix_3,accurate_prefix_3,matched_intermediate_family_and_bytes,topk_agreement,higher,128,0.80453125,0.992734375,-0.188203125,favors_pca,true
identity,current_pca,frozen-pca,5,accurate_prefix_3,accurate_prefix_3,accurate_prefix_3,matched_intermediate_family_and_bytes,topk_agreement,higher,128,0.807109375,0.993828125,-0.18671875,favors_pca,true
identity,current_pca,frozen-pca,6,accurate_prefix_3,accurate_prefix_3,accurate_prefix_3,matched_intermediate_family_and_bytes,topk_agreement,higher,128,0.806484375,0.9928125,-0.186328125,favors_pca,true
identity,current_pca,frozen-pca,7,accurate_prefix_3,accurate_prefix_3,accurate_prefix_3,matched_intermediate_family_and_bytes,topk_agreement,higher,128,0.80609375,0.992734375,-0.186640625,favors_pca,true
identity,current_pca,frozen-pca,8,accurate_prefix_3,accurate_prefix_3,accurate_prefix_3,matched_intermediate_family_and_bytes,topk_agreement,higher,128,0.805390625,0.993203125,-0.1878125,favors_pca,true
identity,current_pca,frozen-pca,9,accurate_prefix_3,accurate_prefix_3,accurate_prefix_3,matched_intermediate_family_and_bytes,topk_agreement,higher,128,0.806171875,0.99375,-0.187578125,favors_pca,true
identity,current_pca,frozen-pca,0,accurate_prefix_3,accurate_prefix_3,accurate_prefix_3,matched_intermediate_family_and_bytes,boundary_inversion_rate,lower,128,0.00538958470642,5.72020315998e-06,0.00538386450326,favors_pca,true
identity,current_pca,frozen-pca,1,accurate_prefix_3,accurate_prefix_3,accurate_prefix_3,matched_intermediate_family_and_bytes,boundary_inversion_rate,lower,128,0.00547401248327,7.29668006813e-06,0.0054667158032,favors_pca,true
identity,current_pca,frozen-pca,2,accurate_prefix_3,accurate_prefix_3,accurate_prefix_3,matched_intermediate_family_and_bytes,boundary_inversion_rate,lower,128,0.00535855144832,6.61357044389e-06,0.00535193787788,favors_pca,true
identity,current_pca,frozen-pca,3,accurate_prefix_3,accurate_prefix_3,accurate_prefix_3,matched_intermediate_family_and_bytes,boundary_inversion_rate,lower,128,0.0054340100844,6.26248515383e-06,0.00542774759925,favors_pca,true
identity,current_pca,frozen-pca,4,accurate_prefix_3,accurate_prefix_3,accurate_prefix_3,matched_intermediate_family_and_bytes,boundary_inversion_rate,lower,128,0.00552102639801,6.79062047252e-06,0.00551423577754,favors_pca,true
identity,current_pca,frozen-pca,5,accurate_prefix_3,accurate_prefix_3,accurate_prefix_3,matched_intermediate_family_and_bytes,boundary_inversion_rate,lower,128,0.00541442803745,5.64006970985e-06,0.00540878796774,favors_pca,true
identity,current_pca,frozen-pca,6,accurate_prefix_3,accurate_prefix_3,accurate_prefix_3,matched_intermediate_family_and_bytes,boundary_inversion_rate,lower,128,0.00535078816118,6.38434326972e-06,0.00534440381791,favors_pca,true
identity,current_pca,frozen-pca,7,accurate_prefix_3,accurate_prefix_3,accurate_prefix_3,matched_intermediate_family_and_bytes,boundary_inversion_rate,lower,128,0.00541780395487,7.08263278189e-06,0.00541072132209,favors_pca,true
identity,current_pca,frozen-pca,8,accurate_prefix_3,accurate_prefix_3,accurate_prefix_3,matched_intermediate_family_and_bytes,boundary_inversion_rate,lower,128,0.00549938489478,6.61360746377e-06,0.00549277128732,favors_pca,true
identity,current_pca,frozen-pca,9,accurate_prefix_3,accurate_prefix_3,accurate_prefix_3,matched_intermediate_family_and_bytes,boundary_inversion_rate,lower,128,0.00543881434893,5.41989955791e-06,0.00543339444938,favors_pca,true
identity,current_pca,frozen-pca,0,accurate_prefix_3,accurate_prefix_3,accurate_prefix_3,matched_intermediate_family_and_bytes,exact_best_rank,lower,128,3.125,1.0078125,2.1171875,favors_pca,true
identity,current_pca,frozen-pca,1,accurate_prefix_3,accurate_prefix_3,accurate_prefix_3,matched_intermediate_family_and_bytes,exact_best_rank,lower,128,3.0234375,1.0390625,1.984375,favors_pca,true
identity,current_pca,frozen-pca,2,accurate_prefix_3,accurate_prefix_3,accurate_prefix_3,matched_intermediate_family_and_bytes,exact_best_rank,lower,128,2.8203125,1.015625,1.8046875,favors_pca,true
identity,current_pca,frozen-pca,3,accurate_prefix_3,accurate_prefix_3,accurate_prefix_3,matched_intermediate_family_and_bytes,exact_best_rank,lower,128,3.1328125,1.03125,2.1015625,favors_pca,true
identity,current_pca,frozen-pca,4,accurate_prefix_3,accurate_prefix_3,accurate_prefix_3,matched_intermediate_family_and_bytes,exact_best_rank,lower,128,3.1171875,1.0078125,2.109375,favors_pca,true
identity,current_pca,frozen-pca,5,accurate_prefix_3,accurate_prefix_3,accurate_prefix_3,matched_intermediate_family_and_bytes,exact_best_rank,lower,128,3.2578125,1.0234375,2.234375,favors_pca,true
identity,current_pca,frozen-pca,6,accurate_prefix_3,accurate_prefix_3,accurate_prefix_3,matched_intermediate_family_and_bytes,exact_best_rank,lower,128,3.1875,1.015625,2.171875,favors_pca,true
identity,current_pca,frozen-pca,7,accurate_prefix_3,accurate_prefix_3,accurate_prefix_3,matched_intermediate_family_and_bytes,exact_best_rank,lower,128,3.1796875,1.0625,2.1171875,favors_pca,true
identity,current_pca,frozen-pca,8,accurate_prefix_3,accurate_prefix_3,accurate_prefix_3,matched_intermediate_family_and_bytes,exact_best_rank,lower,128,3.140625,1.0078125,2.1328125,favors_pca,true
identity,current_pca,frozen-pca,9,accurate_prefix_3,accurate_prefix_3,accurate_prefix_3,matched_intermediate_family_and_bytes,exact_best_rank,lower,128,2.9296875,1.0234375,1.90625,favors_pca,true
identity,current_pca,frozen-pca,-1,accurate_prefix_4,accurate_prefix_4,accurate_prefix_4,matched_intermediate_family_and_bytes,mean_per_query_candidate_rmse,lower,128,0.204919142459,0.00269007878008,0.202229063679,favors_pca,true
identity,current_pca,frozen-pca,-1,accurate_prefix_4,accurate_prefix_4,accurate_prefix_4,matched_intermediate_family_and_bytes,pooled_candidate_rmse,lower,128,0.207227520403,0.00290753558569,0.204319984818,favors_pca,true
identity,current_pca,frozen-pca,-1,accurate_prefix_4,accurate_prefix_4,accurate_prefix_4,matched_intermediate_family_and_bytes,candidate_mae,lower,128,0.192141804852,0.00220287540445,0.189938929448,favors_pca,true
identity,current_pca,frozen-pca,-1,accurate_prefix_4,accurate_prefix_4,accurate_prefix_4,matched_intermediate_family_and_bytes,topk_agreement,higher,128,0.81078125,0.994296875,-0.183515625,favors_pca,true
identity,current_pca,frozen-pca,-1,accurate_prefix_4,accurate_prefix_4,accurate_prefix_4,matched_intermediate_family_and_bytes,boundary_inversion_rate,lower,128,0.00532299318466,4.15958540416e-06,0.00531883359925,favors_pca,true
identity,current_pca,frozen-pca,-1,accurate_prefix_4,accurate_prefix_4,accurate_prefix_4,matched_intermediate_family_and_bytes,exact_best_rank,lower,128,3.3125,1.015625,2.296875,favors_pca,true
identity,current_pca,frozen-pca,0,accurate_prefix_4,accurate_prefix_4,accurate_prefix_4,matched_intermediate_family_and_bytes,mean_per_query_candidate_rmse,lower,128,0.203299220989,0.00244211497055,0.200857106019,favors_pca,true
identity,current_pca,frozen-pca,1,accurate_prefix_4,accurate_prefix_4,accurate_prefix_4,matched_intermediate_family_and_bytes,mean_per_query_candidate_rmse,lower,128,0.203334128938,0.0024422674044,0.200891861534,favors_pca,true
identity,current_pca,frozen-pca,2,accurate_prefix_4,accurate_prefix_4,accurate_prefix_4,matched_intermediate_family_and_bytes,mean_per_query_candidate_rmse,lower,128,0.203316553267,0.0024438148867,0.20087273838,favors_pca,true
identity,current_pca,frozen-pca,3,accurate_prefix_4,accurate_prefix_4,accurate_prefix_4,matched_intermediate_family_and_bytes,mean_per_query_candidate_rmse,lower,128,0.203327878071,0.00244437268607,0.200883505385,favors_pca,true
identity,current_pca,frozen-pca,4,accurate_prefix_4,accurate_prefix_4,accurate_prefix_4,matched_intermediate_family_and_bytes,mean_per_query_candidate_rmse,lower,128,0.203268707062,0.0024478697263,0.200820837336,favors_pca,true
identity,current_pca,frozen-pca,5,accurate_prefix_4,accurate_prefix_4,accurate_prefix_4,matched_intermediate_family_and_bytes,mean_per_query_candidate_rmse,lower,128,0.203335119036,0.00244241410161,0.200892704934,favors_pca,true
identity,current_pca,frozen-pca,6,accurate_prefix_4,accurate_prefix_4,accurate_prefix_4,matched_intermediate_family_and_bytes,mean_per_query_candidate_rmse,lower,128,0.203296587257,0.00244496670502,0.200851620552,favors_pca,true
identity,current_pca,frozen-pca,7,accurate_prefix_4,accurate_prefix_4,accurate_prefix_4,matched_intermediate_family_and_bytes,mean_per_query_candidate_rmse,lower,128,0.203379322563,0.00244291550375,0.20093640706,favors_pca,true
identity,current_pca,frozen-pca,8,accurate_prefix_4,accurate_prefix_4,accurate_prefix_4,matched_intermediate_family_and_bytes,mean_per_query_candidate_rmse,lower,128,0.203383490075,0.00244849893488,0.20093499114,favors_pca,true
identity,current_pca,frozen-pca,9,accurate_prefix_4,accurate_prefix_4,accurate_prefix_4,matched_intermediate_family_and_bytes,mean_per_query_candidate_rmse,lower,128,0.203336271002,0.0024420571086,0.200894213894,favors_pca,true
identity,current_pca,frozen-pca,0,accurate_prefix_4,accurate_prefix_4,accurate_prefix_4,matched_intermediate_family_and_bytes,pooled_candidate_rmse,lower,128,0.205825200515,0.00266275484365,0.203162445672,favors_pca,true
identity,current_pca,frozen-pca,1,accurate_prefix_4,accurate_prefix_4,accurate_prefix_4,matched_intermediate_family_and_bytes,pooled_candidate_rmse,lower,128,0.20586510327,0.00266479669858,0.203200306571,favors_pca,true
identity,current_pca,frozen-pca,2,accurate_prefix_4,accurate_prefix_4,accurate_prefix_4,matched_intermediate_family_and_bytes,pooled_candidate_rmse,lower,128,0.205848389744,0.00266628166629,0.203182108078,favors_pca,true
identity,current_pca,frozen-pca,3,accurate_prefix_4,accurate_prefix_4,accurate_prefix_4,matched_intermediate_family_and_bytes,pooled_candidate_rmse,lower,128,0.20587815427,0.00266391315787,0.203214241112,favors_pca,true
identity,current_pca,frozen-pca,4,accurate_prefix_4,accurate_prefix_4,accurate_prefix_4,matched_intermediate_family_and_bytes,pooled_candidate_rmse,lower,128,0.205792570092,0.00267185296547,0.203120717126,favors_pca,true
identity,current_pca,frozen-pca,5,accurate_prefix_4,accurate_prefix_4,accurate_prefix_4,matched_intermediate_family_and_bytes,pooled_candidate_rmse,lower,128,0.205872599895,0.00266340175431,0.203209198141,favors_pca,true
identity,current_pca,frozen-pca,6,accurate_prefix_4,accurate_prefix_4,accurate_prefix_4,matched_intermediate_family_and_bytes,pooled_candidate_rmse,lower,128,0.20582590849,0.00266973465839,0.203156173832,favors_pca,true
identity,current_pca,frozen-pca,7,accurate_prefix_4,accurate_prefix_4,accurate_prefix_4,matched_intermediate_family_and_bytes,pooled_candidate_rmse,lower,128,0.205921690149,0.00266374514755,0.203257945002,favors_pca,true
identity,current_pca,frozen-pca,8,accurate_prefix_4,accurate_prefix_4,accurate_prefix_4,matched_intermediate_family_and_bytes,pooled_candidate_rmse,lower,128,0.205931294395,0.00267168911949,0.203259605275,favors_pca,true
identity,current_pca,frozen-pca,9,accurate_prefix_4,accurate_prefix_4,accurate_prefix_4,matched_intermediate_family_and_bytes,pooled_candidate_rmse,lower,128,0.20586509397,0.00266605429537,0.203199039675,favors_pca,true
identity,current_pca,frozen-pca,0,accurate_prefix_4,accurate_prefix_4,accurate_prefix_4,matched_intermediate_family_and_bytes,candidate_mae,lower,128,0.191148190966,0.00203418968944,0.189114001277,favors_pca,true
identity,current_pca,frozen-pca,1,accurate_prefix_4,accurate_prefix_4,accurate_prefix_4,matched_intermediate_family_and_bytes,candidate_mae,lower,128,0.191161072804,0.00203479154771,0.189126281256,favors_pca,true
identity,current_pca,frozen-pca,2,accurate_prefix_4,accurate_prefix_4,accurate_prefix_4,matched_intermediate_family_and_bytes,candidate_mae,lower,128,0.191145573251,0.00203502153411,0.189110551717,favors_pca,true
identity,current_pca,frozen-pca,3,accurate_prefix_4,accurate_prefix_4,accurate_prefix_4,matched_intermediate_family_and_bytes,candidate_mae,lower,128,0.191144880743,0.00203623999912,0.189108640744,favors_pca,true
identity,current_pca,frozen-pca,4,accurate_prefix_4,accurate_prefix_4,accurate_prefix_4,matched_intermediate_family_and_bytes,candidate_mae,lower,128,0.191099395388,0.00203885358553,0.189060541803,favors_pca,true
identity,current_pca,frozen-pca,5,accurate_prefix_4,accurate_prefix_4,accurate_prefix_4,matched_intermediate_family_and_bytes,candidate_mae,lower,128,0.191178116401,0.00203365243936,0.189144463962,favors_pca,true
identity,current_pca,frozen-pca,6,accurate_prefix_4,accurate_prefix_4,accurate_prefix_4,matched_intermediate_family_and_bytes,candidate_mae,lower,128,0.191125089434,0.00203669075431,0.189088398679,favors_pca,true
identity,current_pca,frozen-pca,7,accurate_prefix_4,accurate_prefix_4,accurate_prefix_4,matched_intermediate_family_and_bytes,candidate_mae,lower,128,0.191207149855,0.00203512987674,0.189172019978,favors_pca,true
identity,current_pca,frozen-pca,8,accurate_prefix_4,accurate_prefix_4,accurate_prefix_4,matched_intermediate_family_and_bytes,candidate_mae,lower,128,0.191205905731,0.00203999416825,0.189165911563,favors_pca,true
identity,current_pca,frozen-pca,9,accurate_prefix_4,accurate_prefix_4,accurate_prefix_4,matched_intermediate_family_and_bytes,candidate_mae,lower,128,0.19117258977,0.00203442485293,0.189138164918,favors_pca,true
identity,current_pca,frozen-pca,0,accurate_prefix_4,accurate_prefix_4,accurate_prefix_4,matched_intermediate_family_and_bytes,topk_agreement,higher,128,0.81734375,0.994609375,-0.177265625,favors_pca,true
identity,current_pca,frozen-pca,1,accurate_prefix_4,accurate_prefix_4,accurate_prefix_4,matched_intermediate_family_and_bytes,topk_agreement,higher,128,0.817265625,0.9940625,-0.176796875,favors_pca,true
identity,current_pca,frozen-pca,2,accurate_prefix_4,accurate_prefix_4,accurate_prefix_4,matched_intermediate_family_and_bytes,topk_agreement,higher,128,0.81828125,0.994375,-0.17609375,favors_pca,true
identity,current_pca,frozen-pca,3,accurate_prefix_4,accurate_prefix_4,accurate_prefix_4,matched_intermediate_family_and_bytes,topk_agreement,higher,128,0.815078125,0.99515625,-0.180078125,favors_pca,true
identity,current_pca,frozen-pca,4,accurate_prefix_4,accurate_prefix_4,accurate_prefix_4,matched_intermediate_family_and_bytes,topk_agreement,higher,128,0.816171875,0.99421875,-0.178046875,favors_pca,true
identity,current_pca,frozen-pca,5,accurate_prefix_4,accurate_prefix_4,accurate_prefix_4,matched_intermediate_family_and_bytes,topk_agreement,higher,128,0.817734375,0.995625,-0.177890625,favors_pca,true
identity,current_pca,frozen-pca,6,accurate_prefix_4,accurate_prefix_4,accurate_prefix_4,matched_intermediate_family_and_bytes,topk_agreement,higher,128,0.8184375,0.994296875,-0.175859375,favors_pca,true
identity,current_pca,frozen-pca,7,accurate_prefix_4,accurate_prefix_4,accurate_prefix_4,matched_intermediate_family_and_bytes,topk_agreement,higher,128,0.818125,0.994765625,-0.176640625,favors_pca,true
identity,current_pca,frozen-pca,8,accurate_prefix_4,accurate_prefix_4,accurate_prefix_4,matched_intermediate_family_and_bytes,topk_agreement,higher,128,0.8159375,0.994453125,-0.178515625,favors_pca,true
identity,current_pca,frozen-pca,9,accurate_prefix_4,accurate_prefix_4,accurate_prefix_4,matched_intermediate_family_and_bytes,topk_agreement,higher,128,0.81984375,0.994453125,-0.174609375,favors_pca,true
identity,current_pca,frozen-pca,0,accurate_prefix_4,accurate_prefix_4,accurate_prefix_4,matched_intermediate_family_and_bytes,boundary_inversion_rate,lower,128,0.00509413319393,4.05424584845e-06,0.00509007894809,favors_pca,true
identity,current_pca,frozen-pca,1,accurate_prefix_4,accurate_prefix_4,accurate_prefix_4,matched_intermediate_family_and_bytes,boundary_inversion_rate,lower,128,0.00508715744835,4.67398093214e-06,0.00508248346741,favors_pca,true
identity,current_pca,frozen-pca,2,accurate_prefix_4,accurate_prefix_4,accurate_prefix_4,matched_intermediate_family_and_bytes,boundary_inversion_rate,lower,128,0.00509366659042,3.76384127674e-06,0.00508990274914,favors_pca,true
identity,current_pca,frozen-pca,3,accurate_prefix_4,accurate_prefix_4,accurate_prefix_4,matched_intermediate_family_and_bytes,boundary_inversion_rate,lower,128,0.00513166288397,3.92528506575e-06,0.00512773759891,favors_pca,true
identity,current_pca,frozen-pca,4,accurate_prefix_4,accurate_prefix_4,accurate_prefix_4,matched_intermediate_family_and_bytes,boundary_inversion_rate,lower,128,0.00508885626738,4.35498374312e-06,0.00508450128364,favors_pca,true
identity,current_pca,frozen-pca,5,accurate_prefix_4,accurate_prefix_4,accurate_prefix_4,matched_intermediate_family_and_bytes,boundary_inversion_rate,lower,128,0.00508996888737,3.5133151395e-06,0.00508645557223,favors_pca,true
identity,current_pca,frozen-pca,6,accurate_prefix_4,accurate_prefix_4,accurate_prefix_4,matched_intermediate_family_and_bytes,boundary_inversion_rate,lower,128,0.005071159751,4.34336004598e-06,0.00506681639095,favors_pca,true
identity,current_pca,frozen-pca,7,accurate_prefix_4,accurate_prefix_4,accurate_prefix_4,matched_intermediate_family_and_bytes,boundary_inversion_rate,lower,128,0.00508921690429,4.45411390077e-06,0.00508476279039,favors_pca,true
identity,current_pca,frozen-pca,8,accurate_prefix_4,accurate_prefix_4,accurate_prefix_4,matched_intermediate_family_and_bytes,boundary_inversion_rate,lower,128,0.00515192816694,4.44326752219e-06,0.00514748489942,favors_pca,true
identity,current_pca,frozen-pca,9,accurate_prefix_4,accurate_prefix_4,accurate_prefix_4,matched_intermediate_family_and_bytes,boundary_inversion_rate,lower,128,0.00508527274487,3.4413205774e-06,0.0050818314243,favors_pca,true
identity,current_pca,frozen-pca,0,accurate_prefix_4,accurate_prefix_4,accurate_prefix_4,matched_intermediate_family_and_bytes,exact_best_rank,lower,128,2.9921875,1.0078125,1.984375,favors_pca,true
identity,current_pca,frozen-pca,1,accurate_prefix_4,accurate_prefix_4,accurate_prefix_4,matched_intermediate_family_and_bytes,exact_best_rank,lower,128,3.0703125,1.0234375,2.046875,favors_pca,true
identity,current_pca,frozen-pca,2,accurate_prefix_4,accurate_prefix_4,accurate_prefix_4,matched_intermediate_family_and_bytes,exact_best_rank,lower,128,2.9453125,1.015625,1.9296875,favors_pca,true
identity,current_pca,frozen-pca,3,accurate_prefix_4,accurate_prefix_4,accurate_prefix_4,matched_intermediate_family_and_bytes,exact_best_rank,lower,128,3.1484375,1.015625,2.1328125,favors_pca,true
identity,current_pca,frozen-pca,4,accurate_prefix_4,accurate_prefix_4,accurate_prefix_4,matched_intermediate_family_and_bytes,exact_best_rank,lower,128,3.0703125,1.0078125,2.0625,favors_pca,true
identity,current_pca,frozen-pca,5,accurate_prefix_4,accurate_prefix_4,accurate_prefix_4,matched_intermediate_family_and_bytes,exact_best_rank,lower,128,3.109375,1,2.109375,favors_pca,true
identity,current_pca,frozen-pca,6,accurate_prefix_4,accurate_prefix_4,accurate_prefix_4,matched_intermediate_family_and_bytes,exact_best_rank,lower,128,3.2265625,1.0078125,2.21875,favors_pca,true
identity,current_pca,frozen-pca,7,accurate_prefix_4,accurate_prefix_4,accurate_prefix_4,matched_intermediate_family_and_bytes,exact_best_rank,lower,128,3.1015625,1.03125,2.0703125,favors_pca,true
identity,current_pca,frozen-pca,8,accurate_prefix_4,accurate_prefix_4,accurate_prefix_4,matched_intermediate_family_and_bytes,exact_best_rank,lower,128,3.140625,1,2.140625,favors_pca,true
identity,current_pca,frozen-pca,9,accurate_prefix_4,accurate_prefix_4,accurate_prefix_4,matched_intermediate_family_and_bytes,exact_best_rank,lower,128,3.1640625,1.0078125,2.15625,favors_pca,true
identity,current_pca,frozen-pca,-1,full,full,full,common_endpoint,mean_per_query_candidate_rmse,lower,128,0.069697301628,0.0020083822172,0.0676889194108,favors_pca,true
identity,current_pca,frozen-pca,-1,full,full,full,common_endpoint,pooled_candidate_rmse,lower,128,0.0714567858481,0.00216407267195,0.0692927131762,favors_pca,true
identity,current_pca,frozen-pca,-1,full,full,full,common_endpoint,candidate_mae,lower,128,0.0524574458622,0.00156023058121,0.050897215281,favors_pca,true
identity,current_pca,frozen-pca,-1,full,full,full,common_endpoint,topk_agreement,higher,128,0.811328125,0.994296875,-0.18296875,favors_pca,true
identity,current_pca,frozen-pca,-1,full,full,full,common_endpoint,boundary_inversion_rate,lower,128,0.00538482131664,4.15158251342e-06,0.00538066973412,favors_pca,true
identity,current_pca,frozen-pca,-1,full,full,full,common_endpoint,exact_best_rank,lower,128,3.3125,1.015625,2.296875,favors_pca,true
identity,current_pca,frozen-pca,0,full,full,full,common_endpoint,mean_per_query_candidate_rmse,lower,128,0.0675751244178,0.00168236720952,0.0658927572083,favors_pca,true
identity,current_pca,frozen-pca,1,full,full,full,common_endpoint,mean_per_query_candidate_rmse,lower,128,0.067663883155,0.00167930590519,0.0659845772498,favors_pca,true
identity,current_pca,frozen-pca,2,full,full,full,common_endpoint,mean_per_query_candidate_rmse,lower,128,0.0676214870996,0.00168400632866,0.065937480771,favors_pca,true
identity,current_pca,frozen-pca,3,full,full,full,common_endpoint,mean_per_query_candidate_rmse,lower,128,0.0677057776863,0.00167933435596,0.0660264433304,favors_pca,true
identity,current_pca,frozen-pca,4,full,full,full,common_endpoint,mean_per_query_candidate_rmse,lower,128,0.067634362716,0.00168471465923,0.0659496480568,favors_pca,true
identity,current_pca,frozen-pca,5,full,full,full,common_endpoint,mean_per_query_candidate_rmse,lower,128,0.0676278588191,0.0016801213046,0.0659477375145,favors_pca,true
identity,current_pca,frozen-pca,6,full,full,full,common_endpoint,mean_per_query_candidate_rmse,lower,128,0.067645867447,0.00167954922156,0.0659663182254,favors_pca,true
identity,current_pca,frozen-pca,7,full,full,full,common_endpoint,mean_per_query_candidate_rmse,lower,128,0.0676872281993,0.00167743477012,0.0660097934292,favors_pca,true
identity,current_pca,frozen-pca,8,full,full,full,common_endpoint,mean_per_query_candidate_rmse,lower,128,0.0676522281769,0.00168227518321,0.0659699529937,favors_pca,true
identity,current_pca,frozen-pca,9,full,full,full,common_endpoint,mean_per_query_candidate_rmse,lower,128,0.0676371574652,0.00167964673165,0.0659575107336,favors_pca,true
identity,current_pca,frozen-pca,0,full,full,full,common_endpoint,pooled_candidate_rmse,lower,128,0.0693519250493,0.00183249958282,0.0675194254665,favors_pca,true
identity,current_pca,frozen-pca,1,full,full,full,common_endpoint,pooled_candidate_rmse,lower,128,0.0694485200766,0.00183065470791,0.0676178653687,favors_pca,true
identity,current_pca,frozen-pca,2,full,full,full,common_endpoint,pooled_candidate_rmse,lower,128,0.069387269339,0.00183602177274,0.0675512475663,favors_pca,true
identity,current_pca,frozen-pca,3,full,full,full,common_endpoint,pooled_candidate_rmse,lower,128,0.0694896198731,0.00182814147249,0.0676614784006,favors_pca,true
identity,current_pca,frozen-pca,4,full,full,full,common_endpoint,pooled_candidate_rmse,lower,128,0.069417609808,0.00183631541026,0.0675812943978,favors_pca,true
identity,current_pca,frozen-pca,5,full,full,full,common_endpoint,pooled_candidate_rmse,lower,128,0.0693881835204,0.00182871234365,0.0675594711767,favors_pca,true
identity,current_pca,frozen-pca,6,full,full,full,common_endpoint,pooled_candidate_rmse,lower,128,0.0694285948507,0.00183130131386,0.0675972935369,favors_pca,true
identity,current_pca,frozen-pca,7,full,full,full,common_endpoint,pooled_candidate_rmse,lower,128,0.0694638939564,0.0018281419111,0.0676357520453,favors_pca,true
identity,current_pca,frozen-pca,8,full,full,full,common_endpoint,pooled_candidate_rmse,lower,128,0.0694482599507,0.00183285952627,0.0676154004245,favors_pca,true
identity,current_pca,frozen-pca,9,full,full,full,common_endpoint,pooled_candidate_rmse,lower,128,0.069412061955,0.00183239344865,0.0675796685063,favors_pca,true
identity,current_pca,frozen-pca,0,full,full,full,common_endpoint,candidate_mae,lower,128,0.051039746411,0.00130683640922,0.0497329100018,favors_pca,true
identity,current_pca,frozen-pca,1,full,full,full,common_endpoint,candidate_mae,lower,128,0.0511498299933,0.0013040441677,0.0498457858256,favors_pca,true
identity,current_pca,frozen-pca,2,full,full,full,common_endpoint,candidate_mae,lower,128,0.05110462784,0.00130747509357,0.0497971527464,favors_pca,true
identity,current_pca,frozen-pca,3,full,full,full,common_endpoint,candidate_mae,lower,128,0.0511476529772,0.00130411957543,0.0498435334018,favors_pca,true
identity,current_pca,frozen-pca,4,full,full,full,common_endpoint,candidate_mae,lower,128,0.0510913515138,0.0013080513056,0.0497833002082,favors_pca,true
identity,current_pca,frozen-pca,5,full,full,full,common_endpoint,candidate_mae,lower,128,0.0511116494838,0.00130527082511,0.0498063786586,favors_pca,true
identity,current_pca,frozen-pca,6,full,full,full,common_endpoint,candidate_mae,lower,128,0.051128114414,0.00130427124599,0.049823843168,favors_pca,true
identity,current_pca,frozen-pca,7,full,full,full,common_endpoint,candidate_mae,lower,128,0.051157542166,0.00130499981273,0.0498525423533,favors_pca,true
identity,current_pca,frozen-pca,8,full,full,full,common_endpoint,candidate_mae,lower,128,0.0511337817548,0.00130620664457,0.0498275751103,favors_pca,true
identity,current_pca,frozen-pca,9,full,full,full,common_endpoint,candidate_mae,lower,128,0.0510918733684,0.00130488843246,0.0497869849359,favors_pca,true
identity,current_pca,frozen-pca,0,full,full,full,common_endpoint,topk_agreement,higher,128,0.816953125,0.99453125,-0.177578125,favors_pca,true
identity,current_pca,frozen-pca,1,full,full,full,common_endpoint,topk_agreement,higher,128,0.816484375,0.9940625,-0.177578125,favors_pca,true
identity,current_pca,frozen-pca,2,full,full,full,common_endpoint,topk_agreement,higher,128,0.818125,0.994453125,-0.176328125,favors_pca,true
identity,current_pca,frozen-pca,3,full,full,full,common_endpoint,topk_agreement,higher,128,0.814375,0.995078125,-0.180703125,favors_pca,true
identity,current_pca,frozen-pca,4,full,full,full,common_endpoint,topk_agreement,higher,128,0.814609375,0.994140625,-0.17953125,favors_pca,true
identity,current_pca,frozen-pca,5,full,full,full,common_endpoint,topk_agreement,higher,128,0.817578125,0.995625,-0.178046875,favors_pca,true
identity,current_pca,frozen-pca,6,full,full,full,common_endpoint,topk_agreement,higher,128,0.818671875,0.994296875,-0.175625,favors_pca,true
identity,current_pca,frozen-pca,7,full,full,full,common_endpoint,topk_agreement,higher,128,0.817890625,0.99484375,-0.176953125,favors_pca,true
identity,current_pca,frozen-pca,8,full,full,full,common_endpoint,topk_agreement,higher,128,0.815078125,0.994453125,-0.179375,favors_pca,true
identity,current_pca,frozen-pca,9,full,full,full,common_endpoint,topk_agreement,higher,128,0.818515625,0.9946875,-0.176171875,favors_pca,true
identity,current_pca,frozen-pca,0,full,full,full,common_endpoint,boundary_inversion_rate,lower,128,0.00517814954946,4.05613163891e-06,0.00517409341782,favors_pca,true
identity,current_pca,frozen-pca,1,full,full,full,common_endpoint,boundary_inversion_rate,lower,128,0.00517903617323,4.67970124623e-06,0.00517435647198,favors_pca,true
identity,current_pca,frozen-pca,2,full,full,full,common_endpoint,boundary_inversion_rate,lower,128,0.00517678786748,3.68082250264e-06,0.00517310704498,favors_pca,true
identity,current_pca,frozen-pca,3,full,full,full,common_endpoint,boundary_inversion_rate,lower,128,0.00522068145354,3.94345560148e-06,0.00521673799793,favors_pca,true
identity,current_pca,frozen-pca,4,full,full,full,common_endpoint,boundary_inversion_rate,lower,128,0.00518058766491,4.37602283955e-06,0.00517621164207,favors_pca,true
identity,current_pca,frozen-pca,5,full,full,full,common_endpoint,boundary_inversion_rate,lower,128,0.00518048572534,3.53275710973e-06,0.00517695296823,favors_pca,true
identity,current_pca,frozen-pca,6,full,full,full,common_endpoint,boundary_inversion_rate,lower,128,0.00516041617934,4.3822572932e-06,0.00515603392204,favors_pca,true
identity,current_pca,frozen-pca,7,full,full,full,common_endpoint,boundary_inversion_rate,lower,128,0.00518126999823,4.39630281862e-06,0.00517687369542,favors_pca,true
identity,current_pca,frozen-pca,8,full,full,full,common_endpoint,boundary_inversion_rate,lower,128,0.00524330227082,4.41832978755e-06,0.00523888394104,favors_pca,true
identity,current_pca,frozen-pca,9,full,full,full,common_endpoint,boundary_inversion_rate,lower,128,0.00517315197274,3.40292867537e-06,0.00516974904406,favors_pca,true
identity,current_pca,frozen-pca,0,full,full,full,common_endpoint,exact_best_rank,lower,128,3.0390625,1.0078125,2.03125,favors_pca,true
identity,current_pca,frozen-pca,1,full,full,full,common_endpoint,exact_best_rank,lower,128,3.1015625,1.0234375,2.078125,favors_pca,true
identity,current_pca,frozen-pca,2,full,full,full,common_endpoint,exact_best_rank,lower,128,2.96875,1.015625,1.953125,favors_pca,true
identity,current_pca,frozen-pca,3,full,full,full,common_endpoint,exact_best_rank,lower,128,3.203125,1.015625,2.1875,favors_pca,true
identity,current_pca,frozen-pca,4,full,full,full,common_endpoint,exact_best_rank,lower,128,3.125,1.0078125,2.1171875,favors_pca,true
identity,current_pca,frozen-pca,5,full,full,full,common_endpoint,exact_best_rank,lower,128,3.1953125,1,2.1953125,favors_pca,true
identity,current_pca,frozen-pca,6,full,full,full,common_endpoint,exact_best_rank,lower,128,3.25,1.0078125,2.2421875,favors_pca,true
identity,current_pca,frozen-pca,7,full,full,full,common_endpoint,exact_best_rank,lower,128,3.125,1.03125,2.09375,favors_pca,true
identity,current_pca,frozen-pca,8,full,full,full,common_endpoint,exact_best_rank,lower,128,3.1640625,1,2.1640625,favors_pca,true
identity,current_pca,frozen-pca,9,full,full,full,common_endpoint,exact_best_rank,lower,128,3.1875,1.0078125,2.1796875,favors_pca,true
identity,current_pca,uniform,-1,vars_conservative_lower_bound_all,vars_conservative_lower_bound_all,vars_conservative_lower_bound_all,common_endpoint,mean_per_query_candidate_rmse,lower,128,0.592424943522,2.20363868302,-1.6112137395,favors_transform,true
identity,current_pca,uniform,-1,vars_conservative_lower_bound_all,vars_conservative_lower_bound_all,vars_conservative_lower_bound_all,common_endpoint,pooled_candidate_rmse,lower,128,0.585854850795,2.22850738419,-1.6426525334,favors_transform,true
identity,current_pca,uniform,-1,vars_conservative_lower_bound_all,vars_conservative_lower_bound_all,vars_conservative_lower_bound_all,common_endpoint,candidate_mae,lower,128,0.531693310209,2.166058715,-1.63436540479,favors_transform,true
identity,current_pca,uniform,-1,vars_conservative_lower_bound_all,vars_conservative_lower_bound_all,vars_conservative_lower_bound_all,common_endpoint,topk_agreement,higher,128,0.25015625,0.078125,0.17203125,favors_transform,true
identity,current_pca,uniform,-1,vars_conservative_lower_bound_all,vars_conservative_lower_bound_all,vars_conservative_lower_bound_all,common_endpoint,boundary_inversion_rate,lower,128,0.144625757377,0.0480350630758,0.0965906943014,favors_pca,true
identity,current_pca,uniform,-1,vars_conservative_lower_bound_all,vars_conservative_lower_bound_all,vars_conservative_lower_bound_all,common_endpoint,exact_best_rank,lower,128,508.578125,1159.2265625,-650.6484375,favors_transform,true
identity,current_pca,uniform,0,vars_conservative_lower_bound_all,vars_conservative_lower_bound_all,vars_conservative_lower_bound_all,common_endpoint,mean_per_query_candidate_rmse,lower,128,0.59242497363,2.20363867114,-1.61121369751,favors_transform,true
identity,current_pca,uniform,1,vars_conservative_lower_bound_all,vars_conservative_lower_bound_all,vars_conservative_lower_bound_all,common_endpoint,mean_per_query_candidate_rmse,lower,128,0.592424953098,2.20363868746,-1.61121373436,favors_transform,true
identity,current_pca,uniform,2,vars_conservative_lower_bound_all,vars_conservative_lower_bound_all,vars_conservative_lower_bound_all,common_endpoint,mean_per_query_candidate_rmse,lower,128,0.592424926567,2.20363866189,-1.61121373533,favors_transform,true
identity,current_pca,uniform,3,vars_conservative_lower_bound_all,vars_conservative_lower_bound_all,vars_conservative_lower_bound_all,common_endpoint,mean_per_query_candidate_rmse,lower,128,0.592424931723,2.20363867757,-1.61121374585,favors_transform,true
identity,current_pca,uniform,4,vars_conservative_lower_bound_all,vars_conservative_lower_bound_all,vars_conservative_lower_bound_all,common_endpoint,mean_per_query_candidate_rmse,lower,128,0.592424928028,2.20363865393,-1.6112137259,favors_transform,true
identity,current_pca,uniform,5,vars_conservative_lower_bound_all,vars_conservative_lower_bound_all,vars_conservative_lower_bound_all,common_endpoint,mean_per_query_candidate_rmse,lower,128,0.592424968649,2.20363868031,-1.61121371166,favors_transform,true
identity,current_pca,uniform,6,vars_conservative_lower_bound_all,vars_conservative_lower_bound_all,vars_conservative_lower_bound_all,common_endpoint,mean_per_query_candidate_rmse,lower,128,0.592424920088,2.20363866995,-1.61121374986,favors_transform,true
identity,current_pca,uniform,7,vars_conservative_lower_bound_all,vars_conservative_lower_bound_all,vars_conservative_lower_bound_all,common_endpoint,mean_per_query_candidate_rmse,lower,128,0.59242491191,2.20363865128,-1.61121373937,favors_transform,true
identity,current_pca,uniform,8,vars_conservative_lower_bound_all,vars_conservative_lower_bound_all,vars_conservative_lower_bound_all,common_endpoint,mean_per_query_candidate_rmse,lower,128,0.592424899795,2.20363865866,-1.61121375886,favors_transform,true
identity,current_pca,uniform,9,vars_conservative_lower_bound_all,vars_conservative_lower_bound_all,vars_conservative_lower_bound_all,common_endpoint,mean_per_query_candidate_rmse,lower,128,0.592424963028,2.20363868266,-1.61121371963,favors_transform,true
identity,current_pca,uniform,0,vars_conservative_lower_bound_all,vars_conservative_lower_bound_all,vars_conservative_lower_bound_all,common_endpoint,pooled_candidate_rmse,lower,128,0.58585488073,2.22850737383,-1.6426524931,favors_transform,true
identity,current_pca,uniform,1,vars_conservative_lower_bound_all,vars_conservative_lower_bound_all,vars_conservative_lower_bound_all,common_endpoint,pooled_candidate_rmse,lower,128,0.58585486117,2.22850739023,-1.64265252906,favors_transform,true
identity,current_pca,uniform,2,vars_conservative_lower_bound_all,vars_conservative_lower_bound_all,vars_conservative_lower_bound_all,common_endpoint,pooled_candidate_rmse,lower,128,0.585854834167,2.22850736535,-1.64265253119,favors_transform,true
identity,current_pca,uniform,3,vars_conservative_lower_bound_all,vars_conservative_lower_bound_all,vars_conservative_lower_bound_all,common_endpoint,pooled_candidate_rmse,lower,128,0.585854837666,2.22850737952,-1.64265254186,favors_transform,true
identity,current_pca,uniform,4,vars_conservative_lower_bound_all,vars_conservative_lower_bound_all,vars_conservative_lower_bound_all,common_endpoint,pooled_candidate_rmse,lower,128,0.585854835863,2.22850735798,-1.64265252212,favors_transform,true
identity,current_pca,uniform,5,vars_conservative_lower_bound_all,vars_conservative_lower_bound_all,vars_conservative_lower_bound_all,common_endpoint,pooled_candidate_rmse,lower,128,0.585854876423,2.22850738077,-1.64265250434,favors_transform,true
identity,current_pca,uniform,6,vars_conservative_lower_bound_all,vars_conservative_lower_bound_all,vars_conservative_lower_bound_all,common_endpoint,pooled_candidate_rmse,lower,128,0.58585482749,2.22850737229,-1.6426525448,favors_transform,true
identity,current_pca,uniform,7,vars_conservative_lower_bound_all,vars_conservative_lower_bound_all,vars_conservative_lower_bound_all,common_endpoint,pooled_candidate_rmse,lower,128,0.585854819243,2.22850735502,-1.64265253577,favors_transform,true
identity,current_pca,uniform,8,vars_conservative_lower_bound_all,vars_conservative_lower_bound_all,vars_conservative_lower_bound_all,common_endpoint,pooled_candidate_rmse,lower,128,0.585854806534,2.22850736222,-1.64265255569,favors_transform,true
identity,current_pca,uniform,9,vars_conservative_lower_bound_all,vars_conservative_lower_bound_all,vars_conservative_lower_bound_all,common_endpoint,pooled_candidate_rmse,lower,128,0.585854870875,2.22850738387,-1.642652513,favors_transform,true
identity,current_pca,uniform,0,vars_conservative_lower_bound_all,vars_conservative_lower_bound_all,vars_conservative_lower_bound_all,common_endpoint,candidate_mae,lower,128,0.531693341795,2.16605870339,-1.63436536159,favors_transform,true
identity,current_pca,uniform,1,vars_conservative_lower_bound_all,vars_conservative_lower_bound_all,vars_conservative_lower_bound_all,common_endpoint,candidate_mae,lower,128,0.531693319948,2.16605871925,-1.6343653993,favors_transform,true
identity,current_pca,uniform,2,vars_conservative_lower_bound_all,vars_conservative_lower_bound_all,vars_conservative_lower_bound_all,common_endpoint,candidate_mae,lower,128,0.531693292341,2.16605869408,-1.63436540174,favors_transform,true
identity,current_pca,uniform,3,vars_conservative_lower_bound_all,vars_conservative_lower_bound_all,vars_conservative_lower_bound_all,common_endpoint,candidate_mae,lower,128,0.531693297858,2.16605870934,-1.63436541148,favors_transform,true
identity,current_pca,uniform,4,vars_conservative_lower_bound_all,vars_conservative_lower_bound_all,vars_conservative_lower_bound_all,common_endpoint,candidate_mae,lower,128,0.53169329435,2.16605868635,-1.634365392,favors_transform,true
identity,current_pca,uniform,5,vars_conservative_lower_bound_all,vars_conservative_lower_bound_all,vars_conservative_lower_bound_all,common_endpoint,candidate_mae,lower,128,0.531693336546,2.16605871214,-1.63436537559,favors_transform,true
identity,current_pca,uniform,6,vars_conservative_lower_bound_all,vars_conservative_lower_bound_all,vars_conservative_lower_bound_all,common_endpoint,candidate_mae,lower,128,0.531693285754,2.16605870239,-1.63436541663,favors_transform,true
identity,current_pca,uniform,7,vars_conservative_lower_bound_all,vars_conservative_lower_bound_all,vars_conservative_lower_bound_all,common_endpoint,candidate_mae,lower,128,0.531693277547,2.16605868401,-1.63436540646,favors_transform,true
identity,current_pca,uniform,8,vars_conservative_lower_bound_all,vars_conservative_lower_bound_all,vars_conservative_lower_bound_all,common_endpoint,candidate_mae,lower,128,0.531693264647,2.16605869137,-1.63436542672,favors_transform,true
identity,current_pca,uniform,9,vars_conservative_lower_bound_all,vars_conservative_lower_bound_all,vars_conservative_lower_bound_all,common_endpoint,candidate_mae,lower,128,0.531693330721,2.16605871463,-1.63436538391,favors_transform,true
identity,current_pca,uniform,0,vars_conservative_lower_bound_all,vars_conservative_lower_bound_all,vars_conservative_lower_bound_all,common_endpoint,topk_agreement,higher,128,0.25015625,0.078125,0.17203125,favors_transform,true
identity,current_pca,uniform,1,vars_conservative_lower_bound_all,vars_conservative_lower_bound_all,vars_conservative_lower_bound_all,common_endpoint,topk_agreement,higher,128,0.25015625,0.078125,0.17203125,favors_transform,true
identity,current_pca,uniform,2,vars_conservative_lower_bound_all,vars_conservative_lower_bound_all,vars_conservative_lower_bound_all,common_endpoint,topk_agreement,higher,128,0.25015625,0.078125,0.17203125,favors_transform,true
identity,current_pca,uniform,3,vars_conservative_lower_bound_all,vars_conservative_lower_bound_all,vars_conservative_lower_bound_all,common_endpoint,topk_agreement,higher,128,0.25015625,0.078125,0.17203125,favors_transform,true
identity,current_pca,uniform,4,vars_conservative_lower_bound_all,vars_conservative_lower_bound_all,vars_conservative_lower_bound_all,common_endpoint,topk_agreement,higher,128,0.25015625,0.078125,0.17203125,favors_transform,true
identity,current_pca,uniform,5,vars_conservative_lower_bound_all,vars_conservative_lower_bound_all,vars_conservative_lower_bound_all,common_endpoint,topk_agreement,higher,128,0.25015625,0.078125,0.17203125,favors_transform,true
identity,current_pca,uniform,6,vars_conservative_lower_bound_all,vars_conservative_lower_bound_all,vars_conservative_lower_bound_all,common_endpoint,topk_agreement,higher,128,0.25015625,0.078125,0.17203125,favors_transform,true
identity,current_pca,uniform,7,vars_conservative_lower_bound_all,vars_conservative_lower_bound_all,vars_conservative_lower_bound_all,common_endpoint,topk_agreement,higher,128,0.25015625,0.078125,0.17203125,favors_transform,true
identity,current_pca,uniform,8,vars_conservative_lower_bound_all,vars_conservative_lower_bound_all,vars_conservative_lower_bound_all,common_endpoint,topk_agreement,higher,128,0.25015625,0.078125,0.17203125,favors_transform,true
identity,current_pca,uniform,9,vars_conservative_lower_bound_all,vars_conservative_lower_bound_all,vars_conservative_lower_bound_all,common_endpoint,topk_agreement,higher,128,0.25015625,0.078125,0.17203125,favors_transform,true
identity,current_pca,uniform,0,vars_conservative_lower_bound_all,vars_conservative_lower_bound_all,vars_conservative_lower_bound_all,common_endpoint,boundary_inversion_rate,lower,128,0.144625722394,0.0480350630758,0.0965906593185,favors_pca,true
identity,current_pca,uniform,1,vars_conservative_lower_bound_all,vars_conservative_lower_bound_all,vars_conservative_lower_bound_all,common_endpoint,boundary_inversion_rate,lower,128,0.144625784668,0.0480350630758,0.0965907215921,favors_pca,true
identity,current_pca,uniform,2,vars_conservative_lower_bound_all,vars_conservative_lower_bound_all,vars_conservative_lower_bound_all,common_endpoint,boundary_inversion_rate,lower,128,0.144625893363,0.0480350460071,0.0965908473561,favors_pca,true
identity,current_pca,uniform,3,vars_conservative_lower_bound_all,vars_conservative_lower_bound_all,vars_conservative_lower_bound_all,common_endpoint,boundary_inversion_rate,lower,128,0.144625789033,0.0480350630758,0.0965907259568,favors_pca,true
identity,current_pca,uniform,4,vars_conservative_lower_bound_all,vars_conservative_lower_bound_all,vars_conservative_lower_bound_all,common_endpoint,boundary_inversion_rate,lower,128,0.144625802185,0.0480350630758,0.0965907391092,favors_pca,true
identity,current_pca,uniform,5,vars_conservative_lower_bound_all,vars_conservative_lower_bound_all,vars_conservative_lower_bound_all,common_endpoint,boundary_inversion_rate,lower,128,0.144625733818,0.0480350460071,0.0965906878107,favors_pca,true
identity,current_pca,uniform,6,vars_conservative_lower_bound_all,vars_conservative_lower_bound_all,vars_conservative_lower_bound_all,common_endpoint,boundary_inversion_rate,lower,128,0.144625832712,0.0480350630758,0.0965907696357,favors_pca,true
identity,current_pca,uniform,7,vars_conservative_lower_bound_all,vars_conservative_lower_bound_all,vars_conservative_lower_bound_all,common_endpoint,boundary_inversion_rate,lower,128,0.144625757377,0.0480350630758,0.0965906943014,favors_pca,true
identity,current_pca,uniform,8,vars_conservative_lower_bound_all,vars_conservative_lower_bound_all,vars_conservative_lower_bound_all,common_endpoint,boundary_inversion_rate,lower,128,0.144625802662,0.0480350460071,0.0965907566553,favors_pca,true
identity,current_pca,uniform,9,vars_conservative_lower_bound_all,vars_conservative_lower_bound_all,vars_conservative_lower_bound_all,common_endpoint,boundary_inversion_rate,lower,128,0.144625763904,0.0480350460071,0.0965907178967,favors_pca,true
identity,current_pca,uniform,0,vars_conservative_lower_bound_all,vars_conservative_lower_bound_all,vars_conservative_lower_bound_all,common_endpoint,exact_best_rank,lower,128,508.578125,1159.2265625,-650.6484375,favors_transform,true
identity,current_pca,uniform,1,vars_conservative_lower_bound_all,vars_conservative_lower_bound_all,vars_conservative_lower_bound_all,common_endpoint,exact_best_rank,lower,128,508.578125,1159.2265625,-650.6484375,favors_transform,true
identity,current_pca,uniform,2,vars_conservative_lower_bound_all,vars_conservative_lower_bound_all,vars_conservative_lower_bound_all,common_endpoint,exact_best_rank,lower,128,508.578125,1159.2265625,-650.6484375,favors_transform,true
identity,current_pca,uniform,3,vars_conservative_lower_bound_all,vars_conservative_lower_bound_all,vars_conservative_lower_bound_all,common_endpoint,exact_best_rank,lower,128,508.578125,1159.2265625,-650.6484375,favors_transform,true
identity,current_pca,uniform,4,vars_conservative_lower_bound_all,vars_conservative_lower_bound_all,vars_conservative_lower_bound_all,common_endpoint,exact_best_rank,lower,128,508.578125,1159.2265625,-650.6484375,favors_transform,true
identity,current_pca,uniform,5,vars_conservative_lower_bound_all,vars_conservative_lower_bound_all,vars_conservative_lower_bound_all,common_endpoint,exact_best_rank,lower,128,508.578125,1159.2265625,-650.6484375,favors_transform,true
identity,current_pca,uniform,6,vars_conservative_lower_bound_all,vars_conservative_lower_bound_all,vars_conservative_lower_bound_all,common_endpoint,exact_best_rank,lower,128,508.578125,1159.2265625,-650.6484375,favors_transform,true
identity,current_pca,uniform,7,vars_conservative_lower_bound_all,vars_conservative_lower_bound_all,vars_conservative_lower_bound_all,common_endpoint,exact_best_rank,lower,128,508.578125,1159.2265625,-650.6484375,favors_transform,true
identity,current_pca,uniform,8,vars_conservative_lower_bound_all,vars_conservative_lower_bound_all,vars_conservative_lower_bound_all,common_endpoint,exact_best_rank,lower,128,508.578125,1159.2265625,-650.6484375,favors_transform,true
identity,current_pca,uniform,9,vars_conservative_lower_bound_all,vars_conservative_lower_bound_all,vars_conservative_lower_bound_all,common_endpoint,exact_best_rank,lower,128,508.578125,1159.2265625,-650.6484375,favors_transform,true
identity,current_pca,uniform,-1,fast_all,fast_all,fast_all,common_endpoint,mean_per_query_candidate_rmse,lower,128,0.184787203956,0.23945511177,-0.0546679078141,favors_transform,true
identity,current_pca,uniform,-1,fast_all,fast_all,fast_all,common_endpoint,pooled_candidate_rmse,lower,128,0.183891627626,0.237536004948,-0.0536443773225,favors_transform,true
identity,current_pca,uniform,-1,fast_all,fast_all,fast_all,common_endpoint,candidate_mae,lower,128,0.144102515197,0.187654651703,-0.0435521365064,favors_transform,true
identity,current_pca,uniform,-1,fast_all,fast_all,fast_all,common_endpoint,topk_agreement,higher,128,0.67046875,0.43671875,0.23375,favors_transform,true
identity,current_pca,uniform,-1,fast_all,fast_all,fast_all,common_endpoint,boundary_inversion_rate,lower,128,0.0135511909895,0.062087886395,-0.0485366954055,favors_transform,true
identity,current_pca,uniform,-1,fast_all,fast_all,fast_all,common_endpoint,exact_best_rank,lower,128,4.8125,105,-100.1875,favors_transform,true
identity,current_pca,uniform,0,fast_all,fast_all,fast_all,common_endpoint,mean_per_query_candidate_rmse,lower,128,0.122667648011,0.122662836572,4.8114390625e-06,favors_pca,true
identity,current_pca,uniform,1,fast_all,fast_all,fast_all,common_endpoint,mean_per_query_candidate_rmse,lower,128,0.122637861492,0.122554084853,8.37766390625e-05,favors_pca,true
identity,current_pca,uniform,2,fast_all,fast_all,fast_all,common_endpoint,mean_per_query_candidate_rmse,lower,128,0.122506774018,0.12245419485,5.25791676562e-05,favors_pca,true
identity,current_pca,uniform,3,fast_all,fast_all,fast_all,common_endpoint,mean_per_query_candidate_rmse,lower,128,0.122701801583,0.122297355926,0.000404445657031,favors_pca,true
identity,current_pca,uniform,4,fast_all,fast_all,fast_all,common_endpoint,mean_per_query_candidate_rmse,lower,128,0.122672338949,0.122890881265,-0.000218542315781,favors_transform,true
identity,current_pca,uniform,5,fast_all,fast_all,fast_all,common_endpoint,mean_per_query_candidate_rmse,lower,128,0.122546562286,0.12258125563,-3.46933444531e-05,favors_transform,true
identity,current_pca,uniform,6,fast_all,fast_all,fast_all,common_endpoint,mean_per_query_candidate_rmse,lower,128,0.122512484012,0.122576120725,-6.36367132812e-05,favors_transform,true
identity,current_pca,uniform,7,fast_all,fast_all,fast_all,common_endpoint,mean_per_query_candidate_rmse,lower,128,0.122466830593,0.122616766645,-0.000149936051953,favors_transform,true
identity,current_pca,uniform,8,fast_all,fast_all,fast_all,common_endpoint,mean_per_query_candidate_rmse,lower,128,0.122785386662,0.122673554551,0.000111832110859,favors_pca,true
identity,current_pca,uniform,9,fast_all,fast_all,fast_all,common_endpoint,mean_per_query_candidate_rmse,lower,128,0.12243407146,0.122601830524,-0.000167759064609,favors_transform,true
identity,current_pca,uniform,0,fast_all,fast_all,fast_all,common_endpoint,pooled_candidate_rmse,lower,128,0.123775853084,0.123772039177,3.81390686124e-06,favors_pca,true
identity,current_pca,uniform,1,fast_all,fast_all,fast_all,common_endpoint,pooled_candidate_rmse,lower,128,0.123813297886,0.123658829093,0.000154468792772,favors_pca,true
identity,current_pca,uniform,2,fast_all,fast_all,fast_all,common_endpoint,pooled_candidate_rmse,lower,128,0.123657579778,0.123604264135,5.33156426265e-05,favors_pca,true
identity,current_pca,uniform,3,fast_all,fast_all,fast_all,common_endpoint,pooled_candidate_rmse,lower,128,0.123900088194,0.123437981912,0.000462106282106,favors_pca,true
identity,current_pca,uniform,4,fast_all,fast_all,fast_all,common_endpoint,pooled_candidate_rmse,lower,128,0.123787391443,0.12405957458,-0.000272183137566,favors_transform,true
identity,current_pca,uniform,5,fast_all,fast_all,fast_all,common_endpoint,pooled_candidate_rmse,lower,128,0.12369125894,0.123640332956,5.09259838643e-05,favors_pca,true
identity,current_pca,uniform,6,fast_all,fast_all,fast_all,common_endpoint,pooled_candidate_rmse,lower,128,0.123635460525,0.123656180974,-2.07204491622e-05,favors_transform,true
identity,current_pca,uniform,7,fast_all,fast_all,fast_all,common_endpoint,pooled_candidate_rmse,lower,128,0.123593695717,0.123704445369,-0.00011074965224,favors_transform,true
identity,current_pca,uniform,8,fast_all,fast_all,fast_all,common_endpoint,pooled_candidate_rmse,lower,128,0.12386908148,0.123791158856,7.79226239882e-05,favors_pca,true
identity,current_pca,uniform,9,fast_all,fast_all,fast_all,common_endpoint,pooled_candidate_rmse,lower,128,0.123537032784,0.123708755888,-0.000171723104692,favors_transform,true
identity,current_pca,uniform,0,fast_all,fast_all,fast_all,common_endpoint,candidate_mae,lower,128,0.108239153596,0.108211309829,2.78437672656e-05,favors_pca,true
identity,current_pca,uniform,1,fast_all,fast_all,fast_all,common_endpoint,candidate_mae,lower,128,0.108171106884,0.108086067733,8.50391508594e-05,favors_pca,true
identity,current_pca,uniform,2,fast_all,fast_all,fast_all,common_endpoint,candidate_mae,lower,128,0.10808980163,0.108021350011,6.84516186719e-05,favors_pca,true
identity,current_pca,uniform,3,fast_all,fast_all,fast_all,common_endpoint,candidate_mae,lower,128,0.10819750063,0.107861075581,0.000336425049062,favors_pca,true
identity,current_pca,uniform,4,fast_all,fast_all,fast_all,common_endpoint,candidate_mae,lower,128,0.108220854266,0.108466643837,-0.000245789570703,favors_transform,true
identity,current_pca,uniform,5,fast_all,fast_all,fast_all,common_endpoint,candidate_mae,lower,128,0.108089847566,0.108179997481,-9.01499148438e-05,favors_transform,true
identity,current_pca,uniform,6,fast_all,fast_all,fast_all,common_endpoint,candidate_mae,lower,128,0.108067308084,0.108105476665,-3.816858125e-05,favors_transform,true
identity,current_pca,uniform,7,fast_all,fast_all,fast_all,common_endpoint,candidate_mae,lower,128,0.10803357081,0.108257467332,-0.000223896521953,favors_transform,true
identity,current_pca,uniform,8,fast_all,fast_all,fast_all,common_endpoint,candidate_mae,lower,128,0.108375568832,0.108230275238,0.000145293594375,favors_pca,true
identity,current_pca,uniform,9,fast_all,fast_all,fast_all,common_endpoint,candidate_mae,lower,128,0.108017507884,0.10814127786,-0.00012376997625,favors_transform,true
identity,current_pca,uniform,0,fast_all,fast_all,fast_all,common_endpoint,topk_agreement,higher,128,0.841875,0.84359375,-0.00171875,favors_pca,true
identity,current_pca,uniform,1,fast_all,fast_all,fast_all,common_endpoint,topk_agreement,higher,128,0.84421875,0.845546875,-0.001328125,favors_pca,true
identity,current_pca,uniform,2,fast_all,fast_all,fast_all,common_endpoint,topk_agreement,higher,128,0.84078125,0.843359375,-0.002578125,favors_pca,true
identity,current_pca,uniform,3,fast_all,fast_all,fast_all,common_endpoint,topk_agreement,higher,128,0.840390625,0.84140625,-0.001015625,favors_pca,true
identity,current_pca,uniform,4,fast_all,fast_all,fast_all,common_endpoint,topk_agreement,higher,128,0.840703125,0.8378125,0.002890625,favors_transform,true
identity,current_pca,uniform,5,fast_all,fast_all,fast_all,common_endpoint,topk_agreement,higher,128,0.84375,0.842890625,0.000859375,favors_transform,true
identity,current_pca,uniform,6,fast_all,fast_all,fast_all,common_endpoint,topk_agreement,higher,128,0.8425,0.842890625,-0.000390625,favors_pca,true
identity,current_pca,uniform,7,fast_all,fast_all,fast_all,common_endpoint,topk_agreement,higher,128,0.8425,0.8409375,0.0015625,favors_transform,true
identity,current_pca,uniform,8,fast_all,fast_all,fast_all,common_endpoint,topk_agreement,higher,128,0.840703125,0.846640625,-0.0059375,favors_pca,true
identity,current_pca,uniform,9,fast_all,fast_all,fast_all,common_endpoint,topk_agreement,higher,128,0.84609375,0.84296875,0.003125,favors_transform,true
identity,current_pca,uniform,0,fast_all,fast_all,fast_all,common_endpoint,boundary_inversion_rate,lower,128,0.00256219974678,0.00250482898075,5.73707660359e-05,favors_pca,true
identity,current_pca,uniform,1,fast_all,fast_all,fast_all,common_endpoint,boundary_inversion_rate,lower,128,0.00249720933561,0.00250359173926,-6.38240365547e-06,favors_transform,true
identity,current_pca,uniform,2,fast_all,fast_all,fast_all,common_endpoint,boundary_inversion_rate,lower,128,0.00257714787101,0.00256575644428,1.13914267359e-05,favors_pca,true
identity,current_pca,uniform,3,fast_all,fast_all,fast_all,common_endpoint,boundary_inversion_rate,lower,128,0.00257578338837,0.00255487354373,2.09098446313e-05,favors_pca,true
identity,current_pca,uniform,4,fast_all,fast_all,fast_all,common_endpoint,boundary_inversion_rate,lower,128,0.00259170922323,0.00255409133854,3.76178846875e-05,favors_pca,true
identity,current_pca,uniform,5,fast_all,fast_all,fast_all,common_endpoint,boundary_inversion_rate,lower,128,0.0025503043901,0.00253470557217,1.5598817932e-05,favors_pca,true
identity,current_pca,uniform,6,fast_all,fast_all,fast_all,common_endpoint,boundary_inversion_rate,lower,128,0.0026180672406,0.00253091401397,8.71532266352e-05,favors_pca,true
identity,current_pca,uniform,7,fast_all,fast_all,fast_all,common_endpoint,boundary_inversion_rate,lower,128,0.00254636914811,0.00258566158582,-3.92924377031e-05,favors_transform,true
identity,current_pca,uniform,8,fast_all,fast_all,fast_all,common_endpoint,boundary_inversion_rate,lower,128,0.00263633720996,0.00251190021388,0.000124436996077,favors_pca,true
identity,current_pca,uniform,9,fast_all,fast_all,fast_all,common_endpoint,boundary_inversion_rate,lower,128,0.00253506699596,0.00251539693588,1.96700600773e-05,favors_pca,true
identity,current_pca,uniform,0,fast_all,fast_all,fast_all,common_endpoint,exact_best_rank,lower,128,1.734375,1.984375,-0.25,favors_transform,true
identity,current_pca,uniform,1,fast_all,fast_all,fast_all,common_endpoint,exact_best_rank,lower,128,1.8671875,1.875,-0.0078125,favors_transform,true
identity,current_pca,uniform,2,fast_all,fast_all,fast_all,common_endpoint,exact_best_rank,lower,128,1.7734375,1.7265625,0.046875,favors_pca,true
identity,current_pca,uniform,3,fast_all,fast_all,fast_all,common_endpoint,exact_best_rank,lower,128,1.953125,1.6953125,0.2578125,favors_pca,true
identity,current_pca,uniform,4,fast_all,fast_all,fast_all,common_endpoint,exact_best_rank,lower,128,1.734375,1.7109375,0.0234375,favors_pca,true
identity,current_pca,uniform,5,fast_all,fast_all,fast_all,common_endpoint,exact_best_rank,lower,128,1.6484375,1.796875,-0.1484375,favors_transform,true
identity,current_pca,uniform,6,fast_all,fast_all,fast_all,common_endpoint,exact_best_rank,lower,128,1.8359375,1.5625,0.2734375,favors_pca,true
identity,current_pca,uniform,7,fast_all,fast_all,fast_all,common_endpoint,exact_best_rank,lower,128,1.7421875,1.7734375,-0.03125,favors_transform,true
identity,current_pca,uniform,8,fast_all,fast_all,fast_all,common_endpoint,exact_best_rank,lower,128,1.796875,1.7421875,0.0546875,favors_pca,true
identity,current_pca,uniform,9,fast_all,fast_all,fast_all,common_endpoint,exact_best_rank,lower,128,1.8125,1.5390625,0.2734375,favors_pca,true
identity,current_pca,uniform,-1,full,full,full,common_endpoint,mean_per_query_candidate_rmse,lower,128,0.0135507644989,0.0634132599903,-0.0498624954914,favors_transform,true
identity,current_pca,uniform,-1,full,full,full,common_endpoint,pooled_candidate_rmse,lower,128,0.01352823774,0.0626253775347,-0.0490971397947,favors_transform,true
identity,current_pca,uniform,-1,full,full,full,common_endpoint,candidate_mae,lower,128,0.010126635597,0.04755523592,-0.037428600323,favors_transform,true
identity,current_pca,uniform,-1,full,full,full,common_endpoint,topk_agreement,higher,128,0.9653125,0.836953125,0.128359375,favors_transform,true
identity,current_pca,uniform,-1,full,full,full,common_endpoint,boundary_inversion_rate,lower,128,0.000135743757002,0.00315867303019,-0.00302292927319,favors_transform,true
identity,current_pca,uniform,-1,full,full,full,common_endpoint,exact_best_rank,lower,128,1.0625,2.03125,-0.96875,favors_transform,true
identity,current_pca,uniform,0,full,full,full,common_endpoint,mean_per_query_candidate_rmse,lower,128,0.00839823748451,0.00830452424618,9.37132383281e-05,favors_pca,true
identity,current_pca,uniform,1,full,full,full,common_endpoint,mean_per_query_candidate_rmse,lower,128,0.00835859913876,0.00828513517018,7.34639685781e-05,favors_pca,true
identity,current_pca,uniform,2,full,full,full,common_endpoint,mean_per_query_candidate_rmse,lower,128,0.00837772312155,0.00828870738895,8.90157325938e-05,favors_pca,true
identity,current_pca,uniform,3,full,full,full,common_endpoint,mean_per_query_candidate_rmse,lower,128,0.00837757931752,0.00830492750129,7.26518162344e-05,favors_pca,true
identity,current_pca,uniform,4,full,full,full,common_endpoint,mean_per_query_candidate_rmse,lower,128,0.00837009387554,0.00830232439759,6.77694779453e-05,favors_pca,true
identity,current_pca,uniform,5,full,full,full,common_endpoint,mean_per_query_candidate_rmse,lower,128,0.00839593546816,0.00827857073156,0.000117364736594,favors_pca,true
identity,current_pca,uniform,6,full,full,full,common_endpoint,mean_per_query_candidate_rmse,lower,128,0.00836406576173,0.00830442134884,5.96444128906e-05,favors_pca,true
identity,current_pca,uniform,7,full,full,full,common_endpoint,mean_per_query_candidate_rmse,lower,128,0.00839594444907,0.00828435598852,0.000111588460547,favors_pca,true
identity,current_pca,uniform,8,full,full,full,common_endpoint,mean_per_query_candidate_rmse,lower,128,0.00839994038146,0.0082877282592,0.000112212122266,favors_pca,true
identity,current_pca,uniform,9,full,full,full,common_endpoint,mean_per_query_candidate_rmse,lower,128,0.00837561695922,0.00829483794809,8.07790111328e-05,favors_pca,true
identity,current_pca,uniform,0,full,full,full,common_endpoint,pooled_candidate_rmse,lower,128,0.00847899103428,0.00839079598946,8.81950448155e-05,favors_pca,true
identity,current_pca,uniform,1,full,full,full,common_endpoint,pooled_candidate_rmse,lower,128,0.00843559612736,0.00837333537853,6.22607488264e-05,favors_pca,true
identity,current_pca,uniform,2,full,full,full,common_endpoint,pooled_candidate_rmse,lower,128,0.00845984791058,0.00837556448169,8.42834288897e-05,favors_pca,true
identity,current_pca,uniform,3,full,full,full,common_endpoint,pooled_candidate_rmse,lower,128,0.00845788950406,0.00839071162677,6.71778772933e-05,favors_pca,true
identity,current_pca,uniform,4,full,full,full,common_endpoint,pooled_candidate_rmse,lower,128,0.00845282197557,0.00838480690286,6.80150727089e-05,favors_pca,true
identity,current_pca,uniform,5,full,full,full,common_endpoint,pooled_candidate_rmse,lower,128,0.00847828385805,0.00836744084496,0.000110843013089,favors_pca,true
identity,current_pca,uniform,6,full,full,full,common_endpoint,pooled_candidate_rmse,lower,128,0.00844515598607,0.00838345782169,6.16981643811e-05,favors_pca,true
identity,current_pca,uniform,7,full,full,full,common_endpoint,pooled_candidate_rmse,lower,128,0.00847433399515,0.0083642970289,0.00011003696626,favors_pca,true
identity,current_pca,uniform,8,full,full,full,common_endpoint,pooled_candidate_rmse,lower,128,0.00848566379558,0.00837361363495,0.000112050160631,favors_pca,true
identity,current_pca,uniform,9,full,full,full,common_endpoint,pooled_candidate_rmse,lower,128,0.00845689072446,0.00837738053764,7.95101868224e-05,favors_pca,true
identity,current_pca,uniform,0,full,full,full,common_endpoint,candidate_mae,lower,128,0.00656546913395,0.00649815443233,6.7314701625e-05,favors_pca,true
identity,current_pca,uniform,1,full,full,full,common_endpoint,candidate_mae,lower,128,0.00653578984643,0.00648124631547,5.45435309609e-05,favors_pca,true
identity,current_pca,uniform,2,full,full,full,common_endpoint,candidate_mae,lower,128,0.00655226969807,0.0064845046789,6.77650191719e-05,favors_pca,true
identity,current_pca,uniform,3,full,full,full,common_endpoint,candidate_mae,lower,128,0.00654779870306,0.00649695939786,5.08393052031e-05,favors_pca,true
identity,current_pca,uniform,4,full,full,full,common_endpoint,candidate_mae,lower,128,0.00654764084062,0.0064920616942,5.55791464219e-05,favors_pca,true
identity,current_pca,uniform,5,full,full,full,common_endpoint,candidate_mae,lower,128,0.00656442947717,0.00647648305554,8.79464216328e-05,favors_pca,true
identity,current_pca,uniform,6,full,full,full,common_endpoint,candidate_mae,lower,128,0.00654351702013,0.00650350869259,4.00083275313e-05,favors_pca,true
identity,current_pca,uniform,7,full,full,full,common_endpoint,candidate_mae,lower,128,0.00656874570706,0.00648348238785,8.52633192109e-05,favors_pca,true
identity,current_pca,uniform,8,full,full,full,common_endpoint,candidate_mae,lower,128,0.00656863563038,0.00648382598334,8.48096470391e-05,favors_pca,true
identity,current_pca,uniform,9,full,full,full,common_endpoint,candidate_mae,lower,128,0.00654857415005,0.0064840267588,6.454739125e-05,favors_pca,true
identity,current_pca,uniform,0,full,full,full,common_endpoint,topk_agreement,higher,128,0.97703125,0.97609375,0.0009375,favors_transform,true
identity,current_pca,uniform,1,full,full,full,common_endpoint,topk_agreement,higher,128,0.977109375,0.9778125,-0.000703125,favors_pca,true
identity,current_pca,uniform,2,full,full,full,common_endpoint,topk_agreement,higher,128,0.976328125,0.975546875,0.00078125,favors_transform,true
identity,current_pca,uniform,3,full,full,full,common_endpoint,topk_agreement,higher,128,0.977734375,0.975703125,0.00203125,favors_transform,true
identity,current_pca,uniform,4,full,full,full,common_endpoint,topk_agreement,higher,128,0.976484375,0.97796875,-0.001484375,favors_pca,true
identity,current_pca,uniform,5,full,full,full,common_endpoint,topk_agreement,higher,128,0.977578125,0.977109375,0.00046875,favors_transform,true
identity,current_pca,uniform,6,full,full,full,common_endpoint,topk_agreement,higher,128,0.97515625,0.976328125,-0.001171875,favors_pca,true
identity,current_pca,uniform,7,full,full,full,common_endpoint,topk_agreement,higher,128,0.97609375,0.978046875,-0.001953125,favors_pca,true
identity,current_pca,uniform,8,full,full,full,common_endpoint,topk_agreement,higher,128,0.976328125,0.976171875,0.00015625,favors_transform,true
identity,current_pca,uniform,9,full,full,full,common_endpoint,topk_agreement,higher,128,0.976015625,0.976953125,-0.0009375,favors_pca,true
identity,current_pca,uniform,0,full,full,full,common_endpoint,boundary_inversion_rate,lower,128,5.92308247878e-05,5.75649285794e-05,1.66589620833e-06,favors_pca,true
identity,current_pca,uniform,1,full,full,full,common_endpoint,boundary_inversion_rate,lower,128,5.57549029235e-05,5.6659410518e-05,-9.04507594508e-07,favors_transform,true
identity,current_pca,uniform,2,full,full,full,common_endpoint,boundary_inversion_rate,lower,128,5.89190665318e-05,5.84796886231e-05,4.39377908633e-07,favors_pca,true
identity,current_pca,uniform,3,full,full,full,common_endpoint,boundary_inversion_rate,lower,128,5.24103172272e-05,6.46039395665e-05,-1.21936223393e-05,favors_transform,true
identity,current_pca,uniform,4,full,full,full,common_endpoint,boundary_inversion_rate,lower,128,5.9426772776e-05,5.44333167517e-05,4.99345602428e-06,favors_pca,true
identity,current_pca,uniform,5,full,full,full,common_endpoint,boundary_inversion_rate,lower,128,6.03816795928e-05,5.43750497506e-05,6.00662984214e-06,favors_pca,true
identity,current_pca,uniform,6,full,full,full,common_endpoint,boundary_inversion_rate,lower,128,6.30027965606e-05,5.82586445598e-05,4.74415200076e-06,favors_pca,true
identity,current_pca,uniform,7,full,full,full,common_endpoint,boundary_inversion_rate,lower,128,5.81430043756e-05,5.41974476455e-05,3.94555673004e-06,favors_pca,true
identity,current_pca,uniform,8,full,full,full,common_endpoint,boundary_inversion_rate,lower,128,5.57771358163e-05,5.52817868558e-05,4.95348960547e-07,favors_pca,true
identity,current_pca,uniform,9,full,full,full,common_endpoint,boundary_inversion_rate,lower,128,6.0824742912e-05,5.30888079447e-05,7.73593496729e-06,favors_pca,true
identity,current_pca,uniform,0,full,full,full,common_endpoint,exact_best_rank,lower,128,1.0703125,1.0546875,0.015625,favors_pca,true
identity,current_pca,uniform,1,full,full,full,common_endpoint,exact_best_rank,lower,128,1.0703125,1.0390625,0.03125,favors_pca,true
identity,current_pca,uniform,2,full,full,full,common_endpoint,exact_best_rank,lower,128,1.046875,1.125,-0.078125,favors_transform,true
identity,current_pca,uniform,3,full,full,full,common_endpoint,exact_best_rank,lower,128,1.078125,1.0703125,0.0078125,favors_pca,true
identity,current_pca,uniform,4,full,full,full,common_endpoint,exact_best_rank,lower,128,1.0625,1.0546875,0.0078125,favors_pca,true
identity,current_pca,uniform,5,full,full,full,common_endpoint,exact_best_rank,lower,128,1.0703125,1.0703125,0,tied,true
identity,current_pca,uniform,6,full,full,full,common_endpoint,exact_best_rank,lower,128,1.0703125,1.0390625,0.03125,favors_pca,true
identity,current_pca,uniform,7,full,full,full,common_endpoint,exact_best_rank,lower,128,1.078125,1.0703125,0.0078125,favors_pca,true
identity,current_pca,uniform,8,full,full,full,common_endpoint,exact_best_rank,lower,128,1.0859375,1.03125,0.0546875,favors_pca,true
identity,current_pca,uniform,9,full,full,full,common_endpoint,exact_best_rank,lower,128,1.0390625,1.046875,-0.0078125,favors_transform,true
residual_pca,current_pca,native,-1,vars_conservative_lower_bound_all,vars_conservative_lower_bound_all,vars_conservative_lower_bound_all,common_endpoint,mean_per_query_candidate_rmse,lower,128,1.90040077576,1.89500071019,0.00540006556484,favors_pca,true
residual_pca,current_pca,native,-1,vars_conservative_lower_bound_all,vars_conservative_lower_bound_all,vars_conservative_lower_bound_all,common_endpoint,pooled_candidate_rmse,lower,128,1.89671755006,1.89126919556,0.00544835450333,favors_pca,true
residual_pca,current_pca,native,-1,vars_conservative_lower_bound_all,vars_conservative_lower_bound_all,vars_conservative_lower_bound_all,common_endpoint,candidate_mae,lower,128,1.85851090064,1.8526956189,0.00581528174688,favors_pca,true
residual_pca,current_pca,native,-1,vars_conservative_lower_bound_all,vars_conservative_lower_bound_all,vars_conservative_lower_bound_all,common_endpoint,topk_agreement,higher,128,0.083984375,0.084453125,-0.00046875,favors_pca,true
residual_pca,current_pca,native,-1,vars_conservative_lower_bound_all,vars_conservative_lower_bound_all,vars_conservative_lower_bound_all,common_endpoint,boundary_inversion_rate,lower,128,0.235326717208,0.234920553691,0.000406163516797,favors_pca,true
residual_pca,current_pca,native,-1,vars_conservative_lower_bound_all,vars_conservative_lower_bound_all,vars_conservative_lower_bound_all,common_endpoint,exact_best_rank,lower,128,744.9296875,737.2734375,7.65625,favors_pca,true
residual_pca,current_pca,native,0,vars_conservative_lower_bound_all,vars_conservative_lower_bound_all,vars_conservative_lower_bound_all,common_endpoint,mean_per_query_candidate_rmse,lower,128,1.90040077418,1.89500069874,0.00540007544609,favors_pca,true
residual_pca,current_pca,native,1,vars_conservative_lower_bound_all,vars_conservative_lower_bound_all,vars_conservative_lower_bound_all,common_endpoint,mean_per_query_candidate_rmse,lower,128,1.90040077917,1.89500071054,0.00540006862578,favors_pca,true
residual_pca,current_pca,native,2,vars_conservative_lower_bound_all,vars_conservative_lower_bound_all,vars_conservative_lower_bound_all,common_endpoint,mean_per_query_candidate_rmse,lower,128,1.90040078656,1.89500071781,0.00540006875547,favors_pca,true
residual_pca,current_pca,native,3,vars_conservative_lower_bound_all,vars_conservative_lower_bound_all,vars_conservative_lower_bound_all,common_endpoint,mean_per_query_candidate_rmse,lower,128,1.90040077654,1.89500070805,0.00540006848203,favors_pca,true
residual_pca,current_pca,native,4,vars_conservative_lower_bound_all,vars_conservative_lower_bound_all,vars_conservative_lower_bound_all,common_endpoint,mean_per_query_candidate_rmse,lower,128,1.90040076172,1.89500069747,0.00540006424844,favors_pca,true
residual_pca,current_pca,native,5,vars_conservative_lower_bound_all,vars_conservative_lower_bound_all,vars_conservative_lower_bound_all,common_endpoint,mean_per_query_candidate_rmse,lower,128,1.90040077056,1.89500070472,0.00540006583984,favors_pca,true
residual_pca,current_pca,native,6,vars_conservative_lower_bound_all,vars_conservative_lower_bound_all,vars_conservative_lower_bound_all,common_endpoint,mean_per_query_candidate_rmse,lower,128,1.90040075721,1.89500069055,0.00540006666562,favors_pca,true
residual_pca,current_pca,native,7,vars_conservative_lower_bound_all,vars_conservative_lower_bound_all,vars_conservative_lower_bound_all,common_endpoint,mean_per_query_candidate_rmse,lower,128,1.90040078241,1.89500071228,0.00540007012578,favors_pca,true
residual_pca,current_pca,native,8,vars_conservative_lower_bound_all,vars_conservative_lower_bound_all,vars_conservative_lower_bound_all,common_endpoint,mean_per_query_candidate_rmse,lower,128,1.9004007518,1.89500068569,0.00540006611094,favors_pca,true
residual_pca,current_pca,native,9,vars_conservative_lower_bound_all,vars_conservative_lower_bound_all,vars_conservative_lower_bound_all,common_endpoint,mean_per_query_candidate_rmse,lower,128,1.90040077504,1.8950007085,0.00540006653437,favors_pca,true
residual_pca,current_pca,native,0,vars_conservative_lower_bound_all,vars_conservative_lower_bound_all,vars_conservative_lower_bound_all,common_endpoint,pooled_candidate_rmse,lower,128,1.8967175482,1.8912691819,0.00544836629819,favors_pca,true
residual_pca,current_pca,native,1,vars_conservative_lower_bound_all,vars_conservative_lower_bound_all,vars_conservative_lower_bound_all,common_endpoint,pooled_candidate_rmse,lower,128,1.89671755353,1.89126919514,0.00544835838416,favors_pca,true
residual_pca,current_pca,native,2,vars_conservative_lower_bound_all,vars_conservative_lower_bound_all,vars_conservative_lower_bound_all,common_endpoint,pooled_candidate_rmse,lower,128,1.89671756142,1.8912692036,0.00544835781818,favors_pca,true
residual_pca,current_pca,native,3,vars_conservative_lower_bound_all,vars_conservative_lower_bound_all,vars_conservative_lower_bound_all,common_endpoint,pooled_candidate_rmse,lower,128,1.89671755123,1.89126919321,0.00544835802468,favors_pca,true
residual_pca,current_pca,native,4,vars_conservative_lower_bound_all,vars_conservative_lower_bound_all,vars_conservative_lower_bound_all,common_endpoint,pooled_candidate_rmse,lower,128,1.89671753579,1.89126918142,0.00544835436972,favors_pca,true
residual_pca,current_pca,native,5,vars_conservative_lower_bound_all,vars_conservative_lower_bound_all,vars_conservative_lower_bound_all,common_endpoint,pooled_candidate_rmse,lower,128,1.89671754598,1.89126918924,0.00544835674098,favors_pca,true
residual_pca,current_pca,native,6,vars_conservative_lower_bound_all,vars_conservative_lower_bound_all,vars_conservative_lower_bound_all,common_endpoint,pooled_candidate_rmse,lower,128,1.89671753142,1.89126917597,0.00544835544585,favors_pca,true
residual_pca,current_pca,native,7,vars_conservative_lower_bound_all,vars_conservative_lower_bound_all,vars_conservative_lower_bound_all,common_endpoint,pooled_candidate_rmse,lower,128,1.89671755709,1.89126919718,0.00544835990731,favors_pca,true
residual_pca,current_pca,native,8,vars_conservative_lower_bound_all,vars_conservative_lower_bound_all,vars_conservative_lower_bound_all,common_endpoint,pooled_candidate_rmse,lower,128,1.89671752542,1.89126916989,0.0054483555323,favors_pca,true
residual_pca,current_pca,native,9,vars_conservative_lower_bound_all,vars_conservative_lower_bound_all,vars_conservative_lower_bound_all,common_endpoint,pooled_candidate_rmse,lower,128,1.89671754919,1.89126919334,0.00544835584981,favors_pca,true
residual_pca,current_pca,native,0,vars_conservative_lower_bound_all,vars_conservative_lower_bound_all,vars_conservative_lower_bound_all,common_endpoint,candidate_mae,lower,128,1.85851089886,1.8526956073,0.00581529156875,favors_pca,true
residual_pca,current_pca,native,1,vars_conservative_lower_bound_all,vars_conservative_lower_bound_all,vars_conservative_lower_bound_all,common_endpoint,candidate_mae,lower,128,1.85851090502,1.85269562027,0.00581528475547,favors_pca,true
residual_pca,current_pca,native,2,vars_conservative_lower_bound_all,vars_conservative_lower_bound_all,vars_conservative_lower_bound_all,common_endpoint,candidate_mae,lower,128,1.85851091158,1.85269562646,0.00581528512266,favors_pca,true
residual_pca,current_pca,native,3,vars_conservative_lower_bound_all,vars_conservative_lower_bound_all,vars_conservative_lower_bound_all,common_endpoint,candidate_mae,lower,128,1.85851090098,1.8526956163,0.00581528468203,favors_pca,true
residual_pca,current_pca,native,4,vars_conservative_lower_bound_all,vars_conservative_lower_bound_all,vars_conservative_lower_bound_all,common_endpoint,candidate_mae,lower,128,1.858510887,1.85269560671,0.0058152802875,favors_pca,true
residual_pca,current_pca,native,5,vars_conservative_lower_bound_all,vars_conservative_lower_bound_all,vars_conservative_lower_bound_all,common_endpoint,candidate_mae,lower,128,1.85851089597,1.85269561398,0.00581528199531,favors_pca,true
residual_pca,current_pca,native,6,vars_conservative_lower_bound_all,vars_conservative_lower_bound_all,vars_conservative_lower_bound_all,common_endpoint,candidate_mae,lower,128,1.85851088191,1.85269559908,0.00581528283203,favors_pca,true
residual_pca,current_pca,native,7,vars_conservative_lower_bound_all,vars_conservative_lower_bound_all,vars_conservative_lower_bound_all,common_endpoint,candidate_mae,lower,128,1.85851090809,1.8526956218,0.00581528628828,favors_pca,true
residual_pca,current_pca,native,8,vars_conservative_lower_bound_all,vars_conservative_lower_bound_all,vars_conservative_lower_bound_all,common_endpoint,candidate_mae,lower,128,1.85851087693,1.85269559499,0.00581528194062,favors_pca,true
residual_pca,current_pca,native,9,vars_conservative_lower_bound_all,vars_conservative_lower_bound_all,vars_conservative_lower_bound_all,common_endpoint,candidate_mae,lower,128,1.85851089991,1.85269561739,0.00581528252266,favors_pca,true
residual_pca,current_pca,native,0,vars_conservative_lower_bound_all,vars_conservative_lower_bound_all,vars_conservative_lower_bound_all,common_endpoint,topk_agreement,higher,128,0.083984375,0.084453125,-0.00046875,favors_pca,true
residual_pca,current_pca,native,1,vars_conservative_lower_bound_all,vars_conservative_lower_bound_all,vars_conservative_lower_bound_all,common_endpoint,topk_agreement,higher,128,0.083984375,0.084375,-0.000390625,favors_pca,true
residual_pca,current_pca,native,2,vars_conservative_lower_bound_all,vars_conservative_lower_bound_all,vars_conservative_lower_bound_all,common_endpoint,topk_agreement,higher,128,0.083984375,0.084453125,-0.00046875,favors_pca,true
residual_pca,current_pca,native,3,vars_conservative_lower_bound_all,vars_conservative_lower_bound_all,vars_conservative_lower_bound_all,common_endpoint,topk_agreement,higher,128,0.083984375,0.084453125,-0.00046875,favors_pca,true
residual_pca,current_pca,native,4,vars_conservative_lower_bound_all,vars_conservative_lower_bound_all,vars_conservative_lower_bound_all,common_endpoint,topk_agreement,higher,128,0.083984375,0.084453125,-0.00046875,favors_pca,true
residual_pca,current_pca,native,5,vars_conservative_lower_bound_all,vars_conservative_lower_bound_all,vars_conservative_lower_bound_all,common_endpoint,topk_agreement,higher,128,0.083984375,0.084453125,-0.00046875,favors_pca,true
residual_pca,current_pca,native,6,vars_conservative_lower_bound_all,vars_conservative_lower_bound_all,vars_conservative_lower_bound_all,common_endpoint,topk_agreement,higher,128,0.083984375,0.084453125,-0.00046875,favors_pca,true
residual_pca,current_pca,native,7,vars_conservative_lower_bound_all,vars_conservative_lower_bound_all,vars_conservative_lower_bound_all,common_endpoint,topk_agreement,higher,128,0.083984375,0.084453125,-0.00046875,favors_pca,true
residual_pca,current_pca,native,8,vars_conservative_lower_bound_all,vars_conservative_lower_bound_all,vars_conservative_lower_bound_all,common_endpoint,topk_agreement,higher,128,0.083984375,0.084453125,-0.00046875,favors_pca,true
residual_pca,current_pca,native,9,vars_conservative_lower_bound_all,vars_conservative_lower_bound_all,vars_conservative_lower_bound_all,common_endpoint,topk_agreement,higher,128,0.083984375,0.084453125,-0.00046875,favors_pca,true
residual_pca,current_pca,native,0,vars_conservative_lower_bound_all,vars_conservative_lower_bound_all,vars_conservative_lower_bound_all,common_endpoint,boundary_inversion_rate,lower,128,0.235326704529,0.234920600077,0.000406104451172,favors_pca,true
residual_pca,current_pca,native,1,vars_conservative_lower_bound_all,vars_conservative_lower_bound_all,vars_conservative_lower_bound_all,common_endpoint,boundary_inversion_rate,lower,128,0.235326660364,0.234920667948,0.000405992416016,favors_pca,true
residual_pca,current_pca,native,2,vars_conservative_lower_bound_all,vars_conservative_lower_bound_all,vars_conservative_lower_bound_all,common_endpoint,boundary_inversion_rate,lower,128,0.23532661079,0.234920596754,0.000406014036328,favors_pca,true
residual_pca,current_pca,native,3,vars_conservative_lower_bound_all,vars_conservative_lower_bound_all,vars_conservative_lower_bound_all,common_endpoint,boundary_inversion_rate,lower,128,0.235326664408,0.234920557285,0.000406107123047,favors_pca,true
residual_pca,current_pca,native,4,vars_conservative_lower_bound_all,vars_conservative_lower_bound_all,vars_conservative_lower_bound_all,common_endpoint,boundary_inversion_rate,lower,128,0.235326734704,0.234920621382,0.000406113321484,favors_pca,true
residual_pca,current_pca,native,5,vars_conservative_lower_bound_all,vars_conservative_lower_bound_all,vars_conservative_lower_bound_all,common_endpoint,boundary_inversion_rate,lower,128,0.235326710373,0.23492053078,0.000406179593359,favors_pca,true
residual_pca,current_pca,native,6,vars_conservative_lower_bound_all,vars_conservative_lower_bound_all,vars_conservative_lower_bound_all,common_endpoint,boundary_inversion_rate,lower,128,0.235326680198,0.234920549732,0.000406130466016,favors_pca,true
residual_pca,current_pca,native,7,vars_conservative_lower_bound_all,vars_conservative_lower_bound_all,vars_conservative_lower_bound_all,common_endpoint,boundary_inversion_rate,lower,128,0.235326737495,0.234920599842,0.000406137652734,favors_pca,true
residual_pca,current_pca,native,8,vars_conservative_lower_bound_all,vars_conservative_lower_bound_all,vars_conservative_lower_bound_all,common_endpoint,boundary_inversion_rate,lower,128,0.235326684695,0.234920549732,0.000406134962891,favors_pca,true
residual_pca,current_pca,native,9,vars_conservative_lower_bound_all,vars_conservative_lower_bound_all,vars_conservative_lower_bound_all,common_endpoint,boundary_inversion_rate,lower,128,0.23532671487,0.234920528085,0.000406186784766,favors_pca,true
residual_pca,current_pca,native,0,vars_conservative_lower_bound_all,vars_conservative_lower_bound_all,vars_conservative_lower_bound_all,common_endpoint,exact_best_rank,lower,128,744.9296875,737.2734375,7.65625,favors_pca,true
residual_pca,current_pca,native,1,vars_conservative_lower_bound_all,vars_conservative_lower_bound_all,vars_conservative_lower_bound_all,common_endpoint,exact_best_rank,lower,128,744.9296875,737.2734375,7.65625,favors_pca,true
residual_pca,current_pca,native,2,vars_conservative_lower_bound_all,vars_conservative_lower_bound_all,vars_conservative_lower_bound_all,common_endpoint,exact_best_rank,lower,128,744.921875,737.2734375,7.6484375,favors_pca,true
residual_pca,current_pca,native,3,vars_conservative_lower_bound_all,vars_conservative_lower_bound_all,vars_conservative_lower_bound_all,common_endpoint,exact_best_rank,lower,128,744.9296875,737.2734375,7.65625,favors_pca,true
residual_pca,current_pca,native,4,vars_conservative_lower_bound_all,vars_conservative_lower_bound_all,vars_conservative_lower_bound_all,common_endpoint,exact_best_rank,lower,128,744.9296875,737.2734375,7.65625,favors_pca,true
residual_pca,current_pca,native,5,vars_conservative_lower_bound_all,vars_conservative_lower_bound_all,vars_conservative_lower_bound_all,common_endpoint,exact_best_rank,lower,128,744.9296875,737.2734375,7.65625,favors_pca,true
residual_pca,current_pca,native,6,vars_conservative_lower_bound_all,vars_conservative_lower_bound_all,vars_conservative_lower_bound_all,common_endpoint,exact_best_rank,lower,128,744.9296875,737.2734375,7.65625,favors_pca,true
residual_pca,current_pca,native,7,vars_conservative_lower_bound_all,vars_conservative_lower_bound_all,vars_conservative_lower_bound_all,common_endpoint,exact_best_rank,lower,128,744.9296875,737.2734375,7.65625,favors_pca,true
residual_pca,current_pca,native,8,vars_conservative_lower_bound_all,vars_conservative_lower_bound_all,vars_conservative_lower_bound_all,common_endpoint,exact_best_rank,lower,128,744.9296875,737.2734375,7.65625,favors_pca,true
residual_pca,current_pca,native,9,vars_conservative_lower_bound_all,vars_conservative_lower_bound_all,vars_conservative_lower_bound_all,common_endpoint,exact_best_rank,lower,128,744.9296875,737.2734375,7.65625,favors_pca,true
residual_pca,current_pca,native,-1,fast_prefix_1,fast_prefix_1,fast_prefix_1,matched_intermediate_family_and_bytes,mean_per_query_candidate_rmse,lower,128,0.563800489606,0.563567108634,0.000233380972656,favors_pca,true
residual_pca,current_pca,native,-1,fast_prefix_1,fast_prefix_1,fast_prefix_1,matched_intermediate_family_and_bytes,pooled_candidate_rmse,lower,128,0.564068256871,0.564099399985,-3.11431135261e-05,favors_transform,true
residual_pca,current_pca,native,-1,fast_prefix_1,fast_prefix_1,fast_prefix_1,matched_intermediate_family_and_bytes,candidate_mae,lower,128,0.531144762539,0.530952945849,0.000191816689844,favors_pca,true
residual_pca,current_pca,native,-1,fast_prefix_1,fast_prefix_1,fast_prefix_1,matched_intermediate_family_and_bytes,topk_agreement,higher,128,0.524453125,0.521953125,0.0025,favors_transform,true
residual_pca,current_pca,native,-1,fast_prefix_1,fast_prefix_1,fast_prefix_1,matched_intermediate_family_and_bytes,boundary_inversion_rate,lower,128,0.031890687643,0.0311723875546,0.000718300088359,favors_pca,true
residual_pca,current_pca,native,-1,fast_prefix_1,fast_prefix_1,fast_prefix_1,matched_intermediate_family_and_bytes,exact_best_rank,lower,128,23.515625,16.2109375,7.3046875,favors_pca,true
residual_pca,current_pca,native,0,fast_prefix_1,fast_prefix_1,fast_prefix_1,matched_intermediate_family_and_bytes,mean_per_query_candidate_rmse,lower,128,0.555182454099,0.554477750822,0.000704703277344,favors_pca,true
residual_pca,current_pca,native,1,fast_prefix_1,fast_prefix_1,fast_prefix_1,matched_intermediate_family_and_bytes,mean_per_query_candidate_rmse,lower,128,0.555047718127,0.554749374171,0.00029834395625,favors_pca,true
residual_pca,current_pca,native,2,fast_prefix_1,fast_prefix_1,fast_prefix_1,matched_intermediate_family_and_bytes,mean_per_query_candidate_rmse,lower,128,0.554810740755,0.554344618063,0.000466122691406,favors_pca,true
residual_pca,current_pca,native,3,fast_prefix_1,fast_prefix_1,fast_prefix_1,matched_intermediate_family_and_bytes,mean_per_query_candidate_rmse,lower,128,0.555210530857,0.553763646467,0.00144688438984,favors_pca,true
residual_pca,current_pca,native,4,fast_prefix_1,fast_prefix_1,fast_prefix_1,matched_intermediate_family_and_bytes,mean_per_query_candidate_rmse,lower,128,0.555754577731,0.554510681925,0.00124389580625,favors_pca,true
residual_pca,current_pca,native,5,fast_prefix_1,fast_prefix_1,fast_prefix_1,matched_intermediate_family_and_bytes,mean_per_query_candidate_rmse,lower,128,0.554652959671,0.554144038193,0.000508921478125,favors_pca,true
residual_pca,current_pca,native,6,fast_prefix_1,fast_prefix_1,fast_prefix_1,matched_intermediate_family_and_bytes,mean_per_query_candidate_rmse,lower,128,0.554799540984,0.554844343351,-4.48023671875e-05,favors_transform,true
residual_pca,current_pca,native,7,fast_prefix_1,fast_prefix_1,fast_prefix_1,matched_intermediate_family_and_bytes,mean_per_query_candidate_rmse,lower,128,0.554354918814,0.554654471182,-0.000299552367969,favors_transform,true
residual_pca,current_pca,native,8,fast_prefix_1,fast_prefix_1,fast_prefix_1,matched_intermediate_family_and_bytes,mean_per_query_candidate_rmse,lower,128,0.555488359329,0.554105108863,0.00138325046563,favors_pca,true
residual_pca,current_pca,native,9,fast_prefix_1,fast_prefix_1,fast_prefix_1,matched_intermediate_family_and_bytes,mean_per_query_candidate_rmse,lower,128,0.55499572926,0.554552802071,0.000442927189063,favors_pca,true
residual_pca,current_pca,native,0,fast_prefix_1,fast_prefix_1,fast_prefix_1,matched_intermediate_family_and_bytes,pooled_candidate_rmse,lower,128,0.55588882498,0.555251422159,0.00063740282004,favors_pca,true
residual_pca,current_pca,native,1,fast_prefix_1,fast_prefix_1,fast_prefix_1,matched_intermediate_family_and_bytes,pooled_candidate_rmse,lower,128,0.555920590532,0.5555803461,0.000340244431935,favors_pca,true
residual_pca,current_pca,native,2,fast_prefix_1,fast_prefix_1,fast_prefix_1,matched_intermediate_family_and_bytes,pooled_candidate_rmse,lower,128,0.555551288807,0.555064713151,0.000486575655622,favors_pca,true
residual_pca,current_pca,native,3,fast_prefix_1,fast_prefix_1,fast_prefix_1,matched_intermediate_family_and_bytes,pooled_candidate_rmse,lower,128,0.555968133932,0.554584604927,0.00138352900477,favors_pca,true
residual_pca,current_pca,native,4,fast_prefix_1,fast_prefix_1,fast_prefix_1,matched_intermediate_family_and_bytes,pooled_candidate_rmse,lower,128,0.556585907647,0.555252357273,0.00133355037439,favors_pca,true
residual_pca,current_pca,native,5,fast_prefix_1,fast_prefix_1,fast_prefix_1,matched_intermediate_family_and_bytes,pooled_candidate_rmse,lower,128,0.555341753416,0.554909153442,0.000432599974194,favors_pca,true
residual_pca,current_pca,native,6,fast_prefix_1,fast_prefix_1,fast_prefix_1,matched_intermediate_family_and_bytes,pooled_candidate_rmse,lower,128,0.555588449234,0.555681170793,-9.27215594401e-05,favors_transform,true
residual_pca,current_pca,native,7,fast_prefix_1,fast_prefix_1,fast_prefix_1,matched_intermediate_family_and_bytes,pooled_candidate_rmse,lower,128,0.555127808416,0.555429642438,-0.000301834021633,favors_transform,true
residual_pca,current_pca,native,8,fast_prefix_1,fast_prefix_1,fast_prefix_1,matched_intermediate_family_and_bytes,pooled_candidate_rmse,lower,128,0.556334909185,0.554915194235,0.00141971494987,favors_pca,true
residual_pca,current_pca,native,9,fast_prefix_1,fast_prefix_1,fast_prefix_1,matched_intermediate_family_and_bytes,pooled_candidate_rmse,lower,128,0.555926527543,0.555257488546,0.000669038997158,favors_pca,true
residual_pca,current_pca,native,0,fast_prefix_1,fast_prefix_1,fast_prefix_1,matched_intermediate_family_and_bytes,candidate_mae,lower,128,0.529743574891,0.528936614955,0.000806959935937,favors_pca,true
residual_pca,current_pca,native,1,fast_prefix_1,fast_prefix_1,fast_prefix_1,matched_intermediate_family_and_bytes,candidate_mae,lower,128,0.529581166173,0.529347859214,0.000233306958594,favors_pca,true
residual_pca,current_pca,native,2,fast_prefix_1,fast_prefix_1,fast_prefix_1,matched_intermediate_family_and_bytes,candidate_mae,lower,128,0.529379152164,0.528948413421,0.000430738742969,favors_pca,true
residual_pca,current_pca,native,3,fast_prefix_1,fast_prefix_1,fast_prefix_1,matched_intermediate_family_and_bytes,candidate_mae,lower,128,0.529712452178,0.528464350004,0.00124810217422,favors_pca,true
residual_pca,current_pca,native,4,fast_prefix_1,fast_prefix_1,fast_prefix_1,matched_intermediate_family_and_bytes,candidate_mae,lower,128,0.530250486172,0.529038722116,0.00121176405625,favors_pca,true
residual_pca,current_pca,native,5,fast_prefix_1,fast_prefix_1,fast_prefix_1,matched_intermediate_family_and_bytes,candidate_mae,lower,128,0.529154231816,0.528617787586,0.000536444229688,favors_pca,true
residual_pca,current_pca,native,6,fast_prefix_1,fast_prefix_1,fast_prefix_1,matched_intermediate_family_and_bytes,candidate_mae,lower,128,0.529327721702,0.529550280385,-0.000222558683594,favors_transform,true
residual_pca,current_pca,native,7,fast_prefix_1,fast_prefix_1,fast_prefix_1,matched_intermediate_family_and_bytes,candidate_mae,lower,128,0.528915605034,0.529065744652,-0.000150139617969,favors_transform,true
residual_pca,current_pca,native,8,fast_prefix_1,fast_prefix_1,fast_prefix_1,matched_intermediate_family_and_bytes,candidate_mae,lower,128,0.529972874327,0.528575241066,0.00139763326016,favors_pca,true
residual_pca,current_pca,native,9,fast_prefix_1,fast_prefix_1,fast_prefix_1,matched_intermediate_family_and_bytes,candidate_mae,lower,128,0.529364771418,0.529161191411,0.000203580007031,favors_pca,true
residual_pca,current_pca,native,0,fast_prefix_1,fast_prefix_1,fast_prefix_1,matched_intermediate_family_and_bytes,topk_agreement,higher,128,0.571171875,0.573359375,-0.0021875,favors_pca,true
residual_pca,current_pca,native,1,fast_prefix_1,fast_prefix_1,fast_prefix_1,matched_intermediate_family_and_bytes,topk_agreement,higher,128,0.568359375,0.573046875,-0.0046875,favors_pca,true
residual_pca,current_pca,native,2,fast_prefix_1,fast_prefix_1,fast_prefix_1,matched_intermediate_family_and_bytes,topk_agreement,higher,128,0.567734375,0.573125,-0.005390625,favors_pca,true
residual_pca,current_pca,native,3,fast_prefix_1,fast_prefix_1,fast_prefix_1,matched_intermediate_family_and_bytes,topk_agreement,higher,128,0.571171875,0.57203125,-0.000859375,favors_pca,true
residual_pca,current_pca,native,4,fast_prefix_1,fast_prefix_1,fast_prefix_1,matched_intermediate_family_and_bytes,topk_agreement,higher,128,0.568125,0.56734375,0.00078125,favors_transform,true
residual_pca,current_pca,native,5,fast_prefix_1,fast_prefix_1,fast_prefix_1,matched_intermediate_family_and_bytes,topk_agreement,higher,128,0.567734375,0.57296875,-0.005234375,favors_pca,true
residual_pca,current_pca,native,6,fast_prefix_1,fast_prefix_1,fast_prefix_1,matched_intermediate_family_and_bytes,topk_agreement,higher,128,0.57015625,0.567890625,0.002265625,favors_transform,true
residual_pca,current_pca,native,7,fast_prefix_1,fast_prefix_1,fast_prefix_1,matched_intermediate_family_and_bytes,topk_agreement,higher,128,0.56890625,0.570703125,-0.001796875,favors_pca,true
residual_pca,current_pca,native,8,fast_prefix_1,fast_prefix_1,fast_prefix_1,matched_intermediate_family_and_bytes,topk_agreement,higher,128,0.56796875,0.568125,-0.00015625,favors_pca,true
residual_pca,current_pca,native,9,fast_prefix_1,fast_prefix_1,fast_prefix_1,matched_intermediate_family_and_bytes,topk_agreement,higher,128,0.56078125,0.57109375,-0.0103125,favors_pca,true
residual_pca,current_pca,native,0,fast_prefix_1,fast_prefix_1,fast_prefix_1,matched_intermediate_family_and_bytes,boundary_inversion_rate,lower,128,0.0223685029469,0.0222636864919,0.00010481645507,favors_pca,true
residual_pca,current_pca,native,1,fast_prefix_1,fast_prefix_1,fast_prefix_1,matched_intermediate_family_and_bytes,boundary_inversion_rate,lower,128,0.0232219620536,0.0225822804267,0.000639681626961,favors_pca,true
residual_pca,current_pca,native,2,fast_prefix_1,fast_prefix_1,fast_prefix_1,matched_intermediate_family_and_bytes,boundary_inversion_rate,lower,128,0.0226184108516,0.0224900823852,0.000128328466398,favors_pca,true
residual_pca,current_pca,native,3,fast_prefix_1,fast_prefix_1,fast_prefix_1,matched_intermediate_family_and_bytes,boundary_inversion_rate,lower,128,0.0226246181148,0.0222044397574,0.000420178357375,favors_pca,true
residual_pca,current_pca,native,4,fast_prefix_1,fast_prefix_1,fast_prefix_1,matched_intermediate_family_and_bytes,boundary_inversion_rate,lower,128,0.0231134509808,0.0226762565324,0.000437194448438,favors_pca,true
residual_pca,current_pca,native,5,fast_prefix_1,fast_prefix_1,fast_prefix_1,matched_intermediate_family_and_bytes,boundary_inversion_rate,lower,128,0.0224353938383,0.0226467917959,-0.000211397957594,favors_transform,true
residual_pca,current_pca,native,6,fast_prefix_1,fast_prefix_1,fast_prefix_1,matched_intermediate_family_and_bytes,boundary_inversion_rate,lower,128,0.0225764767677,0.0228620468967,-0.000285570128922,favors_transform,true
residual_pca,current_pca,native,7,fast_prefix_1,fast_prefix_1,fast_prefix_1,matched_intermediate_family_and_bytes,boundary_inversion_rate,lower,128,0.0227762710467,0.0225750024573,0.000201268589453,favors_pca,true
residual_pca,current_pca,native,8,fast_prefix_1,fast_prefix_1,fast_prefix_1,matched_intermediate_family_and_bytes,boundary_inversion_rate,lower,128,0.0223445086782,0.0227422472359,-0.000397738557742,favors_transform,true
residual_pca,current_pca,native,9,fast_prefix_1,fast_prefix_1,fast_prefix_1,matched_intermediate_family_and_bytes,boundary_inversion_rate,lower,128,0.0232749548631,0.0225121502934,0.000762804569734,favors_pca,true
residual_pca,current_pca,native,0,fast_prefix_1,fast_prefix_1,fast_prefix_1,matched_intermediate_family_and_bytes,exact_best_rank,lower,128,13.6171875,14.265625,-0.6484375,favors_transform,true
residual_pca,current_pca,native,1,fast_prefix_1,fast_prefix_1,fast_prefix_1,matched_intermediate_family_and_bytes,exact_best_rank,lower,128,9.953125,12.3359375,-2.3828125,favors_transform,true
residual_pca,current_pca,native,2,fast_prefix_1,fast_prefix_1,fast_prefix_1,matched_intermediate_family_and_bytes,exact_best_rank,lower,128,8.6484375,11.7109375,-3.0625,favors_transform,true
residual_pca,current_pca,native,3,fast_prefix_1,fast_prefix_1,fast_prefix_1,matched_intermediate_family_and_bytes,exact_best_rank,lower,128,12.6015625,9.3515625,3.25,favors_pca,true
residual_pca,current_pca,native,4,fast_prefix_1,fast_prefix_1,fast_prefix_1,matched_intermediate_family_and_bytes,exact_best_rank,lower,128,15.8515625,12.53125,3.3203125,favors_pca,true
residual_pca,current_pca,native,5,fast_prefix_1,fast_prefix_1,fast_prefix_1,matched_intermediate_family_and_bytes,exact_best_rank,lower,128,9.6015625,13.171875,-3.5703125,favors_transform,true
residual_pca,current_pca,native,6,fast_prefix_1,fast_prefix_1,fast_prefix_1,matched_intermediate_family_and_bytes,exact_best_rank,lower,128,12.3046875,12.2265625,0.078125,favors_pca,true
residual_pca,current_pca,native,7,fast_prefix_1,fast_prefix_1,fast_prefix_1,matched_intermediate_family_and_bytes,exact_best_rank,lower,128,11.7890625,9.8046875,1.984375,favors_pca,true
residual_pca,current_pca,native,8,fast_prefix_1,fast_prefix_1,fast_prefix_1,matched_intermediate_family_and_bytes,exact_best_rank,lower,128,12.0625,12.0546875,0.0078125,favors_pca,true
residual_pca,current_pca,native,9,fast_prefix_1,fast_prefix_1,fast_prefix_1,matched_intermediate_family_and_bytes,exact_best_rank,lower,128,14.890625,11.640625,3.25,favors_pca,true
residual_pca,current_pca,native,-1,fast_prefix_2,fast_prefix_2,fast_prefix_2,matched_intermediate_family_and_bytes,mean_per_query_candidate_rmse,lower,128,0.433512993211,0.433125271783,0.000387721428125,favors_pca,true
residual_pca,current_pca,native,-1,fast_prefix_2,fast_prefix_2,fast_prefix_2,matched_intermediate_family_and_bytes,pooled_candidate_rmse,lower,128,0.434125735309,0.433984054961,0.000141680348423,favors_pca,true
residual_pca,current_pca,native,-1,fast_prefix_2,fast_prefix_2,fast_prefix_2,matched_intermediate_family_and_bytes,candidate_mae,lower,128,0.392282548379,0.391971701347,0.000310847032031,favors_pca,true
residual_pca,current_pca,native,-1,fast_prefix_2,fast_prefix_2,fast_prefix_2,matched_intermediate_family_and_bytes,topk_agreement,higher,128,0.54625,0.546953125,-0.000703125,favors_pca,true
residual_pca,current_pca,native,-1,fast_prefix_2,fast_prefix_2,fast_prefix_2,matched_intermediate_family_and_bytes,boundary_inversion_rate,lower,128,0.0282267965559,0.0272567540348,0.00097004252107,favors_pca,true
residual_pca,current_pca,native,-1,fast_prefix_2,fast_prefix_2,fast_prefix_2,matched_intermediate_family_and_bytes,exact_best_rank,lower,128,15.6171875,11.6484375,3.96875,favors_pca,true
residual_pca,current_pca,native,0,fast_prefix_2,fast_prefix_2,fast_prefix_2,matched_intermediate_family_and_bytes,mean_per_query_candidate_rmse,lower,128,0.422411043337,0.421516499389,0.000894543947656,favors_pca,true
residual_pca,current_pca,native,1,fast_prefix_2,fast_prefix_2,fast_prefix_2,matched_intermediate_family_and_bytes,mean_per_query_candidate_rmse,lower,128,0.422250806765,0.421843074441,0.000407732323437,favors_pca,true
residual_pca,current_pca,native,2,fast_prefix_2,fast_prefix_2,fast_prefix_2,matched_intermediate_family_and_bytes,mean_per_query_candidate_rmse,lower,128,0.422109114186,0.421426380773,0.0006827334125,favors_pca,true
residual_pca,current_pca,native,3,fast_prefix_2,fast_prefix_2,fast_prefix_2,matched_intermediate_family_and_bytes,mean_per_query_candidate_rmse,lower,128,0.422369929366,0.420756092904,0.00161383646172,favors_pca,true
residual_pca,current_pca,native,4,fast_prefix_2,fast_prefix_2,fast_prefix_2,matched_intermediate_family_and_bytes,mean_per_query_candidate_rmse,lower,128,0.422952463348,0.421610210234,0.00134225311328,favors_pca,true
residual_pca,current_pca,native,5,fast_prefix_2,fast_prefix_2,fast_prefix_2,matched_intermediate_family_and_bytes,mean_per_query_candidate_rmse,lower,128,0.421854745196,0.42126418583,0.000590559366406,favors_pca,true
residual_pca,current_pca,native,6,fast_prefix_2,fast_prefix_2,fast_prefix_2,matched_intermediate_family_and_bytes,mean_per_query_candidate_rmse,lower,128,0.421999893259,0.421918993431,8.08998273438e-05,favors_pca,true
residual_pca,current_pca,native,7,fast_prefix_2,fast_prefix_2,fast_prefix_2,matched_intermediate_family_and_bytes,mean_per_query_candidate_rmse,lower,128,0.421575937792,0.421772655374,-0.000196717582031,favors_transform,true
residual_pca,current_pca,native,8,fast_prefix_2,fast_prefix_2,fast_prefix_2,matched_intermediate_family_and_bytes,mean_per_query_candidate_rmse,lower,128,0.422740409962,0.421209682261,0.00153072770078,favors_pca,true
residual_pca,current_pca,native,9,fast_prefix_2,fast_prefix_2,fast_prefix_2,matched_intermediate_family_and_bytes,mean_per_query_candidate_rmse,lower,128,0.422220317534,0.421580978267,0.000639339267188,favors_pca,true
residual_pca,current_pca,native,0,fast_prefix_2,fast_prefix_2,fast_prefix_2,matched_intermediate_family_and_bytes,pooled_candidate_rmse,lower,128,0.423620548073,0.422776596275,0.000843951797089,favors_pca,true
residual_pca,current_pca,native,1,fast_prefix_2,fast_prefix_2,fast_prefix_2,matched_intermediate_family_and_bytes,pooled_candidate_rmse,lower,128,0.423604756102,0.423127911492,0.000476844609779,favors_pca,true
residual_pca,current_pca,native,2,fast_prefix_2,fast_prefix_2,fast_prefix_2,matched_intermediate_family_and_bytes,pooled_candidate_rmse,lower,128,0.423318994446,0.422615186949,0.000703807496986,favors_pca,true
residual_pca,current_pca,native,3,fast_prefix_2,fast_prefix_2,fast_prefix_2,matched_intermediate_family_and_bytes,pooled_candidate_rmse,lower,128,0.423588924503,0.422039030673,0.00154989382946,favors_pca,true
residual_pca,current_pca,native,4,fast_prefix_2,fast_prefix_2,fast_prefix_2,matched_intermediate_family_and_bytes,pooled_candidate_rmse,lower,128,0.424257296337,0.422820075446,0.00143722089112,favors_pca,true
residual_pca,current_pca,native,5,fast_prefix_2,fast_prefix_2,fast_prefix_2,matched_intermediate_family_and_bytes,pooled_candidate_rmse,lower,128,0.423018537122,0.422508174564,0.000510362558101,favors_pca,true
residual_pca,current_pca,native,6,fast_prefix_2,fast_prefix_2,fast_prefix_2,matched_intermediate_family_and_bytes,pooled_candidate_rmse,lower,128,0.42330477236,0.423208874652,9.58977079721e-05,favors_pca,true
residual_pca,current_pca,native,7,fast_prefix_2,fast_prefix_2,fast_prefix_2,matched_intermediate_family_and_bytes,pooled_candidate_rmse,lower,128,0.422837739972,0.423059051902,-0.00022131193032,favors_transform,true
residual_pca,current_pca,native,8,fast_prefix_2,fast_prefix_2,fast_prefix_2,matched_intermediate_family_and_bytes,pooled_candidate_rmse,lower,128,0.424062769952,0.422512625447,0.00155014450573,favors_pca,true
residual_pca,current_pca,native,9,fast_prefix_2,fast_prefix_2,fast_prefix_2,matched_intermediate_family_and_bytes,pooled_candidate_rmse,lower,128,0.423640834731,0.422757680251,0.000883154479516,favors_pca,true
residual_pca,current_pca,native,0,fast_prefix_2,fast_prefix_2,fast_prefix_2,matched_intermediate_family_and_bytes,candidate_mae,lower,128,0.390002843379,0.389084557978,0.000918285400781,favors_pca,true
residual_pca,current_pca,native,1,fast_prefix_2,fast_prefix_2,fast_prefix_2,matched_intermediate_family_and_bytes,candidate_mae,lower,128,0.389781427164,0.389414936092,0.000366491071875,favors_pca,true
residual_pca,current_pca,native,2,fast_prefix_2,fast_prefix_2,fast_prefix_2,matched_intermediate_family_and_bytes,candidate_mae,lower,128,0.389634301916,0.389052367737,0.000581934179687,favors_pca,true
residual_pca,current_pca,native,3,fast_prefix_2,fast_prefix_2,fast_prefix_2,matched_intermediate_family_and_bytes,candidate_mae,lower,128,0.389887370837,0.388529849966,0.00135752087031,favors_pca,true
residual_pca,current_pca,native,4,fast_prefix_2,fast_prefix_2,fast_prefix_2,matched_intermediate_family_and_bytes,candidate_mae,lower,128,0.390464209694,0.389116805191,0.00134740450234,favors_pca,true
residual_pca,current_pca,native,5,fast_prefix_2,fast_prefix_2,fast_prefix_2,matched_intermediate_family_and_bytes,candidate_mae,lower,128,0.389326470441,0.388776283301,0.000550187140625,favors_pca,true
residual_pca,current_pca,native,6,fast_prefix_2,fast_prefix_2,fast_prefix_2,matched_intermediate_family_and_bytes,candidate_mae,lower,128,0.389514145616,0.389699327606,-0.000185181989844,favors_transform,true
residual_pca,current_pca,native,7,fast_prefix_2,fast_prefix_2,fast_prefix_2,matched_intermediate_family_and_bytes,candidate_mae,lower,128,0.389151472918,0.389190359616,-3.88866984375e-05,favors_transform,true
residual_pca,current_pca,native,8,fast_prefix_2,fast_prefix_2,fast_prefix_2,matched_intermediate_family_and_bytes,candidate_mae,lower,128,0.39018115742,0.388701533165,0.00147962425469,favors_pca,true
residual_pca,current_pca,native,9,fast_prefix_2,fast_prefix_2,fast_prefix_2,matched_intermediate_family_and_bytes,candidate_mae,lower,128,0.389638614883,0.389216955927,0.00042165895625,favors_pca,true
residual_pca,current_pca,native,0,fast_prefix_2,fast_prefix_2,fast_prefix_2,matched_intermediate_family_and_bytes,topk_agreement,higher,128,0.592578125,0.60015625,-0.007578125,favors_pca,true
residual_pca,current_pca,native,1,fast_prefix_2,fast_prefix_2,fast_prefix_2,matched_intermediate_family_and_bytes,topk_agreement,higher,128,0.58421875,0.5953125,-0.01109375,favors_pca,true
residual_pca,current_pca,native,2,fast_prefix_2,fast_prefix_2,fast_prefix_2,matched_intermediate_family_and_bytes,topk_agreement,higher,128,0.590703125,0.595390625,-0.0046875,favors_pca,true
residual_pca,current_pca,native,3,fast_prefix_2,fast_prefix_2,fast_prefix_2,matched_intermediate_family_and_bytes,topk_agreement,higher,128,0.596015625,0.591484375,0.00453125,favors_transform,true
residual_pca,current_pca,native,4,fast_prefix_2,fast_prefix_2,fast_prefix_2,matched_intermediate_family_and_bytes,topk_agreement,higher,128,0.583046875,0.588046875,-0.005,favors_pca,true
residual_pca,current_pca,native,5,fast_prefix_2,fast_prefix_2,fast_prefix_2,matched_intermediate_family_and_bytes,topk_agreement,higher,128,0.59171875,0.59453125,-0.0028125,favors_pca,true
residual_pca,current_pca,native,6,fast_prefix_2,fast_prefix_2,fast_prefix_2,matched_intermediate_family_and_bytes,topk_agreement,higher,128,0.592578125,0.586640625,0.0059375,favors_transform,true
residual_pca,current_pca,native,7,fast_prefix_2,fast_prefix_2,fast_prefix_2,matched_intermediate_family_and_bytes,topk_agreement,higher,128,0.5875,0.59234375,-0.00484375,favors_pca,true
residual_pca,current_pca,native,8,fast_prefix_2,fast_prefix_2,fast_prefix_2,matched_intermediate_family_and_bytes,topk_agreement,higher,128,0.585703125,0.589453125,-0.00375,favors_pca,true
residual_pca,current_pca,native,9,fast_prefix_2,fast_prefix_2,fast_prefix_2,matched_intermediate_family_and_bytes,topk_agreement,higher,128,0.588203125,0.590703125,-0.0025,favors_pca,true
residual_pca,current_pca,native,0,fast_prefix_2,fast_prefix_2,fast_prefix_2,matched_intermediate_family_and_bytes,boundary_inversion_rate,lower,128,0.019355139501,0.0190595682182,0.000295571282828,favors_pca,true
residual_pca,current_pca,native,1,fast_prefix_2,fast_prefix_2,fast_prefix_2,matched_intermediate_family_and_bytes,boundary_inversion_rate,lower,128,0.0200775014006,0.0191850647985,0.000892436602164,favors_pca,true
residual_pca,current_pca,native,2,fast_prefix_2,fast_prefix_2,fast_prefix_2,matched_intermediate_family_and_bytes,boundary_inversion_rate,lower,128,0.0194428129581,0.0192471573614,0.000195655596711,favors_pca,true
residual_pca,current_pca,native,3,fast_prefix_2,fast_prefix_2,fast_prefix_2,matched_intermediate_family_and_bytes,boundary_inversion_rate,lower,128,0.019448902882,0.0191993013356,0.000249601546422,favors_pca,true
residual_pca,current_pca,native,4,fast_prefix_2,fast_prefix_2,fast_prefix_2,matched_intermediate_family_and_bytes,boundary_inversion_rate,lower,128,0.0199353313275,0.0193320667947,0.000603264532797,favors_pca,true
residual_pca,current_pca,native,5,fast_prefix_2,fast_prefix_2,fast_prefix_2,matched_intermediate_family_and_bytes,boundary_inversion_rate,lower,128,0.0191520181673,0.0194306579924,-0.000278639825156,favors_transform,true
residual_pca,current_pca,native,6,fast_prefix_2,fast_prefix_2,fast_prefix_2,matched_intermediate_family_and_bytes,boundary_inversion_rate,lower,128,0.0195735261545,0.0198731684639,-0.000299642309383,favors_transform,true
residual_pca,current_pca,native,7,fast_prefix_2,fast_prefix_2,fast_prefix_2,matched_intermediate_family_and_bytes,boundary_inversion_rate,lower,128,0.0197199298524,0.0192697160017,0.000450213850711,favors_pca,true
residual_pca,current_pca,native,8,fast_prefix_2,fast_prefix_2,fast_prefix_2,matched_intermediate_family_and_bytes,boundary_inversion_rate,lower,128,0.0193335618345,0.0195297551972,-0.000196193362734,favors_transform,true
residual_pca,current_pca,native,9,fast_prefix_2,fast_prefix_2,fast_prefix_2,matched_intermediate_family_and_bytes,boundary_inversion_rate,lower,128,0.0199818080351,0.0194685677791,0.000513240255992,favors_pca,true
residual_pca,current_pca,native,0,fast_prefix_2,fast_prefix_2,fast_prefix_2,matched_intermediate_family_and_bytes,exact_best_rank,lower,128,8.125,8.2890625,-0.1640625,favors_transform,true
residual_pca,current_pca,native,1,fast_prefix_2,fast_prefix_2,fast_prefix_2,matched_intermediate_family_and_bytes,exact_best_rank,lower,128,6.4609375,8.375,-1.9140625,favors_transform,true
residual_pca,current_pca,native,2,fast_prefix_2,fast_prefix_2,fast_prefix_2,matched_intermediate_family_and_bytes,exact_best_rank,lower,128,6.109375,7.578125,-1.46875,favors_transform,true
residual_pca,current_pca,native,3,fast_prefix_2,fast_prefix_2,fast_prefix_2,matched_intermediate_family_and_bytes,exact_best_rank,lower,128,8.3515625,6.203125,2.1484375,favors_pca,true
residual_pca,current_pca,native,4,fast_prefix_2,fast_prefix_2,fast_prefix_2,matched_intermediate_family_and_bytes,exact_best_rank,lower,128,9.4453125,7.71875,1.7265625,favors_pca,true
residual_pca,current_pca,native,5,fast_prefix_2,fast_prefix_2,fast_prefix_2,matched_intermediate_family_and_bytes,exact_best_rank,lower,128,6.6875,8.8125,-2.125,favors_transform,true
residual_pca,current_pca,native,6,fast_prefix_2,fast_prefix_2,fast_prefix_2,matched_intermediate_family_and_bytes,exact_best_rank,lower,128,8.25,7.84375,0.40625,favors_pca,true
residual_pca,current_pca,native,7,fast_prefix_2,fast_prefix_2,fast_prefix_2,matched_intermediate_family_and_bytes,exact_best_rank,lower,128,8.6015625,6.359375,2.2421875,favors_pca,true
residual_pca,current_pca,native,8,fast_prefix_2,fast_prefix_2,fast_prefix_2,matched_intermediate_family_and_bytes,exact_best_rank,lower,128,8.484375,8.234375,0.25,favors_pca,true
residual_pca,current_pca,native,9,fast_prefix_2,fast_prefix_2,fast_prefix_2,matched_intermediate_family_and_bytes,exact_best_rank,lower,128,11.6875,8.109375,3.578125,favors_pca,true
residual_pca,current_pca,native,-1,fast_prefix_3,fast_prefix_3,fast_prefix_3,matched_intermediate_family_and_bytes,mean_per_query_candidate_rmse,lower,128,0.40464855762,0.404365577707,0.000282979913281,favors_pca,true
residual_pca,current_pca,native,-1,fast_prefix_3,fast_prefix_3,fast_prefix_3,matched_intermediate_family_and_bytes,pooled_candidate_rmse,lower,128,0.405127204069,0.405092888116,3.43159527463e-05,favors_pca,true
residual_pca,current_pca,native,-1,fast_prefix_3,fast_prefix_3,fast_prefix_3,matched_intermediate_family_and_bytes,candidate_mae,lower,128,0.360695449623,0.360475636859,0.000219812764844,favors_pca,true
residual_pca,current_pca,native,-1,fast_prefix_3,fast_prefix_3,fast_prefix_3,matched_intermediate_family_and_bytes,topk_agreement,higher,128,0.545078125,0.548359375,-0.00328125,favors_pca,true
residual_pca,current_pca,native,-1,fast_prefix_3,fast_prefix_3,fast_prefix_3,matched_intermediate_family_and_bytes,boundary_inversion_rate,lower,128,0.0280757192216,0.0270919274798,0.000983791741883,favors_pca,true
residual_pca,current_pca,native,-1,fast_prefix_3,fast_prefix_3,fast_prefix_3,matched_intermediate_family_and_bytes,exact_best_rank,lower,128,15.1796875,11.6953125,3.484375,favors_pca,true
residual_pca,current_pca,native,0,fast_prefix_3,fast_prefix_3,fast_prefix_3,matched_intermediate_family_and_bytes,mean_per_query_candidate_rmse,lower,128,0.392801927909,0.392010901478,0.00079102643125,favors_pca,true
residual_pca,current_pca,native,1,fast_prefix_3,fast_prefix_3,fast_prefix_3,matched_intermediate_family_and_bytes,mean_per_query_candidate_rmse,lower,128,0.392642858523,0.392324888336,0.0003179701875,favors_pca,true
residual_pca,current_pca,native,2,fast_prefix_3,fast_prefix_3,fast_prefix_3,matched_intermediate_family_and_bytes,mean_per_query_candidate_rmse,lower,128,0.392509485833,0.391922406723,0.000587079110156,favors_pca,true
residual_pca,current_pca,native,3,fast_prefix_3,fast_prefix_3,fast_prefix_3,matched_intermediate_family_and_bytes,mean_per_query_candidate_rmse,lower,128,0.392769799359,0.391258707264,0.00151109209531,favors_pca,true
residual_pca,current_pca,native,4,fast_prefix_3,fast_prefix_3,fast_prefix_3,matched_intermediate_family_and_bytes,mean_per_query_candidate_rmse,lower,128,0.393356652432,0.392103074641,0.00125357779141,favors_pca,true
residual_pca,current_pca,native,5,fast_prefix_3,fast_prefix_3,fast_prefix_3,matched_intermediate_family_and_bytes,mean_per_query_candidate_rmse,lower,128,0.392271085848,0.391742080394,0.000529005454687,favors_pca,true
residual_pca,current_pca,native,6,fast_prefix_3,fast_prefix_3,fast_prefix_3,matched_intermediate_family_and_bytes,mean_per_query_candidate_rmse,lower,128,0.392356138427,0.39239526085,-3.91224234375e-05,favors_transform,true
residual_pca,current_pca,native,7,fast_prefix_3,fast_prefix_3,fast_prefix_3,matched_intermediate_family_and_bytes,mean_per_query_candidate_rmse,lower,128,0.391965630302,0.392251419097,-0.000285788795312,favors_transform,true
residual_pca,current_pca,native,8,fast_prefix_3,fast_prefix_3,fast_prefix_3,matched_intermediate_family_and_bytes,mean_per_query_candidate_rmse,lower,128,0.393115766612,0.39170778507,0.00140798154219,favors_pca,true
residual_pca,current_pca,native,9,fast_prefix_3,fast_prefix_3,fast_prefix_3,matched_intermediate_family_and_bytes,mean_per_query_candidate_rmse,lower,128,0.392605335791,0.392078514695,0.000526821096094,favors_pca,true
residual_pca,current_pca,native,0,fast_prefix_3,fast_prefix_3,fast_prefix_3,matched_intermediate_family_and_bytes,pooled_candidate_rmse,lower,128,0.393918009174,0.393165087855,0.000752921319553,favors_pca,true
residual_pca,current_pca,native,1,fast_prefix_3,fast_prefix_3,fast_prefix_3,matched_intermediate_family_and_bytes,pooled_candidate_rmse,lower,128,0.393890300695,0.393516954429,0.000373346265763,favors_pca,true
residual_pca,current_pca,native,2,fast_prefix_3,fast_prefix_3,fast_prefix_3,matched_intermediate_family_and_bytes,pooled_candidate_rmse,lower,128,0.393617892365,0.393007850552,0.00061004181345,favors_pca,true
residual_pca,current_pca,native,3,fast_prefix_3,fast_prefix_3,fast_prefix_3,matched_intermediate_family_and_bytes,pooled_candidate_rmse,lower,128,0.393892398136,0.392442491951,0.00144990618518,favors_pca,true
residual_pca,current_pca,native,4,fast_prefix_3,fast_prefix_3,fast_prefix_3,matched_intermediate_family_and_bytes,pooled_candidate_rmse,lower,128,0.394568768656,0.393208117543,0.00136065111375,favors_pca,true
residual_pca,current_pca,native,5,fast_prefix_3,fast_prefix_3,fast_prefix_3,matched_intermediate_family_and_bytes,pooled_candidate_rmse,lower,128,0.393350264817,0.392885285809,0.000464979007479,favors_pca,true
residual_pca,current_pca,native,6,fast_prefix_3,fast_prefix_3,fast_prefix_3,matched_intermediate_family_and_bytes,pooled_candidate_rmse,lower,128,0.393562226969,0.393571670923,-9.44395334923e-06,favors_transform,true
residual_pca,current_pca,native,7,fast_prefix_3,fast_prefix_3,fast_prefix_3,matched_intermediate_family_and_bytes,pooled_candidate_rmse,lower,128,0.393128790285,0.393436234396,-0.000307444110876,favors_transform,true
residual_pca,current_pca,native,8,fast_prefix_3,fast_prefix_3,fast_prefix_3,matched_intermediate_family_and_bytes,pooled_candidate_rmse,lower,128,0.394341045916,0.392900088133,0.00144095778327,favors_pca,true
residual_pca,current_pca,native,9,fast_prefix_3,fast_prefix_3,fast_prefix_3,matched_intermediate_family_and_bytes,pooled_candidate_rmse,lower,128,0.393920803741,0.393153313455,0.000767490285819,favors_pca,true
residual_pca,current_pca,native,0,fast_prefix_3,fast_prefix_3,fast_prefix_3,matched_intermediate_family_and_bytes,candidate_mae,lower,128,0.357892596498,0.357050255197,0.000842341300781,favors_pca,true
residual_pca,current_pca,native,1,fast_prefix_3,fast_prefix_3,fast_prefix_3,matched_intermediate_family_and_bytes,candidate_mae,lower,128,0.357648066814,0.357374342195,0.000273724619531,favors_pca,true
residual_pca,current_pca,native,2,fast_prefix_3,fast_prefix_3,fast_prefix_3,matched_intermediate_family_and_bytes,candidate_mae,lower,128,0.357511083082,0.357047952271,0.000463130810938,favors_pca,true
residual_pca,current_pca,native,3,fast_prefix_3,fast_prefix_3,fast_prefix_3,matched_intermediate_family_and_bytes,candidate_mae,lower,128,0.357766186698,0.356511149895,0.00125503680312,favors_pca,true
residual_pca,current_pca,native,4,fast_prefix_3,fast_prefix_3,fast_prefix_3,matched_intermediate_family_and_bytes,candidate_mae,lower,128,0.358340516177,0.357079310789,0.00126120538828,favors_pca,true
residual_pca,current_pca,native,5,fast_prefix_3,fast_prefix_3,fast_prefix_3,matched_intermediate_family_and_bytes,candidate_mae,lower,128,0.357206819482,0.356721821757,0.000484997725,favors_pca,true
residual_pca,current_pca,native,6,fast_prefix_3,fast_prefix_3,fast_prefix_3,matched_intermediate_family_and_bytes,candidate_mae,lower,128,0.357381271462,0.35767299989,-0.000291728428125,favors_transform,true
residual_pca,current_pca,native,7,fast_prefix_3,fast_prefix_3,fast_prefix_3,matched_intermediate_family_and_bytes,candidate_mae,lower,128,0.357019739517,0.357155385385,-0.000135645867969,favors_transform,true
residual_pca,current_pca,native,8,fast_prefix_3,fast_prefix_3,fast_prefix_3,matched_intermediate_family_and_bytes,candidate_mae,lower,128,0.358024123016,0.356681042395,0.00134308062187,favors_pca,true
residual_pca,current_pca,native,9,fast_prefix_3,fast_prefix_3,fast_prefix_3,matched_intermediate_family_and_bytes,candidate_mae,lower,128,0.357495364355,0.357192714468,0.000302649886719,favors_pca,true
residual_pca,current_pca,native,0,fast_prefix_3,fast_prefix_3,fast_prefix_3,matched_intermediate_family_and_bytes,topk_agreement,higher,128,0.592890625,0.60109375,-0.008203125,favors_pca,true
residual_pca,current_pca,native,1,fast_prefix_3,fast_prefix_3,fast_prefix_3,matched_intermediate_family_and_bytes,topk_agreement,higher,128,0.5853125,0.5953125,-0.01,favors_pca,true
residual_pca,current_pca,native,2,fast_prefix_3,fast_prefix_3,fast_prefix_3,matched_intermediate_family_and_bytes,topk_agreement,higher,128,0.58984375,0.595546875,-0.005703125,favors_pca,true
residual_pca,current_pca,native,3,fast_prefix_3,fast_prefix_3,fast_prefix_3,matched_intermediate_family_and_bytes,topk_agreement,higher,128,0.59546875,0.5946875,0.00078125,favors_transform,true
residual_pca,current_pca,native,4,fast_prefix_3,fast_prefix_3,fast_prefix_3,matched_intermediate_family_and_bytes,topk_agreement,higher,128,0.58484375,0.589140625,-0.004296875,favors_pca,true
residual_pca,current_pca,native,5,fast_prefix_3,fast_prefix_3,fast_prefix_3,matched_intermediate_family_and_bytes,topk_agreement,higher,128,0.591328125,0.5953125,-0.003984375,favors_pca,true
residual_pca,current_pca,native,6,fast_prefix_3,fast_prefix_3,fast_prefix_3,matched_intermediate_family_and_bytes,topk_agreement,higher,128,0.5928125,0.587890625,0.004921875,favors_transform,true
residual_pca,current_pca,native,7,fast_prefix_3,fast_prefix_3,fast_prefix_3,matched_intermediate_family_and_bytes,topk_agreement,higher,128,0.58828125,0.59203125,-0.00375,favors_pca,true
residual_pca,current_pca,native,8,fast_prefix_3,fast_prefix_3,fast_prefix_3,matched_intermediate_family_and_bytes,topk_agreement,higher,128,0.587578125,0.590859375,-0.00328125,favors_pca,true
residual_pca,current_pca,native,9,fast_prefix_3,fast_prefix_3,fast_prefix_3,matched_intermediate_family_and_bytes,topk_agreement,higher,128,0.587578125,0.59140625,-0.003828125,favors_pca,true
residual_pca,current_pca,native,0,fast_prefix_3,fast_prefix_3,fast_prefix_3,matched_intermediate_family_and_bytes,boundary_inversion_rate,lower,128,0.0192255715265,0.018957682465,0.000267889061453,favors_pca,true
residual_pca,current_pca,native,1,fast_prefix_3,fast_prefix_3,fast_prefix_3,matched_intermediate_family_and_bytes,boundary_inversion_rate,lower,128,0.0199811807557,0.0190368779659,0.000944302789719,favors_pca,true
residual_pca,current_pca,native,2,fast_prefix_3,fast_prefix_3,fast_prefix_3,matched_intermediate_family_and_bytes,boundary_inversion_rate,lower,128,0.0193743001207,0.019149982849,0.000224317271727,favors_pca,true
residual_pca,current_pca,native,3,fast_prefix_3,fast_prefix_3,fast_prefix_3,matched_intermediate_family_and_bytes,boundary_inversion_rate,lower,128,0.0193854838517,0.0191463588751,0.000239124976633,favors_pca,true
residual_pca,current_pca,native,4,fast_prefix_3,fast_prefix_3,fast_prefix_3,matched_intermediate_family_and_bytes,boundary_inversion_rate,lower,128,0.0198352062445,0.0192603049829,0.000574901261633,favors_pca,true
residual_pca,current_pca,native,5,fast_prefix_3,fast_prefix_3,fast_prefix_3,matched_intermediate_family_and_bytes,boundary_inversion_rate,lower,128,0.0190673120762,0.0193607317256,-0.000293419649328,favors_transform,true
residual_pca,current_pca,native,6,fast_prefix_3,fast_prefix_3,fast_prefix_3,matched_intermediate_family_and_bytes,boundary_inversion_rate,lower,128,0.0194805544462,0.0198126243021,-0.000332069855859,favors_transform,true
residual_pca,current_pca,native,7,fast_prefix_3,fast_prefix_3,fast_prefix_3,matched_intermediate_family_and_bytes,boundary_inversion_rate,lower,128,0.0196159116424,0.019182277068,0.000433634574469,favors_pca,true
residual_pca,current_pca,native,8,fast_prefix_3,fast_prefix_3,fast_prefix_3,matched_intermediate_family_and_bytes,boundary_inversion_rate,lower,128,0.0192557934394,0.019433647801,-0.000177854361664,favors_transform,true
residual_pca,current_pca,native,9,fast_prefix_3,fast_prefix_3,fast_prefix_3,matched_intermediate_family_and_bytes,boundary_inversion_rate,lower,128,0.0199108285733,0.0194165101275,0.000494318445742,favors_pca,true
residual_pca,current_pca,native,0,fast_prefix_3,fast_prefix_3,fast_prefix_3,matched_intermediate_family_and_bytes,exact_best_rank,lower,128,8.3046875,8.1171875,0.1875,favors_pca,true
residual_pca,current_pca,native,1,fast_prefix_3,fast_prefix_3,fast_prefix_3,matched_intermediate_family_and_bytes,exact_best_rank,lower,128,6.375,8.203125,-1.828125,favors_transform,true
residual_pca,current_pca,native,2,fast_prefix_3,fast_prefix_3,fast_prefix_3,matched_intermediate_family_and_bytes,exact_best_rank,lower,128,5.9140625,7.2265625,-1.3125,favors_transform,true
residual_pca,current_pca,native,3,fast_prefix_3,fast_prefix_3,fast_prefix_3,matched_intermediate_family_and_bytes,exact_best_rank,lower,128,7.9375,6.0234375,1.9140625,favors_pca,true
residual_pca,current_pca,native,4,fast_prefix_3,fast_prefix_3,fast_prefix_3,matched_intermediate_family_and_bytes,exact_best_rank,lower,128,9.6015625,7.6328125,1.96875,favors_pca,true
residual_pca,current_pca,native,5,fast_prefix_3,fast_prefix_3,fast_prefix_3,matched_intermediate_family_and_bytes,exact_best_rank,lower,128,6.5546875,8.625,-2.0703125,favors_transform,true
residual_pca,current_pca,native,6,fast_prefix_3,fast_prefix_3,fast_prefix_3,matched_intermediate_family_and_bytes,exact_best_rank,lower,128,8.03125,7.6328125,0.3984375,favors_pca,true
residual_pca,current_pca,native,7,fast_prefix_3,fast_prefix_3,fast_prefix_3,matched_intermediate_family_and_bytes,exact_best_rank,lower,128,8.65625,6.421875,2.234375,favors_pca,true
residual_pca,current_pca,native,8,fast_prefix_3,fast_prefix_3,fast_prefix_3,matched_intermediate_family_and_bytes,exact_best_rank,lower,128,8.5,8.625,-0.125,favors_transform,true
residual_pca,current_pca,native,9,fast_prefix_3,fast_prefix_3,fast_prefix_3,matched_intermediate_family_and_bytes,exact_best_rank,lower,128,11.703125,7.8671875,3.8359375,favors_pca,true
residual_pca,current_pca,native,-1,fast_prefix_4,fast_prefix_4,fast_prefix_4,matched_intermediate_family_and_bytes,mean_per_query_candidate_rmse,lower,128,0.39914346212,0.398880779159,0.000262682960938,favors_pca,true
residual_pca,current_pca,native,-1,fast_prefix_4,fast_prefix_4,fast_prefix_4,matched_intermediate_family_and_bytes,pooled_candidate_rmse,lower,128,0.399555180647,0.399542946907,1.22337395232e-05,favors_pca,true
residual_pca,current_pca,native,-1,fast_prefix_4,fast_prefix_4,fast_prefix_4,matched_intermediate_family_and_bytes,candidate_mae,lower,128,0.354629463212,0.354421751874,0.0002077113375,favors_pca,true
residual_pca,current_pca,native,-1,fast_prefix_4,fast_prefix_4,fast_prefix_4,matched_intermediate_family_and_bytes,topk_agreement,higher,128,0.544375,0.54890625,-0.00453125,favors_pca,true
residual_pca,current_pca,native,-1,fast_prefix_4,fast_prefix_4,fast_prefix_4,matched_intermediate_family_and_bytes,boundary_inversion_rate,lower,128,0.0280758350547,0.0270983357513,0.000977499303453,favors_pca,true
residual_pca,current_pca,native,-1,fast_prefix_4,fast_prefix_4,fast_prefix_4,matched_intermediate_family_and_bytes,exact_best_rank,lower,128,15.140625,11.625,3.515625,favors_pca,true
residual_pca,current_pca,native,0,fast_prefix_4,fast_prefix_4,fast_prefix_4,matched_intermediate_family_and_bytes,mean_per_query_candidate_rmse,lower,128,0.387149708993,0.386381594359,0.000768114634375,favors_pca,true
residual_pca,current_pca,native,1,fast_prefix_4,fast_prefix_4,fast_prefix_4,matched_intermediate_family_and_bytes,mean_per_query_candidate_rmse,lower,128,0.38698928507,0.386689709863,0.00029957520625,favors_pca,true
residual_pca,current_pca,native,2,fast_prefix_4,fast_prefix_4,fast_prefix_4,matched_intermediate_family_and_bytes,mean_per_query_candidate_rmse,lower,128,0.386860217574,0.386282981184,0.000577236389844,favors_pca,true
residual_pca,current_pca,native,3,fast_prefix_4,fast_prefix_4,fast_prefix_4,matched_intermediate_family_and_bytes,mean_per_query_candidate_rmse,lower,128,0.387117132455,0.385622783846,0.00149434860859,favors_pca,true
residual_pca,current_pca,native,4,fast_prefix_4,fast_prefix_4,fast_prefix_4,matched_intermediate_family_and_bytes,mean_per_query_candidate_rmse,lower,128,0.387700311215,0.386475729427,0.0012245817875,favors_pca,true
residual_pca,current_pca,native,5,fast_prefix_4,fast_prefix_4,fast_prefix_4,matched_intermediate_family_and_bytes,mean_per_query_candidate_rmse,lower,128,0.386621718745,0.386118625048,0.000503093697656,favors_pca,true
residual_pca,current_pca,native,6,fast_prefix_4,fast_prefix_4,fast_prefix_4,matched_intermediate_family_and_bytes,mean_per_query_candidate_rmse,lower,128,0.386699649389,0.386763117892,-6.3468503125e-05,favors_transform,true
residual_pca,current_pca,native,7,fast_prefix_4,fast_prefix_4,fast_prefix_4,matched_intermediate_family_and_bytes,mean_per_query_candidate_rmse,lower,128,0.386306597743,0.386618126852,-0.000311529108594,favors_transform,true
residual_pca,current_pca,native,8,fast_prefix_4,fast_prefix_4,fast_prefix_4,matched_intermediate_family_and_bytes,mean_per_query_candidate_rmse,lower,128,0.387470089149,0.386085013167,0.00138507598203,favors_pca,true
residual_pca,current_pca,native,9,fast_prefix_4,fast_prefix_4,fast_prefix_4,matched_intermediate_family_and_bytes,mean_per_query_candidate_rmse,lower,128,0.386957028831,0.386436460766,0.000520568065625,favors_pca,true
residual_pca,current_pca,native,0,fast_prefix_4,fast_prefix_4,fast_prefix_4,matched_intermediate_family_and_bytes,pooled_candidate_rmse,lower,128,0.388206745017,0.387476115662,0.000730629354548,favors_pca,true
residual_pca,current_pca,native,1,fast_prefix_4,fast_prefix_4,fast_prefix_4,matched_intermediate_family_and_bytes,pooled_candidate_rmse,lower,128,0.388176726271,0.387823890494,0.000352835776942,favors_pca,true
residual_pca,current_pca,native,2,fast_prefix_4,fast_prefix_4,fast_prefix_4,matched_intermediate_family_and_bytes,pooled_candidate_rmse,lower,128,0.387907633336,0.387306415001,0.000601218335092,favors_pca,true
residual_pca,current_pca,native,3,fast_prefix_4,fast_prefix_4,fast_prefix_4,matched_intermediate_family_and_bytes,pooled_candidate_rmse,lower,128,0.388179084917,0.38674622361,0.00143286130736,favors_pca,true
residual_pca,current_pca,native,4,fast_prefix_4,fast_prefix_4,fast_prefix_4,matched_intermediate_family_and_bytes,pooled_candidate_rmse,lower,128,0.388854240292,0.387522871773,0.00133136851943,favors_pca,true
residual_pca,current_pca,native,5,fast_prefix_4,fast_prefix_4,fast_prefix_4,matched_intermediate_family_and_bytes,pooled_candidate_rmse,lower,128,0.3876422077,0.387201569908,0.000440637791718,favors_pca,true
residual_pca,current_pca,native,6,fast_prefix_4,fast_prefix_4,fast_prefix_4,matched_intermediate_family_and_bytes,pooled_candidate_rmse,lower,128,0.387842485767,0.387879762685,-3.72769183093e-05,favors_transform,true
residual_pca,current_pca,native,7,fast_prefix_4,fast_prefix_4,fast_prefix_4,matched_intermediate_family_and_bytes,pooled_candidate_rmse,lower,128,0.387407344033,0.387743417224,-0.000336073190418,favors_transform,true
residual_pca,current_pca,native,8,fast_prefix_4,fast_prefix_4,fast_prefix_4,matched_intermediate_family_and_bytes,pooled_candidate_rmse,lower,128,0.388634596481,0.387217760281,0.00141683619941,favors_pca,true
residual_pca,current_pca,native,9,fast_prefix_4,fast_prefix_4,fast_prefix_4,matched_intermediate_family_and_bytes,pooled_candidate_rmse,lower,128,0.38820912651,0.387451644591,0.000757481918874,favors_pca,true
residual_pca,current_pca,native,0,fast_prefix_4,fast_prefix_4,fast_prefix_4,matched_intermediate_family_and_bytes,candidate_mae,lower,128,0.351698395851,0.350874152836,0.000824243014844,favors_pca,true
residual_pca,current_pca,native,1,fast_prefix_4,fast_prefix_4,fast_prefix_4,matched_intermediate_family_and_bytes,candidate_mae,lower,128,0.351453597673,0.351196513993,0.000257083680469,favors_pca,true
residual_pca,current_pca,native,2,fast_prefix_4,fast_prefix_4,fast_prefix_4,matched_intermediate_family_and_bytes,candidate_mae,lower,128,0.351319960691,0.350870413192,0.000449547499219,favors_pca,true
residual_pca,current_pca,native,3,fast_prefix_4,fast_prefix_4,fast_prefix_4,matched_intermediate_family_and_bytes,candidate_mae,lower,128,0.351571562484,0.350336082684,0.0012354798,favors_pca,true
residual_pca,current_pca,native,4,fast_prefix_4,fast_prefix_4,fast_prefix_4,matched_intermediate_family_and_bytes,candidate_mae,lower,128,0.352140991662,0.35090862202,0.00123236964141,favors_pca,true
residual_pca,current_pca,native,5,fast_prefix_4,fast_prefix_4,fast_prefix_4,matched_intermediate_family_and_bytes,candidate_mae,lower,128,0.351009275472,0.350551632938,0.000457642534375,favors_pca,true
residual_pca,current_pca,native,6,fast_prefix_4,fast_prefix_4,fast_prefix_4,matched_intermediate_family_and_bytes,candidate_mae,lower,128,0.351182922725,0.351501322789,-0.000318400064062,favors_transform,true
residual_pca,current_pca,native,7,fast_prefix_4,fast_prefix_4,fast_prefix_4,matched_intermediate_family_and_bytes,candidate_mae,lower,128,0.350822911813,0.350976322036,-0.000153410223437,favors_transform,true
residual_pca,current_pca,native,8,fast_prefix_4,fast_prefix_4,fast_prefix_4,matched_intermediate_family_and_bytes,candidate_mae,lower,128,0.351830645073,0.350510714998,0.00131993007422,favors_pca,true
residual_pca,current_pca,native,9,fast_prefix_4,fast_prefix_4,fast_prefix_4,matched_intermediate_family_and_bytes,candidate_mae,lower,128,0.351299263207,0.351012075041,0.000287188165625,favors_pca,true
residual_pca,current_pca,native,0,fast_prefix_4,fast_prefix_4,fast_prefix_4,matched_intermediate_family_and_bytes,topk_agreement,higher,128,0.59296875,0.601796875,-0.008828125,favors_pca,true
residual_pca,current_pca,native,1,fast_prefix_4,fast_prefix_4,fast_prefix_4,matched_intermediate_family_and_bytes,topk_agreement,higher,128,0.585234375,0.5946875,-0.009453125,favors_pca,true
residual_pca,current_pca,native,2,fast_prefix_4,fast_prefix_4,fast_prefix_4,matched_intermediate_family_and_bytes,topk_agreement,higher,128,0.589921875,0.5946875,-0.004765625,favors_pca,true
residual_pca,current_pca,native,3,fast_prefix_4,fast_prefix_4,fast_prefix_4,matched_intermediate_family_and_bytes,topk_agreement,higher,128,0.59609375,0.594765625,0.001328125,favors_transform,true
residual_pca,current_pca,native,4,fast_prefix_4,fast_prefix_4,fast_prefix_4,matched_intermediate_family_and_bytes,topk_agreement,higher,128,0.585625,0.588828125,-0.003203125,favors_pca,true
residual_pca,current_pca,native,5,fast_prefix_4,fast_prefix_4,fast_prefix_4,matched_intermediate_family_and_bytes,topk_agreement,higher,128,0.592265625,0.59546875,-0.003203125,favors_pca,true
residual_pca,current_pca,native,6,fast_prefix_4,fast_prefix_4,fast_prefix_4,matched_intermediate_family_and_bytes,topk_agreement,higher,128,0.5928125,0.587890625,0.004921875,favors_transform,true
residual_pca,current_pca,native,7,fast_prefix_4,fast_prefix_4,fast_prefix_4,matched_intermediate_family_and_bytes,topk_agreement,higher,128,0.588046875,0.59078125,-0.002734375,favors_pca,true
residual_pca,current_pca,native,8,fast_prefix_4,fast_prefix_4,fast_prefix_4,matched_intermediate_family_and_bytes,topk_agreement,higher,128,0.5871875,0.590234375,-0.003046875,favors_pca,true
residual_pca,current_pca,native,9,fast_prefix_4,fast_prefix_4,fast_prefix_4,matched_intermediate_family_and_bytes,topk_agreement,higher,128,0.58796875,0.5921875,-0.00421875,favors_pca,true
residual_pca,current_pca,native,0,fast_prefix_4,fast_prefix_4,fast_prefix_4,matched_intermediate_family_and_bytes,boundary_inversion_rate,lower,128,0.0192336934697,0.0189777534292,0.000255940040492,favors_pca,true
residual_pca,current_pca,native,1,fast_prefix_4,fast_prefix_4,fast_prefix_4,matched_intermediate_family_and_bytes,boundary_inversion_rate,lower,128,0.0199830974854,0.019054940773,0.000928156712391,favors_pca,true
residual_pca,current_pca,native,2,fast_prefix_4,fast_prefix_4,fast_prefix_4,matched_intermediate_family_and_bytes,boundary_inversion_rate,lower,128,0.0193882093669,0.0191665660171,0.000221643349797,favors_pca,true
residual_pca,current_pca,native,3,fast_prefix_4,fast_prefix_4,fast_prefix_4,matched_intermediate_family_and_bytes,boundary_inversion_rate,lower,128,0.019388674431,0.0191663589101,0.000222315520859,favors_pca,true
residual_pca,current_pca,native,4,fast_prefix_4,fast_prefix_4,fast_prefix_4,matched_intermediate_family_and_bytes,boundary_inversion_rate,lower,128,0.0198421612378,0.0192828324877,0.000559328750094,favors_pca,true
residual_pca,current_pca,native,5,fast_prefix_4,fast_prefix_4,fast_prefix_4,matched_intermediate_family_and_bytes,boundary_inversion_rate,lower,128,0.0190783185439,0.0193829630538,-0.00030464450993,favors_transform,true
residual_pca,current_pca,native,6,fast_prefix_4,fast_prefix_4,fast_prefix_4,matched_intermediate_family_and_bytes,boundary_inversion_rate,lower,128,0.0194999566236,0.0198251378372,-0.000325181213617,favors_transform,true
residual_pca,current_pca,native,7,fast_prefix_4,fast_prefix_4,fast_prefix_4,matched_intermediate_family_and_bytes,boundary_inversion_rate,lower,128,0.0196237023074,0.0192007844465,0.000422917860844,favors_pca,true
residual_pca,current_pca,native,8,fast_prefix_4,fast_prefix_4,fast_prefix_4,matched_intermediate_family_and_bytes,boundary_inversion_rate,lower,128,0.0192588941604,0.0194531712642,-0.000194277103828,favors_transform,true
residual_pca,current_pca,native,9,fast_prefix_4,fast_prefix_4,fast_prefix_4,matched_intermediate_family_and_bytes,boundary_inversion_rate,lower,128,0.0199244668222,0.0194292732658,0.000495193556344,favors_pca,true
residual_pca,current_pca,native,0,fast_prefix_4,fast_prefix_4,fast_prefix_4,matched_intermediate_family_and_bytes,exact_best_rank,lower,128,8.3359375,8.2265625,0.109375,favors_pca,true
residual_pca,current_pca,native,1,fast_prefix_4,fast_prefix_4,fast_prefix_4,matched_intermediate_family_and_bytes,exact_best_rank,lower,128,6.3828125,8.25,-1.8671875,favors_transform,true
residual_pca,current_pca,native,2,fast_prefix_4,fast_prefix_4,fast_prefix_4,matched_intermediate_family_and_bytes,exact_best_rank,lower,128,5.921875,7.2578125,-1.3359375,favors_transform,true
residual_pca,current_pca,native,3,fast_prefix_4,fast_prefix_4,fast_prefix_4,matched_intermediate_family_and_bytes,exact_best_rank,lower,128,7.875,6.03125,1.84375,favors_pca,true
residual_pca,current_pca,native,4,fast_prefix_4,fast_prefix_4,fast_prefix_4,matched_intermediate_family_and_bytes,exact_best_rank,lower,128,9.625,7.6015625,2.0234375,favors_pca,true
residual_pca,current_pca,native,5,fast_prefix_4,fast_prefix_4,fast_prefix_4,matched_intermediate_family_and_bytes,exact_best_rank,lower,128,6.5546875,8.5625,-2.0078125,favors_transform,true
residual_pca,current_pca,native,6,fast_prefix_4,fast_prefix_4,fast_prefix_4,matched_intermediate_family_and_bytes,exact_best_rank,lower,128,8.0703125,7.59375,0.4765625,favors_pca,true
residual_pca,current_pca,native,7,fast_prefix_4,fast_prefix_4,fast_prefix_4,matched_intermediate_family_and_bytes,exact_best_rank,lower,128,8.703125,6.3671875,2.3359375,favors_pca,true
residual_pca,current_pca,native,8,fast_prefix_4,fast_prefix_4,fast_prefix_4,matched_intermediate_family_and_bytes,exact_best_rank,lower,128,8.5078125,8.6640625,-0.15625,favors_transform,true
residual_pca,current_pca,native,9,fast_prefix_4,fast_prefix_4,fast_prefix_4,matched_intermediate_family_and_bytes,exact_best_rank,lower,128,11.625,7.9140625,3.7109375,favors_pca,true
residual_pca,current_pca,native,-1,fast_all,fast_all,fast_all,common_endpoint,mean_per_query_candidate_rmse,lower,128,0.39914346212,0.398880779159,0.000262682960938,favors_pca,true
residual_pca,current_pca,native,-1,fast_all,fast_all,fast_all,common_endpoint,pooled_candidate_rmse,lower,128,0.399555180647,0.399542946907,1.22337395232e-05,favors_pca,true
residual_pca,current_pca,native,-1,fast_all,fast_all,fast_all,common_endpoint,candidate_mae,lower,128,0.354629463212,0.354421751874,0.0002077113375,favors_pca,true
residual_pca,current_pca,native,-1,fast_all,fast_all,fast_all,common_endpoint,topk_agreement,higher,128,0.544375,0.54890625,-0.00453125,favors_pca,true
residual_pca,current_pca,native,-1,fast_all,fast_all,fast_all,common_endpoint,boundary_inversion_rate,lower,128,0.0280758350547,0.0270983357513,0.000977499303453,favors_pca,true
residual_pca,current_pca,native,-1,fast_all,fast_all,fast_all,common_endpoint,exact_best_rank,lower,128,15.140625,11.625,3.515625,favors_pca,true
residual_pca,current_pca,native,0,fast_all,fast_all,fast_all,common_endpoint,mean_per_query_candidate_rmse,lower,128,0.387149708993,0.386381594359,0.000768114634375,favors_pca,true
residual_pca,current_pca,native,1,fast_all,fast_all,fast_all,common_endpoint,mean_per_query_candidate_rmse,lower,128,0.38698928507,0.386689709863,0.00029957520625,favors_pca,true
residual_pca,current_pca,native,2,fast_all,fast_all,fast_all,common_endpoint,mean_per_query_candidate_rmse,lower,128,0.386860217574,0.386282981184,0.000577236389844,favors_pca,true
residual_pca,current_pca,native,3,fast_all,fast_all,fast_all,common_endpoint,mean_per_query_candidate_rmse,lower,128,0.387117132455,0.385622783846,0.00149434860859,favors_pca,true
residual_pca,current_pca,native,4,fast_all,fast_all,fast_all,common_endpoint,mean_per_query_candidate_rmse,lower,128,0.387700311215,0.386475729427,0.0012245817875,favors_pca,true
residual_pca,current_pca,native,5,fast_all,fast_all,fast_all,common_endpoint,mean_per_query_candidate_rmse,lower,128,0.386621718745,0.386118625048,0.000503093697656,favors_pca,true
residual_pca,current_pca,native,6,fast_all,fast_all,fast_all,common_endpoint,mean_per_query_candidate_rmse,lower,128,0.386699649389,0.386763117892,-6.3468503125e-05,favors_transform,true
residual_pca,current_pca,native,7,fast_all,fast_all,fast_all,common_endpoint,mean_per_query_candidate_rmse,lower,128,0.386306597743,0.386618126852,-0.000311529108594,favors_transform,true
residual_pca,current_pca,native,8,fast_all,fast_all,fast_all,common_endpoint,mean_per_query_candidate_rmse,lower,128,0.387470089149,0.386085013167,0.00138507598203,favors_pca,true
residual_pca,current_pca,native,9,fast_all,fast_all,fast_all,common_endpoint,mean_per_query_candidate_rmse,lower,128,0.386957028831,0.386436460766,0.000520568065625,favors_pca,true
residual_pca,current_pca,native,0,fast_all,fast_all,fast_all,common_endpoint,pooled_candidate_rmse,lower,128,0.388206745017,0.387476115662,0.000730629354548,favors_pca,true
residual_pca,current_pca,native,1,fast_all,fast_all,fast_all,common_endpoint,pooled_candidate_rmse,lower,128,0.388176726271,0.387823890494,0.000352835776942,favors_pca,true
residual_pca,current_pca,native,2,fast_all,fast_all,fast_all,common_endpoint,pooled_candidate_rmse,lower,128,0.387907633336,0.387306415001,0.000601218335092,favors_pca,true
residual_pca,current_pca,native,3,fast_all,fast_all,fast_all,common_endpoint,pooled_candidate_rmse,lower,128,0.388179084917,0.38674622361,0.00143286130736,favors_pca,true
residual_pca,current_pca,native,4,fast_all,fast_all,fast_all,common_endpoint,pooled_candidate_rmse,lower,128,0.388854240292,0.387522871773,0.00133136851943,favors_pca,true
residual_pca,current_pca,native,5,fast_all,fast_all,fast_all,common_endpoint,pooled_candidate_rmse,lower,128,0.3876422077,0.387201569908,0.000440637791718,favors_pca,true
residual_pca,current_pca,native,6,fast_all,fast_all,fast_all,common_endpoint,pooled_candidate_rmse,lower,128,0.387842485767,0.387879762685,-3.72769183093e-05,favors_transform,true
residual_pca,current_pca,native,7,fast_all,fast_all,fast_all,common_endpoint,pooled_candidate_rmse,lower,128,0.387407344033,0.387743417224,-0.000336073190418,favors_transform,true
residual_pca,current_pca,native,8,fast_all,fast_all,fast_all,common_endpoint,pooled_candidate_rmse,lower,128,0.388634596481,0.387217760281,0.00141683619941,favors_pca,true
residual_pca,current_pca,native,9,fast_all,fast_all,fast_all,common_endpoint,pooled_candidate_rmse,lower,128,0.38820912651,0.387451644591,0.000757481918874,favors_pca,true
residual_pca,current_pca,native,0,fast_all,fast_all,fast_all,common_endpoint,candidate_mae,lower,128,0.351698395851,0.350874152836,0.000824243014844,favors_pca,true
residual_pca,current_pca,native,1,fast_all,fast_all,fast_all,common_endpoint,candidate_mae,lower,128,0.351453597673,0.351196513993,0.000257083680469,favors_pca,true
residual_pca,current_pca,native,2,fast_all,fast_all,fast_all,common_endpoint,candidate_mae,lower,128,0.351319960691,0.350870413192,0.000449547499219,favors_pca,true
residual_pca,current_pca,native,3,fast_all,fast_all,fast_all,common_endpoint,candidate_mae,lower,128,0.351571562484,0.350336082684,0.0012354798,favors_pca,true
residual_pca,current_pca,native,4,fast_all,fast_all,fast_all,common_endpoint,candidate_mae,lower,128,0.352140991662,0.35090862202,0.00123236964141,favors_pca,true
residual_pca,current_pca,native,5,fast_all,fast_all,fast_all,common_endpoint,candidate_mae,lower,128,0.351009275472,0.350551632938,0.000457642534375,favors_pca,true
residual_pca,current_pca,native,6,fast_all,fast_all,fast_all,common_endpoint,candidate_mae,lower,128,0.351182922725,0.351501322789,-0.000318400064062,favors_transform,true
residual_pca,current_pca,native,7,fast_all,fast_all,fast_all,common_endpoint,candidate_mae,lower,128,0.350822911813,0.350976322036,-0.000153410223437,favors_transform,true
residual_pca,current_pca,native,8,fast_all,fast_all,fast_all,common_endpoint,candidate_mae,lower,128,0.351830645073,0.350510714998,0.00131993007422,favors_pca,true
residual_pca,current_pca,native,9,fast_all,fast_all,fast_all,common_endpoint,candidate_mae,lower,128,0.351299263207,0.351012075041,0.000287188165625,favors_pca,true
residual_pca,current_pca,native,0,fast_all,fast_all,fast_all,common_endpoint,topk_agreement,higher,128,0.59296875,0.601796875,-0.008828125,favors_pca,true
residual_pca,current_pca,native,1,fast_all,fast_all,fast_all,common_endpoint,topk_agreement,higher,128,0.585234375,0.5946875,-0.009453125,favors_pca,true
residual_pca,current_pca,native,2,fast_all,fast_all,fast_all,common_endpoint,topk_agreement,higher,128,0.589921875,0.5946875,-0.004765625,favors_pca,true
residual_pca,current_pca,native,3,fast_all,fast_all,fast_all,common_endpoint,topk_agreement,higher,128,0.59609375,0.594765625,0.001328125,favors_transform,true
residual_pca,current_pca,native,4,fast_all,fast_all,fast_all,common_endpoint,topk_agreement,higher,128,0.585625,0.588828125,-0.003203125,favors_pca,true
residual_pca,current_pca,native,5,fast_all,fast_all,fast_all,common_endpoint,topk_agreement,higher,128,0.592265625,0.59546875,-0.003203125,favors_pca,true
residual_pca,current_pca,native,6,fast_all,fast_all,fast_all,common_endpoint,topk_agreement,higher,128,0.5928125,0.587890625,0.004921875,favors_transform,true
residual_pca,current_pca,native,7,fast_all,fast_all,fast_all,common_endpoint,topk_agreement,higher,128,0.588046875,0.59078125,-0.002734375,favors_pca,true
residual_pca,current_pca,native,8,fast_all,fast_all,fast_all,common_endpoint,topk_agreement,higher,128,0.5871875,0.590234375,-0.003046875,favors_pca,true
residual_pca,current_pca,native,9,fast_all,fast_all,fast_all,common_endpoint,topk_agreement,higher,128,0.58796875,0.5921875,-0.00421875,favors_pca,true
residual_pca,current_pca,native,0,fast_all,fast_all,fast_all,common_endpoint,boundary_inversion_rate,lower,128,0.0192336934697,0.0189777534292,0.000255940040492,favors_pca,true
residual_pca,current_pca,native,1,fast_all,fast_all,fast_all,common_endpoint,boundary_inversion_rate,lower,128,0.0199830974854,0.019054940773,0.000928156712391,favors_pca,true
residual_pca,current_pca,native,2,fast_all,fast_all,fast_all,common_endpoint,boundary_inversion_rate,lower,128,0.0193882093669,0.0191665660171,0.000221643349797,favors_pca,true
residual_pca,current_pca,native,3,fast_all,fast_all,fast_all,common_endpoint,boundary_inversion_rate,lower,128,0.019388674431,0.0191663589101,0.000222315520859,favors_pca,true
residual_pca,current_pca,native,4,fast_all,fast_all,fast_all,common_endpoint,boundary_inversion_rate,lower,128,0.0198421612378,0.0192828324877,0.000559328750094,favors_pca,true
residual_pca,current_pca,native,5,fast_all,fast_all,fast_all,common_endpoint,boundary_inversion_rate,lower,128,0.0190783185439,0.0193829630538,-0.00030464450993,favors_transform,true
residual_pca,current_pca,native,6,fast_all,fast_all,fast_all,common_endpoint,boundary_inversion_rate,lower,128,0.0194999566236,0.0198251378372,-0.000325181213617,favors_transform,true
residual_pca,current_pca,native,7,fast_all,fast_all,fast_all,common_endpoint,boundary_inversion_rate,lower,128,0.0196237023074,0.0192007844465,0.000422917860844,favors_pca,true
residual_pca,current_pca,native,8,fast_all,fast_all,fast_all,common_endpoint,boundary_inversion_rate,lower,128,0.0192588941604,0.0194531712642,-0.000194277103828,favors_transform,true
residual_pca,current_pca,native,9,fast_all,fast_all,fast_all,common_endpoint,boundary_inversion_rate,lower,128,0.0199244668222,0.0194292732658,0.000495193556344,favors_pca,true
residual_pca,current_pca,native,0,fast_all,fast_all,fast_all,common_endpoint,exact_best_rank,lower,128,8.3359375,8.2265625,0.109375,favors_pca,true
residual_pca,current_pca,native,1,fast_all,fast_all,fast_all,common_endpoint,exact_best_rank,lower,128,6.3828125,8.25,-1.8671875,favors_transform,true
residual_pca,current_pca,native,2,fast_all,fast_all,fast_all,common_endpoint,exact_best_rank,lower,128,5.921875,7.2578125,-1.3359375,favors_transform,true
residual_pca,current_pca,native,3,fast_all,fast_all,fast_all,common_endpoint,exact_best_rank,lower,128,7.875,6.03125,1.84375,favors_pca,true
residual_pca,current_pca,native,4,fast_all,fast_all,fast_all,common_endpoint,exact_best_rank,lower,128,9.625,7.6015625,2.0234375,favors_pca,true
residual_pca,current_pca,native,5,fast_all,fast_all,fast_all,common_endpoint,exact_best_rank,lower,128,6.5546875,8.5625,-2.0078125,favors_transform,true
residual_pca,current_pca,native,6,fast_all,fast_all,fast_all,common_endpoint,exact_best_rank,lower,128,8.0703125,7.59375,0.4765625,favors_pca,true
residual_pca,current_pca,native,7,fast_all,fast_all,fast_all,common_endpoint,exact_best_rank,lower,128,8.703125,6.3671875,2.3359375,favors_pca,true
residual_pca,current_pca,native,8,fast_all,fast_all,fast_all,common_endpoint,exact_best_rank,lower,128,8.5078125,8.6640625,-0.15625,favors_transform,true
residual_pca,current_pca,native,9,fast_all,fast_all,fast_all,common_endpoint,exact_best_rank,lower,128,11.625,7.9140625,3.7109375,favors_pca,true
residual_pca,current_pca,native,-1,accurate_prefix_1,accurate_prefix_1,accurate_prefix_1,matched_intermediate_family_and_bytes,mean_per_query_candidate_rmse,lower,128,0.0827859383185,0.083347049178,-0.000561110859453,favors_transform,true
residual_pca,current_pca,native,-1,accurate_prefix_1,accurate_prefix_1,accurate_prefix_1,matched_intermediate_family_and_bytes,pooled_candidate_rmse,lower,128,0.0875495923532,0.0881312006375,-0.000581608284333,favors_transform,true
residual_pca,current_pca,native,-1,accurate_prefix_1,accurate_prefix_1,accurate_prefix_1,matched_intermediate_family_and_bytes,candidate_mae,lower,128,0.0745712946309,0.075026318327,-0.000455023696016,favors_transform,true
residual_pca,current_pca,native,-1,accurate_prefix_1,accurate_prefix_1,accurate_prefix_1,matched_intermediate_family_and_bytes,topk_agreement,higher,128,0.899375,0.900234375,-0.000859375,favors_pca,true
residual_pca,current_pca,native,-1,accurate_prefix_1,accurate_prefix_1,accurate_prefix_1,matched_intermediate_family_and_bytes,boundary_inversion_rate,lower,128,0.00107732096308,0.0011019548401,-2.46338770274e-05,favors_transform,true
residual_pca,current_pca,native,-1,accurate_prefix_1,accurate_prefix_1,accurate_prefix_1,matched_intermediate_family_and_bytes,exact_best_rank,lower,128,1.390625,1.3046875,0.0859375,favors_pca,true
residual_pca,current_pca,native,0,accurate_prefix_1,accurate_prefix_1,accurate_prefix_1,matched_intermediate_family_and_bytes,mean_per_query_candidate_rmse,lower,128,0.08134508117,0.0818507213882,-0.000505640218203,favors_transform,true
residual_pca,current_pca,native,1,accurate_prefix_1,accurate_prefix_1,accurate_prefix_1,matched_intermediate_family_and_bytes,mean_per_query_candidate_rmse,lower,128,0.0813306250865,0.0817794194902,-0.000448794403672,favors_transform,true
residual_pca,current_pca,native,2,accurate_prefix_1,accurate_prefix_1,accurate_prefix_1,matched_intermediate_family_and_bytes,mean_per_query_candidate_rmse,lower,128,0.0813236554387,0.081821884752,-0.000498229313359,favors_transform,true
residual_pca,current_pca,native,3,accurate_prefix_1,accurate_prefix_1,accurate_prefix_1,matched_intermediate_family_and_bytes,mean_per_query_candidate_rmse,lower,128,0.0813430595806,0.0817397918273,-0.000396732246719,favors_transform,true
residual_pca,current_pca,native,4,accurate_prefix_1,accurate_prefix_1,accurate_prefix_1,matched_intermediate_family_and_bytes,mean_per_query_candidate_rmse,lower,128,0.0813208956204,0.0818263854587,-0.000505489838281,favors_transform,true
residual_pca,current_pca,native,5,accurate_prefix_1,accurate_prefix_1,accurate_prefix_1,matched_intermediate_family_and_bytes,mean_per_query_candidate_rmse,lower,128,0.0812734934326,0.0818562957766,-0.000582802344062,favors_transform,true
residual_pca,current_pca,native,6,accurate_prefix_1,accurate_prefix_1,accurate_prefix_1,matched_intermediate_family_and_bytes,mean_per_query_candidate_rmse,lower,128,0.0812911807735,0.0818174886596,-0.000526307886094,favors_transform,true
residual_pca,current_pca,native,7,accurate_prefix_1,accurate_prefix_1,accurate_prefix_1,matched_intermediate_family_and_bytes,mean_per_query_candidate_rmse,lower,128,0.0813003057154,0.0818061557312,-0.000505850015859,favors_transform,true
residual_pca,current_pca,native,8,accurate_prefix_1,accurate_prefix_1,accurate_prefix_1,matched_intermediate_family_and_bytes,mean_per_query_candidate_rmse,lower,128,0.0812834965791,0.0818376062301,-0.000554109650938,favors_transform,true
residual_pca,current_pca,native,9,accurate_prefix_1,accurate_prefix_1,accurate_prefix_1,matched_intermediate_family_and_bytes,mean_per_query_candidate_rmse,lower,128,0.0813734382116,0.0817718819924,-0.000398443780859,favors_transform,true
residual_pca,current_pca,native,0,accurate_prefix_1,accurate_prefix_1,accurate_prefix_1,matched_intermediate_family_and_bytes,pooled_candidate_rmse,lower,128,0.0861159059752,0.0866542929084,-0.000538386933219,favors_transform,true
residual_pca,current_pca,native,1,accurate_prefix_1,accurate_prefix_1,accurate_prefix_1,matched_intermediate_family_and_bytes,pooled_candidate_rmse,lower,128,0.0860741067579,0.0865420590038,-0.000467952245895,favors_transform,true
residual_pca,current_pca,native,2,accurate_prefix_1,accurate_prefix_1,accurate_prefix_1,matched_intermediate_family_and_bytes,pooled_candidate_rmse,lower,128,0.0860544954084,0.0865846645808,-0.000530169172422,favors_transform,true
residual_pca,current_pca,native,3,accurate_prefix_1,accurate_prefix_1,accurate_prefix_1,matched_intermediate_family_and_bytes,pooled_candidate_rmse,lower,128,0.0860556194196,0.0865195834826,-0.000463964063054,favors_transform,true
residual_pca,current_pca,native,4,accurate_prefix_1,accurate_prefix_1,accurate_prefix_1,matched_intermediate_family_and_bytes,pooled_candidate_rmse,lower,128,0.0860475084282,0.0866439777187,-0.0005964692905,favors_transform,true
residual_pca,current_pca,native,5,accurate_prefix_1,accurate_prefix_1,accurate_prefix_1,matched_intermediate_family_and_bytes,pooled_candidate_rmse,lower,128,0.0860389448898,0.0866486720936,-0.000609727203884,favors_transform,true
residual_pca,current_pca,native,6,accurate_prefix_1,accurate_prefix_1,accurate_prefix_1,matched_intermediate_family_and_bytes,pooled_candidate_rmse,lower,128,0.0860417234241,0.0865658400666,-0.000524116642562,favors_transform,true
residual_pca,current_pca,native,7,accurate_prefix_1,accurate_prefix_1,accurate_prefix_1,matched_intermediate_family_and_bytes,pooled_candidate_rmse,lower,128,0.0860398935887,0.0866150619589,-0.00057516837017,favors_transform,true
residual_pca,current_pca,native,8,accurate_prefix_1,accurate_prefix_1,accurate_prefix_1,matched_intermediate_family_and_bytes,pooled_candidate_rmse,lower,128,0.0860212360579,0.0866228906078,-0.000601654549914,favors_transform,true
residual_pca,current_pca,native,9,accurate_prefix_1,accurate_prefix_1,accurate_prefix_1,matched_intermediate_family_and_bytes,pooled_candidate_rmse,lower,128,0.08612834188,0.0865625178586,-0.000434175978665,favors_transform,true
residual_pca,current_pca,native,0,accurate_prefix_1,accurate_prefix_1,accurate_prefix_1,matched_intermediate_family_and_bytes,candidate_mae,lower,128,0.0742251174142,0.0746649305944,-0.000439813180156,favors_transform,true
residual_pca,current_pca,native,1,accurate_prefix_1,accurate_prefix_1,accurate_prefix_1,matched_intermediate_family_and_bytes,candidate_mae,lower,128,0.0741709056914,0.074591720416,-0.000420814724609,favors_transform,true
residual_pca,current_pca,native,2,accurate_prefix_1,accurate_prefix_1,accurate_prefix_1,matched_intermediate_family_and_bytes,candidate_mae,lower,128,0.0741977016734,0.0746459645517,-0.000448262878359,favors_transform,true
residual_pca,current_pca,native,3,accurate_prefix_1,accurate_prefix_1,accurate_prefix_1,matched_intermediate_family_and_bytes,candidate_mae,lower,128,0.0741484938102,0.0746138917002,-0.000465397890078,favors_transform,true
residual_pca,current_pca,native,4,accurate_prefix_1,accurate_prefix_1,accurate_prefix_1,matched_intermediate_family_and_bytes,candidate_mae,lower,128,0.0741740726386,0.0746194498961,-0.0004453772575,favors_transform,true
residual_pca,current_pca,native,5,accurate_prefix_1,accurate_prefix_1,accurate_prefix_1,matched_intermediate_family_and_bytes,candidate_mae,lower,128,0.0741352993183,0.0746716439769,-0.000536344658594,favors_transform,true
residual_pca,current_pca,native,6,accurate_prefix_1,accurate_prefix_1,accurate_prefix_1,matched_intermediate_family_and_bytes,candidate_mae,lower,128,0.0741322575675,0.0746536325069,-0.000521374939375,favors_transform,true
residual_pca,current_pca,native,7,accurate_prefix_1,accurate_prefix_1,accurate_prefix_1,matched_intermediate_family_and_bytes,candidate_mae,lower,128,0.0741916089998,0.0746460906608,-0.000454481661016,favors_transform,true
residual_pca,current_pca,native,8,accurate_prefix_1,accurate_prefix_1,accurate_prefix_1,matched_intermediate_family_and_bytes,candidate_mae,lower,128,0.0741443877109,0.0746467182542,-0.000502330543359,favors_transform,true
residual_pca,current_pca,native,9,accurate_prefix_1,accurate_prefix_1,accurate_prefix_1,matched_intermediate_family_and_bytes,candidate_mae,lower,128,0.0742367996934,0.0745929075898,-0.000356107896484,favors_transform,true
residual_pca,current_pca,native,0,accurate_prefix_1,accurate_prefix_1,accurate_prefix_1,matched_intermediate_family_and_bytes,topk_agreement,higher,128,0.906640625,0.906328125,0.0003125,favors_transform,true
residual_pca,current_pca,native,1,accurate_prefix_1,accurate_prefix_1,accurate_prefix_1,matched_intermediate_family_and_bytes,topk_agreement,higher,128,0.907734375,0.903984375,0.00375,favors_transform,true
residual_pca,current_pca,native,2,accurate_prefix_1,accurate_prefix_1,accurate_prefix_1,matched_intermediate_family_and_bytes,topk_agreement,higher,128,0.90546875,0.906484375,-0.001015625,favors_pca,true
residual_pca,current_pca,native,3,accurate_prefix_1,accurate_prefix_1,accurate_prefix_1,matched_intermediate_family_and_bytes,topk_agreement,higher,128,0.908203125,0.906015625,0.0021875,favors_transform,true
residual_pca,current_pca,native,4,accurate_prefix_1,accurate_prefix_1,accurate_prefix_1,matched_intermediate_family_and_bytes,topk_agreement,higher,128,0.904453125,0.9040625,0.000390625,favors_transform,true
residual_pca,current_pca,native,5,accurate_prefix_1,accurate_prefix_1,accurate_prefix_1,matched_intermediate_family_and_bytes,topk_agreement,higher,128,0.90578125,0.906640625,-0.000859375,favors_pca,true
residual_pca,current_pca,native,6,accurate_prefix_1,accurate_prefix_1,accurate_prefix_1,matched_intermediate_family_and_bytes,topk_agreement,higher,128,0.905859375,0.9021875,0.003671875,favors_transform,true
residual_pca,current_pca,native,7,accurate_prefix_1,accurate_prefix_1,accurate_prefix_1,matched_intermediate_family_and_bytes,topk_agreement,higher,128,0.908203125,0.90453125,0.003671875,favors_transform,true
residual_pca,current_pca,native,8,accurate_prefix_1,accurate_prefix_1,accurate_prefix_1,matched_intermediate_family_and_bytes,topk_agreement,higher,128,0.90515625,0.905625,-0.00046875,favors_pca,true
residual_pca,current_pca,native,9,accurate_prefix_1,accurate_prefix_1,accurate_prefix_1,matched_intermediate_family_and_bytes,topk_agreement,higher,128,0.904375,0.9034375,0.0009375,favors_transform,true
residual_pca,current_pca,native,0,accurate_prefix_1,accurate_prefix_1,accurate_prefix_1,matched_intermediate_family_and_bytes,boundary_inversion_rate,lower,128,0.000937609311643,0.000925058293133,1.25510185103e-05,favors_pca,true
residual_pca,current_pca,native,1,accurate_prefix_1,accurate_prefix_1,accurate_prefix_1,matched_intermediate_family_and_bytes,boundary_inversion_rate,lower,128,0.000906645752691,0.000957864972122,-5.12192194317e-05,favors_transform,true
residual_pca,current_pca,native,2,accurate_prefix_1,accurate_prefix_1,accurate_prefix_1,matched_intermediate_family_and_bytes,boundary_inversion_rate,lower,128,0.000936851181371,0.000941350906275,-4.49972490438e-06,favors_transform,true
residual_pca,current_pca,native,3,accurate_prefix_1,accurate_prefix_1,accurate_prefix_1,matched_intermediate_family_and_bytes,boundary_inversion_rate,lower,128,0.000924195444461,0.00094366616919,-1.94707247295e-05,favors_transform,true
residual_pca,current_pca,native,4,accurate_prefix_1,accurate_prefix_1,accurate_prefix_1,matched_intermediate_family_and_bytes,boundary_inversion_rate,lower,128,0.000940120893491,0.000973713744481,-3.35928509898e-05,favors_transform,true
residual_pca,current_pca,native,5,accurate_prefix_1,accurate_prefix_1,accurate_prefix_1,matched_intermediate_family_and_bytes,boundary_inversion_rate,lower,128,0.00092313894129,0.000945517392744,-2.23784514539e-05,favors_transform,true
residual_pca,current_pca,native,6,accurate_prefix_1,accurate_prefix_1,accurate_prefix_1,matched_intermediate_family_and_bytes,boundary_inversion_rate,lower,128,0.000963432423582,0.000991391403444,-2.79589798615e-05,favors_transform,true
residual_pca,current_pca,native,7,accurate_prefix_1,accurate_prefix_1,accurate_prefix_1,matched_intermediate_family_and_bytes,boundary_inversion_rate,lower,128,0.000931033203823,0.000953192795177,-2.2159591354e-05,favors_transform,true
residual_pca,current_pca,native,8,accurate_prefix_1,accurate_prefix_1,accurate_prefix_1,matched_intermediate_family_and_bytes,boundary_inversion_rate,lower,128,0.000961118403624,0.000946753261622,1.43651420017e-05,favors_pca,true
residual_pca,current_pca,native,9,accurate_prefix_1,accurate_prefix_1,accurate_prefix_1,matched_intermediate_family_and_bytes,boundary_inversion_rate,lower,128,0.000956534105967,0.000975892357107,-1.93582511402e-05,favors_transform,true
residual_pca,current_pca,native,0,accurate_prefix_1,accurate_prefix_1,accurate_prefix_1,matched_intermediate_family_and_bytes,exact_best_rank,lower,128,1.421875,1.375,0.046875,favors_pca,true
residual_pca,current_pca,native,1,accurate_prefix_1,accurate_prefix_1,accurate_prefix_1,matched_intermediate_family_and_bytes,exact_best_rank,lower,128,1.421875,1.4921875,-0.0703125,favors_transform,true
residual_pca,current_pca,native,2,accurate_prefix_1,accurate_prefix_1,accurate_prefix_1,matched_intermediate_family_and_bytes,exact_best_rank,lower,128,1.390625,1.5,-0.109375,favors_transform,true
residual_pca,current_pca,native,3,accurate_prefix_1,accurate_prefix_1,accurate_prefix_1,matched_intermediate_family_and_bytes,exact_best_rank,lower,128,1.4375,1.453125,-0.015625,favors_transform,true
residual_pca,current_pca,native,4,accurate_prefix_1,accurate_prefix_1,accurate_prefix_1,matched_intermediate_family_and_bytes,exact_best_rank,lower,128,1.375,1.453125,-0.078125,favors_transform,true
residual_pca,current_pca,native,5,accurate_prefix_1,accurate_prefix_1,accurate_prefix_1,matched_intermediate_family_and_bytes,exact_best_rank,lower,128,1.3671875,1.46875,-0.1015625,favors_transform,true
residual_pca,current_pca,native,6,accurate_prefix_1,accurate_prefix_1,accurate_prefix_1,matched_intermediate_family_and_bytes,exact_best_rank,lower,128,1.3046875,1.453125,-0.1484375,favors_transform,true
residual_pca,current_pca,native,7,accurate_prefix_1,accurate_prefix_1,accurate_prefix_1,matched_intermediate_family_and_bytes,exact_best_rank,lower,128,1.265625,1.40625,-0.140625,favors_transform,true
residual_pca,current_pca,native,8,accurate_prefix_1,accurate_prefix_1,accurate_prefix_1,matched_intermediate_family_and_bytes,exact_best_rank,lower,128,1.3828125,1.3203125,0.0625,favors_pca,true
residual_pca,current_pca,native,9,accurate_prefix_1,accurate_prefix_1,accurate_prefix_1,matched_intermediate_family_and_bytes,exact_best_rank,lower,128,1.5859375,1.4375,0.1484375,favors_pca,true
residual_pca,current_pca,native,-1,accurate_prefix_2,accurate_prefix_2,accurate_prefix_2,matched_intermediate_family_and_bytes,mean_per_query_candidate_rmse,lower,128,0.019424999593,0.0194689879851,-4.39883920625e-05,favors_transform,true
residual_pca,current_pca,native,-1,accurate_prefix_2,accurate_prefix_2,accurate_prefix_2,matched_intermediate_family_and_bytes,pooled_candidate_rmse,lower,128,0.021498739838,0.0215690642973,-7.03244593159e-05,favors_transform,true
residual_pca,current_pca,native,-1,accurate_prefix_2,accurate_prefix_2,accurate_prefix_2,matched_intermediate_family_and_bytes,candidate_mae,lower,128,0.0173878917251,0.0174223897505,-3.44980253828e-05,favors_transform,true
residual_pca,current_pca,native,-1,accurate_prefix_2,accurate_prefix_2,accurate_prefix_2,matched_intermediate_family_and_bytes,topk_agreement,higher,128,0.97609375,0.9753125,0.00078125,favors_transform,true
residual_pca,current_pca,native,-1,accurate_prefix_2,accurate_prefix_2,accurate_prefix_2,matched_intermediate_family_and_bytes,boundary_inversion_rate,lower,128,7.0359227887e-05,6.86119429142e-05,1.74728497277e-06,favors_pca,true
residual_pca,current_pca,native,-1,accurate_prefix_2,accurate_prefix_2,accurate_prefix_2,matched_intermediate_family_and_bytes,exact_best_rank,lower,128,1.046875,1.0625,-0.015625,favors_transform,true
residual_pca,current_pca,native,0,accurate_prefix_2,accurate_prefix_2,accurate_prefix_2,matched_intermediate_family_and_bytes,mean_per_query_candidate_rmse,lower,128,0.0192077339593,0.0191923108634,1.5423095875e-05,favors_pca,true
residual_pca,current_pca,native,1,accurate_prefix_2,accurate_prefix_2,accurate_prefix_2,matched_intermediate_family_and_bytes,mean_per_query_candidate_rmse,lower,128,0.0191752445472,0.01919704572,-2.18011728438e-05,favors_transform,true
residual_pca,current_pca,native,2,accurate_prefix_2,accurate_prefix_2,accurate_prefix_2,matched_intermediate_family_and_bytes,mean_per_query_candidate_rmse,lower,128,0.0191774511583,0.0192107917352,-3.33405769141e-05,favors_transform,true
residual_pca,current_pca,native,3,accurate_prefix_2,accurate_prefix_2,accurate_prefix_2,matched_intermediate_family_and_bytes,mean_per_query_candidate_rmse,lower,128,0.0191959688808,0.0192236558909,-2.76870100391e-05,favors_transform,true
residual_pca,current_pca,native,4,accurate_prefix_2,accurate_prefix_2,accurate_prefix_2,matched_intermediate_family_and_bytes,mean_per_query_candidate_rmse,lower,128,0.0192156834008,0.0192194735732,-3.79017236719e-06,favors_transform,true
residual_pca,current_pca,native,5,accurate_prefix_2,accurate_prefix_2,accurate_prefix_2,matched_intermediate_family_and_bytes,mean_per_query_candidate_rmse,lower,128,0.0192008585783,0.0191724472292,2.84113490859e-05,favors_pca,true
residual_pca,current_pca,native,6,accurate_prefix_2,accurate_prefix_2,accurate_prefix_2,matched_intermediate_family_and_bytes,mean_per_query_candidate_rmse,lower,128,0.0191615540913,0.0192064969079,-4.49428166328e-05,favors_transform,true
residual_pca,current_pca,native,7,accurate_prefix_2,accurate_prefix_2,accurate_prefix_2,matched_intermediate_family_and_bytes,mean_per_query_candidate_rmse,lower,128,0.0191657876869,0.0191916652504,-2.58775635156e-05,favors_transform,true
residual_pca,current_pca,native,8,accurate_prefix_2,accurate_prefix_2,accurate_prefix_2,matched_intermediate_family_and_bytes,mean_per_query_candidate_rmse,lower,128,0.0191599119248,0.0192141968312,-5.42849064063e-05,favors_transform,true
residual_pca,current_pca,native,9,accurate_prefix_2,accurate_prefix_2,accurate_prefix_2,matched_intermediate_family_and_bytes,mean_per_query_candidate_rmse,lower,128,0.0191791842592,0.0192165033109,-3.73190517578e-05,favors_transform,true
residual_pca,current_pca,native,0,accurate_prefix_2,accurate_prefix_2,accurate_prefix_2,matched_intermediate_family_and_bytes,pooled_candidate_rmse,lower,128,0.0212923632823,0.0212736623307,1.8700951573e-05,favors_pca,true
residual_pca,current_pca,native,1,accurate_prefix_2,accurate_prefix_2,accurate_prefix_2,matched_intermediate_family_and_bytes,pooled_candidate_rmse,lower,128,0.0212482867595,0.0212940792474,-4.57924878839e-05,favors_transform,true
residual_pca,current_pca,native,2,accurate_prefix_2,accurate_prefix_2,accurate_prefix_2,matched_intermediate_family_and_bytes,pooled_candidate_rmse,lower,128,0.0212505147014,0.0212957503501,-4.52356487175e-05,favors_transform,true
residual_pca,current_pca,native,3,accurate_prefix_2,accurate_prefix_2,accurate_prefix_2,matched_intermediate_family_and_bytes,pooled_candidate_rmse,lower,128,0.0212639851872,0.021323048801,-5.90636138528e-05,favors_transform,true
residual_pca,current_pca,native,4,accurate_prefix_2,accurate_prefix_2,accurate_prefix_2,matched_intermediate_family_and_bytes,pooled_candidate_rmse,lower,128,0.0213037998004,0.0213088736538,-5.07385340677e-06,favors_transform,true
residual_pca,current_pca,native,5,accurate_prefix_2,accurate_prefix_2,accurate_prefix_2,matched_intermediate_family_and_bytes,pooled_candidate_rmse,lower,128,0.0212918677749,0.0212503932292,4.14745457476e-05,favors_pca,true
residual_pca,current_pca,native,6,accurate_prefix_2,accurate_prefix_2,accurate_prefix_2,matched_intermediate_family_and_bytes,pooled_candidate_rmse,lower,128,0.0212345476981,0.021289467523,-5.49198248481e-05,favors_transform,true
residual_pca,current_pca,native,7,accurate_prefix_2,accurate_prefix_2,accurate_prefix_2,matched_intermediate_family_and_bytes,pooled_candidate_rmse,lower,128,0.0212478370382,0.0212533622453,-5.52520703114e-06,favors_transform,true
residual_pca,current_pca,native,8,accurate_prefix_2,accurate_prefix_2,accurate_prefix_2,matched_intermediate_family_and_bytes,pooled_candidate_rmse,lower,128,0.0212169848835,0.0212976387761,-8.06538926087e-05,favors_transform,true
residual_pca,current_pca,native,9,accurate_prefix_2,accurate_prefix_2,accurate_prefix_2,matched_intermediate_family_and_bytes,pooled_candidate_rmse,lower,128,0.0212513163813,0.0213047922199,-5.34758386305e-05,favors_transform,true
residual_pca,current_pca,native,0,accurate_prefix_2,accurate_prefix_2,accurate_prefix_2,matched_intermediate_family_and_bytes,candidate_mae,lower,128,0.0173421765507,0.0173238162104,1.83603402656e-05,favors_pca,true
residual_pca,current_pca,native,1,accurate_prefix_2,accurate_prefix_2,accurate_prefix_2,matched_intermediate_family_and_bytes,candidate_mae,lower,128,0.0173164498857,0.017330026365,-1.35764793359e-05,favors_transform,true
residual_pca,current_pca,native,2,accurate_prefix_2,accurate_prefix_2,accurate_prefix_2,matched_intermediate_family_and_bytes,candidate_mae,lower,128,0.0173145207716,0.017350364233,-3.58434614063e-05,favors_transform,true
residual_pca,current_pca,native,3,accurate_prefix_2,accurate_prefix_2,accurate_prefix_2,matched_intermediate_family_and_bytes,candidate_mae,lower,128,0.0173258754243,0.0173545195722,-2.86441479453e-05,favors_transform,true
residual_pca,current_pca,native,4,accurate_prefix_2,accurate_prefix_2,accurate_prefix_2,matched_intermediate_family_and_bytes,candidate_mae,lower,128,0.0173348849976,0.0173469905275,-1.21055299375e-05,favors_transform,true
residual_pca,current_pca,native,5,accurate_prefix_2,accurate_prefix_2,accurate_prefix_2,matched_intermediate_family_and_bytes,candidate_mae,lower,128,0.0173309939588,0.0173158708343,1.51231244688e-05,favors_pca,true
residual_pca,current_pca,native,6,accurate_prefix_2,accurate_prefix_2,accurate_prefix_2,matched_intermediate_family_and_bytes,candidate_mae,lower,128,0.0172941983662,0.0173352208827,-4.10225165e-05,favors_transform,true
residual_pca,current_pca,native,7,accurate_prefix_2,accurate_prefix_2,accurate_prefix_2,matched_intermediate_family_and_bytes,candidate_mae,lower,128,0.0173094854431,0.0173299585842,-2.04731410234e-05,favors_transform,true
residual_pca,current_pca,native,8,accurate_prefix_2,accurate_prefix_2,accurate_prefix_2,matched_intermediate_family_and_bytes,candidate_mae,lower,128,0.0172875880667,0.0173511963969,-6.36083302031e-05,favors_transform,true
residual_pca,current_pca,native,9,accurate_prefix_2,accurate_prefix_2,accurate_prefix_2,matched_intermediate_family_and_bytes,candidate_mae,lower,128,0.0173118189499,0.0173415780247,-2.97590747891e-05,favors_transform,true
residual_pca,current_pca,native,0,accurate_prefix_2,accurate_prefix_2,accurate_prefix_2,matched_intermediate_family_and_bytes,topk_agreement,higher,128,0.977265625,0.97765625,-0.000390625,favors_pca,true
residual_pca,current_pca,native,1,accurate_prefix_2,accurate_prefix_2,accurate_prefix_2,matched_intermediate_family_and_bytes,topk_agreement,higher,128,0.977421875,0.97625,0.001171875,favors_transform,true
residual_pca,current_pca,native,2,accurate_prefix_2,accurate_prefix_2,accurate_prefix_2,matched_intermediate_family_and_bytes,topk_agreement,higher,128,0.97703125,0.97609375,0.0009375,favors_transform,true
residual_pca,current_pca,native,3,accurate_prefix_2,accurate_prefix_2,accurate_prefix_2,matched_intermediate_family_and_bytes,topk_agreement,higher,128,0.977265625,0.97640625,0.000859375,favors_transform,true
residual_pca,current_pca,native,4,accurate_prefix_2,accurate_prefix_2,accurate_prefix_2,matched_intermediate_family_and_bytes,topk_agreement,higher,128,0.975703125,0.97671875,-0.001015625,favors_pca,true
residual_pca,current_pca,native,5,accurate_prefix_2,accurate_prefix_2,accurate_prefix_2,matched_intermediate_family_and_bytes,topk_agreement,higher,128,0.975859375,0.9759375,-7.8125e-05,favors_pca,true
residual_pca,current_pca,native,6,accurate_prefix_2,accurate_prefix_2,accurate_prefix_2,matched_intermediate_family_and_bytes,topk_agreement,higher,128,0.97546875,0.9759375,-0.00046875,favors_pca,true
residual_pca,current_pca,native,7,accurate_prefix_2,accurate_prefix_2,accurate_prefix_2,matched_intermediate_family_and_bytes,topk_agreement,higher,128,0.977578125,0.9765625,0.001015625,favors_transform,true
residual_pca,current_pca,native,8,accurate_prefix_2,accurate_prefix_2,accurate_prefix_2,matched_intermediate_family_and_bytes,topk_agreement,higher,128,0.976640625,0.97640625,0.000234375,favors_transform,true
residual_pca,current_pca,native,9,accurate_prefix_2,accurate_prefix_2,accurate_prefix_2,matched_intermediate_family_and_bytes,topk_agreement,higher,128,0.977265625,0.97625,0.001015625,favors_transform,true
residual_pca,current_pca,native,0,accurate_prefix_2,accurate_prefix_2,accurate_prefix_2,matched_intermediate_family_and_bytes,boundary_inversion_rate,lower,128,6.49866675275e-05,5.76745042802e-05,7.31216324727e-06,favors_pca,true
residual_pca,current_pca,native,1,accurate_prefix_2,accurate_prefix_2,accurate_prefix_2,matched_intermediate_family_and_bytes,boundary_inversion_rate,lower,128,6.45139651941e-05,6.41589597061e-05,3.5500548793e-07,favors_pca,true
residual_pca,current_pca,native,2,accurate_prefix_2,accurate_prefix_2,accurate_prefix_2,matched_intermediate_family_and_bytes,boundary_inversion_rate,lower,128,6.44707224751e-05,6.78803602136e-05,-3.4096377385e-06,favors_transform,true
residual_pca,current_pca,native,3,accurate_prefix_2,accurate_prefix_2,accurate_prefix_2,matched_intermediate_family_and_bytes,boundary_inversion_rate,lower,128,6.24701845307e-05,6.12539349986e-05,1.21624953213e-06,favors_pca,true
residual_pca,current_pca,native,4,accurate_prefix_2,accurate_prefix_2,accurate_prefix_2,matched_intermediate_family_and_bytes,boundary_inversion_rate,lower,128,5.95744703961e-05,6.48347442368e-05,-5.26027384065e-06,favors_transform,true
residual_pca,current_pca,native,5,accurate_prefix_2,accurate_prefix_2,accurate_prefix_2,matched_intermediate_family_and_bytes,boundary_inversion_rate,lower,128,6.26030280152e-05,6.15423383569e-05,1.06068965827e-06,favors_pca,true
residual_pca,current_pca,native,6,accurate_prefix_2,accurate_prefix_2,accurate_prefix_2,matched_intermediate_family_and_bytes,boundary_inversion_rate,lower,128,6.21278006765e-05,6.38335891699e-05,-1.70578849335e-06,favors_transform,true
residual_pca,current_pca,native,7,accurate_prefix_2,accurate_prefix_2,accurate_prefix_2,matched_intermediate_family_and_bytes,boundary_inversion_rate,lower,128,5.91648520918e-05,6.06161887874e-05,-1.45133669566e-06,favors_transform,true
residual_pca,current_pca,native,8,accurate_prefix_2,accurate_prefix_2,accurate_prefix_2,matched_intermediate_family_and_bytes,boundary_inversion_rate,lower,128,6.55445970002e-05,6.25693865841e-05,2.9752104161e-06,favors_pca,true
residual_pca,current_pca,native,9,accurate_prefix_2,accurate_prefix_2,accurate_prefix_2,matched_intermediate_family_and_bytes,boundary_inversion_rate,lower,128,6.18840461963e-05,6.05278597547e-05,1.3561864416e-06,favors_pca,true
residual_pca,current_pca,native,0,accurate_prefix_2,accurate_prefix_2,accurate_prefix_2,matched_intermediate_family_and_bytes,exact_best_rank,lower,128,1.09375,1.078125,0.015625,favors_pca,true
residual_pca,current_pca,native,1,accurate_prefix_2,accurate_prefix_2,accurate_prefix_2,matched_intermediate_family_and_bytes,exact_best_rank,lower,128,1.078125,1.046875,0.03125,favors_pca,true
residual_pca,current_pca,native,2,accurate_prefix_2,accurate_prefix_2,accurate_prefix_2,matched_intermediate_family_and_bytes,exact_best_rank,lower,128,1.0703125,1.0859375,-0.015625,favors_transform,true
residual_pca,current_pca,native,3,accurate_prefix_2,accurate_prefix_2,accurate_prefix_2,matched_intermediate_family_and_bytes,exact_best_rank,lower,128,1.078125,1.0703125,0.0078125,favors_pca,true
residual_pca,current_pca,native,4,accurate_prefix_2,accurate_prefix_2,accurate_prefix_2,matched_intermediate_family_and_bytes,exact_best_rank,lower,128,1.109375,1.125,-0.015625,favors_transform,true
residual_pca,current_pca,native,5,accurate_prefix_2,accurate_prefix_2,accurate_prefix_2,matched_intermediate_family_and_bytes,exact_best_rank,lower,128,1.0703125,1.0546875,0.015625,favors_pca,true
residual_pca,current_pca,native,6,accurate_prefix_2,accurate_prefix_2,accurate_prefix_2,matched_intermediate_family_and_bytes,exact_best_rank,lower,128,1.0625,1.0703125,-0.0078125,favors_transform,true
residual_pca,current_pca,native,7,accurate_prefix_2,accurate_prefix_2,accurate_prefix_2,matched_intermediate_family_and_bytes,exact_best_rank,lower,128,1.1015625,1.0859375,0.015625,favors_pca,true
residual_pca,current_pca,native,8,accurate_prefix_2,accurate_prefix_2,accurate_prefix_2,matched_intermediate_family_and_bytes,exact_best_rank,lower,128,1.0703125,1.078125,-0.0078125,favors_transform,true
residual_pca,current_pca,native,9,accurate_prefix_2,accurate_prefix_2,accurate_prefix_2,matched_intermediate_family_and_bytes,exact_best_rank,lower,128,1.0625,1.0703125,-0.0078125,favors_transform,true
residual_pca,current_pca,native,-1,accurate_prefix_3,accurate_prefix_3,accurate_prefix_3,matched_intermediate_family_and_bytes,mean_per_query_candidate_rmse,lower,128,0.00488813185428,0.00488378357943,4.34827484609e-06,favors_pca,true
residual_pca,current_pca,native,-1,accurate_prefix_3,accurate_prefix_3,accurate_prefix_3,matched_intermediate_family_and_bytes,pooled_candidate_rmse,lower,128,0.00557514117692,0.00557274079267,2.40038424947e-06,favors_pca,true
residual_pca,current_pca,native,-1,accurate_prefix_3,accurate_prefix_3,accurate_prefix_3,matched_intermediate_family_and_bytes,candidate_mae,lower,128,0.00424156771401,0.00423853770025,3.03001376016e-06,favors_pca,true
residual_pca,current_pca,native,-1,accurate_prefix_3,accurate_prefix_3,accurate_prefix_3,matched_intermediate_family_and_bytes,topk_agreement,higher,128,0.991640625,0.99234375,-0.000703125,favors_pca,true
residual_pca,current_pca,native,-1,accurate_prefix_3,accurate_prefix_3,accurate_prefix_3,matched_intermediate_family_and_bytes,boundary_inversion_rate,lower,128,8.86909740317e-06,7.58636330213e-06,1.28273410104e-06,favors_pca,true
residual_pca,current_pca,native,-1,accurate_prefix_3,accurate_prefix_3,accurate_prefix_3,matched_intermediate_family_and_bytes,exact_best_rank,lower,128,1.0234375,1.0234375,0,tied,true
residual_pca,current_pca,native,0,accurate_prefix_3,accurate_prefix_3,accurate_prefix_3,matched_intermediate_family_and_bytes,mean_per_query_candidate_rmse,lower,128,0.00473649297101,0.00472995046428,6.54250672891e-06,favors_pca,true
residual_pca,current_pca,native,1,accurate_prefix_3,accurate_prefix_3,accurate_prefix_3,matched_intermediate_family_and_bytes,mean_per_query_candidate_rmse,lower,128,0.00473756912003,0.00473330705085,4.26206918672e-06,favors_pca,true
residual_pca,current_pca,native,2,accurate_prefix_3,accurate_prefix_3,accurate_prefix_3,matched_intermediate_family_and_bytes,mean_per_query_candidate_rmse,lower,128,0.00473345407252,0.00473319563485,2.58437671875e-07,favors_pca,true
residual_pca,current_pca,native,3,accurate_prefix_3,accurate_prefix_3,accurate_prefix_3,matched_intermediate_family_and_bytes,mean_per_query_candidate_rmse,lower,128,0.00473204385639,0.00473847557427,-6.43171788438e-06,favors_transform,true
residual_pca,current_pca,native,4,accurate_prefix_3,accurate_prefix_3,accurate_prefix_3,matched_intermediate_family_and_bytes,mean_per_query_candidate_rmse,lower,128,0.00473598987069,0.00474094175475,-4.95188405469e-06,favors_transform,true
residual_pca,current_pca,native,5,accurate_prefix_3,accurate_prefix_3,accurate_prefix_3,matched_intermediate_family_and_bytes,mean_per_query_candidate_rmse,lower,128,0.00473420527939,0.00473484030426,-6.35024871094e-07,favors_transform,true
residual_pca,current_pca,native,6,accurate_prefix_3,accurate_prefix_3,accurate_prefix_3,matched_intermediate_family_and_bytes,mean_per_query_candidate_rmse,lower,128,0.00472687506479,0.00474245218847,-1.55771236711e-05,favors_transform,true
residual_pca,current_pca,native,7,accurate_prefix_3,accurate_prefix_3,accurate_prefix_3,matched_intermediate_family_and_bytes,mean_per_query_candidate_rmse,lower,128,0.00472918433734,0.00473187272745,-2.68839011406e-06,favors_transform,true
residual_pca,current_pca,native,8,accurate_prefix_3,accurate_prefix_3,accurate_prefix_3,matched_intermediate_family_and_bytes,mean_per_query_candidate_rmse,lower,128,0.00473557004433,0.00474419396802,-8.62392369141e-06,favors_transform,true
residual_pca,current_pca,native,9,accurate_prefix_3,accurate_prefix_3,accurate_prefix_3,matched_intermediate_family_and_bytes,mean_per_query_candidate_rmse,lower,128,0.00473318211725,0.00472905819277,4.12392447734e-06,favors_pca,true
residual_pca,current_pca,native,0,accurate_prefix_3,accurate_prefix_3,accurate_prefix_3,matched_intermediate_family_and_bytes,pooled_candidate_rmse,lower,128,0.0054446775517,0.00543015963452,1.45179171792e-05,favors_pca,true
residual_pca,current_pca,native,1,accurate_prefix_3,accurate_prefix_3,accurate_prefix_3,matched_intermediate_family_and_bytes,pooled_candidate_rmse,lower,128,0.00544927082429,0.00544013077991,9.1400443883e-06,favors_pca,true
residual_pca,current_pca,native,2,accurate_prefix_3,accurate_prefix_3,accurate_prefix_3,matched_intermediate_family_and_bytes,pooled_candidate_rmse,lower,128,0.00543750176871,0.0054350439619,2.45780680079e-06,favors_pca,true
residual_pca,current_pca,native,3,accurate_prefix_3,accurate_prefix_3,accurate_prefix_3,matched_intermediate_family_and_bytes,pooled_candidate_rmse,lower,128,0.0054374218994,0.0054437468964,-6.32499699223e-06,favors_transform,true
residual_pca,current_pca,native,4,accurate_prefix_3,accurate_prefix_3,accurate_prefix_3,matched_intermediate_family_and_bytes,pooled_candidate_rmse,lower,128,0.00544254944444,0.00545319723469,-1.06477902494e-05,favors_transform,true
residual_pca,current_pca,native,5,accurate_prefix_3,accurate_prefix_3,accurate_prefix_3,matched_intermediate_family_and_bytes,pooled_candidate_rmse,lower,128,0.00544054436977,0.00543666712843,3.87724134651e-06,favors_pca,true
residual_pca,current_pca,native,6,accurate_prefix_3,accurate_prefix_3,accurate_prefix_3,matched_intermediate_family_and_bytes,pooled_candidate_rmse,lower,128,0.00542648008978,0.00545493299417,-2.84529043864e-05,favors_transform,true
residual_pca,current_pca,native,7,accurate_prefix_3,accurate_prefix_3,accurate_prefix_3,matched_intermediate_family_and_bytes,pooled_candidate_rmse,lower,128,0.00543495330721,0.00543380062332,1.15268388154e-06,favors_pca,true
residual_pca,current_pca,native,8,accurate_prefix_3,accurate_prefix_3,accurate_prefix_3,matched_intermediate_family_and_bytes,pooled_candidate_rmse,lower,128,0.00543970587631,0.00545449341593,-1.47875396228e-05,favors_transform,true
residual_pca,current_pca,native,9,accurate_prefix_3,accurate_prefix_3,accurate_prefix_3,matched_intermediate_family_and_bytes,pooled_candidate_rmse,lower,128,0.00543314833512,0.00543847590211,-5.32756699805e-06,favors_transform,true
residual_pca,current_pca,native,0,accurate_prefix_3,accurate_prefix_3,accurate_prefix_3,matched_intermediate_family_and_bytes,candidate_mae,lower,128,0.0041774533701,0.00416715498058,1.02983895172e-05,favors_pca,true
residual_pca,current_pca,native,1,accurate_prefix_3,accurate_prefix_3,accurate_prefix_3,matched_intermediate_family_and_bytes,candidate_mae,lower,128,0.00417468228282,0.00417294735401,1.73492880625e-06,favors_pca,true
residual_pca,current_pca,native,2,accurate_prefix_3,accurate_prefix_3,accurate_prefix_3,matched_intermediate_family_and_bytes,candidate_mae,lower,128,0.00417396489166,0.00417055552044,3.40937121641e-06,favors_pca,true
residual_pca,current_pca,native,3,accurate_prefix_3,accurate_prefix_3,accurate_prefix_3,matched_intermediate_family_and_bytes,candidate_mae,lower,128,0.00417355852038,0.00417750048603,-3.94196564609e-06,favors_transform,true
residual_pca,current_pca,native,4,accurate_prefix_3,accurate_prefix_3,accurate_prefix_3,matched_intermediate_family_and_bytes,candidate_mae,lower,128,0.00417379587583,0.00417832469477,-4.52881894141e-06,favors_transform,true
residual_pca,current_pca,native,5,accurate_prefix_3,accurate_prefix_3,accurate_prefix_3,matched_intermediate_family_and_bytes,candidate_mae,lower,128,0.00417373079595,0.00417276607455,9.64721400781e-07,favors_pca,true
residual_pca,current_pca,native,6,accurate_prefix_3,accurate_prefix_3,accurate_prefix_3,matched_intermediate_family_and_bytes,candidate_mae,lower,128,0.0041688111064,0.00418003120628,-1.12200998805e-05,favors_transform,true
residual_pca,current_pca,native,7,accurate_prefix_3,accurate_prefix_3,accurate_prefix_3,matched_intermediate_family_and_bytes,candidate_mae,lower,128,0.00416879571142,0.00417216629675,-3.370585325e-06,favors_transform,true
residual_pca,current_pca,native,8,accurate_prefix_3,accurate_prefix_3,accurate_prefix_3,matched_intermediate_family_and_bytes,candidate_mae,lower,128,0.00417309360509,0.00418188886629,-8.79526119531e-06,favors_transform,true
residual_pca,current_pca,native,9,accurate_prefix_3,accurate_prefix_3,accurate_prefix_3,matched_intermediate_family_and_bytes,candidate_mae,lower,128,0.00417174357815,0.00416968544527,2.05813288281e-06,favors_pca,true
residual_pca,current_pca,native,0,accurate_prefix_3,accurate_prefix_3,accurate_prefix_3,matched_intermediate_family_and_bytes,topk_agreement,higher,128,0.99265625,0.993828125,-0.001171875,favors_pca,true
residual_pca,current_pca,native,1,accurate_prefix_3,accurate_prefix_3,accurate_prefix_3,matched_intermediate_family_and_bytes,topk_agreement,higher,128,0.992265625,0.992734375,-0.00046875,favors_pca,true
residual_pca,current_pca,native,2,accurate_prefix_3,accurate_prefix_3,accurate_prefix_3,matched_intermediate_family_and_bytes,topk_agreement,higher,128,0.99375,0.992265625,0.001484375,favors_transform,true
residual_pca,current_pca,native,3,accurate_prefix_3,accurate_prefix_3,accurate_prefix_3,matched_intermediate_family_and_bytes,topk_agreement,higher,128,0.992578125,0.99328125,-0.000703125,favors_pca,true
residual_pca,current_pca,native,4,accurate_prefix_3,accurate_prefix_3,accurate_prefix_3,matched_intermediate_family_and_bytes,topk_agreement,higher,128,0.993828125,0.992734375,0.00109375,favors_transform,true
residual_pca,current_pca,native,5,accurate_prefix_3,accurate_prefix_3,accurate_prefix_3,matched_intermediate_family_and_bytes,topk_agreement,higher,128,0.99390625,0.993828125,7.8125e-05,favors_transform,true
residual_pca,current_pca,native,6,accurate_prefix_3,accurate_prefix_3,accurate_prefix_3,matched_intermediate_family_and_bytes,topk_agreement,higher,128,0.99375,0.9928125,0.0009375,favors_transform,true
residual_pca,current_pca,native,7,accurate_prefix_3,accurate_prefix_3,accurate_prefix_3,matched_intermediate_family_and_bytes,topk_agreement,higher,128,0.9934375,0.992734375,0.000703125,favors_transform,true
residual_pca,current_pca,native,8,accurate_prefix_3,accurate_prefix_3,accurate_prefix_3,matched_intermediate_family_and_bytes,topk_agreement,higher,128,0.99375,0.993203125,0.000546875,favors_transform,true
residual_pca,current_pca,native,9,accurate_prefix_3,accurate_prefix_3,accurate_prefix_3,matched_intermediate_family_and_bytes,topk_agreement,higher,128,0.99359375,0.99375,-0.00015625,favors_pca,true
residual_pca,current_pca,native,0,accurate_prefix_3,accurate_prefix_3,accurate_prefix_3,matched_intermediate_family_and_bytes,boundary_inversion_rate,lower,128,7.59298602928e-06,5.72020315998e-06,1.8727828693e-06,favors_pca,true
residual_pca,current_pca,native,1,accurate_prefix_3,accurate_prefix_3,accurate_prefix_3,matched_intermediate_family_and_bytes,boundary_inversion_rate,lower,128,7.03667715612e-06,7.29668006813e-06,-2.60002912008e-07,favors_transform,true
residual_pca,current_pca,native,2,accurate_prefix_3,accurate_prefix_3,accurate_prefix_3,matched_intermediate_family_and_bytes,boundary_inversion_rate,lower,128,5.04640975852e-06,6.61357044389e-06,-1.56716068537e-06,favors_transform,true
residual_pca,current_pca,native,3,accurate_prefix_3,accurate_prefix_3,accurate_prefix_3,matched_intermediate_family_and_bytes,boundary_inversion_rate,lower,128,7.58504709344e-06,6.26248515383e-06,1.32256193961e-06,favors_pca,true
residual_pca,current_pca,native,4,accurate_prefix_3,accurate_prefix_3,accurate_prefix_3,matched_intermediate_family_and_bytes,boundary_inversion_rate,lower,128,5.67877048251e-06,6.79062047252e-06,-1.11184999001e-06,favors_transform,true
residual_pca,current_pca,native,5,accurate_prefix_3,accurate_prefix_3,accurate_prefix_3,matched_intermediate_family_and_bytes,boundary_inversion_rate,lower,128,6.09279997792e-06,5.64006970985e-06,4.5273026807e-07,favors_pca,true
residual_pca,current_pca,native,6,accurate_prefix_3,accurate_prefix_3,accurate_prefix_3,matched_intermediate_family_and_bytes,boundary_inversion_rate,lower,128,6.04827563818e-06,6.38434326972e-06,-3.36067631539e-07,favors_transform,true
residual_pca,current_pca,native,7,accurate_prefix_3,accurate_prefix_3,accurate_prefix_3,matched_intermediate_family_and_bytes,boundary_inversion_rate,lower,128,6.17679228248e-06,7.08263278189e-06,-9.05840499414e-07,favors_transform,true
residual_pca,current_pca,native,8,accurate_prefix_3,accurate_prefix_3,accurate_prefix_3,matched_intermediate_family_and_bytes,boundary_inversion_rate,lower,128,6.09146516659e-06,6.61360746377e-06,-5.22142297172e-07,favors_transform,true
residual_pca,current_pca,native,9,accurate_prefix_3,accurate_prefix_3,accurate_prefix_3,matched_intermediate_family_and_bytes,boundary_inversion_rate,lower,128,5.83857572314e-06,5.41989955791e-06,4.18676165234e-07,favors_pca,true
residual_pca,current_pca,native,0,accurate_prefix_3,accurate_prefix_3,accurate_prefix_3,matched_intermediate_family_and_bytes,exact_best_rank,lower,128,1.03125,1.0078125,0.0234375,favors_pca,true
residual_pca,current_pca,native,1,accurate_prefix_3,accurate_prefix_3,accurate_prefix_3,matched_intermediate_family_and_bytes,exact_best_rank,lower,128,1.03125,1.0390625,-0.0078125,favors_transform,true
residual_pca,current_pca,native,2,accurate_prefix_3,accurate_prefix_3,accurate_prefix_3,matched_intermediate_family_and_bytes,exact_best_rank,lower,128,1.0234375,1.015625,0.0078125,favors_pca,true
residual_pca,current_pca,native,3,accurate_prefix_3,accurate_prefix_3,accurate_prefix_3,matched_intermediate_family_and_bytes,exact_best_rank,lower,128,1.0390625,1.03125,0.0078125,favors_pca,true
residual_pca,current_pca,native,4,accurate_prefix_3,accurate_prefix_3,accurate_prefix_3,matched_intermediate_family_and_bytes,exact_best_rank,lower,128,1.0390625,1.0078125,0.03125,favors_pca,true
residual_pca,current_pca,native,5,accurate_prefix_3,accurate_prefix_3,accurate_prefix_3,matched_intermediate_family_and_bytes,exact_best_rank,lower,128,1.0078125,1.0234375,-0.015625,favors_transform,true
residual_pca,current_pca,native,6,accurate_prefix_3,accurate_prefix_3,accurate_prefix_3,matched_intermediate_family_and_bytes,exact_best_rank,lower,128,1.046875,1.015625,0.03125,favors_pca,true
residual_pca,current_pca,native,7,accurate_prefix_3,accurate_prefix_3,accurate_prefix_3,matched_intermediate_family_and_bytes,exact_best_rank,lower,128,1.0234375,1.0625,-0.0390625,favors_transform,true
residual_pca,current_pca,native,8,accurate_prefix_3,accurate_prefix_3,accurate_prefix_3,matched_intermediate_family_and_bytes,exact_best_rank,lower,128,1.03125,1.0078125,0.0234375,favors_pca,true
residual_pca,current_pca,native,9,accurate_prefix_3,accurate_prefix_3,accurate_prefix_3,matched_intermediate_family_and_bytes,exact_best_rank,lower,128,1.0078125,1.0234375,-0.015625,favors_transform,true
residual_pca,current_pca,native,-1,accurate_prefix_4,accurate_prefix_4,accurate_prefix_4,matched_intermediate_family_and_bytes,mean_per_query_candidate_rmse,lower,128,0.00269211945997,0.00269007878008,2.04067989453e-06,favors_pca,true
residual_pca,current_pca,native,-1,accurate_prefix_4,accurate_prefix_4,accurate_prefix_4,matched_intermediate_family_and_bytes,pooled_candidate_rmse,lower,128,0.00291099037324,0.00290753558569,3.45478755596e-06,favors_pca,true
residual_pca,current_pca,native,-1,accurate_prefix_4,accurate_prefix_4,accurate_prefix_4,matched_intermediate_family_and_bytes,candidate_mae,lower,128,0.00220288445901,0.00220287540445,9.05456484356e-09,favors_pca,true
residual_pca,current_pca,native,-1,accurate_prefix_4,accurate_prefix_4,accurate_prefix_4,matched_intermediate_family_and_bytes,topk_agreement,higher,128,0.993515625,0.994296875,-0.00078125,favors_pca,true
residual_pca,current_pca,native,-1,accurate_prefix_4,accurate_prefix_4,accurate_prefix_4,matched_intermediate_family_and_bytes,boundary_inversion_rate,lower,128,5.9247835098e-06,4.15958540416e-06,1.76519810564e-06,favors_pca,true
residual_pca,current_pca,native,-1,accurate_prefix_4,accurate_prefix_4,accurate_prefix_4,matched_intermediate_family_and_bytes,exact_best_rank,lower,128,1.015625,1.015625,0,tied,true
residual_pca,current_pca,native,0,accurate_prefix_4,accurate_prefix_4,accurate_prefix_4,matched_intermediate_family_and_bytes,mean_per_query_candidate_rmse,lower,128,0.00244221599289,0.00244211497055,1.01022340625e-07,favors_pca,true
residual_pca,current_pca,native,1,accurate_prefix_4,accurate_prefix_4,accurate_prefix_4,matched_intermediate_family_and_bytes,mean_per_query_candidate_rmse,lower,128,0.00244078699541,0.0024422674044,-1.48040898828e-06,favors_transform,true
residual_pca,current_pca,native,2,accurate_prefix_4,accurate_prefix_4,accurate_prefix_4,matched_intermediate_family_and_bytes,mean_per_query_candidate_rmse,lower,128,0.00244041632907,0.0024438148867,-3.39855763516e-06,favors_transform,true
residual_pca,current_pca,native,3,accurate_prefix_4,accurate_prefix_4,accurate_prefix_4,matched_intermediate_family_and_bytes,mean_per_query_candidate_rmse,lower,128,0.0024394102525,0.00244437268607,-4.96243356797e-06,favors_transform,true
residual_pca,current_pca,native,4,accurate_prefix_4,accurate_prefix_4,accurate_prefix_4,matched_intermediate_family_and_bytes,mean_per_query_candidate_rmse,lower,128,0.00244254759161,0.0024478697263,-5.32213469375e-06,favors_transform,true
residual_pca,current_pca,native,5,accurate_prefix_4,accurate_prefix_4,accurate_prefix_4,matched_intermediate_family_and_bytes,mean_per_query_candidate_rmse,lower,128,0.00244174360148,0.00244241410161,-6.70500126562e-07,favors_transform,true
residual_pca,current_pca,native,6,accurate_prefix_4,accurate_prefix_4,accurate_prefix_4,matched_intermediate_family_and_bytes,mean_per_query_candidate_rmse,lower,128,0.00243994746506,0.00244496670502,-5.01923995156e-06,favors_transform,true
residual_pca,current_pca,native,7,accurate_prefix_4,accurate_prefix_4,accurate_prefix_4,matched_intermediate_family_and_bytes,mean_per_query_candidate_rmse,lower,128,0.00244136935789,0.00244291550375,-1.54614585703e-06,favors_transform,true
residual_pca,current_pca,native,8,accurate_prefix_4,accurate_prefix_4,accurate_prefix_4,matched_intermediate_family_and_bytes,mean_per_query_candidate_rmse,lower,128,0.00244337067323,0.00244849893488,-5.12826165469e-06,favors_transform,true
residual_pca,current_pca,native,9,accurate_prefix_4,accurate_prefix_4,accurate_prefix_4,matched_intermediate_family_and_bytes,mean_per_query_candidate_rmse,lower,128,0.0024410674932,0.0024420571086,-9.89615397656e-07,favors_transform,true
residual_pca,current_pca,native,0,accurate_prefix_4,accurate_prefix_4,accurate_prefix_4,matched_intermediate_family_and_bytes,pooled_candidate_rmse,lower,128,0.00266673720304,0.00266275484365,3.98235938728e-06,favors_pca,true
residual_pca,current_pca,native,1,accurate_prefix_4,accurate_prefix_4,accurate_prefix_4,matched_intermediate_family_and_bytes,pooled_candidate_rmse,lower,128,0.0026630468387,0.00266479669858,-1.74985987977e-06,favors_transform,true
residual_pca,current_pca,native,2,accurate_prefix_4,accurate_prefix_4,accurate_prefix_4,matched_intermediate_family_and_bytes,pooled_candidate_rmse,lower,128,0.00266172789059,0.00266628166629,-4.55377569674e-06,favors_transform,true
residual_pca,current_pca,native,3,accurate_prefix_4,accurate_prefix_4,accurate_prefix_4,matched_intermediate_family_and_bytes,pooled_candidate_rmse,lower,128,0.00266116725216,0.00266391315787,-2.74590571013e-06,favors_transform,true
residual_pca,current_pca,native,4,accurate_prefix_4,accurate_prefix_4,accurate_prefix_4,matched_intermediate_family_and_bytes,pooled_candidate_rmse,lower,128,0.00266522480688,0.00267185296547,-6.62815859173e-06,favors_transform,true
residual_pca,current_pca,native,5,accurate_prefix_4,accurate_prefix_4,accurate_prefix_4,matched_intermediate_family_and_bytes,pooled_candidate_rmse,lower,128,0.00266505223209,0.00266340175431,1.65047778521e-06,favors_pca,true
residual_pca,current_pca,native,6,accurate_prefix_4,accurate_prefix_4,accurate_prefix_4,matched_intermediate_family_and_bytes,pooled_candidate_rmse,lower,128,0.00266126683079,0.00266973465839,-8.46782760303e-06,favors_transform,true
residual_pca,current_pca,native,7,accurate_prefix_4,accurate_prefix_4,accurate_prefix_4,matched_intermediate_family_and_bytes,pooled_candidate_rmse,lower,128,0.00266358972232,0.00266374514755,-1.55425223559e-07,favors_transform,true
residual_pca,current_pca,native,8,accurate_prefix_4,accurate_prefix_4,accurate_prefix_4,matched_intermediate_family_and_bytes,pooled_candidate_rmse,lower,128,0.00266562921399,0.00267168911949,-6.05990549591e-06,favors_transform,true
residual_pca,current_pca,native,9,accurate_prefix_4,accurate_prefix_4,accurate_prefix_4,matched_intermediate_family_and_bytes,pooled_candidate_rmse,lower,128,0.00266123482478,0.00266605429537,-4.81947058732e-06,favors_transform,true
residual_pca,current_pca,native,0,accurate_prefix_4,accurate_prefix_4,accurate_prefix_4,matched_intermediate_family_and_bytes,candidate_mae,lower,128,0.0020355731187,0.00203418968944,1.38342926484e-06,favors_pca,true
residual_pca,current_pca,native,1,accurate_prefix_4,accurate_prefix_4,accurate_prefix_4,matched_intermediate_family_and_bytes,candidate_mae,lower,128,0.00203285803704,0.00203479154771,-1.93351067422e-06,favors_transform,true
residual_pca,current_pca,native,2,accurate_prefix_4,accurate_prefix_4,accurate_prefix_4,matched_intermediate_family_and_bytes,candidate_mae,lower,128,0.00203227398423,0.00203502153411,-2.74754987422e-06,favors_transform,true
residual_pca,current_pca,native,3,accurate_prefix_4,accurate_prefix_4,accurate_prefix_4,matched_intermediate_family_and_bytes,candidate_mae,lower,128,0.00203362958002,0.00203623999912,-2.61041910391e-06,favors_transform,true
residual_pca,current_pca,native,4,accurate_prefix_4,accurate_prefix_4,accurate_prefix_4,matched_intermediate_family_and_bytes,candidate_mae,lower,128,0.00203573947642,0.00203885358553,-3.11410911484e-06,favors_transform,true
residual_pca,current_pca,native,5,accurate_prefix_4,accurate_prefix_4,accurate_prefix_4,matched_intermediate_family_and_bytes,candidate_mae,lower,128,0.00203451638063,0.00203365243936,8.63941270312e-07,favors_pca,true
residual_pca,current_pca,native,6,accurate_prefix_4,accurate_prefix_4,accurate_prefix_4,matched_intermediate_family_and_bytes,candidate_mae,lower,128,0.00203484918949,0.00203669075431,-1.84156482422e-06,favors_transform,true
residual_pca,current_pca,native,7,accurate_prefix_4,accurate_prefix_4,accurate_prefix_4,matched_intermediate_family_and_bytes,candidate_mae,lower,128,0.00203350758136,0.00203512987674,-1.62229538203e-06,favors_transform,true
residual_pca,current_pca,native,8,accurate_prefix_4,accurate_prefix_4,accurate_prefix_4,matched_intermediate_family_and_bytes,candidate_mae,lower,128,0.00203651636643,0.00203999416825,-3.47780181484e-06,favors_transform,true
residual_pca,current_pca,native,9,accurate_prefix_4,accurate_prefix_4,accurate_prefix_4,matched_intermediate_family_and_bytes,candidate_mae,lower,128,0.00203362281088,0.00203442485293,-8.02042046094e-07,favors_transform,true
residual_pca,current_pca,native,0,accurate_prefix_4,accurate_prefix_4,accurate_prefix_4,matched_intermediate_family_and_bytes,topk_agreement,higher,128,0.994296875,0.994609375,-0.0003125,favors_pca,true
residual_pca,current_pca,native,1,accurate_prefix_4,accurate_prefix_4,accurate_prefix_4,matched_intermediate_family_and_bytes,topk_agreement,higher,128,0.99375,0.9940625,-0.0003125,favors_pca,true
residual_pca,current_pca,native,2,accurate_prefix_4,accurate_prefix_4,accurate_prefix_4,matched_intermediate_family_and_bytes,topk_agreement,higher,128,0.995390625,0.994375,0.001015625,favors_transform,true
residual_pca,current_pca,native,3,accurate_prefix_4,accurate_prefix_4,accurate_prefix_4,matched_intermediate_family_and_bytes,topk_agreement,higher,128,0.994609375,0.99515625,-0.000546875,favors_pca,true
residual_pca,current_pca,native,4,accurate_prefix_4,accurate_prefix_4,accurate_prefix_4,matched_intermediate_family_and_bytes,topk_agreement,higher,128,0.994609375,0.99421875,0.000390625,favors_transform,true
residual_pca,current_pca,native,5,accurate_prefix_4,accurate_prefix_4,accurate_prefix_4,matched_intermediate_family_and_bytes,topk_agreement,higher,128,0.9953125,0.995625,-0.0003125,favors_pca,true
residual_pca,current_pca,native,6,accurate_prefix_4,accurate_prefix_4,accurate_prefix_4,matched_intermediate_family_and_bytes,topk_agreement,higher,128,0.994765625,0.994296875,0.00046875,favors_transform,true
residual_pca,current_pca,native,7,accurate_prefix_4,accurate_prefix_4,accurate_prefix_4,matched_intermediate_family_and_bytes,topk_agreement,higher,128,0.995703125,0.994765625,0.0009375,favors_transform,true
residual_pca,current_pca,native,8,accurate_prefix_4,accurate_prefix_4,accurate_prefix_4,matched_intermediate_family_and_bytes,topk_agreement,higher,128,0.99484375,0.994453125,0.000390625,favors_transform,true
residual_pca,current_pca,native,9,accurate_prefix_4,accurate_prefix_4,accurate_prefix_4,matched_intermediate_family_and_bytes,topk_agreement,higher,128,0.9946875,0.994453125,0.000234375,favors_transform,true
residual_pca,current_pca,native,0,accurate_prefix_4,accurate_prefix_4,accurate_prefix_4,matched_intermediate_family_and_bytes,boundary_inversion_rate,lower,128,4.66286486251e-06,4.05424584845e-06,6.08619014063e-07,favors_pca,true
residual_pca,current_pca,native,1,accurate_prefix_4,accurate_prefix_4,accurate_prefix_4,matched_intermediate_family_and_bytes,boundary_inversion_rate,lower,128,5.2337435893e-06,4.67398093214e-06,5.59762657164e-07,favors_pca,true
residual_pca,current_pca,native,2,accurate_prefix_4,accurate_prefix_4,accurate_prefix_4,matched_intermediate_family_and_bytes,boundary_inversion_rate,lower,128,3.47764623033e-06,3.76384127674e-06,-2.86195046414e-07,favors_transform,true
residual_pca,current_pca,native,3,accurate_prefix_4,accurate_prefix_4,accurate_prefix_4,matched_intermediate_family_and_bytes,boundary_inversion_rate,lower,128,4.22361766369e-06,3.92528506575e-06,2.98332597938e-07,favors_pca,true
residual_pca,current_pca,native,4,accurate_prefix_4,accurate_prefix_4,accurate_prefix_4,matched_intermediate_family_and_bytes,boundary_inversion_rate,lower,128,3.93232895953e-06,4.35498374312e-06,-4.22654783586e-07,favors_transform,true
residual_pca,current_pca,native,5,accurate_prefix_4,accurate_prefix_4,accurate_prefix_4,matched_intermediate_family_and_bytes,boundary_inversion_rate,lower,128,4.11510964035e-06,3.5133151395e-06,6.01794500852e-07,favors_pca,true
residual_pca,current_pca,native,6,accurate_prefix_4,accurate_prefix_4,accurate_prefix_4,matched_intermediate_family_and_bytes,boundary_inversion_rate,lower,128,3.65408871578e-06,4.34336004598e-06,-6.89271330195e-07,favors_transform,true
residual_pca,current_pca,native,7,accurate_prefix_4,accurate_prefix_4,accurate_prefix_4,matched_intermediate_family_and_bytes,boundary_inversion_rate,lower,128,3.49503872531e-06,4.45411390077e-06,-9.59075175453e-07,favors_transform,true
residual_pca,current_pca,native,8,accurate_prefix_4,accurate_prefix_4,accurate_prefix_4,matched_intermediate_family_and_bytes,boundary_inversion_rate,lower,128,4.20197189305e-06,4.44326752219e-06,-2.41295629141e-07,favors_transform,true
residual_pca,current_pca,native,9,accurate_prefix_4,accurate_prefix_4,accurate_prefix_4,matched_intermediate_family_and_bytes,boundary_inversion_rate,lower,128,4.19403705177e-06,3.4413205774e-06,7.52716474375e-07,favors_pca,true
residual_pca,current_pca,native,0,accurate_prefix_4,accurate_prefix_4,accurate_prefix_4,matched_intermediate_family_and_bytes,exact_best_rank,lower,128,1.015625,1.0078125,0.0078125,favors_pca,true
residual_pca,current_pca,native,1,accurate_prefix_4,accurate_prefix_4,accurate_prefix_4,matched_intermediate_family_and_bytes,exact_best_rank,lower,128,1.015625,1.0234375,-0.0078125,favors_transform,true
residual_pca,current_pca,native,2,accurate_prefix_4,accurate_prefix_4,accurate_prefix_4,matched_intermediate_family_and_bytes,exact_best_rank,lower,128,1.015625,1.015625,0,tied,true
residual_pca,current_pca,native,3,accurate_prefix_4,accurate_prefix_4,accurate_prefix_4,matched_intermediate_family_and_bytes,exact_best_rank,lower,128,1.03125,1.015625,0.015625,favors_pca,true
residual_pca,current_pca,native,4,accurate_prefix_4,accurate_prefix_4,accurate_prefix_4,matched_intermediate_family_and_bytes,exact_best_rank,lower,128,1.03125,1.0078125,0.0234375,favors_pca,true
residual_pca,current_pca,native,5,accurate_prefix_4,accurate_prefix_4,accurate_prefix_4,matched_intermediate_family_and_bytes,exact_best_rank,lower,128,1.0078125,1,0.0078125,favors_pca,true
residual_pca,current_pca,native,6,accurate_prefix_4,accurate_prefix_4,accurate_prefix_4,matched_intermediate_family_and_bytes,exact_best_rank,lower,128,1.03125,1.0078125,0.0234375,favors_pca,true
residual_pca,current_pca,native,7,accurate_prefix_4,accurate_prefix_4,accurate_prefix_4,matched_intermediate_family_and_bytes,exact_best_rank,lower,128,1.015625,1.03125,-0.015625,favors_transform,true
residual_pca,current_pca,native,8,accurate_prefix_4,accurate_prefix_4,accurate_prefix_4,matched_intermediate_family_and_bytes,exact_best_rank,lower,128,1.015625,1,0.015625,favors_pca,true
residual_pca,current_pca,native,9,accurate_prefix_4,accurate_prefix_4,accurate_prefix_4,matched_intermediate_family_and_bytes,exact_best_rank,lower,128,1.0078125,1.0078125,0,tied,true
residual_pca,current_pca,native,-1,full,full,full,common_endpoint,mean_per_query_candidate_rmse,lower,128,0.00200728525416,0.0020083822172,-1.09696303516e-06,favors_transform,true
residual_pca,current_pca,native,-1,full,full,full,common_endpoint,pooled_candidate_rmse,lower,128,0.00216441470194,0.00216407267195,3.42029985988e-07,favors_pca,true
residual_pca,current_pca,native,-1,full,full,full,common_endpoint,candidate_mae,lower,128,0.00155874818926,0.00156023058121,-1.48239194375e-06,favors_transform,true
residual_pca,current_pca,native,-1,full,full,full,common_endpoint,topk_agreement,higher,128,0.993359375,0.994296875,-0.0009375,favors_pca,true
residual_pca,current_pca,native,-1,full,full,full,common_endpoint,boundary_inversion_rate,lower,128,6.00707131823e-06,4.15158251342e-06,1.85548880481e-06,favors_pca,true
residual_pca,current_pca,native,-1,full,full,full,common_endpoint,exact_best_rank,lower,128,1.015625,1.015625,0,tied,true
residual_pca,current_pca,native,0,full,full,full,common_endpoint,mean_per_query_candidate_rmse,lower,128,0.00167423259163,0.00168236720952,-8.13461789219e-06,favors_transform,true
residual_pca,current_pca,native,1,full,full,full,common_endpoint,mean_per_query_candidate_rmse,lower,128,0.0016753486792,0.00167930590519,-3.95722598906e-06,favors_transform,true
residual_pca,current_pca,native,2,full,full,full,common_endpoint,mean_per_query_candidate_rmse,lower,128,0.00167439784607,0.00168400632866,-9.60848258203e-06,favors_transform,true
residual_pca,current_pca,native,3,full,full,full,common_endpoint,mean_per_query_candidate_rmse,lower,128,0.0016718297614,0.00167933435596,-7.50459455938e-06,favors_transform,true
residual_pca,current_pca,native,4,full,full,full,common_endpoint,mean_per_query_candidate_rmse,lower,128,0.00167552465069,0.00168471465923,-9.19000853672e-06,favors_transform,true
residual_pca,current_pca,native,5,full,full,full,common_endpoint,mean_per_query_candidate_rmse,lower,128,0.00167523086129,0.0016801213046,-4.89044331094e-06,favors_transform,true
residual_pca,current_pca,native,6,full,full,full,common_endpoint,mean_per_query_candidate_rmse,lower,128,0.00167458423055,0.00167954922156,-4.96499100078e-06,favors_transform,true
residual_pca,current_pca,native,7,full,full,full,common_endpoint,mean_per_query_candidate_rmse,lower,128,0.00167723662156,0.00167743477012,-1.9814856875e-07,favors_transform,true
residual_pca,current_pca,native,8,full,full,full,common_endpoint,mean_per_query_candidate_rmse,lower,128,0.00167746016904,0.00168227518321,-4.81501417031e-06,favors_transform,true
residual_pca,current_pca,native,9,full,full,full,common_endpoint,mean_per_query_candidate_rmse,lower,128,0.00167719059762,0.00167964673165,-2.45613402891e-06,favors_transform,true
residual_pca,current_pca,native,0,full,full,full,common_endpoint,pooled_candidate_rmse,lower,128,0.00182562969999,0.00183249958282,-6.86988283003e-06,favors_transform,true
residual_pca,current_pca,native,1,full,full,full,common_endpoint,pooled_candidate_rmse,lower,128,0.00182685941874,0.00183065470791,-3.79528916585e-06,favors_transform,true
residual_pca,current_pca,native,2,full,full,full,common_endpoint,pooled_candidate_rmse,lower,128,0.00182503650702,0.00183602177274,-1.0985265719e-05,favors_transform,true
residual_pca,current_pca,native,3,full,full,full,common_endpoint,pooled_candidate_rmse,lower,128,0.00182118112414,0.00182814147249,-6.96034835669e-06,favors_transform,true
residual_pca,current_pca,native,4,full,full,full,common_endpoint,pooled_candidate_rmse,lower,128,0.00182748848491,0.00183631541026,-8.82692535268e-06,favors_transform,true
residual_pca,current_pca,native,5,full,full,full,common_endpoint,pooled_candidate_rmse,lower,128,0.00182751983254,0.00182871234365,-1.19251111146e-06,favors_transform,true
residual_pca,current_pca,native,6,full,full,full,common_endpoint,pooled_candidate_rmse,lower,128,0.00182527669871,0.00183130131386,-6.0246151502e-06,favors_transform,true
residual_pca,current_pca,native,7,full,full,full,common_endpoint,pooled_candidate_rmse,lower,128,0.00182796328497,0.0018281419111,-1.7862612871e-07,favors_transform,true
residual_pca,current_pca,native,8,full,full,full,common_endpoint,pooled_candidate_rmse,lower,128,0.00182898775786,0.00183285952627,-3.87176841437e-06,favors_transform,true
residual_pca,current_pca,native,9,full,full,full,common_endpoint,pooled_candidate_rmse,lower,128,0.00182632159068,0.00183239344865,-6.07185796974e-06,favors_transform,true
residual_pca,current_pca,native,0,full,full,full,common_endpoint,candidate_mae,lower,128,0.00129953164681,0.00130683640922,-7.30476240781e-06,favors_transform,true
residual_pca,current_pca,native,1,full,full,full,common_endpoint,candidate_mae,lower,128,0.00130021697928,0.0013040441677,-3.82718842656e-06,favors_transform,true
residual_pca,current_pca,native,2,full,full,full,common_endpoint,candidate_mae,lower,128,0.00130030401624,0.00130747509357,-7.17107733125e-06,favors_transform,true
residual_pca,current_pca,native,3,full,full,full,common_endpoint,candidate_mae,lower,128,0.00129822165249,0.00130411957543,-5.89792294609e-06,favors_transform,true
residual_pca,current_pca,native,4,full,full,full,common_endpoint,candidate_mae,lower,128,0.00130141054705,0.0013080513056,-6.64075854922e-06,favors_transform,true
residual_pca,current_pca,native,5,full,full,full,common_endpoint,candidate_mae,lower,128,0.00130074771341,0.00130527082511,-4.52311170078e-06,favors_transform,true
residual_pca,current_pca,native,6,full,full,full,common_endpoint,candidate_mae,lower,128,0.00130031965616,0.00130427124599,-3.95158982891e-06,favors_transform,true
residual_pca,current_pca,native,7,full,full,full,common_endpoint,candidate_mae,lower,128,0.00130218535446,0.00130499981273,-2.81445827109e-06,favors_transform,true
residual_pca,current_pca,native,8,full,full,full,common_endpoint,candidate_mae,lower,128,0.00130170649093,0.00130620664457,-4.50015364453e-06,favors_transform,true
residual_pca,current_pca,native,9,full,full,full,common_endpoint,candidate_mae,lower,128,0.00130078860045,0.00130488843246,-4.09983201094e-06,favors_transform,true
residual_pca,current_pca,native,0,full,full,full,common_endpoint,topk_agreement,higher,128,0.994375,0.99453125,-0.00015625,favors_pca,true
residual_pca,current_pca,native,1,full,full,full,common_endpoint,topk_agreement,higher,128,0.993671875,0.9940625,-0.000390625,favors_pca,true
residual_pca,current_pca,native,2,full,full,full,common_endpoint,topk_agreement,higher,128,0.995625,0.994453125,0.001171875,favors_transform,true
residual_pca,current_pca,native,3,full,full,full,common_endpoint,topk_agreement,higher,128,0.99453125,0.995078125,-0.000546875,favors_pca,true
residual_pca,current_pca,native,4,full,full,full,common_endpoint,topk_agreement,higher,128,0.994453125,0.994140625,0.0003125,favors_transform,true
residual_pca,current_pca,native,5,full,full,full,common_endpoint,topk_agreement,higher,128,0.99515625,0.995625,-0.00046875,favors_pca,true
residual_pca,current_pca,native,6,full,full,full,common_endpoint,topk_agreement,higher,128,0.99484375,0.994296875,0.000546875,favors_transform,true
residual_pca,current_pca,native,7,full,full,full,common_endpoint,topk_agreement,higher,128,0.995625,0.99484375,0.00078125,favors_transform,true
residual_pca,current_pca,native,8,full,full,full,common_endpoint,topk_agreement,higher,128,0.9946875,0.994453125,0.000234375,favors_transform,true
residual_pca,current_pca,native,9,full,full,full,common_endpoint,topk_agreement,higher,128,0.994609375,0.9946875,-7.81249999999e-05,favors_pca,true
residual_pca,current_pca,native,0,full,full,full,common_endpoint,boundary_inversion_rate,lower,128,4.61859076063e-06,4.05613163891e-06,5.62459121727e-07,favors_pca,true
residual_pca,current_pca,native,1,full,full,full,common_endpoint,boundary_inversion_rate,lower,128,5.18760237348e-06,4.67970124623e-06,5.0790112725e-07,favors_pca,true
residual_pca,current_pca,native,2,full,full,full,common_endpoint,boundary_inversion_rate,lower,128,3.44397204502e-06,3.68082250264e-06,-2.36850457617e-07,favors_transform,true
residual_pca,current_pca,native,3,full,full,full,common_endpoint,boundary_inversion_rate,lower,128,4.29025431309e-06,3.94345560148e-06,3.46798711609e-07,favors_pca,true
residual_pca,current_pca,native,4,full,full,full,common_endpoint,boundary_inversion_rate,lower,128,3.93712573109e-06,4.37602283955e-06,-4.38897108469e-07,favors_transform,true
residual_pca,current_pca,native,5,full,full,full,common_endpoint,boundary_inversion_rate,lower,128,4.16741084877e-06,3.53275710973e-06,6.34653739039e-07,favors_pca,true
residual_pca,current_pca,native,6,full,full,full,common_endpoint,boundary_inversion_rate,lower,128,3.65275190644e-06,4.3822572932e-06,-7.29505386758e-07,favors_transform,true
residual_pca,current_pca,native,7,full,full,full,common_endpoint,boundary_inversion_rate,lower,128,3.5309291738e-06,4.39630281862e-06,-8.6537364482e-07,favors_transform,true
residual_pca,current_pca,native,8,full,full,full,common_endpoint,boundary_inversion_rate,lower,128,4.32020787402e-06,4.41832978755e-06,-9.81219135391e-08,favors_transform,true
residual_pca,current_pca,native,9,full,full,full,common_endpoint,boundary_inversion_rate,lower,128,4.17391977913e-06,3.40292867537e-06,7.70991103766e-07,favors_pca,true
residual_pca,current_pca,native,0,full,full,full,common_endpoint,exact_best_rank,lower,128,1.015625,1.0078125,0.0078125,favors_pca,true
residual_pca,current_pca,native,1,full,full,full,common_endpoint,exact_best_rank,lower,128,1.0234375,1.0234375,0,tied,true
residual_pca,current_pca,native,2,full,full,full,common_endpoint,exact_best_rank,lower,128,1.015625,1.015625,0,tied,true
residual_pca,current_pca,native,3,full,full,full,common_endpoint,exact_best_rank,lower,128,1.03125,1.015625,0.015625,favors_pca,true
residual_pca,current_pca,native,4,full,full,full,common_endpoint,exact_best_rank,lower,128,1.03125,1.0078125,0.0234375,favors_pca,true
residual_pca,current_pca,native,5,full,full,full,common_endpoint,exact_best_rank,lower,128,1.0078125,1,0.0078125,favors_pca,true
residual_pca,current_pca,native,6,full,full,full,common_endpoint,exact_best_rank,lower,128,1.0390625,1.0078125,0.03125,favors_pca,true
residual_pca,current_pca,native,7,full,full,full,common_endpoint,exact_best_rank,lower,128,1.015625,1.03125,-0.015625,favors_transform,true
residual_pca,current_pca,native,8,full,full,full,common_endpoint,exact_best_rank,lower,128,1.015625,1,0.015625,favors_pca,true
residual_pca,current_pca,native,9,full,full,full,common_endpoint,exact_best_rank,lower,128,1.015625,1.0078125,0.0078125,favors_pca,true
residual_pca,current_pca,frozen-pca,-1,vars_conservative_lower_bound_all,vars_conservative_lower_bound_all,vars_conservative_lower_bound_all,common_endpoint,mean_per_query_candidate_rmse,lower,128,1.90040077576,1.89500071019,0.00540006556484,favors_pca,true
residual_pca,current_pca,frozen-pca,-1,vars_conservative_lower_bound_all,vars_conservative_lower_bound_all,vars_conservative_lower_bound_all,common_endpoint,pooled_candidate_rmse,lower,128,1.89671755006,1.89126919556,0.00544835450333,favors_pca,true
residual_pca,current_pca,frozen-pca,-1,vars_conservative_lower_bound_all,vars_conservative_lower_bound_all,vars_conservative_lower_bound_all,common_endpoint,candidate_mae,lower,128,1.85851090064,1.8526956189,0.00581528174688,favors_pca,true
residual_pca,current_pca,frozen-pca,-1,vars_conservative_lower_bound_all,vars_conservative_lower_bound_all,vars_conservative_lower_bound_all,common_endpoint,topk_agreement,higher,128,0.083984375,0.084453125,-0.00046875,favors_pca,true
residual_pca,current_pca,frozen-pca,-1,vars_conservative_lower_bound_all,vars_conservative_lower_bound_all,vars_conservative_lower_bound_all,common_endpoint,boundary_inversion_rate,lower,128,0.235326717208,0.234920553691,0.000406163516797,favors_pca,true
residual_pca,current_pca,frozen-pca,-1,vars_conservative_lower_bound_all,vars_conservative_lower_bound_all,vars_conservative_lower_bound_all,common_endpoint,exact_best_rank,lower,128,744.9296875,737.2734375,7.65625,favors_pca,true
residual_pca,current_pca,frozen-pca,0,vars_conservative_lower_bound_all,vars_conservative_lower_bound_all,vars_conservative_lower_bound_all,common_endpoint,mean_per_query_candidate_rmse,lower,128,1.90040077418,1.89500069874,0.00540007544609,favors_pca,true
residual_pca,current_pca,frozen-pca,1,vars_conservative_lower_bound_all,vars_conservative_lower_bound_all,vars_conservative_lower_bound_all,common_endpoint,mean_per_query_candidate_rmse,lower,128,1.90040077917,1.89500071054,0.00540006862578,favors_pca,true
residual_pca,current_pca,frozen-pca,2,vars_conservative_lower_bound_all,vars_conservative_lower_bound_all,vars_conservative_lower_bound_all,common_endpoint,mean_per_query_candidate_rmse,lower,128,1.90040078656,1.89500071781,0.00540006875547,favors_pca,true
residual_pca,current_pca,frozen-pca,3,vars_conservative_lower_bound_all,vars_conservative_lower_bound_all,vars_conservative_lower_bound_all,common_endpoint,mean_per_query_candidate_rmse,lower,128,1.90040077654,1.89500070805,0.00540006848203,favors_pca,true
residual_pca,current_pca,frozen-pca,4,vars_conservative_lower_bound_all,vars_conservative_lower_bound_all,vars_conservative_lower_bound_all,common_endpoint,mean_per_query_candidate_rmse,lower,128,1.90040076172,1.89500069747,0.00540006424844,favors_pca,true
residual_pca,current_pca,frozen-pca,5,vars_conservative_lower_bound_all,vars_conservative_lower_bound_all,vars_conservative_lower_bound_all,common_endpoint,mean_per_query_candidate_rmse,lower,128,1.90040077056,1.89500070472,0.00540006583984,favors_pca,true
residual_pca,current_pca,frozen-pca,6,vars_conservative_lower_bound_all,vars_conservative_lower_bound_all,vars_conservative_lower_bound_all,common_endpoint,mean_per_query_candidate_rmse,lower,128,1.90040075721,1.89500069055,0.00540006666562,favors_pca,true
residual_pca,current_pca,frozen-pca,7,vars_conservative_lower_bound_all,vars_conservative_lower_bound_all,vars_conservative_lower_bound_all,common_endpoint,mean_per_query_candidate_rmse,lower,128,1.90040078241,1.89500071228,0.00540007012578,favors_pca,true
residual_pca,current_pca,frozen-pca,8,vars_conservative_lower_bound_all,vars_conservative_lower_bound_all,vars_conservative_lower_bound_all,common_endpoint,mean_per_query_candidate_rmse,lower,128,1.9004007518,1.89500068569,0.00540006611094,favors_pca,true
residual_pca,current_pca,frozen-pca,9,vars_conservative_lower_bound_all,vars_conservative_lower_bound_all,vars_conservative_lower_bound_all,common_endpoint,mean_per_query_candidate_rmse,lower,128,1.90040077504,1.8950007085,0.00540006653437,favors_pca,true
residual_pca,current_pca,frozen-pca,0,vars_conservative_lower_bound_all,vars_conservative_lower_bound_all,vars_conservative_lower_bound_all,common_endpoint,pooled_candidate_rmse,lower,128,1.8967175482,1.8912691819,0.00544836629819,favors_pca,true
residual_pca,current_pca,frozen-pca,1,vars_conservative_lower_bound_all,vars_conservative_lower_bound_all,vars_conservative_lower_bound_all,common_endpoint,pooled_candidate_rmse,lower,128,1.89671755353,1.89126919514,0.00544835838416,favors_pca,true
residual_pca,current_pca,frozen-pca,2,vars_conservative_lower_bound_all,vars_conservative_lower_bound_all,vars_conservative_lower_bound_all,common_endpoint,pooled_candidate_rmse,lower,128,1.89671756142,1.8912692036,0.00544835781818,favors_pca,true
residual_pca,current_pca,frozen-pca,3,vars_conservative_lower_bound_all,vars_conservative_lower_bound_all,vars_conservative_lower_bound_all,common_endpoint,pooled_candidate_rmse,lower,128,1.89671755123,1.89126919321,0.00544835802468,favors_pca,true
residual_pca,current_pca,frozen-pca,4,vars_conservative_lower_bound_all,vars_conservative_lower_bound_all,vars_conservative_lower_bound_all,common_endpoint,pooled_candidate_rmse,lower,128,1.89671753579,1.89126918142,0.00544835436972,favors_pca,true
residual_pca,current_pca,frozen-pca,5,vars_conservative_lower_bound_all,vars_conservative_lower_bound_all,vars_conservative_lower_bound_all,common_endpoint,pooled_candidate_rmse,lower,128,1.89671754598,1.89126918924,0.00544835674098,favors_pca,true
residual_pca,current_pca,frozen-pca,6,vars_conservative_lower_bound_all,vars_conservative_lower_bound_all,vars_conservative_lower_bound_all,common_endpoint,pooled_candidate_rmse,lower,128,1.89671753142,1.89126917597,0.00544835544585,favors_pca,true
residual_pca,current_pca,frozen-pca,7,vars_conservative_lower_bound_all,vars_conservative_lower_bound_all,vars_conservative_lower_bound_all,common_endpoint,pooled_candidate_rmse,lower,128,1.89671755709,1.89126919718,0.00544835990731,favors_pca,true
residual_pca,current_pca,frozen-pca,8,vars_conservative_lower_bound_all,vars_conservative_lower_bound_all,vars_conservative_lower_bound_all,common_endpoint,pooled_candidate_rmse,lower,128,1.89671752542,1.89126916989,0.0054483555323,favors_pca,true
residual_pca,current_pca,frozen-pca,9,vars_conservative_lower_bound_all,vars_conservative_lower_bound_all,vars_conservative_lower_bound_all,common_endpoint,pooled_candidate_rmse,lower,128,1.89671754919,1.89126919334,0.00544835584981,favors_pca,true
residual_pca,current_pca,frozen-pca,0,vars_conservative_lower_bound_all,vars_conservative_lower_bound_all,vars_conservative_lower_bound_all,common_endpoint,candidate_mae,lower,128,1.85851089886,1.8526956073,0.00581529156875,favors_pca,true
residual_pca,current_pca,frozen-pca,1,vars_conservative_lower_bound_all,vars_conservative_lower_bound_all,vars_conservative_lower_bound_all,common_endpoint,candidate_mae,lower,128,1.85851090502,1.85269562027,0.00581528475547,favors_pca,true
residual_pca,current_pca,frozen-pca,2,vars_conservative_lower_bound_all,vars_conservative_lower_bound_all,vars_conservative_lower_bound_all,common_endpoint,candidate_mae,lower,128,1.85851091158,1.85269562646,0.00581528512266,favors_pca,true
residual_pca,current_pca,frozen-pca,3,vars_conservative_lower_bound_all,vars_conservative_lower_bound_all,vars_conservative_lower_bound_all,common_endpoint,candidate_mae,lower,128,1.85851090098,1.8526956163,0.00581528468203,favors_pca,true
residual_pca,current_pca,frozen-pca,4,vars_conservative_lower_bound_all,vars_conservative_lower_bound_all,vars_conservative_lower_bound_all,common_endpoint,candidate_mae,lower,128,1.858510887,1.85269560671,0.0058152802875,favors_pca,true
residual_pca,current_pca,frozen-pca,5,vars_conservative_lower_bound_all,vars_conservative_lower_bound_all,vars_conservative_lower_bound_all,common_endpoint,candidate_mae,lower,128,1.85851089597,1.85269561398,0.00581528199531,favors_pca,true
residual_pca,current_pca,frozen-pca,6,vars_conservative_lower_bound_all,vars_conservative_lower_bound_all,vars_conservative_lower_bound_all,common_endpoint,candidate_mae,lower,128,1.85851088191,1.85269559908,0.00581528283203,favors_pca,true
residual_pca,current_pca,frozen-pca,7,vars_conservative_lower_bound_all,vars_conservative_lower_bound_all,vars_conservative_lower_bound_all,common_endpoint,candidate_mae,lower,128,1.85851090809,1.8526956218,0.00581528628828,favors_pca,true
residual_pca,current_pca,frozen-pca,8,vars_conservative_lower_bound_all,vars_conservative_lower_bound_all,vars_conservative_lower_bound_all,common_endpoint,candidate_mae,lower,128,1.85851087693,1.85269559499,0.00581528194062,favors_pca,true
residual_pca,current_pca,frozen-pca,9,vars_conservative_lower_bound_all,vars_conservative_lower_bound_all,vars_conservative_lower_bound_all,common_endpoint,candidate_mae,lower,128,1.85851089991,1.85269561739,0.00581528252266,favors_pca,true
residual_pca,current_pca,frozen-pca,0,vars_conservative_lower_bound_all,vars_conservative_lower_bound_all,vars_conservative_lower_bound_all,common_endpoint,topk_agreement,higher,128,0.083984375,0.084453125,-0.00046875,favors_pca,true
residual_pca,current_pca,frozen-pca,1,vars_conservative_lower_bound_all,vars_conservative_lower_bound_all,vars_conservative_lower_bound_all,common_endpoint,topk_agreement,higher,128,0.083984375,0.084375,-0.000390625,favors_pca,true
residual_pca,current_pca,frozen-pca,2,vars_conservative_lower_bound_all,vars_conservative_lower_bound_all,vars_conservative_lower_bound_all,common_endpoint,topk_agreement,higher,128,0.083984375,0.084453125,-0.00046875,favors_pca,true
residual_pca,current_pca,frozen-pca,3,vars_conservative_lower_bound_all,vars_conservative_lower_bound_all,vars_conservative_lower_bound_all,common_endpoint,topk_agreement,higher,128,0.083984375,0.084453125,-0.00046875,favors_pca,true
residual_pca,current_pca,frozen-pca,4,vars_conservative_lower_bound_all,vars_conservative_lower_bound_all,vars_conservative_lower_bound_all,common_endpoint,topk_agreement,higher,128,0.083984375,0.084453125,-0.00046875,favors_pca,true
residual_pca,current_pca,frozen-pca,5,vars_conservative_lower_bound_all,vars_conservative_lower_bound_all,vars_conservative_lower_bound_all,common_endpoint,topk_agreement,higher,128,0.083984375,0.084453125,-0.00046875,favors_pca,true
residual_pca,current_pca,frozen-pca,6,vars_conservative_lower_bound_all,vars_conservative_lower_bound_all,vars_conservative_lower_bound_all,common_endpoint,topk_agreement,higher,128,0.083984375,0.084453125,-0.00046875,favors_pca,true
residual_pca,current_pca,frozen-pca,7,vars_conservative_lower_bound_all,vars_conservative_lower_bound_all,vars_conservative_lower_bound_all,common_endpoint,topk_agreement,higher,128,0.083984375,0.084453125,-0.00046875,favors_pca,true
residual_pca,current_pca,frozen-pca,8,vars_conservative_lower_bound_all,vars_conservative_lower_bound_all,vars_conservative_lower_bound_all,common_endpoint,topk_agreement,higher,128,0.083984375,0.084453125,-0.00046875,favors_pca,true
residual_pca,current_pca,frozen-pca,9,vars_conservative_lower_bound_all,vars_conservative_lower_bound_all,vars_conservative_lower_bound_all,common_endpoint,topk_agreement,higher,128,0.083984375,0.084453125,-0.00046875,favors_pca,true
residual_pca,current_pca,frozen-pca,0,vars_conservative_lower_bound_all,vars_conservative_lower_bound_all,vars_conservative_lower_bound_all,common_endpoint,boundary_inversion_rate,lower,128,0.235326704529,0.234920600077,0.000406104451172,favors_pca,true
residual_pca,current_pca,frozen-pca,1,vars_conservative_lower_bound_all,vars_conservative_lower_bound_all,vars_conservative_lower_bound_all,common_endpoint,boundary_inversion_rate,lower,128,0.235326660364,0.234920667948,0.000405992416016,favors_pca,true
residual_pca,current_pca,frozen-pca,2,vars_conservative_lower_bound_all,vars_conservative_lower_bound_all,vars_conservative_lower_bound_all,common_endpoint,boundary_inversion_rate,lower,128,0.23532661079,0.234920596754,0.000406014036328,favors_pca,true
residual_pca,current_pca,frozen-pca,3,vars_conservative_lower_bound_all,vars_conservative_lower_bound_all,vars_conservative_lower_bound_all,common_endpoint,boundary_inversion_rate,lower,128,0.235326664408,0.234920557285,0.000406107123047,favors_pca,true
residual_pca,current_pca,frozen-pca,4,vars_conservative_lower_bound_all,vars_conservative_lower_bound_all,vars_conservative_lower_bound_all,common_endpoint,boundary_inversion_rate,lower,128,0.235326734704,0.234920621382,0.000406113321484,favors_pca,true
residual_pca,current_pca,frozen-pca,5,vars_conservative_lower_bound_all,vars_conservative_lower_bound_all,vars_conservative_lower_bound_all,common_endpoint,boundary_inversion_rate,lower,128,0.235326710373,0.23492053078,0.000406179593359,favors_pca,true
residual_pca,current_pca,frozen-pca,6,vars_conservative_lower_bound_all,vars_conservative_lower_bound_all,vars_conservative_lower_bound_all,common_endpoint,boundary_inversion_rate,lower,128,0.235326680198,0.234920549732,0.000406130466016,favors_pca,true
residual_pca,current_pca,frozen-pca,7,vars_conservative_lower_bound_all,vars_conservative_lower_bound_all,vars_conservative_lower_bound_all,common_endpoint,boundary_inversion_rate,lower,128,0.235326737495,0.234920599842,0.000406137652734,favors_pca,true
residual_pca,current_pca,frozen-pca,8,vars_conservative_lower_bound_all,vars_conservative_lower_bound_all,vars_conservative_lower_bound_all,common_endpoint,boundary_inversion_rate,lower,128,0.235326684695,0.234920549732,0.000406134962891,favors_pca,true
residual_pca,current_pca,frozen-pca,9,vars_conservative_lower_bound_all,vars_conservative_lower_bound_all,vars_conservative_lower_bound_all,common_endpoint,boundary_inversion_rate,lower,128,0.23532671487,0.234920528085,0.000406186784766,favors_pca,true
residual_pca,current_pca,frozen-pca,0,vars_conservative_lower_bound_all,vars_conservative_lower_bound_all,vars_conservative_lower_bound_all,common_endpoint,exact_best_rank,lower,128,744.9296875,737.2734375,7.65625,favors_pca,true
residual_pca,current_pca,frozen-pca,1,vars_conservative_lower_bound_all,vars_conservative_lower_bound_all,vars_conservative_lower_bound_all,common_endpoint,exact_best_rank,lower,128,744.9296875,737.2734375,7.65625,favors_pca,true
residual_pca,current_pca,frozen-pca,2,vars_conservative_lower_bound_all,vars_conservative_lower_bound_all,vars_conservative_lower_bound_all,common_endpoint,exact_best_rank,lower,128,744.921875,737.2734375,7.6484375,favors_pca,true
residual_pca,current_pca,frozen-pca,3,vars_conservative_lower_bound_all,vars_conservative_lower_bound_all,vars_conservative_lower_bound_all,common_endpoint,exact_best_rank,lower,128,744.9296875,737.2734375,7.65625,favors_pca,true
residual_pca,current_pca,frozen-pca,4,vars_conservative_lower_bound_all,vars_conservative_lower_bound_all,vars_conservative_lower_bound_all,common_endpoint,exact_best_rank,lower,128,744.9296875,737.2734375,7.65625,favors_pca,true
residual_pca,current_pca,frozen-pca,5,vars_conservative_lower_bound_all,vars_conservative_lower_bound_all,vars_conservative_lower_bound_all,common_endpoint,exact_best_rank,lower,128,744.9296875,737.2734375,7.65625,favors_pca,true
residual_pca,current_pca,frozen-pca,6,vars_conservative_lower_bound_all,vars_conservative_lower_bound_all,vars_conservative_lower_bound_all,common_endpoint,exact_best_rank,lower,128,744.9296875,737.2734375,7.65625,favors_pca,true
residual_pca,current_pca,frozen-pca,7,vars_conservative_lower_bound_all,vars_conservative_lower_bound_all,vars_conservative_lower_bound_all,common_endpoint,exact_best_rank,lower,128,744.9296875,737.2734375,7.65625,favors_pca,true
residual_pca,current_pca,frozen-pca,8,vars_conservative_lower_bound_all,vars_conservative_lower_bound_all,vars_conservative_lower_bound_all,common_endpoint,exact_best_rank,lower,128,744.9296875,737.2734375,7.65625,favors_pca,true
residual_pca,current_pca,frozen-pca,9,vars_conservative_lower_bound_all,vars_conservative_lower_bound_all,vars_conservative_lower_bound_all,common_endpoint,exact_best_rank,lower,128,744.9296875,737.2734375,7.65625,favors_pca,true
residual_pca,current_pca,frozen-pca,-1,fast_prefix_1,fast_prefix_1,fast_prefix_1,matched_intermediate_family_and_bytes,mean_per_query_candidate_rmse,lower,128,0.563800489606,0.563567108634,0.000233380972656,favors_pca,true
residual_pca,current_pca,frozen-pca,-1,fast_prefix_1,fast_prefix_1,fast_prefix_1,matched_intermediate_family_and_bytes,pooled_candidate_rmse,lower,128,0.564068256871,0.564099399985,-3.11431135261e-05,favors_transform,true
residual_pca,current_pca,frozen-pca,-1,fast_prefix_1,fast_prefix_1,fast_prefix_1,matched_intermediate_family_and_bytes,candidate_mae,lower,128,0.531144762539,0.530952945849,0.000191816689844,favors_pca,true
residual_pca,current_pca,frozen-pca,-1,fast_prefix_1,fast_prefix_1,fast_prefix_1,matched_intermediate_family_and_bytes,topk_agreement,higher,128,0.524453125,0.521953125,0.0025,favors_transform,true
residual_pca,current_pca,frozen-pca,-1,fast_prefix_1,fast_prefix_1,fast_prefix_1,matched_intermediate_family_and_bytes,boundary_inversion_rate,lower,128,0.031890687643,0.0311723875546,0.000718300088359,favors_pca,true
residual_pca,current_pca,frozen-pca,-1,fast_prefix_1,fast_prefix_1,fast_prefix_1,matched_intermediate_family_and_bytes,exact_best_rank,lower,128,23.515625,16.2109375,7.3046875,favors_pca,true
residual_pca,current_pca,frozen-pca,0,fast_prefix_1,fast_prefix_1,fast_prefix_1,matched_intermediate_family_and_bytes,mean_per_query_candidate_rmse,lower,128,0.555182454099,0.554477750822,0.000704703277344,favors_pca,true
residual_pca,current_pca,frozen-pca,1,fast_prefix_1,fast_prefix_1,fast_prefix_1,matched_intermediate_family_and_bytes,mean_per_query_candidate_rmse,lower,128,0.555047718127,0.554749374171,0.00029834395625,favors_pca,true
residual_pca,current_pca,frozen-pca,2,fast_prefix_1,fast_prefix_1,fast_prefix_1,matched_intermediate_family_and_bytes,mean_per_query_candidate_rmse,lower,128,0.554810740755,0.554344618063,0.000466122691406,favors_pca,true
residual_pca,current_pca,frozen-pca,3,fast_prefix_1,fast_prefix_1,fast_prefix_1,matched_intermediate_family_and_bytes,mean_per_query_candidate_rmse,lower,128,0.555210530857,0.553763646467,0.00144688438984,favors_pca,true
residual_pca,current_pca,frozen-pca,4,fast_prefix_1,fast_prefix_1,fast_prefix_1,matched_intermediate_family_and_bytes,mean_per_query_candidate_rmse,lower,128,0.555754577731,0.554510681925,0.00124389580625,favors_pca,true
residual_pca,current_pca,frozen-pca,5,fast_prefix_1,fast_prefix_1,fast_prefix_1,matched_intermediate_family_and_bytes,mean_per_query_candidate_rmse,lower,128,0.554652959671,0.554144038193,0.000508921478125,favors_pca,true
residual_pca,current_pca,frozen-pca,6,fast_prefix_1,fast_prefix_1,fast_prefix_1,matched_intermediate_family_and_bytes,mean_per_query_candidate_rmse,lower,128,0.554799540984,0.554844343351,-4.48023671875e-05,favors_transform,true
residual_pca,current_pca,frozen-pca,7,fast_prefix_1,fast_prefix_1,fast_prefix_1,matched_intermediate_family_and_bytes,mean_per_query_candidate_rmse,lower,128,0.554354918814,0.554654471182,-0.000299552367969,favors_transform,true
residual_pca,current_pca,frozen-pca,8,fast_prefix_1,fast_prefix_1,fast_prefix_1,matched_intermediate_family_and_bytes,mean_per_query_candidate_rmse,lower,128,0.555488359329,0.554105108863,0.00138325046563,favors_pca,true
residual_pca,current_pca,frozen-pca,9,fast_prefix_1,fast_prefix_1,fast_prefix_1,matched_intermediate_family_and_bytes,mean_per_query_candidate_rmse,lower,128,0.55499572926,0.554552802071,0.000442927189063,favors_pca,true
residual_pca,current_pca,frozen-pca,0,fast_prefix_1,fast_prefix_1,fast_prefix_1,matched_intermediate_family_and_bytes,pooled_candidate_rmse,lower,128,0.55588882498,0.555251422159,0.00063740282004,favors_pca,true
residual_pca,current_pca,frozen-pca,1,fast_prefix_1,fast_prefix_1,fast_prefix_1,matched_intermediate_family_and_bytes,pooled_candidate_rmse,lower,128,0.555920590532,0.5555803461,0.000340244431935,favors_pca,true
residual_pca,current_pca,frozen-pca,2,fast_prefix_1,fast_prefix_1,fast_prefix_1,matched_intermediate_family_and_bytes,pooled_candidate_rmse,lower,128,0.555551288807,0.555064713151,0.000486575655622,favors_pca,true
residual_pca,current_pca,frozen-pca,3,fast_prefix_1,fast_prefix_1,fast_prefix_1,matched_intermediate_family_and_bytes,pooled_candidate_rmse,lower,128,0.555968133932,0.554584604927,0.00138352900477,favors_pca,true
residual_pca,current_pca,frozen-pca,4,fast_prefix_1,fast_prefix_1,fast_prefix_1,matched_intermediate_family_and_bytes,pooled_candidate_rmse,lower,128,0.556585907647,0.555252357273,0.00133355037439,favors_pca,true
residual_pca,current_pca,frozen-pca,5,fast_prefix_1,fast_prefix_1,fast_prefix_1,matched_intermediate_family_and_bytes,pooled_candidate_rmse,lower,128,0.555341753416,0.554909153442,0.000432599974194,favors_pca,true
residual_pca,current_pca,frozen-pca,6,fast_prefix_1,fast_prefix_1,fast_prefix_1,matched_intermediate_family_and_bytes,pooled_candidate_rmse,lower,128,0.555588449234,0.555681170793,-9.27215594401e-05,favors_transform,true
residual_pca,current_pca,frozen-pca,7,fast_prefix_1,fast_prefix_1,fast_prefix_1,matched_intermediate_family_and_bytes,pooled_candidate_rmse,lower,128,0.555127808416,0.555429642438,-0.000301834021633,favors_transform,true
residual_pca,current_pca,frozen-pca,8,fast_prefix_1,fast_prefix_1,fast_prefix_1,matched_intermediate_family_and_bytes,pooled_candidate_rmse,lower,128,0.556334909185,0.554915194235,0.00141971494987,favors_pca,true
residual_pca,current_pca,frozen-pca,9,fast_prefix_1,fast_prefix_1,fast_prefix_1,matched_intermediate_family_and_bytes,pooled_candidate_rmse,lower,128,0.555926527543,0.555257488546,0.000669038997158,favors_pca,true
residual_pca,current_pca,frozen-pca,0,fast_prefix_1,fast_prefix_1,fast_prefix_1,matched_intermediate_family_and_bytes,candidate_mae,lower,128,0.529743574891,0.528936614955,0.000806959935937,favors_pca,true
residual_pca,current_pca,frozen-pca,1,fast_prefix_1,fast_prefix_1,fast_prefix_1,matched_intermediate_family_and_bytes,candidate_mae,lower,128,0.529581166173,0.529347859214,0.000233306958594,favors_pca,true
residual_pca,current_pca,frozen-pca,2,fast_prefix_1,fast_prefix_1,fast_prefix_1,matched_intermediate_family_and_bytes,candidate_mae,lower,128,0.529379152164,0.528948413421,0.000430738742969,favors_pca,true
residual_pca,current_pca,frozen-pca,3,fast_prefix_1,fast_prefix_1,fast_prefix_1,matched_intermediate_family_and_bytes,candidate_mae,lower,128,0.529712452178,0.528464350004,0.00124810217422,favors_pca,true
residual_pca,current_pca,frozen-pca,4,fast_prefix_1,fast_prefix_1,fast_prefix_1,matched_intermediate_family_and_bytes,candidate_mae,lower,128,0.530250486172,0.529038722116,0.00121176405625,favors_pca,true
residual_pca,current_pca,frozen-pca,5,fast_prefix_1,fast_prefix_1,fast_prefix_1,matched_intermediate_family_and_bytes,candidate_mae,lower,128,0.529154231816,0.528617787586,0.000536444229688,favors_pca,true
residual_pca,current_pca,frozen-pca,6,fast_prefix_1,fast_prefix_1,fast_prefix_1,matched_intermediate_family_and_bytes,candidate_mae,lower,128,0.529327721702,0.529550280385,-0.000222558683594,favors_transform,true
residual_pca,current_pca,frozen-pca,7,fast_prefix_1,fast_prefix_1,fast_prefix_1,matched_intermediate_family_and_bytes,candidate_mae,lower,128,0.528915605034,0.529065744652,-0.000150139617969,favors_transform,true
residual_pca,current_pca,frozen-pca,8,fast_prefix_1,fast_prefix_1,fast_prefix_1,matched_intermediate_family_and_bytes,candidate_mae,lower,128,0.529972874327,0.528575241066,0.00139763326016,favors_pca,true
residual_pca,current_pca,frozen-pca,9,fast_prefix_1,fast_prefix_1,fast_prefix_1,matched_intermediate_family_and_bytes,candidate_mae,lower,128,0.529364771418,0.529161191411,0.000203580007031,favors_pca,true
residual_pca,current_pca,frozen-pca,0,fast_prefix_1,fast_prefix_1,fast_prefix_1,matched_intermediate_family_and_bytes,topk_agreement,higher,128,0.571171875,0.573359375,-0.0021875,favors_pca,true
residual_pca,current_pca,frozen-pca,1,fast_prefix_1,fast_prefix_1,fast_prefix_1,matched_intermediate_family_and_bytes,topk_agreement,higher,128,0.568359375,0.573046875,-0.0046875,favors_pca,true
residual_pca,current_pca,frozen-pca,2,fast_prefix_1,fast_prefix_1,fast_prefix_1,matched_intermediate_family_and_bytes,topk_agreement,higher,128,0.567734375,0.573125,-0.005390625,favors_pca,true
residual_pca,current_pca,frozen-pca,3,fast_prefix_1,fast_prefix_1,fast_prefix_1,matched_intermediate_family_and_bytes,topk_agreement,higher,128,0.571171875,0.57203125,-0.000859375,favors_pca,true
residual_pca,current_pca,frozen-pca,4,fast_prefix_1,fast_prefix_1,fast_prefix_1,matched_intermediate_family_and_bytes,topk_agreement,higher,128,0.568125,0.56734375,0.00078125,favors_transform,true
residual_pca,current_pca,frozen-pca,5,fast_prefix_1,fast_prefix_1,fast_prefix_1,matched_intermediate_family_and_bytes,topk_agreement,higher,128,0.567734375,0.57296875,-0.005234375,favors_pca,true
residual_pca,current_pca,frozen-pca,6,fast_prefix_1,fast_prefix_1,fast_prefix_1,matched_intermediate_family_and_bytes,topk_agreement,higher,128,0.57015625,0.567890625,0.002265625,favors_transform,true
residual_pca,current_pca,frozen-pca,7,fast_prefix_1,fast_prefix_1,fast_prefix_1,matched_intermediate_family_and_bytes,topk_agreement,higher,128,0.56890625,0.570703125,-0.001796875,favors_pca,true
residual_pca,current_pca,frozen-pca,8,fast_prefix_1,fast_prefix_1,fast_prefix_1,matched_intermediate_family_and_bytes,topk_agreement,higher,128,0.56796875,0.568125,-0.00015625,favors_pca,true
residual_pca,current_pca,frozen-pca,9,fast_prefix_1,fast_prefix_1,fast_prefix_1,matched_intermediate_family_and_bytes,topk_agreement,higher,128,0.56078125,0.57109375,-0.0103125,favors_pca,true
residual_pca,current_pca,frozen-pca,0,fast_prefix_1,fast_prefix_1,fast_prefix_1,matched_intermediate_family_and_bytes,boundary_inversion_rate,lower,128,0.0223685029469,0.0222636864919,0.00010481645507,favors_pca,true
residual_pca,current_pca,frozen-pca,1,fast_prefix_1,fast_prefix_1,fast_prefix_1,matched_intermediate_family_and_bytes,boundary_inversion_rate,lower,128,0.0232219620536,0.0225822804267,0.000639681626961,favors_pca,true
residual_pca,current_pca,frozen-pca,2,fast_prefix_1,fast_prefix_1,fast_prefix_1,matched_intermediate_family_and_bytes,boundary_inversion_rate,lower,128,0.0226184108516,0.0224900823852,0.000128328466398,favors_pca,true
residual_pca,current_pca,frozen-pca,3,fast_prefix_1,fast_prefix_1,fast_prefix_1,matched_intermediate_family_and_bytes,boundary_inversion_rate,lower,128,0.0226246181148,0.0222044397574,0.000420178357375,favors_pca,true
residual_pca,current_pca,frozen-pca,4,fast_prefix_1,fast_prefix_1,fast_prefix_1,matched_intermediate_family_and_bytes,boundary_inversion_rate,lower,128,0.0231134509808,0.0226762565324,0.000437194448438,favors_pca,true
residual_pca,current_pca,frozen-pca,5,fast_prefix_1,fast_prefix_1,fast_prefix_1,matched_intermediate_family_and_bytes,boundary_inversion_rate,lower,128,0.0224353938383,0.0226467917959,-0.000211397957594,favors_transform,true
residual_pca,current_pca,frozen-pca,6,fast_prefix_1,fast_prefix_1,fast_prefix_1,matched_intermediate_family_and_bytes,boundary_inversion_rate,lower,128,0.0225764767677,0.0228620468967,-0.000285570128922,favors_transform,true
residual_pca,current_pca,frozen-pca,7,fast_prefix_1,fast_prefix_1,fast_prefix_1,matched_intermediate_family_and_bytes,boundary_inversion_rate,lower,128,0.0227762710467,0.0225750024573,0.000201268589453,favors_pca,true
residual_pca,current_pca,frozen-pca,8,fast_prefix_1,fast_prefix_1,fast_prefix_1,matched_intermediate_family_and_bytes,boundary_inversion_rate,lower,128,0.0223445086782,0.0227422472359,-0.000397738557742,favors_transform,true
residual_pca,current_pca,frozen-pca,9,fast_prefix_1,fast_prefix_1,fast_prefix_1,matched_intermediate_family_and_bytes,boundary_inversion_rate,lower,128,0.0232749548631,0.0225121502934,0.000762804569734,favors_pca,true
residual_pca,current_pca,frozen-pca,0,fast_prefix_1,fast_prefix_1,fast_prefix_1,matched_intermediate_family_and_bytes,exact_best_rank,lower,128,13.6171875,14.265625,-0.6484375,favors_transform,true
residual_pca,current_pca,frozen-pca,1,fast_prefix_1,fast_prefix_1,fast_prefix_1,matched_intermediate_family_and_bytes,exact_best_rank,lower,128,9.953125,12.3359375,-2.3828125,favors_transform,true
residual_pca,current_pca,frozen-pca,2,fast_prefix_1,fast_prefix_1,fast_prefix_1,matched_intermediate_family_and_bytes,exact_best_rank,lower,128,8.6484375,11.7109375,-3.0625,favors_transform,true
residual_pca,current_pca,frozen-pca,3,fast_prefix_1,fast_prefix_1,fast_prefix_1,matched_intermediate_family_and_bytes,exact_best_rank,lower,128,12.6015625,9.3515625,3.25,favors_pca,true
residual_pca,current_pca,frozen-pca,4,fast_prefix_1,fast_prefix_1,fast_prefix_1,matched_intermediate_family_and_bytes,exact_best_rank,lower,128,15.8515625,12.53125,3.3203125,favors_pca,true
residual_pca,current_pca,frozen-pca,5,fast_prefix_1,fast_prefix_1,fast_prefix_1,matched_intermediate_family_and_bytes,exact_best_rank,lower,128,9.6015625,13.171875,-3.5703125,favors_transform,true
residual_pca,current_pca,frozen-pca,6,fast_prefix_1,fast_prefix_1,fast_prefix_1,matched_intermediate_family_and_bytes,exact_best_rank,lower,128,12.3046875,12.2265625,0.078125,favors_pca,true
residual_pca,current_pca,frozen-pca,7,fast_prefix_1,fast_prefix_1,fast_prefix_1,matched_intermediate_family_and_bytes,exact_best_rank,lower,128,11.7890625,9.8046875,1.984375,favors_pca,true
residual_pca,current_pca,frozen-pca,8,fast_prefix_1,fast_prefix_1,fast_prefix_1,matched_intermediate_family_and_bytes,exact_best_rank,lower,128,12.0625,12.0546875,0.0078125,favors_pca,true
residual_pca,current_pca,frozen-pca,9,fast_prefix_1,fast_prefix_1,fast_prefix_1,matched_intermediate_family_and_bytes,exact_best_rank,lower,128,14.890625,11.640625,3.25,favors_pca,true
residual_pca,current_pca,frozen-pca,-1,fast_prefix_2,fast_prefix_2,fast_prefix_2,matched_intermediate_family_and_bytes,mean_per_query_candidate_rmse,lower,128,0.433512993211,0.433125271783,0.000387721428125,favors_pca,true
residual_pca,current_pca,frozen-pca,-1,fast_prefix_2,fast_prefix_2,fast_prefix_2,matched_intermediate_family_and_bytes,pooled_candidate_rmse,lower,128,0.434125735309,0.433984054961,0.000141680348423,favors_pca,true
residual_pca,current_pca,frozen-pca,-1,fast_prefix_2,fast_prefix_2,fast_prefix_2,matched_intermediate_family_and_bytes,candidate_mae,lower,128,0.392282548379,0.391971701347,0.000310847032031,favors_pca,true
residual_pca,current_pca,frozen-pca,-1,fast_prefix_2,fast_prefix_2,fast_prefix_2,matched_intermediate_family_and_bytes,topk_agreement,higher,128,0.54625,0.546953125,-0.000703125,favors_pca,true
residual_pca,current_pca,frozen-pca,-1,fast_prefix_2,fast_prefix_2,fast_prefix_2,matched_intermediate_family_and_bytes,boundary_inversion_rate,lower,128,0.0282267965559,0.0272567540348,0.00097004252107,favors_pca,true
residual_pca,current_pca,frozen-pca,-1,fast_prefix_2,fast_prefix_2,fast_prefix_2,matched_intermediate_family_and_bytes,exact_best_rank,lower,128,15.6171875,11.6484375,3.96875,favors_pca,true
residual_pca,current_pca,frozen-pca,0,fast_prefix_2,fast_prefix_2,fast_prefix_2,matched_intermediate_family_and_bytes,mean_per_query_candidate_rmse,lower,128,0.422411043337,0.421516499389,0.000894543947656,favors_pca,true
residual_pca,current_pca,frozen-pca,1,fast_prefix_2,fast_prefix_2,fast_prefix_2,matched_intermediate_family_and_bytes,mean_per_query_candidate_rmse,lower,128,0.422250806765,0.421843074441,0.000407732323437,favors_pca,true
residual_pca,current_pca,frozen-pca,2,fast_prefix_2,fast_prefix_2,fast_prefix_2,matched_intermediate_family_and_bytes,mean_per_query_candidate_rmse,lower,128,0.422109114186,0.421426380773,0.0006827334125,favors_pca,true
residual_pca,current_pca,frozen-pca,3,fast_prefix_2,fast_prefix_2,fast_prefix_2,matched_intermediate_family_and_bytes,mean_per_query_candidate_rmse,lower,128,0.422369929366,0.420756092904,0.00161383646172,favors_pca,true
residual_pca,current_pca,frozen-pca,4,fast_prefix_2,fast_prefix_2,fast_prefix_2,matched_intermediate_family_and_bytes,mean_per_query_candidate_rmse,lower,128,0.422952463348,0.421610210234,0.00134225311328,favors_pca,true
residual_pca,current_pca,frozen-pca,5,fast_prefix_2,fast_prefix_2,fast_prefix_2,matched_intermediate_family_and_bytes,mean_per_query_candidate_rmse,lower,128,0.421854745196,0.42126418583,0.000590559366406,favors_pca,true
residual_pca,current_pca,frozen-pca,6,fast_prefix_2,fast_prefix_2,fast_prefix_2,matched_intermediate_family_and_bytes,mean_per_query_candidate_rmse,lower,128,0.421999893259,0.421918993431,8.08998273438e-05,favors_pca,true
residual_pca,current_pca,frozen-pca,7,fast_prefix_2,fast_prefix_2,fast_prefix_2,matched_intermediate_family_and_bytes,mean_per_query_candidate_rmse,lower,128,0.421575937792,0.421772655374,-0.000196717582031,favors_transform,true
residual_pca,current_pca,frozen-pca,8,fast_prefix_2,fast_prefix_2,fast_prefix_2,matched_intermediate_family_and_bytes,mean_per_query_candidate_rmse,lower,128,0.422740409962,0.421209682261,0.00153072770078,favors_pca,true
residual_pca,current_pca,frozen-pca,9,fast_prefix_2,fast_prefix_2,fast_prefix_2,matched_intermediate_family_and_bytes,mean_per_query_candidate_rmse,lower,128,0.422220317534,0.421580978267,0.000639339267188,favors_pca,true
residual_pca,current_pca,frozen-pca,0,fast_prefix_2,fast_prefix_2,fast_prefix_2,matched_intermediate_family_and_bytes,pooled_candidate_rmse,lower,128,0.423620548073,0.422776596275,0.000843951797089,favors_pca,true
residual_pca,current_pca,frozen-pca,1,fast_prefix_2,fast_prefix_2,fast_prefix_2,matched_intermediate_family_and_bytes,pooled_candidate_rmse,lower,128,0.423604756102,0.423127911492,0.000476844609779,favors_pca,true
residual_pca,current_pca,frozen-pca,2,fast_prefix_2,fast_prefix_2,fast_prefix_2,matched_intermediate_family_and_bytes,pooled_candidate_rmse,lower,128,0.423318994446,0.422615186949,0.000703807496986,favors_pca,true
residual_pca,current_pca,frozen-pca,3,fast_prefix_2,fast_prefix_2,fast_prefix_2,matched_intermediate_family_and_bytes,pooled_candidate_rmse,lower,128,0.423588924503,0.422039030673,0.00154989382946,favors_pca,true
residual_pca,current_pca,frozen-pca,4,fast_prefix_2,fast_prefix_2,fast_prefix_2,matched_intermediate_family_and_bytes,pooled_candidate_rmse,lower,128,0.424257296337,0.422820075446,0.00143722089112,favors_pca,true
residual_pca,current_pca,frozen-pca,5,fast_prefix_2,fast_prefix_2,fast_prefix_2,matched_intermediate_family_and_bytes,pooled_candidate_rmse,lower,128,0.423018537122,0.422508174564,0.000510362558101,favors_pca,true
residual_pca,current_pca,frozen-pca,6,fast_prefix_2,fast_prefix_2,fast_prefix_2,matched_intermediate_family_and_bytes,pooled_candidate_rmse,lower,128,0.42330477236,0.423208874652,9.58977079721e-05,favors_pca,true
residual_pca,current_pca,frozen-pca,7,fast_prefix_2,fast_prefix_2,fast_prefix_2,matched_intermediate_family_and_bytes,pooled_candidate_rmse,lower,128,0.422837739972,0.423059051902,-0.00022131193032,favors_transform,true
residual_pca,current_pca,frozen-pca,8,fast_prefix_2,fast_prefix_2,fast_prefix_2,matched_intermediate_family_and_bytes,pooled_candidate_rmse,lower,128,0.424062769952,0.422512625447,0.00155014450573,favors_pca,true
residual_pca,current_pca,frozen-pca,9,fast_prefix_2,fast_prefix_2,fast_prefix_2,matched_intermediate_family_and_bytes,pooled_candidate_rmse,lower,128,0.423640834731,0.422757680251,0.000883154479516,favors_pca,true
residual_pca,current_pca,frozen-pca,0,fast_prefix_2,fast_prefix_2,fast_prefix_2,matched_intermediate_family_and_bytes,candidate_mae,lower,128,0.390002843379,0.389084557978,0.000918285400781,favors_pca,true
residual_pca,current_pca,frozen-pca,1,fast_prefix_2,fast_prefix_2,fast_prefix_2,matched_intermediate_family_and_bytes,candidate_mae,lower,128,0.389781427164,0.389414936092,0.000366491071875,favors_pca,true
residual_pca,current_pca,frozen-pca,2,fast_prefix_2,fast_prefix_2,fast_prefix_2,matched_intermediate_family_and_bytes,candidate_mae,lower,128,0.389634301916,0.389052367737,0.000581934179687,favors_pca,true
residual_pca,current_pca,frozen-pca,3,fast_prefix_2,fast_prefix_2,fast_prefix_2,matched_intermediate_family_and_bytes,candidate_mae,lower,128,0.389887370837,0.388529849966,0.00135752087031,favors_pca,true
residual_pca,current_pca,frozen-pca,4,fast_prefix_2,fast_prefix_2,fast_prefix_2,matched_intermediate_family_and_bytes,candidate_mae,lower,128,0.390464209694,0.389116805191,0.00134740450234,favors_pca,true
residual_pca,current_pca,frozen-pca,5,fast_prefix_2,fast_prefix_2,fast_prefix_2,matched_intermediate_family_and_bytes,candidate_mae,lower,128,0.389326470441,0.388776283301,0.000550187140625,favors_pca,true
residual_pca,current_pca,frozen-pca,6,fast_prefix_2,fast_prefix_2,fast_prefix_2,matched_intermediate_family_and_bytes,candidate_mae,lower,128,0.389514145616,0.389699327606,-0.000185181989844,favors_transform,true
residual_pca,current_pca,frozen-pca,7,fast_prefix_2,fast_prefix_2,fast_prefix_2,matched_intermediate_family_and_bytes,candidate_mae,lower,128,0.389151472918,0.389190359616,-3.88866984375e-05,favors_transform,true
residual_pca,current_pca,frozen-pca,8,fast_prefix_2,fast_prefix_2,fast_prefix_2,matched_intermediate_family_and_bytes,candidate_mae,lower,128,0.39018115742,0.388701533165,0.00147962425469,favors_pca,true
residual_pca,current_pca,frozen-pca,9,fast_prefix_2,fast_prefix_2,fast_prefix_2,matched_intermediate_family_and_bytes,candidate_mae,lower,128,0.389638614883,0.389216955927,0.00042165895625,favors_pca,true
residual_pca,current_pca,frozen-pca,0,fast_prefix_2,fast_prefix_2,fast_prefix_2,matched_intermediate_family_and_bytes,topk_agreement,higher,128,0.592578125,0.60015625,-0.007578125,favors_pca,true
residual_pca,current_pca,frozen-pca,1,fast_prefix_2,fast_prefix_2,fast_prefix_2,matched_intermediate_family_and_bytes,topk_agreement,higher,128,0.58421875,0.5953125,-0.01109375,favors_pca,true
residual_pca,current_pca,frozen-pca,2,fast_prefix_2,fast_prefix_2,fast_prefix_2,matched_intermediate_family_and_bytes,topk_agreement,higher,128,0.590703125,0.595390625,-0.0046875,favors_pca,true
residual_pca,current_pca,frozen-pca,3,fast_prefix_2,fast_prefix_2,fast_prefix_2,matched_intermediate_family_and_bytes,topk_agreement,higher,128,0.596015625,0.591484375,0.00453125,favors_transform,true
residual_pca,current_pca,frozen-pca,4,fast_prefix_2,fast_prefix_2,fast_prefix_2,matched_intermediate_family_and_bytes,topk_agreement,higher,128,0.583046875,0.588046875,-0.005,favors_pca,true
residual_pca,current_pca,frozen-pca,5,fast_prefix_2,fast_prefix_2,fast_prefix_2,matched_intermediate_family_and_bytes,topk_agreement,higher,128,0.59171875,0.59453125,-0.0028125,favors_pca,true
residual_pca,current_pca,frozen-pca,6,fast_prefix_2,fast_prefix_2,fast_prefix_2,matched_intermediate_family_and_bytes,topk_agreement,higher,128,0.592578125,0.586640625,0.0059375,favors_transform,true
residual_pca,current_pca,frozen-pca,7,fast_prefix_2,fast_prefix_2,fast_prefix_2,matched_intermediate_family_and_bytes,topk_agreement,higher,128,0.5875,0.59234375,-0.00484375,favors_pca,true
residual_pca,current_pca,frozen-pca,8,fast_prefix_2,fast_prefix_2,fast_prefix_2,matched_intermediate_family_and_bytes,topk_agreement,higher,128,0.585703125,0.589453125,-0.00375,favors_pca,true
residual_pca,current_pca,frozen-pca,9,fast_prefix_2,fast_prefix_2,fast_prefix_2,matched_intermediate_family_and_bytes,topk_agreement,higher,128,0.588203125,0.590703125,-0.0025,favors_pca,true
residual_pca,current_pca,frozen-pca,0,fast_prefix_2,fast_prefix_2,fast_prefix_2,matched_intermediate_family_and_bytes,boundary_inversion_rate,lower,128,0.019355139501,0.0190595682182,0.000295571282828,favors_pca,true
residual_pca,current_pca,frozen-pca,1,fast_prefix_2,fast_prefix_2,fast_prefix_2,matched_intermediate_family_and_bytes,boundary_inversion_rate,lower,128,0.0200775014006,0.0191850647985,0.000892436602164,favors_pca,true
residual_pca,current_pca,frozen-pca,2,fast_prefix_2,fast_prefix_2,fast_prefix_2,matched_intermediate_family_and_bytes,boundary_inversion_rate,lower,128,0.0194428129581,0.0192471573614,0.000195655596711,favors_pca,true
residual_pca,current_pca,frozen-pca,3,fast_prefix_2,fast_prefix_2,fast_prefix_2,matched_intermediate_family_and_bytes,boundary_inversion_rate,lower,128,0.019448902882,0.0191993013356,0.000249601546422,favors_pca,true
residual_pca,current_pca,frozen-pca,4,fast_prefix_2,fast_prefix_2,fast_prefix_2,matched_intermediate_family_and_bytes,boundary_inversion_rate,lower,128,0.0199353313275,0.0193320667947,0.000603264532797,favors_pca,true
residual_pca,current_pca,frozen-pca,5,fast_prefix_2,fast_prefix_2,fast_prefix_2,matched_intermediate_family_and_bytes,boundary_inversion_rate,lower,128,0.0191520181673,0.0194306579924,-0.000278639825156,favors_transform,true
residual_pca,current_pca,frozen-pca,6,fast_prefix_2,fast_prefix_2,fast_prefix_2,matched_intermediate_family_and_bytes,boundary_inversion_rate,lower,128,0.0195735261545,0.0198731684639,-0.000299642309383,favors_transform,true
residual_pca,current_pca,frozen-pca,7,fast_prefix_2,fast_prefix_2,fast_prefix_2,matched_intermediate_family_and_bytes,boundary_inversion_rate,lower,128,0.0197199298524,0.0192697160017,0.000450213850711,favors_pca,true
residual_pca,current_pca,frozen-pca,8,fast_prefix_2,fast_prefix_2,fast_prefix_2,matched_intermediate_family_and_bytes,boundary_inversion_rate,lower,128,0.0193335618345,0.0195297551972,-0.000196193362734,favors_transform,true
residual_pca,current_pca,frozen-pca,9,fast_prefix_2,fast_prefix_2,fast_prefix_2,matched_intermediate_family_and_bytes,boundary_inversion_rate,lower,128,0.0199818080351,0.0194685677791,0.000513240255992,favors_pca,true
residual_pca,current_pca,frozen-pca,0,fast_prefix_2,fast_prefix_2,fast_prefix_2,matched_intermediate_family_and_bytes,exact_best_rank,lower,128,8.125,8.2890625,-0.1640625,favors_transform,true
residual_pca,current_pca,frozen-pca,1,fast_prefix_2,fast_prefix_2,fast_prefix_2,matched_intermediate_family_and_bytes,exact_best_rank,lower,128,6.4609375,8.375,-1.9140625,favors_transform,true
residual_pca,current_pca,frozen-pca,2,fast_prefix_2,fast_prefix_2,fast_prefix_2,matched_intermediate_family_and_bytes,exact_best_rank,lower,128,6.109375,7.578125,-1.46875,favors_transform,true
residual_pca,current_pca,frozen-pca,3,fast_prefix_2,fast_prefix_2,fast_prefix_2,matched_intermediate_family_and_bytes,exact_best_rank,lower,128,8.3515625,6.203125,2.1484375,favors_pca,true
residual_pca,current_pca,frozen-pca,4,fast_prefix_2,fast_prefix_2,fast_prefix_2,matched_intermediate_family_and_bytes,exact_best_rank,lower,128,9.4453125,7.71875,1.7265625,favors_pca,true
residual_pca,current_pca,frozen-pca,5,fast_prefix_2,fast_prefix_2,fast_prefix_2,matched_intermediate_family_and_bytes,exact_best_rank,lower,128,6.6875,8.8125,-2.125,favors_transform,true
residual_pca,current_pca,frozen-pca,6,fast_prefix_2,fast_prefix_2,fast_prefix_2,matched_intermediate_family_and_bytes,exact_best_rank,lower,128,8.25,7.84375,0.40625,favors_pca,true
residual_pca,current_pca,frozen-pca,7,fast_prefix_2,fast_prefix_2,fast_prefix_2,matched_intermediate_family_and_bytes,exact_best_rank,lower,128,8.6015625,6.359375,2.2421875,favors_pca,true
residual_pca,current_pca,frozen-pca,8,fast_prefix_2,fast_prefix_2,fast_prefix_2,matched_intermediate_family_and_bytes,exact_best_rank,lower,128,8.484375,8.234375,0.25,favors_pca,true
residual_pca,current_pca,frozen-pca,9,fast_prefix_2,fast_prefix_2,fast_prefix_2,matched_intermediate_family_and_bytes,exact_best_rank,lower,128,11.6875,8.109375,3.578125,favors_pca,true
residual_pca,current_pca,frozen-pca,-1,fast_prefix_3,fast_prefix_3,fast_prefix_3,matched_intermediate_family_and_bytes,mean_per_query_candidate_rmse,lower,128,0.40464855762,0.404365577707,0.000282979913281,favors_pca,true
residual_pca,current_pca,frozen-pca,-1,fast_prefix_3,fast_prefix_3,fast_prefix_3,matched_intermediate_family_and_bytes,pooled_candidate_rmse,lower,128,0.405127204069,0.405092888116,3.43159527463e-05,favors_pca,true
residual_pca,current_pca,frozen-pca,-1,fast_prefix_3,fast_prefix_3,fast_prefix_3,matched_intermediate_family_and_bytes,candidate_mae,lower,128,0.360695449623,0.360475636859,0.000219812764844,favors_pca,true
residual_pca,current_pca,frozen-pca,-1,fast_prefix_3,fast_prefix_3,fast_prefix_3,matched_intermediate_family_and_bytes,topk_agreement,higher,128,0.545078125,0.548359375,-0.00328125,favors_pca,true
residual_pca,current_pca,frozen-pca,-1,fast_prefix_3,fast_prefix_3,fast_prefix_3,matched_intermediate_family_and_bytes,boundary_inversion_rate,lower,128,0.0280757192216,0.0270919274798,0.000983791741883,favors_pca,true
residual_pca,current_pca,frozen-pca,-1,fast_prefix_3,fast_prefix_3,fast_prefix_3,matched_intermediate_family_and_bytes,exact_best_rank,lower,128,15.1796875,11.6953125,3.484375,favors_pca,true
residual_pca,current_pca,frozen-pca,0,fast_prefix_3,fast_prefix_3,fast_prefix_3,matched_intermediate_family_and_bytes,mean_per_query_candidate_rmse,lower,128,0.392801927909,0.392010901478,0.00079102643125,favors_pca,true
residual_pca,current_pca,frozen-pca,1,fast_prefix_3,fast_prefix_3,fast_prefix_3,matched_intermediate_family_and_bytes,mean_per_query_candidate_rmse,lower,128,0.392642858523,0.392324888336,0.0003179701875,favors_pca,true
residual_pca,current_pca,frozen-pca,2,fast_prefix_3,fast_prefix_3,fast_prefix_3,matched_intermediate_family_and_bytes,mean_per_query_candidate_rmse,lower,128,0.392509485833,0.391922406723,0.000587079110156,favors_pca,true
residual_pca,current_pca,frozen-pca,3,fast_prefix_3,fast_prefix_3,fast_prefix_3,matched_intermediate_family_and_bytes,mean_per_query_candidate_rmse,lower,128,0.392769799359,0.391258707264,0.00151109209531,favors_pca,true
residual_pca,current_pca,frozen-pca,4,fast_prefix_3,fast_prefix_3,fast_prefix_3,matched_intermediate_family_and_bytes,mean_per_query_candidate_rmse,lower,128,0.393356652432,0.392103074641,0.00125357779141,favors_pca,true
residual_pca,current_pca,frozen-pca,5,fast_prefix_3,fast_prefix_3,fast_prefix_3,matched_intermediate_family_and_bytes,mean_per_query_candidate_rmse,lower,128,0.392271085848,0.391742080394,0.000529005454687,favors_pca,true
residual_pca,current_pca,frozen-pca,6,fast_prefix_3,fast_prefix_3,fast_prefix_3,matched_intermediate_family_and_bytes,mean_per_query_candidate_rmse,lower,128,0.392356138427,0.39239526085,-3.91224234375e-05,favors_transform,true
residual_pca,current_pca,frozen-pca,7,fast_prefix_3,fast_prefix_3,fast_prefix_3,matched_intermediate_family_and_bytes,mean_per_query_candidate_rmse,lower,128,0.391965630302,0.392251419097,-0.000285788795312,favors_transform,true
residual_pca,current_pca,frozen-pca,8,fast_prefix_3,fast_prefix_3,fast_prefix_3,matched_intermediate_family_and_bytes,mean_per_query_candidate_rmse,lower,128,0.393115766612,0.39170778507,0.00140798154219,favors_pca,true
residual_pca,current_pca,frozen-pca,9,fast_prefix_3,fast_prefix_3,fast_prefix_3,matched_intermediate_family_and_bytes,mean_per_query_candidate_rmse,lower,128,0.392605335791,0.392078514695,0.000526821096094,favors_pca,true
residual_pca,current_pca,frozen-pca,0,fast_prefix_3,fast_prefix_3,fast_prefix_3,matched_intermediate_family_and_bytes,pooled_candidate_rmse,lower,128,0.393918009174,0.393165087855,0.000752921319553,favors_pca,true
residual_pca,current_pca,frozen-pca,1,fast_prefix_3,fast_prefix_3,fast_prefix_3,matched_intermediate_family_and_bytes,pooled_candidate_rmse,lower,128,0.393890300695,0.393516954429,0.000373346265763,favors_pca,true
residual_pca,current_pca,frozen-pca,2,fast_prefix_3,fast_prefix_3,fast_prefix_3,matched_intermediate_family_and_bytes,pooled_candidate_rmse,lower,128,0.393617892365,0.393007850552,0.00061004181345,favors_pca,true
residual_pca,current_pca,frozen-pca,3,fast_prefix_3,fast_prefix_3,fast_prefix_3,matched_intermediate_family_and_bytes,pooled_candidate_rmse,lower,128,0.393892398136,0.392442491951,0.00144990618518,favors_pca,true
residual_pca,current_pca,frozen-pca,4,fast_prefix_3,fast_prefix_3,fast_prefix_3,matched_intermediate_family_and_bytes,pooled_candidate_rmse,lower,128,0.394568768656,0.393208117543,0.00136065111375,favors_pca,true
residual_pca,current_pca,frozen-pca,5,fast_prefix_3,fast_prefix_3,fast_prefix_3,matched_intermediate_family_and_bytes,pooled_candidate_rmse,lower,128,0.393350264817,0.392885285809,0.000464979007479,favors_pca,true
residual_pca,current_pca,frozen-pca,6,fast_prefix_3,fast_prefix_3,fast_prefix_3,matched_intermediate_family_and_bytes,pooled_candidate_rmse,lower,128,0.393562226969,0.393571670923,-9.44395334923e-06,favors_transform,true
residual_pca,current_pca,frozen-pca,7,fast_prefix_3,fast_prefix_3,fast_prefix_3,matched_intermediate_family_and_bytes,pooled_candidate_rmse,lower,128,0.393128790285,0.393436234396,-0.000307444110876,favors_transform,true
residual_pca,current_pca,frozen-pca,8,fast_prefix_3,fast_prefix_3,fast_prefix_3,matched_intermediate_family_and_bytes,pooled_candidate_rmse,lower,128,0.394341045916,0.392900088133,0.00144095778327,favors_pca,true
residual_pca,current_pca,frozen-pca,9,fast_prefix_3,fast_prefix_3,fast_prefix_3,matched_intermediate_family_and_bytes,pooled_candidate_rmse,lower,128,0.393920803741,0.393153313455,0.000767490285819,favors_pca,true
residual_pca,current_pca,frozen-pca,0,fast_prefix_3,fast_prefix_3,fast_prefix_3,matched_intermediate_family_and_bytes,candidate_mae,lower,128,0.357892596498,0.357050255197,0.000842341300781,favors_pca,true
residual_pca,current_pca,frozen-pca,1,fast_prefix_3,fast_prefix_3,fast_prefix_3,matched_intermediate_family_and_bytes,candidate_mae,lower,128,0.357648066814,0.357374342195,0.000273724619531,favors_pca,true
residual_pca,current_pca,frozen-pca,2,fast_prefix_3,fast_prefix_3,fast_prefix_3,matched_intermediate_family_and_bytes,candidate_mae,lower,128,0.357511083082,0.357047952271,0.000463130810938,favors_pca,true
residual_pca,current_pca,frozen-pca,3,fast_prefix_3,fast_prefix_3,fast_prefix_3,matched_intermediate_family_and_bytes,candidate_mae,lower,128,0.357766186698,0.356511149895,0.00125503680312,favors_pca,true
residual_pca,current_pca,frozen-pca,4,fast_prefix_3,fast_prefix_3,fast_prefix_3,matched_intermediate_family_and_bytes,candidate_mae,lower,128,0.358340516177,0.357079310789,0.00126120538828,favors_pca,true
residual_pca,current_pca,frozen-pca,5,fast_prefix_3,fast_prefix_3,fast_prefix_3,matched_intermediate_family_and_bytes,candidate_mae,lower,128,0.357206819482,0.356721821757,0.000484997725,favors_pca,true
residual_pca,current_pca,frozen-pca,6,fast_prefix_3,fast_prefix_3,fast_prefix_3,matched_intermediate_family_and_bytes,candidate_mae,lower,128,0.357381271462,0.35767299989,-0.000291728428125,favors_transform,true
residual_pca,current_pca,frozen-pca,7,fast_prefix_3,fast_prefix_3,fast_prefix_3,matched_intermediate_family_and_bytes,candidate_mae,lower,128,0.357019739517,0.357155385385,-0.000135645867969,favors_transform,true
residual_pca,current_pca,frozen-pca,8,fast_prefix_3,fast_prefix_3,fast_prefix_3,matched_intermediate_family_and_bytes,candidate_mae,lower,128,0.358024123016,0.356681042395,0.00134308062187,favors_pca,true
residual_pca,current_pca,frozen-pca,9,fast_prefix_3,fast_prefix_3,fast_prefix_3,matched_intermediate_family_and_bytes,candidate_mae,lower,128,0.357495364355,0.357192714468,0.000302649886719,favors_pca,true
residual_pca,current_pca,frozen-pca,0,fast_prefix_3,fast_prefix_3,fast_prefix_3,matched_intermediate_family_and_bytes,topk_agreement,higher,128,0.592890625,0.60109375,-0.008203125,favors_pca,true
residual_pca,current_pca,frozen-pca,1,fast_prefix_3,fast_prefix_3,fast_prefix_3,matched_intermediate_family_and_bytes,topk_agreement,higher,128,0.5853125,0.5953125,-0.01,favors_pca,true
residual_pca,current_pca,frozen-pca,2,fast_prefix_3,fast_prefix_3,fast_prefix_3,matched_intermediate_family_and_bytes,topk_agreement,higher,128,0.58984375,0.595546875,-0.005703125,favors_pca,true
residual_pca,current_pca,frozen-pca,3,fast_prefix_3,fast_prefix_3,fast_prefix_3,matched_intermediate_family_and_bytes,topk_agreement,higher,128,0.59546875,0.5946875,0.00078125,favors_transform,true
residual_pca,current_pca,frozen-pca,4,fast_prefix_3,fast_prefix_3,fast_prefix_3,matched_intermediate_family_and_bytes,topk_agreement,higher,128,0.58484375,0.589140625,-0.004296875,favors_pca,true
residual_pca,current_pca,frozen-pca,5,fast_prefix_3,fast_prefix_3,fast_prefix_3,matched_intermediate_family_and_bytes,topk_agreement,higher,128,0.591328125,0.5953125,-0.003984375,favors_pca,true
residual_pca,current_pca,frozen-pca,6,fast_prefix_3,fast_prefix_3,fast_prefix_3,matched_intermediate_family_and_bytes,topk_agreement,higher,128,0.5928125,0.587890625,0.004921875,favors_transform,true
residual_pca,current_pca,frozen-pca,7,fast_prefix_3,fast_prefix_3,fast_prefix_3,matched_intermediate_family_and_bytes,topk_agreement,higher,128,0.58828125,0.59203125,-0.00375,favors_pca,true
residual_pca,current_pca,frozen-pca,8,fast_prefix_3,fast_prefix_3,fast_prefix_3,matched_intermediate_family_and_bytes,topk_agreement,higher,128,0.587578125,0.590859375,-0.00328125,favors_pca,true
residual_pca,current_pca,frozen-pca,9,fast_prefix_3,fast_prefix_3,fast_prefix_3,matched_intermediate_family_and_bytes,topk_agreement,higher,128,0.587578125,0.59140625,-0.003828125,favors_pca,true
residual_pca,current_pca,frozen-pca,0,fast_prefix_3,fast_prefix_3,fast_prefix_3,matched_intermediate_family_and_bytes,boundary_inversion_rate,lower,128,0.0192255715265,0.018957682465,0.000267889061453,favors_pca,true
residual_pca,current_pca,frozen-pca,1,fast_prefix_3,fast_prefix_3,fast_prefix_3,matched_intermediate_family_and_bytes,boundary_inversion_rate,lower,128,0.0199811807557,0.0190368779659,0.000944302789719,favors_pca,true
residual_pca,current_pca,frozen-pca,2,fast_prefix_3,fast_prefix_3,fast_prefix_3,matched_intermediate_family_and_bytes,boundary_inversion_rate,lower,128,0.0193743001207,0.019149982849,0.000224317271727,favors_pca,true
residual_pca,current_pca,frozen-pca,3,fast_prefix_3,fast_prefix_3,fast_prefix_3,matched_intermediate_family_and_bytes,boundary_inversion_rate,lower,128,0.0193854838517,0.0191463588751,0.000239124976633,favors_pca,true
residual_pca,current_pca,frozen-pca,4,fast_prefix_3,fast_prefix_3,fast_prefix_3,matched_intermediate_family_and_bytes,boundary_inversion_rate,lower,128,0.0198352062445,0.0192603049829,0.000574901261633,favors_pca,true
residual_pca,current_pca,frozen-pca,5,fast_prefix_3,fast_prefix_3,fast_prefix_3,matched_intermediate_family_and_bytes,boundary_inversion_rate,lower,128,0.0190673120762,0.0193607317256,-0.000293419649328,favors_transform,true
residual_pca,current_pca,frozen-pca,6,fast_prefix_3,fast_prefix_3,fast_prefix_3,matched_intermediate_family_and_bytes,boundary_inversion_rate,lower,128,0.0194805544462,0.0198126243021,-0.000332069855859,favors_transform,true
residual_pca,current_pca,frozen-pca,7,fast_prefix_3,fast_prefix_3,fast_prefix_3,matched_intermediate_family_and_bytes,boundary_inversion_rate,lower,128,0.0196159116424,0.019182277068,0.000433634574469,favors_pca,true
residual_pca,current_pca,frozen-pca,8,fast_prefix_3,fast_prefix_3,fast_prefix_3,matched_intermediate_family_and_bytes,boundary_inversion_rate,lower,128,0.0192557934394,0.019433647801,-0.000177854361664,favors_transform,true
residual_pca,current_pca,frozen-pca,9,fast_prefix_3,fast_prefix_3,fast_prefix_3,matched_intermediate_family_and_bytes,boundary_inversion_rate,lower,128,0.0199108285733,0.0194165101275,0.000494318445742,favors_pca,true
residual_pca,current_pca,frozen-pca,0,fast_prefix_3,fast_prefix_3,fast_prefix_3,matched_intermediate_family_and_bytes,exact_best_rank,lower,128,8.3046875,8.1171875,0.1875,favors_pca,true
residual_pca,current_pca,frozen-pca,1,fast_prefix_3,fast_prefix_3,fast_prefix_3,matched_intermediate_family_and_bytes,exact_best_rank,lower,128,6.375,8.203125,-1.828125,favors_transform,true
residual_pca,current_pca,frozen-pca,2,fast_prefix_3,fast_prefix_3,fast_prefix_3,matched_intermediate_family_and_bytes,exact_best_rank,lower,128,5.9140625,7.2265625,-1.3125,favors_transform,true
residual_pca,current_pca,frozen-pca,3,fast_prefix_3,fast_prefix_3,fast_prefix_3,matched_intermediate_family_and_bytes,exact_best_rank,lower,128,7.9375,6.0234375,1.9140625,favors_pca,true
residual_pca,current_pca,frozen-pca,4,fast_prefix_3,fast_prefix_3,fast_prefix_3,matched_intermediate_family_and_bytes,exact_best_rank,lower,128,9.6015625,7.6328125,1.96875,favors_pca,true
residual_pca,current_pca,frozen-pca,5,fast_prefix_3,fast_prefix_3,fast_prefix_3,matched_intermediate_family_and_bytes,exact_best_rank,lower,128,6.5546875,8.625,-2.0703125,favors_transform,true
residual_pca,current_pca,frozen-pca,6,fast_prefix_3,fast_prefix_3,fast_prefix_3,matched_intermediate_family_and_bytes,exact_best_rank,lower,128,8.03125,7.6328125,0.3984375,favors_pca,true
residual_pca,current_pca,frozen-pca,7,fast_prefix_3,fast_prefix_3,fast_prefix_3,matched_intermediate_family_and_bytes,exact_best_rank,lower,128,8.65625,6.421875,2.234375,favors_pca,true
residual_pca,current_pca,frozen-pca,8,fast_prefix_3,fast_prefix_3,fast_prefix_3,matched_intermediate_family_and_bytes,exact_best_rank,lower,128,8.5,8.625,-0.125,favors_transform,true
residual_pca,current_pca,frozen-pca,9,fast_prefix_3,fast_prefix_3,fast_prefix_3,matched_intermediate_family_and_bytes,exact_best_rank,lower,128,11.703125,7.8671875,3.8359375,favors_pca,true
residual_pca,current_pca,frozen-pca,-1,fast_prefix_4,fast_prefix_4,fast_prefix_4,matched_intermediate_family_and_bytes,mean_per_query_candidate_rmse,lower,128,0.39914346212,0.398880779159,0.000262682960938,favors_pca,true
residual_pca,current_pca,frozen-pca,-1,fast_prefix_4,fast_prefix_4,fast_prefix_4,matched_intermediate_family_and_bytes,pooled_candidate_rmse,lower,128,0.399555180647,0.399542946907,1.22337395232e-05,favors_pca,true
residual_pca,current_pca,frozen-pca,-1,fast_prefix_4,fast_prefix_4,fast_prefix_4,matched_intermediate_family_and_bytes,candidate_mae,lower,128,0.354629463212,0.354421751874,0.0002077113375,favors_pca,true
residual_pca,current_pca,frozen-pca,-1,fast_prefix_4,fast_prefix_4,fast_prefix_4,matched_intermediate_family_and_bytes,topk_agreement,higher,128,0.544375,0.54890625,-0.00453125,favors_pca,true
residual_pca,current_pca,frozen-pca,-1,fast_prefix_4,fast_prefix_4,fast_prefix_4,matched_intermediate_family_and_bytes,boundary_inversion_rate,lower,128,0.0280758350547,0.0270983357513,0.000977499303453,favors_pca,true
residual_pca,current_pca,frozen-pca,-1,fast_prefix_4,fast_prefix_4,fast_prefix_4,matched_intermediate_family_and_bytes,exact_best_rank,lower,128,15.140625,11.625,3.515625,favors_pca,true
residual_pca,current_pca,frozen-pca,0,fast_prefix_4,fast_prefix_4,fast_prefix_4,matched_intermediate_family_and_bytes,mean_per_query_candidate_rmse,lower,128,0.387149708993,0.386381594359,0.000768114634375,favors_pca,true
residual_pca,current_pca,frozen-pca,1,fast_prefix_4,fast_prefix_4,fast_prefix_4,matched_intermediate_family_and_bytes,mean_per_query_candidate_rmse,lower,128,0.38698928507,0.386689709863,0.00029957520625,favors_pca,true
residual_pca,current_pca,frozen-pca,2,fast_prefix_4,fast_prefix_4,fast_prefix_4,matched_intermediate_family_and_bytes,mean_per_query_candidate_rmse,lower,128,0.386860217574,0.386282981184,0.000577236389844,favors_pca,true
residual_pca,current_pca,frozen-pca,3,fast_prefix_4,fast_prefix_4,fast_prefix_4,matched_intermediate_family_and_bytes,mean_per_query_candidate_rmse,lower,128,0.387117132455,0.385622783846,0.00149434860859,favors_pca,true
residual_pca,current_pca,frozen-pca,4,fast_prefix_4,fast_prefix_4,fast_prefix_4,matched_intermediate_family_and_bytes,mean_per_query_candidate_rmse,lower,128,0.387700311215,0.386475729427,0.0012245817875,favors_pca,true
residual_pca,current_pca,frozen-pca,5,fast_prefix_4,fast_prefix_4,fast_prefix_4,matched_intermediate_family_and_bytes,mean_per_query_candidate_rmse,lower,128,0.386621718745,0.386118625048,0.000503093697656,favors_pca,true
residual_pca,current_pca,frozen-pca,6,fast_prefix_4,fast_prefix_4,fast_prefix_4,matched_intermediate_family_and_bytes,mean_per_query_candidate_rmse,lower,128,0.386699649389,0.386763117892,-6.3468503125e-05,favors_transform,true
residual_pca,current_pca,frozen-pca,7,fast_prefix_4,fast_prefix_4,fast_prefix_4,matched_intermediate_family_and_bytes,mean_per_query_candidate_rmse,lower,128,0.386306597743,0.386618126852,-0.000311529108594,favors_transform,true
residual_pca,current_pca,frozen-pca,8,fast_prefix_4,fast_prefix_4,fast_prefix_4,matched_intermediate_family_and_bytes,mean_per_query_candidate_rmse,lower,128,0.387470089149,0.386085013167,0.00138507598203,favors_pca,true
residual_pca,current_pca,frozen-pca,9,fast_prefix_4,fast_prefix_4,fast_prefix_4,matched_intermediate_family_and_bytes,mean_per_query_candidate_rmse,lower,128,0.386957028831,0.386436460766,0.000520568065625,favors_pca,true
residual_pca,current_pca,frozen-pca,0,fast_prefix_4,fast_prefix_4,fast_prefix_4,matched_intermediate_family_and_bytes,pooled_candidate_rmse,lower,128,0.388206745017,0.387476115662,0.000730629354548,favors_pca,true
residual_pca,current_pca,frozen-pca,1,fast_prefix_4,fast_prefix_4,fast_prefix_4,matched_intermediate_family_and_bytes,pooled_candidate_rmse,lower,128,0.388176726271,0.387823890494,0.000352835776942,favors_pca,true
residual_pca,current_pca,frozen-pca,2,fast_prefix_4,fast_prefix_4,fast_prefix_4,matched_intermediate_family_and_bytes,pooled_candidate_rmse,lower,128,0.387907633336,0.387306415001,0.000601218335092,favors_pca,true
residual_pca,current_pca,frozen-pca,3,fast_prefix_4,fast_prefix_4,fast_prefix_4,matched_intermediate_family_and_bytes,pooled_candidate_rmse,lower,128,0.388179084917,0.38674622361,0.00143286130736,favors_pca,true
residual_pca,current_pca,frozen-pca,4,fast_prefix_4,fast_prefix_4,fast_prefix_4,matched_intermediate_family_and_bytes,pooled_candidate_rmse,lower,128,0.388854240292,0.387522871773,0.00133136851943,favors_pca,true
residual_pca,current_pca,frozen-pca,5,fast_prefix_4,fast_prefix_4,fast_prefix_4,matched_intermediate_family_and_bytes,pooled_candidate_rmse,lower,128,0.3876422077,0.387201569908,0.000440637791718,favors_pca,true
residual_pca,current_pca,frozen-pca,6,fast_prefix_4,fast_prefix_4,fast_prefix_4,matched_intermediate_family_and_bytes,pooled_candidate_rmse,lower,128,0.387842485767,0.387879762685,-3.72769183093e-05,favors_transform,true
residual_pca,current_pca,frozen-pca,7,fast_prefix_4,fast_prefix_4,fast_prefix_4,matched_intermediate_family_and_bytes,pooled_candidate_rmse,lower,128,0.387407344033,0.387743417224,-0.000336073190418,favors_transform,true
residual_pca,current_pca,frozen-pca,8,fast_prefix_4,fast_prefix_4,fast_prefix_4,matched_intermediate_family_and_bytes,pooled_candidate_rmse,lower,128,0.388634596481,0.387217760281,0.00141683619941,favors_pca,true
residual_pca,current_pca,frozen-pca,9,fast_prefix_4,fast_prefix_4,fast_prefix_4,matched_intermediate_family_and_bytes,pooled_candidate_rmse,lower,128,0.38820912651,0.387451644591,0.000757481918874,favors_pca,true
residual_pca,current_pca,frozen-pca,0,fast_prefix_4,fast_prefix_4,fast_prefix_4,matched_intermediate_family_and_bytes,candidate_mae,lower,128,0.351698395851,0.350874152836,0.000824243014844,favors_pca,true
residual_pca,current_pca,frozen-pca,1,fast_prefix_4,fast_prefix_4,fast_prefix_4,matched_intermediate_family_and_bytes,candidate_mae,lower,128,0.351453597673,0.351196513993,0.000257083680469,favors_pca,true
residual_pca,current_pca,frozen-pca,2,fast_prefix_4,fast_prefix_4,fast_prefix_4,matched_intermediate_family_and_bytes,candidate_mae,lower,128,0.351319960691,0.350870413192,0.000449547499219,favors_pca,true
residual_pca,current_pca,frozen-pca,3,fast_prefix_4,fast_prefix_4,fast_prefix_4,matched_intermediate_family_and_bytes,candidate_mae,lower,128,0.351571562484,0.350336082684,0.0012354798,favors_pca,true
residual_pca,current_pca,frozen-pca,4,fast_prefix_4,fast_prefix_4,fast_prefix_4,matched_intermediate_family_and_bytes,candidate_mae,lower,128,0.352140991662,0.35090862202,0.00123236964141,favors_pca,true
residual_pca,current_pca,frozen-pca,5,fast_prefix_4,fast_prefix_4,fast_prefix_4,matched_intermediate_family_and_bytes,candidate_mae,lower,128,0.351009275472,0.350551632938,0.000457642534375,favors_pca,true
residual_pca,current_pca,frozen-pca,6,fast_prefix_4,fast_prefix_4,fast_prefix_4,matched_intermediate_family_and_bytes,candidate_mae,lower,128,0.351182922725,0.351501322789,-0.000318400064062,favors_transform,true
residual_pca,current_pca,frozen-pca,7,fast_prefix_4,fast_prefix_4,fast_prefix_4,matched_intermediate_family_and_bytes,candidate_mae,lower,128,0.350822911813,0.350976322036,-0.000153410223437,favors_transform,true
residual_pca,current_pca,frozen-pca,8,fast_prefix_4,fast_prefix_4,fast_prefix_4,matched_intermediate_family_and_bytes,candidate_mae,lower,128,0.351830645073,0.350510714998,0.00131993007422,favors_pca,true
residual_pca,current_pca,frozen-pca,9,fast_prefix_4,fast_prefix_4,fast_prefix_4,matched_intermediate_family_and_bytes,candidate_mae,lower,128,0.351299263207,0.351012075041,0.000287188165625,favors_pca,true
residual_pca,current_pca,frozen-pca,0,fast_prefix_4,fast_prefix_4,fast_prefix_4,matched_intermediate_family_and_bytes,topk_agreement,higher,128,0.59296875,0.601796875,-0.008828125,favors_pca,true
residual_pca,current_pca,frozen-pca,1,fast_prefix_4,fast_prefix_4,fast_prefix_4,matched_intermediate_family_and_bytes,topk_agreement,higher,128,0.585234375,0.5946875,-0.009453125,favors_pca,true
residual_pca,current_pca,frozen-pca,2,fast_prefix_4,fast_prefix_4,fast_prefix_4,matched_intermediate_family_and_bytes,topk_agreement,higher,128,0.589921875,0.5946875,-0.004765625,favors_pca,true
residual_pca,current_pca,frozen-pca,3,fast_prefix_4,fast_prefix_4,fast_prefix_4,matched_intermediate_family_and_bytes,topk_agreement,higher,128,0.59609375,0.594765625,0.001328125,favors_transform,true
residual_pca,current_pca,frozen-pca,4,fast_prefix_4,fast_prefix_4,fast_prefix_4,matched_intermediate_family_and_bytes,topk_agreement,higher,128,0.585625,0.588828125,-0.003203125,favors_pca,true
residual_pca,current_pca,frozen-pca,5,fast_prefix_4,fast_prefix_4,fast_prefix_4,matched_intermediate_family_and_bytes,topk_agreement,higher,128,0.592265625,0.59546875,-0.003203125,favors_pca,true
residual_pca,current_pca,frozen-pca,6,fast_prefix_4,fast_prefix_4,fast_prefix_4,matched_intermediate_family_and_bytes,topk_agreement,higher,128,0.5928125,0.587890625,0.004921875,favors_transform,true
residual_pca,current_pca,frozen-pca,7,fast_prefix_4,fast_prefix_4,fast_prefix_4,matched_intermediate_family_and_bytes,topk_agreement,higher,128,0.588046875,0.59078125,-0.002734375,favors_pca,true
residual_pca,current_pca,frozen-pca,8,fast_prefix_4,fast_prefix_4,fast_prefix_4,matched_intermediate_family_and_bytes,topk_agreement,higher,128,0.5871875,0.590234375,-0.003046875,favors_pca,true
residual_pca,current_pca,frozen-pca,9,fast_prefix_4,fast_prefix_4,fast_prefix_4,matched_intermediate_family_and_bytes,topk_agreement,higher,128,0.58796875,0.5921875,-0.00421875,favors_pca,true
residual_pca,current_pca,frozen-pca,0,fast_prefix_4,fast_prefix_4,fast_prefix_4,matched_intermediate_family_and_bytes,boundary_inversion_rate,lower,128,0.0192336934697,0.0189777534292,0.000255940040492,favors_pca,true
residual_pca,current_pca,frozen-pca,1,fast_prefix_4,fast_prefix_4,fast_prefix_4,matched_intermediate_family_and_bytes,boundary_inversion_rate,lower,128,0.0199830974854,0.019054940773,0.000928156712391,favors_pca,true
residual_pca,current_pca,frozen-pca,2,fast_prefix_4,fast_prefix_4,fast_prefix_4,matched_intermediate_family_and_bytes,boundary_inversion_rate,lower,128,0.0193882093669,0.0191665660171,0.000221643349797,favors_pca,true
residual_pca,current_pca,frozen-pca,3,fast_prefix_4,fast_prefix_4,fast_prefix_4,matched_intermediate_family_and_bytes,boundary_inversion_rate,lower,128,0.019388674431,0.0191663589101,0.000222315520859,favors_pca,true
residual_pca,current_pca,frozen-pca,4,fast_prefix_4,fast_prefix_4,fast_prefix_4,matched_intermediate_family_and_bytes,boundary_inversion_rate,lower,128,0.0198421612378,0.0192828324877,0.000559328750094,favors_pca,true
residual_pca,current_pca,frozen-pca,5,fast_prefix_4,fast_prefix_4,fast_prefix_4,matched_intermediate_family_and_bytes,boundary_inversion_rate,lower,128,0.0190783185439,0.0193829630538,-0.00030464450993,favors_transform,true
residual_pca,current_pca,frozen-pca,6,fast_prefix_4,fast_prefix_4,fast_prefix_4,matched_intermediate_family_and_bytes,boundary_inversion_rate,lower,128,0.0194999566236,0.0198251378372,-0.000325181213617,favors_transform,true
residual_pca,current_pca,frozen-pca,7,fast_prefix_4,fast_prefix_4,fast_prefix_4,matched_intermediate_family_and_bytes,boundary_inversion_rate,lower,128,0.0196237023074,0.0192007844465,0.000422917860844,favors_pca,true
residual_pca,current_pca,frozen-pca,8,fast_prefix_4,fast_prefix_4,fast_prefix_4,matched_intermediate_family_and_bytes,boundary_inversion_rate,lower,128,0.0192588941604,0.0194531712642,-0.000194277103828,favors_transform,true
residual_pca,current_pca,frozen-pca,9,fast_prefix_4,fast_prefix_4,fast_prefix_4,matched_intermediate_family_and_bytes,boundary_inversion_rate,lower,128,0.0199244668222,0.0194292732658,0.000495193556344,favors_pca,true
residual_pca,current_pca,frozen-pca,0,fast_prefix_4,fast_prefix_4,fast_prefix_4,matched_intermediate_family_and_bytes,exact_best_rank,lower,128,8.3359375,8.2265625,0.109375,favors_pca,true
residual_pca,current_pca,frozen-pca,1,fast_prefix_4,fast_prefix_4,fast_prefix_4,matched_intermediate_family_and_bytes,exact_best_rank,lower,128,6.3828125,8.25,-1.8671875,favors_transform,true
residual_pca,current_pca,frozen-pca,2,fast_prefix_4,fast_prefix_4,fast_prefix_4,matched_intermediate_family_and_bytes,exact_best_rank,lower,128,5.921875,7.2578125,-1.3359375,favors_transform,true
residual_pca,current_pca,frozen-pca,3,fast_prefix_4,fast_prefix_4,fast_prefix_4,matched_intermediate_family_and_bytes,exact_best_rank,lower,128,7.875,6.03125,1.84375,favors_pca,true
residual_pca,current_pca,frozen-pca,4,fast_prefix_4,fast_prefix_4,fast_prefix_4,matched_intermediate_family_and_bytes,exact_best_rank,lower,128,9.625,7.6015625,2.0234375,favors_pca,true
residual_pca,current_pca,frozen-pca,5,fast_prefix_4,fast_prefix_4,fast_prefix_4,matched_intermediate_family_and_bytes,exact_best_rank,lower,128,6.5546875,8.5625,-2.0078125,favors_transform,true
residual_pca,current_pca,frozen-pca,6,fast_prefix_4,fast_prefix_4,fast_prefix_4,matched_intermediate_family_and_bytes,exact_best_rank,lower,128,8.0703125,7.59375,0.4765625,favors_pca,true
residual_pca,current_pca,frozen-pca,7,fast_prefix_4,fast_prefix_4,fast_prefix_4,matched_intermediate_family_and_bytes,exact_best_rank,lower,128,8.703125,6.3671875,2.3359375,favors_pca,true
residual_pca,current_pca,frozen-pca,8,fast_prefix_4,fast_prefix_4,fast_prefix_4,matched_intermediate_family_and_bytes,exact_best_rank,lower,128,8.5078125,8.6640625,-0.15625,favors_transform,true
residual_pca,current_pca,frozen-pca,9,fast_prefix_4,fast_prefix_4,fast_prefix_4,matched_intermediate_family_and_bytes,exact_best_rank,lower,128,11.625,7.9140625,3.7109375,favors_pca,true
residual_pca,current_pca,frozen-pca,-1,fast_all,fast_all,fast_all,common_endpoint,mean_per_query_candidate_rmse,lower,128,0.39914346212,0.398880779159,0.000262682960938,favors_pca,true
residual_pca,current_pca,frozen-pca,-1,fast_all,fast_all,fast_all,common_endpoint,pooled_candidate_rmse,lower,128,0.399555180647,0.399542946907,1.22337395232e-05,favors_pca,true
residual_pca,current_pca,frozen-pca,-1,fast_all,fast_all,fast_all,common_endpoint,candidate_mae,lower,128,0.354629463212,0.354421751874,0.0002077113375,favors_pca,true
residual_pca,current_pca,frozen-pca,-1,fast_all,fast_all,fast_all,common_endpoint,topk_agreement,higher,128,0.544375,0.54890625,-0.00453125,favors_pca,true
residual_pca,current_pca,frozen-pca,-1,fast_all,fast_all,fast_all,common_endpoint,boundary_inversion_rate,lower,128,0.0280758350547,0.0270983357513,0.000977499303453,favors_pca,true
residual_pca,current_pca,frozen-pca,-1,fast_all,fast_all,fast_all,common_endpoint,exact_best_rank,lower,128,15.140625,11.625,3.515625,favors_pca,true
residual_pca,current_pca,frozen-pca,0,fast_all,fast_all,fast_all,common_endpoint,mean_per_query_candidate_rmse,lower,128,0.387149708993,0.386381594359,0.000768114634375,favors_pca,true
residual_pca,current_pca,frozen-pca,1,fast_all,fast_all,fast_all,common_endpoint,mean_per_query_candidate_rmse,lower,128,0.38698928507,0.386689709863,0.00029957520625,favors_pca,true
residual_pca,current_pca,frozen-pca,2,fast_all,fast_all,fast_all,common_endpoint,mean_per_query_candidate_rmse,lower,128,0.386860217574,0.386282981184,0.000577236389844,favors_pca,true
residual_pca,current_pca,frozen-pca,3,fast_all,fast_all,fast_all,common_endpoint,mean_per_query_candidate_rmse,lower,128,0.387117132455,0.385622783846,0.00149434860859,favors_pca,true
residual_pca,current_pca,frozen-pca,4,fast_all,fast_all,fast_all,common_endpoint,mean_per_query_candidate_rmse,lower,128,0.387700311215,0.386475729427,0.0012245817875,favors_pca,true
residual_pca,current_pca,frozen-pca,5,fast_all,fast_all,fast_all,common_endpoint,mean_per_query_candidate_rmse,lower,128,0.386621718745,0.386118625048,0.000503093697656,favors_pca,true
residual_pca,current_pca,frozen-pca,6,fast_all,fast_all,fast_all,common_endpoint,mean_per_query_candidate_rmse,lower,128,0.386699649389,0.386763117892,-6.3468503125e-05,favors_transform,true
residual_pca,current_pca,frozen-pca,7,fast_all,fast_all,fast_all,common_endpoint,mean_per_query_candidate_rmse,lower,128,0.386306597743,0.386618126852,-0.000311529108594,favors_transform,true
residual_pca,current_pca,frozen-pca,8,fast_all,fast_all,fast_all,common_endpoint,mean_per_query_candidate_rmse,lower,128,0.387470089149,0.386085013167,0.00138507598203,favors_pca,true
residual_pca,current_pca,frozen-pca,9,fast_all,fast_all,fast_all,common_endpoint,mean_per_query_candidate_rmse,lower,128,0.386957028831,0.386436460766,0.000520568065625,favors_pca,true
residual_pca,current_pca,frozen-pca,0,fast_all,fast_all,fast_all,common_endpoint,pooled_candidate_rmse,lower,128,0.388206745017,0.387476115662,0.000730629354548,favors_pca,true
residual_pca,current_pca,frozen-pca,1,fast_all,fast_all,fast_all,common_endpoint,pooled_candidate_rmse,lower,128,0.388176726271,0.387823890494,0.000352835776942,favors_pca,true
residual_pca,current_pca,frozen-pca,2,fast_all,fast_all,fast_all,common_endpoint,pooled_candidate_rmse,lower,128,0.387907633336,0.387306415001,0.000601218335092,favors_pca,true
residual_pca,current_pca,frozen-pca,3,fast_all,fast_all,fast_all,common_endpoint,pooled_candidate_rmse,lower,128,0.388179084917,0.38674622361,0.00143286130736,favors_pca,true
residual_pca,current_pca,frozen-pca,4,fast_all,fast_all,fast_all,common_endpoint,pooled_candidate_rmse,lower,128,0.388854240292,0.387522871773,0.00133136851943,favors_pca,true
residual_pca,current_pca,frozen-pca,5,fast_all,fast_all,fast_all,common_endpoint,pooled_candidate_rmse,lower,128,0.3876422077,0.387201569908,0.000440637791718,favors_pca,true
residual_pca,current_pca,frozen-pca,6,fast_all,fast_all,fast_all,common_endpoint,pooled_candidate_rmse,lower,128,0.387842485767,0.387879762685,-3.72769183093e-05,favors_transform,true
residual_pca,current_pca,frozen-pca,7,fast_all,fast_all,fast_all,common_endpoint,pooled_candidate_rmse,lower,128,0.387407344033,0.387743417224,-0.000336073190418,favors_transform,true
residual_pca,current_pca,frozen-pca,8,fast_all,fast_all,fast_all,common_endpoint,pooled_candidate_rmse,lower,128,0.388634596481,0.387217760281,0.00141683619941,favors_pca,true
residual_pca,current_pca,frozen-pca,9,fast_all,fast_all,fast_all,common_endpoint,pooled_candidate_rmse,lower,128,0.38820912651,0.387451644591,0.000757481918874,favors_pca,true
residual_pca,current_pca,frozen-pca,0,fast_all,fast_all,fast_all,common_endpoint,candidate_mae,lower,128,0.351698395851,0.350874152836,0.000824243014844,favors_pca,true
residual_pca,current_pca,frozen-pca,1,fast_all,fast_all,fast_all,common_endpoint,candidate_mae,lower,128,0.351453597673,0.351196513993,0.000257083680469,favors_pca,true
residual_pca,current_pca,frozen-pca,2,fast_all,fast_all,fast_all,common_endpoint,candidate_mae,lower,128,0.351319960691,0.350870413192,0.000449547499219,favors_pca,true
residual_pca,current_pca,frozen-pca,3,fast_all,fast_all,fast_all,common_endpoint,candidate_mae,lower,128,0.351571562484,0.350336082684,0.0012354798,favors_pca,true
residual_pca,current_pca,frozen-pca,4,fast_all,fast_all,fast_all,common_endpoint,candidate_mae,lower,128,0.352140991662,0.35090862202,0.00123236964141,favors_pca,true
residual_pca,current_pca,frozen-pca,5,fast_all,fast_all,fast_all,common_endpoint,candidate_mae,lower,128,0.351009275472,0.350551632938,0.000457642534375,favors_pca,true
residual_pca,current_pca,frozen-pca,6,fast_all,fast_all,fast_all,common_endpoint,candidate_mae,lower,128,0.351182922725,0.351501322789,-0.000318400064062,favors_transform,true
residual_pca,current_pca,frozen-pca,7,fast_all,fast_all,fast_all,common_endpoint,candidate_mae,lower,128,0.350822911813,0.350976322036,-0.000153410223437,favors_transform,true
residual_pca,current_pca,frozen-pca,8,fast_all,fast_all,fast_all,common_endpoint,candidate_mae,lower,128,0.351830645073,0.350510714998,0.00131993007422,favors_pca,true
residual_pca,current_pca,frozen-pca,9,fast_all,fast_all,fast_all,common_endpoint,candidate_mae,lower,128,0.351299263207,0.351012075041,0.000287188165625,favors_pca,true
residual_pca,current_pca,frozen-pca,0,fast_all,fast_all,fast_all,common_endpoint,topk_agreement,higher,128,0.59296875,0.601796875,-0.008828125,favors_pca,true
residual_pca,current_pca,frozen-pca,1,fast_all,fast_all,fast_all,common_endpoint,topk_agreement,higher,128,0.585234375,0.5946875,-0.009453125,favors_pca,true
residual_pca,current_pca,frozen-pca,2,fast_all,fast_all,fast_all,common_endpoint,topk_agreement,higher,128,0.589921875,0.5946875,-0.004765625,favors_pca,true
residual_pca,current_pca,frozen-pca,3,fast_all,fast_all,fast_all,common_endpoint,topk_agreement,higher,128,0.59609375,0.594765625,0.001328125,favors_transform,true
residual_pca,current_pca,frozen-pca,4,fast_all,fast_all,fast_all,common_endpoint,topk_agreement,higher,128,0.585625,0.588828125,-0.003203125,favors_pca,true
residual_pca,current_pca,frozen-pca,5,fast_all,fast_all,fast_all,common_endpoint,topk_agreement,higher,128,0.592265625,0.59546875,-0.003203125,favors_pca,true
residual_pca,current_pca,frozen-pca,6,fast_all,fast_all,fast_all,common_endpoint,topk_agreement,higher,128,0.5928125,0.587890625,0.004921875,favors_transform,true
residual_pca,current_pca,frozen-pca,7,fast_all,fast_all,fast_all,common_endpoint,topk_agreement,higher,128,0.588046875,0.59078125,-0.002734375,favors_pca,true
residual_pca,current_pca,frozen-pca,8,fast_all,fast_all,fast_all,common_endpoint,topk_agreement,higher,128,0.5871875,0.590234375,-0.003046875,favors_pca,true
residual_pca,current_pca,frozen-pca,9,fast_all,fast_all,fast_all,common_endpoint,topk_agreement,higher,128,0.58796875,0.5921875,-0.00421875,favors_pca,true
residual_pca,current_pca,frozen-pca,0,fast_all,fast_all,fast_all,common_endpoint,boundary_inversion_rate,lower,128,0.0192336934697,0.0189777534292,0.000255940040492,favors_pca,true
residual_pca,current_pca,frozen-pca,1,fast_all,fast_all,fast_all,common_endpoint,boundary_inversion_rate,lower,128,0.0199830974854,0.019054940773,0.000928156712391,favors_pca,true
residual_pca,current_pca,frozen-pca,2,fast_all,fast_all,fast_all,common_endpoint,boundary_inversion_rate,lower,128,0.0193882093669,0.0191665660171,0.000221643349797,favors_pca,true
residual_pca,current_pca,frozen-pca,3,fast_all,fast_all,fast_all,common_endpoint,boundary_inversion_rate,lower,128,0.019388674431,0.0191663589101,0.000222315520859,favors_pca,true
residual_pca,current_pca,frozen-pca,4,fast_all,fast_all,fast_all,common_endpoint,boundary_inversion_rate,lower,128,0.0198421612378,0.0192828324877,0.000559328750094,favors_pca,true
residual_pca,current_pca,frozen-pca,5,fast_all,fast_all,fast_all,common_endpoint,boundary_inversion_rate,lower,128,0.0190783185439,0.0193829630538,-0.00030464450993,favors_transform,true
residual_pca,current_pca,frozen-pca,6,fast_all,fast_all,fast_all,common_endpoint,boundary_inversion_rate,lower,128,0.0194999566236,0.0198251378372,-0.000325181213617,favors_transform,true
residual_pca,current_pca,frozen-pca,7,fast_all,fast_all,fast_all,common_endpoint,boundary_inversion_rate,lower,128,0.0196237023074,0.0192007844465,0.000422917860844,favors_pca,true
residual_pca,current_pca,frozen-pca,8,fast_all,fast_all,fast_all,common_endpoint,boundary_inversion_rate,lower,128,0.0192588941604,0.0194531712642,-0.000194277103828,favors_transform,true
residual_pca,current_pca,frozen-pca,9,fast_all,fast_all,fast_all,common_endpoint,boundary_inversion_rate,lower,128,0.0199244668222,0.0194292732658,0.000495193556344,favors_pca,true
residual_pca,current_pca,frozen-pca,0,fast_all,fast_all,fast_all,common_endpoint,exact_best_rank,lower,128,8.3359375,8.2265625,0.109375,favors_pca,true
residual_pca,current_pca,frozen-pca,1,fast_all,fast_all,fast_all,common_endpoint,exact_best_rank,lower,128,6.3828125,8.25,-1.8671875,favors_transform,true
residual_pca,current_pca,frozen-pca,2,fast_all,fast_all,fast_all,common_endpoint,exact_best_rank,lower,128,5.921875,7.2578125,-1.3359375,favors_transform,true
residual_pca,current_pca,frozen-pca,3,fast_all,fast_all,fast_all,common_endpoint,exact_best_rank,lower,128,7.875,6.03125,1.84375,favors_pca,true
residual_pca,current_pca,frozen-pca,4,fast_all,fast_all,fast_all,common_endpoint,exact_best_rank,lower,128,9.625,7.6015625,2.0234375,favors_pca,true
residual_pca,current_pca,frozen-pca,5,fast_all,fast_all,fast_all,common_endpoint,exact_best_rank,lower,128,6.5546875,8.5625,-2.0078125,favors_transform,true
residual_pca,current_pca,frozen-pca,6,fast_all,fast_all,fast_all,common_endpoint,exact_best_rank,lower,128,8.0703125,7.59375,0.4765625,favors_pca,true
residual_pca,current_pca,frozen-pca,7,fast_all,fast_all,fast_all,common_endpoint,exact_best_rank,lower,128,8.703125,6.3671875,2.3359375,favors_pca,true
residual_pca,current_pca,frozen-pca,8,fast_all,fast_all,fast_all,common_endpoint,exact_best_rank,lower,128,8.5078125,8.6640625,-0.15625,favors_transform,true
residual_pca,current_pca,frozen-pca,9,fast_all,fast_all,fast_all,common_endpoint,exact_best_rank,lower,128,11.625,7.9140625,3.7109375,favors_pca,true
residual_pca,current_pca,frozen-pca,-1,accurate_prefix_1,accurate_prefix_1,accurate_prefix_1,matched_intermediate_family_and_bytes,mean_per_query_candidate_rmse,lower,128,0.0827859383185,0.083347049178,-0.000561110859453,favors_transform,true
residual_pca,current_pca,frozen-pca,-1,accurate_prefix_1,accurate_prefix_1,accurate_prefix_1,matched_intermediate_family_and_bytes,pooled_candidate_rmse,lower,128,0.0875495923532,0.0881312006375,-0.000581608284333,favors_transform,true
residual_pca,current_pca,frozen-pca,-1,accurate_prefix_1,accurate_prefix_1,accurate_prefix_1,matched_intermediate_family_and_bytes,candidate_mae,lower,128,0.0745712946309,0.075026318327,-0.000455023696016,favors_transform,true
residual_pca,current_pca,frozen-pca,-1,accurate_prefix_1,accurate_prefix_1,accurate_prefix_1,matched_intermediate_family_and_bytes,topk_agreement,higher,128,0.899375,0.900234375,-0.000859375,favors_pca,true
residual_pca,current_pca,frozen-pca,-1,accurate_prefix_1,accurate_prefix_1,accurate_prefix_1,matched_intermediate_family_and_bytes,boundary_inversion_rate,lower,128,0.00107732096308,0.0011019548401,-2.46338770274e-05,favors_transform,true
residual_pca,current_pca,frozen-pca,-1,accurate_prefix_1,accurate_prefix_1,accurate_prefix_1,matched_intermediate_family_and_bytes,exact_best_rank,lower,128,1.390625,1.3046875,0.0859375,favors_pca,true
residual_pca,current_pca,frozen-pca,0,accurate_prefix_1,accurate_prefix_1,accurate_prefix_1,matched_intermediate_family_and_bytes,mean_per_query_candidate_rmse,lower,128,0.08134508117,0.0818507213882,-0.000505640218203,favors_transform,true
residual_pca,current_pca,frozen-pca,1,accurate_prefix_1,accurate_prefix_1,accurate_prefix_1,matched_intermediate_family_and_bytes,mean_per_query_candidate_rmse,lower,128,0.0813306250865,0.0817794194902,-0.000448794403672,favors_transform,true
residual_pca,current_pca,frozen-pca,2,accurate_prefix_1,accurate_prefix_1,accurate_prefix_1,matched_intermediate_family_and_bytes,mean_per_query_candidate_rmse,lower,128,0.0813236554387,0.081821884752,-0.000498229313359,favors_transform,true
residual_pca,current_pca,frozen-pca,3,accurate_prefix_1,accurate_prefix_1,accurate_prefix_1,matched_intermediate_family_and_bytes,mean_per_query_candidate_rmse,lower,128,0.0813430595806,0.0817397918273,-0.000396732246719,favors_transform,true
residual_pca,current_pca,frozen-pca,4,accurate_prefix_1,accurate_prefix_1,accurate_prefix_1,matched_intermediate_family_and_bytes,mean_per_query_candidate_rmse,lower,128,0.0813208956204,0.0818263854587,-0.000505489838281,favors_transform,true
residual_pca,current_pca,frozen-pca,5,accurate_prefix_1,accurate_prefix_1,accurate_prefix_1,matched_intermediate_family_and_bytes,mean_per_query_candidate_rmse,lower,128,0.0812734934326,0.0818562957766,-0.000582802344062,favors_transform,true
residual_pca,current_pca,frozen-pca,6,accurate_prefix_1,accurate_prefix_1,accurate_prefix_1,matched_intermediate_family_and_bytes,mean_per_query_candidate_rmse,lower,128,0.0812911807735,0.0818174886596,-0.000526307886094,favors_transform,true
residual_pca,current_pca,frozen-pca,7,accurate_prefix_1,accurate_prefix_1,accurate_prefix_1,matched_intermediate_family_and_bytes,mean_per_query_candidate_rmse,lower,128,0.0813003057154,0.0818061557312,-0.000505850015859,favors_transform,true
residual_pca,current_pca,frozen-pca,8,accurate_prefix_1,accurate_prefix_1,accurate_prefix_1,matched_intermediate_family_and_bytes,mean_per_query_candidate_rmse,lower,128,0.0812834965791,0.0818376062301,-0.000554109650938,favors_transform,true
residual_pca,current_pca,frozen-pca,9,accurate_prefix_1,accurate_prefix_1,accurate_prefix_1,matched_intermediate_family_and_bytes,mean_per_query_candidate_rmse,lower,128,0.0813734382116,0.0817718819924,-0.000398443780859,favors_transform,true
residual_pca,current_pca,frozen-pca,0,accurate_prefix_1,accurate_prefix_1,accurate_prefix_1,matched_intermediate_family_and_bytes,pooled_candidate_rmse,lower,128,0.0861159059752,0.0866542929084,-0.000538386933219,favors_transform,true
residual_pca,current_pca,frozen-pca,1,accurate_prefix_1,accurate_prefix_1,accurate_prefix_1,matched_intermediate_family_and_bytes,pooled_candidate_rmse,lower,128,0.0860741067579,0.0865420590038,-0.000467952245895,favors_transform,true
residual_pca,current_pca,frozen-pca,2,accurate_prefix_1,accurate_prefix_1,accurate_prefix_1,matched_intermediate_family_and_bytes,pooled_candidate_rmse,lower,128,0.0860544954084,0.0865846645808,-0.000530169172422,favors_transform,true
residual_pca,current_pca,frozen-pca,3,accurate_prefix_1,accurate_prefix_1,accurate_prefix_1,matched_intermediate_family_and_bytes,pooled_candidate_rmse,lower,128,0.0860556194196,0.0865195834826,-0.000463964063054,favors_transform,true
residual_pca,current_pca,frozen-pca,4,accurate_prefix_1,accurate_prefix_1,accurate_prefix_1,matched_intermediate_family_and_bytes,pooled_candidate_rmse,lower,128,0.0860475084282,0.0866439777187,-0.0005964692905,favors_transform,true
residual_pca,current_pca,frozen-pca,5,accurate_prefix_1,accurate_prefix_1,accurate_prefix_1,matched_intermediate_family_and_bytes,pooled_candidate_rmse,lower,128,0.0860389448898,0.0866486720936,-0.000609727203884,favors_transform,true
residual_pca,current_pca,frozen-pca,6,accurate_prefix_1,accurate_prefix_1,accurate_prefix_1,matched_intermediate_family_and_bytes,pooled_candidate_rmse,lower,128,0.0860417234241,0.0865658400666,-0.000524116642562,favors_transform,true
residual_pca,current_pca,frozen-pca,7,accurate_prefix_1,accurate_prefix_1,accurate_prefix_1,matched_intermediate_family_and_bytes,pooled_candidate_rmse,lower,128,0.0860398935887,0.0866150619589,-0.00057516837017,favors_transform,true
residual_pca,current_pca,frozen-pca,8,accurate_prefix_1,accurate_prefix_1,accurate_prefix_1,matched_intermediate_family_and_bytes,pooled_candidate_rmse,lower,128,0.0860212360579,0.0866228906078,-0.000601654549914,favors_transform,true
residual_pca,current_pca,frozen-pca,9,accurate_prefix_1,accurate_prefix_1,accurate_prefix_1,matched_intermediate_family_and_bytes,pooled_candidate_rmse,lower,128,0.08612834188,0.0865625178586,-0.000434175978665,favors_transform,true
residual_pca,current_pca,frozen-pca,0,accurate_prefix_1,accurate_prefix_1,accurate_prefix_1,matched_intermediate_family_and_bytes,candidate_mae,lower,128,0.0742251174142,0.0746649305944,-0.000439813180156,favors_transform,true
residual_pca,current_pca,frozen-pca,1,accurate_prefix_1,accurate_prefix_1,accurate_prefix_1,matched_intermediate_family_and_bytes,candidate_mae,lower,128,0.0741709056914,0.074591720416,-0.000420814724609,favors_transform,true
residual_pca,current_pca,frozen-pca,2,accurate_prefix_1,accurate_prefix_1,accurate_prefix_1,matched_intermediate_family_and_bytes,candidate_mae,lower,128,0.0741977016734,0.0746459645517,-0.000448262878359,favors_transform,true
residual_pca,current_pca,frozen-pca,3,accurate_prefix_1,accurate_prefix_1,accurate_prefix_1,matched_intermediate_family_and_bytes,candidate_mae,lower,128,0.0741484938102,0.0746138917002,-0.000465397890078,favors_transform,true
residual_pca,current_pca,frozen-pca,4,accurate_prefix_1,accurate_prefix_1,accurate_prefix_1,matched_intermediate_family_and_bytes,candidate_mae,lower,128,0.0741740726386,0.0746194498961,-0.0004453772575,favors_transform,true
residual_pca,current_pca,frozen-pca,5,accurate_prefix_1,accurate_prefix_1,accurate_prefix_1,matched_intermediate_family_and_bytes,candidate_mae,lower,128,0.0741352993183,0.0746716439769,-0.000536344658594,favors_transform,true
residual_pca,current_pca,frozen-pca,6,accurate_prefix_1,accurate_prefix_1,accurate_prefix_1,matched_intermediate_family_and_bytes,candidate_mae,lower,128,0.0741322575675,0.0746536325069,-0.000521374939375,favors_transform,true
residual_pca,current_pca,frozen-pca,7,accurate_prefix_1,accurate_prefix_1,accurate_prefix_1,matched_intermediate_family_and_bytes,candidate_mae,lower,128,0.0741916089998,0.0746460906608,-0.000454481661016,favors_transform,true
residual_pca,current_pca,frozen-pca,8,accurate_prefix_1,accurate_prefix_1,accurate_prefix_1,matched_intermediate_family_and_bytes,candidate_mae,lower,128,0.0741443877109,0.0746467182542,-0.000502330543359,favors_transform,true
residual_pca,current_pca,frozen-pca,9,accurate_prefix_1,accurate_prefix_1,accurate_prefix_1,matched_intermediate_family_and_bytes,candidate_mae,lower,128,0.0742367996934,0.0745929075898,-0.000356107896484,favors_transform,true
residual_pca,current_pca,frozen-pca,0,accurate_prefix_1,accurate_prefix_1,accurate_prefix_1,matched_intermediate_family_and_bytes,topk_agreement,higher,128,0.906640625,0.906328125,0.0003125,favors_transform,true
residual_pca,current_pca,frozen-pca,1,accurate_prefix_1,accurate_prefix_1,accurate_prefix_1,matched_intermediate_family_and_bytes,topk_agreement,higher,128,0.907734375,0.903984375,0.00375,favors_transform,true
residual_pca,current_pca,frozen-pca,2,accurate_prefix_1,accurate_prefix_1,accurate_prefix_1,matched_intermediate_family_and_bytes,topk_agreement,higher,128,0.90546875,0.906484375,-0.001015625,favors_pca,true
residual_pca,current_pca,frozen-pca,3,accurate_prefix_1,accurate_prefix_1,accurate_prefix_1,matched_intermediate_family_and_bytes,topk_agreement,higher,128,0.908203125,0.906015625,0.0021875,favors_transform,true
residual_pca,current_pca,frozen-pca,4,accurate_prefix_1,accurate_prefix_1,accurate_prefix_1,matched_intermediate_family_and_bytes,topk_agreement,higher,128,0.904453125,0.9040625,0.000390625,favors_transform,true
residual_pca,current_pca,frozen-pca,5,accurate_prefix_1,accurate_prefix_1,accurate_prefix_1,matched_intermediate_family_and_bytes,topk_agreement,higher,128,0.90578125,0.906640625,-0.000859375,favors_pca,true
residual_pca,current_pca,frozen-pca,6,accurate_prefix_1,accurate_prefix_1,accurate_prefix_1,matched_intermediate_family_and_bytes,topk_agreement,higher,128,0.905859375,0.9021875,0.003671875,favors_transform,true
residual_pca,current_pca,frozen-pca,7,accurate_prefix_1,accurate_prefix_1,accurate_prefix_1,matched_intermediate_family_and_bytes,topk_agreement,higher,128,0.908203125,0.90453125,0.003671875,favors_transform,true
residual_pca,current_pca,frozen-pca,8,accurate_prefix_1,accurate_prefix_1,accurate_prefix_1,matched_intermediate_family_and_bytes,topk_agreement,higher,128,0.90515625,0.905625,-0.00046875,favors_pca,true
residual_pca,current_pca,frozen-pca,9,accurate_prefix_1,accurate_prefix_1,accurate_prefix_1,matched_intermediate_family_and_bytes,topk_agreement,higher,128,0.904375,0.9034375,0.0009375,favors_transform,true
residual_pca,current_pca,frozen-pca,0,accurate_prefix_1,accurate_prefix_1,accurate_prefix_1,matched_intermediate_family_and_bytes,boundary_inversion_rate,lower,128,0.000937609311643,0.000925058293133,1.25510185103e-05,favors_pca,true
residual_pca,current_pca,frozen-pca,1,accurate_prefix_1,accurate_prefix_1,accurate_prefix_1,matched_intermediate_family_and_bytes,boundary_inversion_rate,lower,128,0.000906645752691,0.000957864972122,-5.12192194317e-05,favors_transform,true
residual_pca,current_pca,frozen-pca,2,accurate_prefix_1,accurate_prefix_1,accurate_prefix_1,matched_intermediate_family_and_bytes,boundary_inversion_rate,lower,128,0.000936851181371,0.000941350906275,-4.49972490438e-06,favors_transform,true
residual_pca,current_pca,frozen-pca,3,accurate_prefix_1,accurate_prefix_1,accurate_prefix_1,matched_intermediate_family_and_bytes,boundary_inversion_rate,lower,128,0.000924195444461,0.00094366616919,-1.94707247295e-05,favors_transform,true
residual_pca,current_pca,frozen-pca,4,accurate_prefix_1,accurate_prefix_1,accurate_prefix_1,matched_intermediate_family_and_bytes,boundary_inversion_rate,lower,128,0.000940120893491,0.000973713744481,-3.35928509898e-05,favors_transform,true
residual_pca,current_pca,frozen-pca,5,accurate_prefix_1,accurate_prefix_1,accurate_prefix_1,matched_intermediate_family_and_bytes,boundary_inversion_rate,lower,128,0.00092313894129,0.000945517392744,-2.23784514539e-05,favors_transform,true
residual_pca,current_pca,frozen-pca,6,accurate_prefix_1,accurate_prefix_1,accurate_prefix_1,matched_intermediate_family_and_bytes,boundary_inversion_rate,lower,128,0.000963432423582,0.000991391403444,-2.79589798615e-05,favors_transform,true
residual_pca,current_pca,frozen-pca,7,accurate_prefix_1,accurate_prefix_1,accurate_prefix_1,matched_intermediate_family_and_bytes,boundary_inversion_rate,lower,128,0.000931033203823,0.000953192795177,-2.2159591354e-05,favors_transform,true
residual_pca,current_pca,frozen-pca,8,accurate_prefix_1,accurate_prefix_1,accurate_prefix_1,matched_intermediate_family_and_bytes,boundary_inversion_rate,lower,128,0.000961118403624,0.000946753261622,1.43651420017e-05,favors_pca,true
residual_pca,current_pca,frozen-pca,9,accurate_prefix_1,accurate_prefix_1,accurate_prefix_1,matched_intermediate_family_and_bytes,boundary_inversion_rate,lower,128,0.000956534105967,0.000975892357107,-1.93582511402e-05,favors_transform,true
residual_pca,current_pca,frozen-pca,0,accurate_prefix_1,accurate_prefix_1,accurate_prefix_1,matched_intermediate_family_and_bytes,exact_best_rank,lower,128,1.421875,1.375,0.046875,favors_pca,true
residual_pca,current_pca,frozen-pca,1,accurate_prefix_1,accurate_prefix_1,accurate_prefix_1,matched_intermediate_family_and_bytes,exact_best_rank,lower,128,1.421875,1.4921875,-0.0703125,favors_transform,true
residual_pca,current_pca,frozen-pca,2,accurate_prefix_1,accurate_prefix_1,accurate_prefix_1,matched_intermediate_family_and_bytes,exact_best_rank,lower,128,1.390625,1.5,-0.109375,favors_transform,true
residual_pca,current_pca,frozen-pca,3,accurate_prefix_1,accurate_prefix_1,accurate_prefix_1,matched_intermediate_family_and_bytes,exact_best_rank,lower,128,1.4375,1.453125,-0.015625,favors_transform,true
residual_pca,current_pca,frozen-pca,4,accurate_prefix_1,accurate_prefix_1,accurate_prefix_1,matched_intermediate_family_and_bytes,exact_best_rank,lower,128,1.375,1.453125,-0.078125,favors_transform,true
residual_pca,current_pca,frozen-pca,5,accurate_prefix_1,accurate_prefix_1,accurate_prefix_1,matched_intermediate_family_and_bytes,exact_best_rank,lower,128,1.3671875,1.46875,-0.1015625,favors_transform,true
residual_pca,current_pca,frozen-pca,6,accurate_prefix_1,accurate_prefix_1,accurate_prefix_1,matched_intermediate_family_and_bytes,exact_best_rank,lower,128,1.3046875,1.453125,-0.1484375,favors_transform,true
residual_pca,current_pca,frozen-pca,7,accurate_prefix_1,accurate_prefix_1,accurate_prefix_1,matched_intermediate_family_and_bytes,exact_best_rank,lower,128,1.265625,1.40625,-0.140625,favors_transform,true
residual_pca,current_pca,frozen-pca,8,accurate_prefix_1,accurate_prefix_1,accurate_prefix_1,matched_intermediate_family_and_bytes,exact_best_rank,lower,128,1.3828125,1.3203125,0.0625,favors_pca,true
residual_pca,current_pca,frozen-pca,9,accurate_prefix_1,accurate_prefix_1,accurate_prefix_1,matched_intermediate_family_and_bytes,exact_best_rank,lower,128,1.5859375,1.4375,0.1484375,favors_pca,true
residual_pca,current_pca,frozen-pca,-1,accurate_prefix_2,accurate_prefix_2,accurate_prefix_2,matched_intermediate_family_and_bytes,mean_per_query_candidate_rmse,lower,128,0.019424999593,0.0194689879851,-4.39883920625e-05,favors_transform,true
residual_pca,current_pca,frozen-pca,-1,accurate_prefix_2,accurate_prefix_2,accurate_prefix_2,matched_intermediate_family_and_bytes,pooled_candidate_rmse,lower,128,0.021498739838,0.0215690642973,-7.03244593159e-05,favors_transform,true
residual_pca,current_pca,frozen-pca,-1,accurate_prefix_2,accurate_prefix_2,accurate_prefix_2,matched_intermediate_family_and_bytes,candidate_mae,lower,128,0.0173878917251,0.0174223897505,-3.44980253828e-05,favors_transform,true
residual_pca,current_pca,frozen-pca,-1,accurate_prefix_2,accurate_prefix_2,accurate_prefix_2,matched_intermediate_family_and_bytes,topk_agreement,higher,128,0.97609375,0.9753125,0.00078125,favors_transform,true
residual_pca,current_pca,frozen-pca,-1,accurate_prefix_2,accurate_prefix_2,accurate_prefix_2,matched_intermediate_family_and_bytes,boundary_inversion_rate,lower,128,7.0359227887e-05,6.86119429142e-05,1.74728497277e-06,favors_pca,true
residual_pca,current_pca,frozen-pca,-1,accurate_prefix_2,accurate_prefix_2,accurate_prefix_2,matched_intermediate_family_and_bytes,exact_best_rank,lower,128,1.046875,1.0625,-0.015625,favors_transform,true
residual_pca,current_pca,frozen-pca,0,accurate_prefix_2,accurate_prefix_2,accurate_prefix_2,matched_intermediate_family_and_bytes,mean_per_query_candidate_rmse,lower,128,0.0192077339593,0.0191923108634,1.5423095875e-05,favors_pca,true
residual_pca,current_pca,frozen-pca,1,accurate_prefix_2,accurate_prefix_2,accurate_prefix_2,matched_intermediate_family_and_bytes,mean_per_query_candidate_rmse,lower,128,0.0191752445472,0.01919704572,-2.18011728438e-05,favors_transform,true
residual_pca,current_pca,frozen-pca,2,accurate_prefix_2,accurate_prefix_2,accurate_prefix_2,matched_intermediate_family_and_bytes,mean_per_query_candidate_rmse,lower,128,0.0191774511583,0.0192107917352,-3.33405769141e-05,favors_transform,true
residual_pca,current_pca,frozen-pca,3,accurate_prefix_2,accurate_prefix_2,accurate_prefix_2,matched_intermediate_family_and_bytes,mean_per_query_candidate_rmse,lower,128,0.0191959688808,0.0192236558909,-2.76870100391e-05,favors_transform,true
residual_pca,current_pca,frozen-pca,4,accurate_prefix_2,accurate_prefix_2,accurate_prefix_2,matched_intermediate_family_and_bytes,mean_per_query_candidate_rmse,lower,128,0.0192156834008,0.0192194735732,-3.79017236719e-06,favors_transform,true
residual_pca,current_pca,frozen-pca,5,accurate_prefix_2,accurate_prefix_2,accurate_prefix_2,matched_intermediate_family_and_bytes,mean_per_query_candidate_rmse,lower,128,0.0192008585783,0.0191724472292,2.84113490859e-05,favors_pca,true
residual_pca,current_pca,frozen-pca,6,accurate_prefix_2,accurate_prefix_2,accurate_prefix_2,matched_intermediate_family_and_bytes,mean_per_query_candidate_rmse,lower,128,0.0191615540913,0.0192064969079,-4.49428166328e-05,favors_transform,true
residual_pca,current_pca,frozen-pca,7,accurate_prefix_2,accurate_prefix_2,accurate_prefix_2,matched_intermediate_family_and_bytes,mean_per_query_candidate_rmse,lower,128,0.0191657876869,0.0191916652504,-2.58775635156e-05,favors_transform,true
residual_pca,current_pca,frozen-pca,8,accurate_prefix_2,accurate_prefix_2,accurate_prefix_2,matched_intermediate_family_and_bytes,mean_per_query_candidate_rmse,lower,128,0.0191599119248,0.0192141968312,-5.42849064063e-05,favors_transform,true
residual_pca,current_pca,frozen-pca,9,accurate_prefix_2,accurate_prefix_2,accurate_prefix_2,matched_intermediate_family_and_bytes,mean_per_query_candidate_rmse,lower,128,0.0191791842592,0.0192165033109,-3.73190517578e-05,favors_transform,true
residual_pca,current_pca,frozen-pca,0,accurate_prefix_2,accurate_prefix_2,accurate_prefix_2,matched_intermediate_family_and_bytes,pooled_candidate_rmse,lower,128,0.0212923632823,0.0212736623307,1.8700951573e-05,favors_pca,true
residual_pca,current_pca,frozen-pca,1,accurate_prefix_2,accurate_prefix_2,accurate_prefix_2,matched_intermediate_family_and_bytes,pooled_candidate_rmse,lower,128,0.0212482867595,0.0212940792474,-4.57924878839e-05,favors_transform,true
residual_pca,current_pca,frozen-pca,2,accurate_prefix_2,accurate_prefix_2,accurate_prefix_2,matched_intermediate_family_and_bytes,pooled_candidate_rmse,lower,128,0.0212505147014,0.0212957503501,-4.52356487175e-05,favors_transform,true
residual_pca,current_pca,frozen-pca,3,accurate_prefix_2,accurate_prefix_2,accurate_prefix_2,matched_intermediate_family_and_bytes,pooled_candidate_rmse,lower,128,0.0212639851872,0.021323048801,-5.90636138528e-05,favors_transform,true
residual_pca,current_pca,frozen-pca,4,accurate_prefix_2,accurate_prefix_2,accurate_prefix_2,matched_intermediate_family_and_bytes,pooled_candidate_rmse,lower,128,0.0213037998004,0.0213088736538,-5.07385340677e-06,favors_transform,true
residual_pca,current_pca,frozen-pca,5,accurate_prefix_2,accurate_prefix_2,accurate_prefix_2,matched_intermediate_family_and_bytes,pooled_candidate_rmse,lower,128,0.0212918677749,0.0212503932292,4.14745457476e-05,favors_pca,true
residual_pca,current_pca,frozen-pca,6,accurate_prefix_2,accurate_prefix_2,accurate_prefix_2,matched_intermediate_family_and_bytes,pooled_candidate_rmse,lower,128,0.0212345476981,0.021289467523,-5.49198248481e-05,favors_transform,true
residual_pca,current_pca,frozen-pca,7,accurate_prefix_2,accurate_prefix_2,accurate_prefix_2,matched_intermediate_family_and_bytes,pooled_candidate_rmse,lower,128,0.0212478370382,0.0212533622453,-5.52520703114e-06,favors_transform,true
residual_pca,current_pca,frozen-pca,8,accurate_prefix_2,accurate_prefix_2,accurate_prefix_2,matched_intermediate_family_and_bytes,pooled_candidate_rmse,lower,128,0.0212169848835,0.0212976387761,-8.06538926087e-05,favors_transform,true
residual_pca,current_pca,frozen-pca,9,accurate_prefix_2,accurate_prefix_2,accurate_prefix_2,matched_intermediate_family_and_bytes,pooled_candidate_rmse,lower,128,0.0212513163813,0.0213047922199,-5.34758386305e-05,favors_transform,true
residual_pca,current_pca,frozen-pca,0,accurate_prefix_2,accurate_prefix_2,accurate_prefix_2,matched_intermediate_family_and_bytes,candidate_mae,lower,128,0.0173421765507,0.0173238162104,1.83603402656e-05,favors_pca,true
residual_pca,current_pca,frozen-pca,1,accurate_prefix_2,accurate_prefix_2,accurate_prefix_2,matched_intermediate_family_and_bytes,candidate_mae,lower,128,0.0173164498857,0.017330026365,-1.35764793359e-05,favors_transform,true
residual_pca,current_pca,frozen-pca,2,accurate_prefix_2,accurate_prefix_2,accurate_prefix_2,matched_intermediate_family_and_bytes,candidate_mae,lower,128,0.0173145207716,0.017350364233,-3.58434614063e-05,favors_transform,true
residual_pca,current_pca,frozen-pca,3,accurate_prefix_2,accurate_prefix_2,accurate_prefix_2,matched_intermediate_family_and_bytes,candidate_mae,lower,128,0.0173258754243,0.0173545195722,-2.86441479453e-05,favors_transform,true
residual_pca,current_pca,frozen-pca,4,accurate_prefix_2,accurate_prefix_2,accurate_prefix_2,matched_intermediate_family_and_bytes,candidate_mae,lower,128,0.0173348849976,0.0173469905275,-1.21055299375e-05,favors_transform,true
residual_pca,current_pca,frozen-pca,5,accurate_prefix_2,accurate_prefix_2,accurate_prefix_2,matched_intermediate_family_and_bytes,candidate_mae,lower,128,0.0173309939588,0.0173158708343,1.51231244688e-05,favors_pca,true
residual_pca,current_pca,frozen-pca,6,accurate_prefix_2,accurate_prefix_2,accurate_prefix_2,matched_intermediate_family_and_bytes,candidate_mae,lower,128,0.0172941983662,0.0173352208827,-4.10225165e-05,favors_transform,true
residual_pca,current_pca,frozen-pca,7,accurate_prefix_2,accurate_prefix_2,accurate_prefix_2,matched_intermediate_family_and_bytes,candidate_mae,lower,128,0.0173094854431,0.0173299585842,-2.04731410234e-05,favors_transform,true
residual_pca,current_pca,frozen-pca,8,accurate_prefix_2,accurate_prefix_2,accurate_prefix_2,matched_intermediate_family_and_bytes,candidate_mae,lower,128,0.0172875880667,0.0173511963969,-6.36083302031e-05,favors_transform,true
residual_pca,current_pca,frozen-pca,9,accurate_prefix_2,accurate_prefix_2,accurate_prefix_2,matched_intermediate_family_and_bytes,candidate_mae,lower,128,0.0173118189499,0.0173415780247,-2.97590747891e-05,favors_transform,true
residual_pca,current_pca,frozen-pca,0,accurate_prefix_2,accurate_prefix_2,accurate_prefix_2,matched_intermediate_family_and_bytes,topk_agreement,higher,128,0.977265625,0.97765625,-0.000390625,favors_pca,true
residual_pca,current_pca,frozen-pca,1,accurate_prefix_2,accurate_prefix_2,accurate_prefix_2,matched_intermediate_family_and_bytes,topk_agreement,higher,128,0.977421875,0.97625,0.001171875,favors_transform,true
residual_pca,current_pca,frozen-pca,2,accurate_prefix_2,accurate_prefix_2,accurate_prefix_2,matched_intermediate_family_and_bytes,topk_agreement,higher,128,0.97703125,0.97609375,0.0009375,favors_transform,true
residual_pca,current_pca,frozen-pca,3,accurate_prefix_2,accurate_prefix_2,accurate_prefix_2,matched_intermediate_family_and_bytes,topk_agreement,higher,128,0.977265625,0.97640625,0.000859375,favors_transform,true
residual_pca,current_pca,frozen-pca,4,accurate_prefix_2,accurate_prefix_2,accurate_prefix_2,matched_intermediate_family_and_bytes,topk_agreement,higher,128,0.975703125,0.97671875,-0.001015625,favors_pca,true
residual_pca,current_pca,frozen-pca,5,accurate_prefix_2,accurate_prefix_2,accurate_prefix_2,matched_intermediate_family_and_bytes,topk_agreement,higher,128,0.975859375,0.9759375,-7.8125e-05,favors_pca,true
residual_pca,current_pca,frozen-pca,6,accurate_prefix_2,accurate_prefix_2,accurate_prefix_2,matched_intermediate_family_and_bytes,topk_agreement,higher,128,0.97546875,0.9759375,-0.00046875,favors_pca,true
residual_pca,current_pca,frozen-pca,7,accurate_prefix_2,accurate_prefix_2,accurate_prefix_2,matched_intermediate_family_and_bytes,topk_agreement,higher,128,0.977578125,0.9765625,0.001015625,favors_transform,true
residual_pca,current_pca,frozen-pca,8,accurate_prefix_2,accurate_prefix_2,accurate_prefix_2,matched_intermediate_family_and_bytes,topk_agreement,higher,128,0.976640625,0.97640625,0.000234375,favors_transform,true
residual_pca,current_pca,frozen-pca,9,accurate_prefix_2,accurate_prefix_2,accurate_prefix_2,matched_intermediate_family_and_bytes,topk_agreement,higher,128,0.977265625,0.97625,0.001015625,favors_transform,true
residual_pca,current_pca,frozen-pca,0,accurate_prefix_2,accurate_prefix_2,accurate_prefix_2,matched_intermediate_family_and_bytes,boundary_inversion_rate,lower,128,6.49866675275e-05,5.76745042802e-05,7.31216324727e-06,favors_pca,true
residual_pca,current_pca,frozen-pca,1,accurate_prefix_2,accurate_prefix_2,accurate_prefix_2,matched_intermediate_family_and_bytes,boundary_inversion_rate,lower,128,6.45139651941e-05,6.41589597061e-05,3.5500548793e-07,favors_pca,true
residual_pca,current_pca,frozen-pca,2,accurate_prefix_2,accurate_prefix_2,accurate_prefix_2,matched_intermediate_family_and_bytes,boundary_inversion_rate,lower,128,6.44707224751e-05,6.78803602136e-05,-3.4096377385e-06,favors_transform,true
residual_pca,current_pca,frozen-pca,3,accurate_prefix_2,accurate_prefix_2,accurate_prefix_2,matched_intermediate_family_and_bytes,boundary_inversion_rate,lower,128,6.24701845307e-05,6.12539349986e-05,1.21624953213e-06,favors_pca,true
residual_pca,current_pca,frozen-pca,4,accurate_prefix_2,accurate_prefix_2,accurate_prefix_2,matched_intermediate_family_and_bytes,boundary_inversion_rate,lower,128,5.95744703961e-05,6.48347442368e-05,-5.26027384065e-06,favors_transform,true
residual_pca,current_pca,frozen-pca,5,accurate_prefix_2,accurate_prefix_2,accurate_prefix_2,matched_intermediate_family_and_bytes,boundary_inversion_rate,lower,128,6.26030280152e-05,6.15423383569e-05,1.06068965827e-06,favors_pca,true
residual_pca,current_pca,frozen-pca,6,accurate_prefix_2,accurate_prefix_2,accurate_prefix_2,matched_intermediate_family_and_bytes,boundary_inversion_rate,lower,128,6.21278006765e-05,6.38335891699e-05,-1.70578849335e-06,favors_transform,true
residual_pca,current_pca,frozen-pca,7,accurate_prefix_2,accurate_prefix_2,accurate_prefix_2,matched_intermediate_family_and_bytes,boundary_inversion_rate,lower,128,5.91648520918e-05,6.06161887874e-05,-1.45133669566e-06,favors_transform,true
residual_pca,current_pca,frozen-pca,8,accurate_prefix_2,accurate_prefix_2,accurate_prefix_2,matched_intermediate_family_and_bytes,boundary_inversion_rate,lower,128,6.55445970002e-05,6.25693865841e-05,2.9752104161e-06,favors_pca,true
residual_pca,current_pca,frozen-pca,9,accurate_prefix_2,accurate_prefix_2,accurate_prefix_2,matched_intermediate_family_and_bytes,boundary_inversion_rate,lower,128,6.18840461963e-05,6.05278597547e-05,1.3561864416e-06,favors_pca,true
residual_pca,current_pca,frozen-pca,0,accurate_prefix_2,accurate_prefix_2,accurate_prefix_2,matched_intermediate_family_and_bytes,exact_best_rank,lower,128,1.09375,1.078125,0.015625,favors_pca,true
residual_pca,current_pca,frozen-pca,1,accurate_prefix_2,accurate_prefix_2,accurate_prefix_2,matched_intermediate_family_and_bytes,exact_best_rank,lower,128,1.078125,1.046875,0.03125,favors_pca,true
residual_pca,current_pca,frozen-pca,2,accurate_prefix_2,accurate_prefix_2,accurate_prefix_2,matched_intermediate_family_and_bytes,exact_best_rank,lower,128,1.0703125,1.0859375,-0.015625,favors_transform,true
residual_pca,current_pca,frozen-pca,3,accurate_prefix_2,accurate_prefix_2,accurate_prefix_2,matched_intermediate_family_and_bytes,exact_best_rank,lower,128,1.078125,1.0703125,0.0078125,favors_pca,true
residual_pca,current_pca,frozen-pca,4,accurate_prefix_2,accurate_prefix_2,accurate_prefix_2,matched_intermediate_family_and_bytes,exact_best_rank,lower,128,1.109375,1.125,-0.015625,favors_transform,true
residual_pca,current_pca,frozen-pca,5,accurate_prefix_2,accurate_prefix_2,accurate_prefix_2,matched_intermediate_family_and_bytes,exact_best_rank,lower,128,1.0703125,1.0546875,0.015625,favors_pca,true
residual_pca,current_pca,frozen-pca,6,accurate_prefix_2,accurate_prefix_2,accurate_prefix_2,matched_intermediate_family_and_bytes,exact_best_rank,lower,128,1.0625,1.0703125,-0.0078125,favors_transform,true
residual_pca,current_pca,frozen-pca,7,accurate_prefix_2,accurate_prefix_2,accurate_prefix_2,matched_intermediate_family_and_bytes,exact_best_rank,lower,128,1.1015625,1.0859375,0.015625,favors_pca,true
residual_pca,current_pca,frozen-pca,8,accurate_prefix_2,accurate_prefix_2,accurate_prefix_2,matched_intermediate_family_and_bytes,exact_best_rank,lower,128,1.0703125,1.078125,-0.0078125,favors_transform,true
residual_pca,current_pca,frozen-pca,9,accurate_prefix_2,accurate_prefix_2,accurate_prefix_2,matched_intermediate_family_and_bytes,exact_best_rank,lower,128,1.0625,1.0703125,-0.0078125,favors_transform,true
residual_pca,current_pca,frozen-pca,-1,accurate_prefix_3,accurate_prefix_3,accurate_prefix_3,matched_intermediate_family_and_bytes,mean_per_query_candidate_rmse,lower,128,0.00488813185428,0.00488378357943,4.34827484609e-06,favors_pca,true
residual_pca,current_pca,frozen-pca,-1,accurate_prefix_3,accurate_prefix_3,accurate_prefix_3,matched_intermediate_family_and_bytes,pooled_candidate_rmse,lower,128,0.00557514117692,0.00557274079267,2.40038424947e-06,favors_pca,true
residual_pca,current_pca,frozen-pca,-1,accurate_prefix_3,accurate_prefix_3,accurate_prefix_3,matched_intermediate_family_and_bytes,candidate_mae,lower,128,0.00424156771401,0.00423853770025,3.03001376016e-06,favors_pca,true
residual_pca,current_pca,frozen-pca,-1,accurate_prefix_3,accurate_prefix_3,accurate_prefix_3,matched_intermediate_family_and_bytes,topk_agreement,higher,128,0.991640625,0.99234375,-0.000703125,favors_pca,true
residual_pca,current_pca,frozen-pca,-1,accurate_prefix_3,accurate_prefix_3,accurate_prefix_3,matched_intermediate_family_and_bytes,boundary_inversion_rate,lower,128,8.86909740317e-06,7.58636330213e-06,1.28273410104e-06,favors_pca,true
residual_pca,current_pca,frozen-pca,-1,accurate_prefix_3,accurate_prefix_3,accurate_prefix_3,matched_intermediate_family_and_bytes,exact_best_rank,lower,128,1.0234375,1.0234375,0,tied,true
residual_pca,current_pca,frozen-pca,0,accurate_prefix_3,accurate_prefix_3,accurate_prefix_3,matched_intermediate_family_and_bytes,mean_per_query_candidate_rmse,lower,128,0.00473649297101,0.00472995046428,6.54250672891e-06,favors_pca,true
residual_pca,current_pca,frozen-pca,1,accurate_prefix_3,accurate_prefix_3,accurate_prefix_3,matched_intermediate_family_and_bytes,mean_per_query_candidate_rmse,lower,128,0.00473756912003,0.00473330705085,4.26206918672e-06,favors_pca,true
residual_pca,current_pca,frozen-pca,2,accurate_prefix_3,accurate_prefix_3,accurate_prefix_3,matched_intermediate_family_and_bytes,mean_per_query_candidate_rmse,lower,128,0.00473345407252,0.00473319563485,2.58437671875e-07,favors_pca,true
residual_pca,current_pca,frozen-pca,3,accurate_prefix_3,accurate_prefix_3,accurate_prefix_3,matched_intermediate_family_and_bytes,mean_per_query_candidate_rmse,lower,128,0.00473204385639,0.00473847557427,-6.43171788438e-06,favors_transform,true
residual_pca,current_pca,frozen-pca,4,accurate_prefix_3,accurate_prefix_3,accurate_prefix_3,matched_intermediate_family_and_bytes,mean_per_query_candidate_rmse,lower,128,0.00473598987069,0.00474094175475,-4.95188405469e-06,favors_transform,true
residual_pca,current_pca,frozen-pca,5,accurate_prefix_3,accurate_prefix_3,accurate_prefix_3,matched_intermediate_family_and_bytes,mean_per_query_candidate_rmse,lower,128,0.00473420527939,0.00473484030426,-6.35024871094e-07,favors_transform,true
residual_pca,current_pca,frozen-pca,6,accurate_prefix_3,accurate_prefix_3,accurate_prefix_3,matched_intermediate_family_and_bytes,mean_per_query_candidate_rmse,lower,128,0.00472687506479,0.00474245218847,-1.55771236711e-05,favors_transform,true
residual_pca,current_pca,frozen-pca,7,accurate_prefix_3,accurate_prefix_3,accurate_prefix_3,matched_intermediate_family_and_bytes,mean_per_query_candidate_rmse,lower,128,0.00472918433734,0.00473187272745,-2.68839011406e-06,favors_transform,true
residual_pca,current_pca,frozen-pca,8,accurate_prefix_3,accurate_prefix_3,accurate_prefix_3,matched_intermediate_family_and_bytes,mean_per_query_candidate_rmse,lower,128,0.00473557004433,0.00474419396802,-8.62392369141e-06,favors_transform,true
residual_pca,current_pca,frozen-pca,9,accurate_prefix_3,accurate_prefix_3,accurate_prefix_3,matched_intermediate_family_and_bytes,mean_per_query_candidate_rmse,lower,128,0.00473318211725,0.00472905819277,4.12392447734e-06,favors_pca,true
residual_pca,current_pca,frozen-pca,0,accurate_prefix_3,accurate_prefix_3,accurate_prefix_3,matched_intermediate_family_and_bytes,pooled_candidate_rmse,lower,128,0.0054446775517,0.00543015963452,1.45179171792e-05,favors_pca,true
residual_pca,current_pca,frozen-pca,1,accurate_prefix_3,accurate_prefix_3,accurate_prefix_3,matched_intermediate_family_and_bytes,pooled_candidate_rmse,lower,128,0.00544927082429,0.00544013077991,9.1400443883e-06,favors_pca,true
residual_pca,current_pca,frozen-pca,2,accurate_prefix_3,accurate_prefix_3,accurate_prefix_3,matched_intermediate_family_and_bytes,pooled_candidate_rmse,lower,128,0.00543750176871,0.0054350439619,2.45780680079e-06,favors_pca,true
residual_pca,current_pca,frozen-pca,3,accurate_prefix_3,accurate_prefix_3,accurate_prefix_3,matched_intermediate_family_and_bytes,pooled_candidate_rmse,lower,128,0.0054374218994,0.0054437468964,-6.32499699223e-06,favors_transform,true
residual_pca,current_pca,frozen-pca,4,accurate_prefix_3,accurate_prefix_3,accurate_prefix_3,matched_intermediate_family_and_bytes,pooled_candidate_rmse,lower,128,0.00544254944444,0.00545319723469,-1.06477902494e-05,favors_transform,true
residual_pca,current_pca,frozen-pca,5,accurate_prefix_3,accurate_prefix_3,accurate_prefix_3,matched_intermediate_family_and_bytes,pooled_candidate_rmse,lower,128,0.00544054436977,0.00543666712843,3.87724134651e-06,favors_pca,true
residual_pca,current_pca,frozen-pca,6,accurate_prefix_3,accurate_prefix_3,accurate_prefix_3,matched_intermediate_family_and_bytes,pooled_candidate_rmse,lower,128,0.00542648008978,0.00545493299417,-2.84529043864e-05,favors_transform,true
residual_pca,current_pca,frozen-pca,7,accurate_prefix_3,accurate_prefix_3,accurate_prefix_3,matched_intermediate_family_and_bytes,pooled_candidate_rmse,lower,128,0.00543495330721,0.00543380062332,1.15268388154e-06,favors_pca,true
residual_pca,current_pca,frozen-pca,8,accurate_prefix_3,accurate_prefix_3,accurate_prefix_3,matched_intermediate_family_and_bytes,pooled_candidate_rmse,lower,128,0.00543970587631,0.00545449341593,-1.47875396228e-05,favors_transform,true
residual_pca,current_pca,frozen-pca,9,accurate_prefix_3,accurate_prefix_3,accurate_prefix_3,matched_intermediate_family_and_bytes,pooled_candidate_rmse,lower,128,0.00543314833512,0.00543847590211,-5.32756699805e-06,favors_transform,true
residual_pca,current_pca,frozen-pca,0,accurate_prefix_3,accurate_prefix_3,accurate_prefix_3,matched_intermediate_family_and_bytes,candidate_mae,lower,128,0.0041774533701,0.00416715498058,1.02983895172e-05,favors_pca,true
residual_pca,current_pca,frozen-pca,1,accurate_prefix_3,accurate_prefix_3,accurate_prefix_3,matched_intermediate_family_and_bytes,candidate_mae,lower,128,0.00417468228282,0.00417294735401,1.73492880625e-06,favors_pca,true
residual_pca,current_pca,frozen-pca,2,accurate_prefix_3,accurate_prefix_3,accurate_prefix_3,matched_intermediate_family_and_bytes,candidate_mae,lower,128,0.00417396489166,0.00417055552044,3.40937121641e-06,favors_pca,true
residual_pca,current_pca,frozen-pca,3,accurate_prefix_3,accurate_prefix_3,accurate_prefix_3,matched_intermediate_family_and_bytes,candidate_mae,lower,128,0.00417355852038,0.00417750048603,-3.94196564609e-06,favors_transform,true
residual_pca,current_pca,frozen-pca,4,accurate_prefix_3,accurate_prefix_3,accurate_prefix_3,matched_intermediate_family_and_bytes,candidate_mae,lower,128,0.00417379587583,0.00417832469477,-4.52881894141e-06,favors_transform,true
residual_pca,current_pca,frozen-pca,5,accurate_prefix_3,accurate_prefix_3,accurate_prefix_3,matched_intermediate_family_and_bytes,candidate_mae,lower,128,0.00417373079595,0.00417276607455,9.64721400781e-07,favors_pca,true
residual_pca,current_pca,frozen-pca,6,accurate_prefix_3,accurate_prefix_3,accurate_prefix_3,matched_intermediate_family_and_bytes,candidate_mae,lower,128,0.0041688111064,0.00418003120628,-1.12200998805e-05,favors_transform,true
residual_pca,current_pca,frozen-pca,7,accurate_prefix_3,accurate_prefix_3,accurate_prefix_3,matched_intermediate_family_and_bytes,candidate_mae,lower,128,0.00416879571142,0.00417216629675,-3.370585325e-06,favors_transform,true
residual_pca,current_pca,frozen-pca,8,accurate_prefix_3,accurate_prefix_3,accurate_prefix_3,matched_intermediate_family_and_bytes,candidate_mae,lower,128,0.00417309360509,0.00418188886629,-8.79526119531e-06,favors_transform,true
residual_pca,current_pca,frozen-pca,9,accurate_prefix_3,accurate_prefix_3,accurate_prefix_3,matched_intermediate_family_and_bytes,candidate_mae,lower,128,0.00417174357815,0.00416968544527,2.05813288281e-06,favors_pca,true
residual_pca,current_pca,frozen-pca,0,accurate_prefix_3,accurate_prefix_3,accurate_prefix_3,matched_intermediate_family_and_bytes,topk_agreement,higher,128,0.99265625,0.993828125,-0.001171875,favors_pca,true
residual_pca,current_pca,frozen-pca,1,accurate_prefix_3,accurate_prefix_3,accurate_prefix_3,matched_intermediate_family_and_bytes,topk_agreement,higher,128,0.992265625,0.992734375,-0.00046875,favors_pca,true
residual_pca,current_pca,frozen-pca,2,accurate_prefix_3,accurate_prefix_3,accurate_prefix_3,matched_intermediate_family_and_bytes,topk_agreement,higher,128,0.99375,0.992265625,0.001484375,favors_transform,true
residual_pca,current_pca,frozen-pca,3,accurate_prefix_3,accurate_prefix_3,accurate_prefix_3,matched_intermediate_family_and_bytes,topk_agreement,higher,128,0.992578125,0.99328125,-0.000703125,favors_pca,true
residual_pca,current_pca,frozen-pca,4,accurate_prefix_3,accurate_prefix_3,accurate_prefix_3,matched_intermediate_family_and_bytes,topk_agreement,higher,128,0.993828125,0.992734375,0.00109375,favors_transform,true
residual_pca,current_pca,frozen-pca,5,accurate_prefix_3,accurate_prefix_3,accurate_prefix_3,matched_intermediate_family_and_bytes,topk_agreement,higher,128,0.99390625,0.993828125,7.8125e-05,favors_transform,true
residual_pca,current_pca,frozen-pca,6,accurate_prefix_3,accurate_prefix_3,accurate_prefix_3,matched_intermediate_family_and_bytes,topk_agreement,higher,128,0.99375,0.9928125,0.0009375,favors_transform,true
residual_pca,current_pca,frozen-pca,7,accurate_prefix_3,accurate_prefix_3,accurate_prefix_3,matched_intermediate_family_and_bytes,topk_agreement,higher,128,0.9934375,0.992734375,0.000703125,favors_transform,true
residual_pca,current_pca,frozen-pca,8,accurate_prefix_3,accurate_prefix_3,accurate_prefix_3,matched_intermediate_family_and_bytes,topk_agreement,higher,128,0.99375,0.993203125,0.000546875,favors_transform,true
residual_pca,current_pca,frozen-pca,9,accurate_prefix_3,accurate_prefix_3,accurate_prefix_3,matched_intermediate_family_and_bytes,topk_agreement,higher,128,0.99359375,0.99375,-0.00015625,favors_pca,true
residual_pca,current_pca,frozen-pca,0,accurate_prefix_3,accurate_prefix_3,accurate_prefix_3,matched_intermediate_family_and_bytes,boundary_inversion_rate,lower,128,7.59298602928e-06,5.72020315998e-06,1.8727828693e-06,favors_pca,true
residual_pca,current_pca,frozen-pca,1,accurate_prefix_3,accurate_prefix_3,accurate_prefix_3,matched_intermediate_family_and_bytes,boundary_inversion_rate,lower,128,7.03667715612e-06,7.29668006813e-06,-2.60002912008e-07,favors_transform,true
residual_pca,current_pca,frozen-pca,2,accurate_prefix_3,accurate_prefix_3,accurate_prefix_3,matched_intermediate_family_and_bytes,boundary_inversion_rate,lower,128,5.04640975852e-06,6.61357044389e-06,-1.56716068537e-06,favors_transform,true
residual_pca,current_pca,frozen-pca,3,accurate_prefix_3,accurate_prefix_3,accurate_prefix_3,matched_intermediate_family_and_bytes,boundary_inversion_rate,lower,128,7.58504709344e-06,6.26248515383e-06,1.32256193961e-06,favors_pca,true
residual_pca,current_pca,frozen-pca,4,accurate_prefix_3,accurate_prefix_3,accurate_prefix_3,matched_intermediate_family_and_bytes,boundary_inversion_rate,lower,128,5.67877048251e-06,6.79062047252e-06,-1.11184999001e-06,favors_transform,true
residual_pca,current_pca,frozen-pca,5,accurate_prefix_3,accurate_prefix_3,accurate_prefix_3,matched_intermediate_family_and_bytes,boundary_inversion_rate,lower,128,6.09279997792e-06,5.64006970985e-06,4.5273026807e-07,favors_pca,true
residual_pca,current_pca,frozen-pca,6,accurate_prefix_3,accurate_prefix_3,accurate_prefix_3,matched_intermediate_family_and_bytes,boundary_inversion_rate,lower,128,6.04827563818e-06,6.38434326972e-06,-3.36067631539e-07,favors_transform,true
residual_pca,current_pca,frozen-pca,7,accurate_prefix_3,accurate_prefix_3,accurate_prefix_3,matched_intermediate_family_and_bytes,boundary_inversion_rate,lower,128,6.17679228248e-06,7.08263278189e-06,-9.05840499414e-07,favors_transform,true
residual_pca,current_pca,frozen-pca,8,accurate_prefix_3,accurate_prefix_3,accurate_prefix_3,matched_intermediate_family_and_bytes,boundary_inversion_rate,lower,128,6.09146516659e-06,6.61360746377e-06,-5.22142297172e-07,favors_transform,true
residual_pca,current_pca,frozen-pca,9,accurate_prefix_3,accurate_prefix_3,accurate_prefix_3,matched_intermediate_family_and_bytes,boundary_inversion_rate,lower,128,5.83857572314e-06,5.41989955791e-06,4.18676165234e-07,favors_pca,true
residual_pca,current_pca,frozen-pca,0,accurate_prefix_3,accurate_prefix_3,accurate_prefix_3,matched_intermediate_family_and_bytes,exact_best_rank,lower,128,1.03125,1.0078125,0.0234375,favors_pca,true
residual_pca,current_pca,frozen-pca,1,accurate_prefix_3,accurate_prefix_3,accurate_prefix_3,matched_intermediate_family_and_bytes,exact_best_rank,lower,128,1.03125,1.0390625,-0.0078125,favors_transform,true
residual_pca,current_pca,frozen-pca,2,accurate_prefix_3,accurate_prefix_3,accurate_prefix_3,matched_intermediate_family_and_bytes,exact_best_rank,lower,128,1.0234375,1.015625,0.0078125,favors_pca,true
residual_pca,current_pca,frozen-pca,3,accurate_prefix_3,accurate_prefix_3,accurate_prefix_3,matched_intermediate_family_and_bytes,exact_best_rank,lower,128,1.0390625,1.03125,0.0078125,favors_pca,true
residual_pca,current_pca,frozen-pca,4,accurate_prefix_3,accurate_prefix_3,accurate_prefix_3,matched_intermediate_family_and_bytes,exact_best_rank,lower,128,1.0390625,1.0078125,0.03125,favors_pca,true
residual_pca,current_pca,frozen-pca,5,accurate_prefix_3,accurate_prefix_3,accurate_prefix_3,matched_intermediate_family_and_bytes,exact_best_rank,lower,128,1.0078125,1.0234375,-0.015625,favors_transform,true
residual_pca,current_pca,frozen-pca,6,accurate_prefix_3,accurate_prefix_3,accurate_prefix_3,matched_intermediate_family_and_bytes,exact_best_rank,lower,128,1.046875,1.015625,0.03125,favors_pca,true
residual_pca,current_pca,frozen-pca,7,accurate_prefix_3,accurate_prefix_3,accurate_prefix_3,matched_intermediate_family_and_bytes,exact_best_rank,lower,128,1.0234375,1.0625,-0.0390625,favors_transform,true
residual_pca,current_pca,frozen-pca,8,accurate_prefix_3,accurate_prefix_3,accurate_prefix_3,matched_intermediate_family_and_bytes,exact_best_rank,lower,128,1.03125,1.0078125,0.0234375,favors_pca,true
residual_pca,current_pca,frozen-pca,9,accurate_prefix_3,accurate_prefix_3,accurate_prefix_3,matched_intermediate_family_and_bytes,exact_best_rank,lower,128,1.0078125,1.0234375,-0.015625,favors_transform,true
residual_pca,current_pca,frozen-pca,-1,accurate_prefix_4,accurate_prefix_4,accurate_prefix_4,matched_intermediate_family_and_bytes,mean_per_query_candidate_rmse,lower,128,0.00269211945997,0.00269007878008,2.04067989453e-06,favors_pca,true
residual_pca,current_pca,frozen-pca,-1,accurate_prefix_4,accurate_prefix_4,accurate_prefix_4,matched_intermediate_family_and_bytes,pooled_candidate_rmse,lower,128,0.00291099037324,0.00290753558569,3.45478755596e-06,favors_pca,true
residual_pca,current_pca,frozen-pca,-1,accurate_prefix_4,accurate_prefix_4,accurate_prefix_4,matched_intermediate_family_and_bytes,candidate_mae,lower,128,0.00220288445901,0.00220287540445,9.05456484356e-09,favors_pca,true
residual_pca,current_pca,frozen-pca,-1,accurate_prefix_4,accurate_prefix_4,accurate_prefix_4,matched_intermediate_family_and_bytes,topk_agreement,higher,128,0.993515625,0.994296875,-0.00078125,favors_pca,true
residual_pca,current_pca,frozen-pca,-1,accurate_prefix_4,accurate_prefix_4,accurate_prefix_4,matched_intermediate_family_and_bytes,boundary_inversion_rate,lower,128,5.9247835098e-06,4.15958540416e-06,1.76519810564e-06,favors_pca,true
residual_pca,current_pca,frozen-pca,-1,accurate_prefix_4,accurate_prefix_4,accurate_prefix_4,matched_intermediate_family_and_bytes,exact_best_rank,lower,128,1.015625,1.015625,0,tied,true
residual_pca,current_pca,frozen-pca,0,accurate_prefix_4,accurate_prefix_4,accurate_prefix_4,matched_intermediate_family_and_bytes,mean_per_query_candidate_rmse,lower,128,0.00244221599289,0.00244211497055,1.01022340625e-07,favors_pca,true
residual_pca,current_pca,frozen-pca,1,accurate_prefix_4,accurate_prefix_4,accurate_prefix_4,matched_intermediate_family_and_bytes,mean_per_query_candidate_rmse,lower,128,0.00244078699541,0.0024422674044,-1.48040898828e-06,favors_transform,true
residual_pca,current_pca,frozen-pca,2,accurate_prefix_4,accurate_prefix_4,accurate_prefix_4,matched_intermediate_family_and_bytes,mean_per_query_candidate_rmse,lower,128,0.00244041632907,0.0024438148867,-3.39855763516e-06,favors_transform,true
residual_pca,current_pca,frozen-pca,3,accurate_prefix_4,accurate_prefix_4,accurate_prefix_4,matched_intermediate_family_and_bytes,mean_per_query_candidate_rmse,lower,128,0.0024394102525,0.00244437268607,-4.96243356797e-06,favors_transform,true
residual_pca,current_pca,frozen-pca,4,accurate_prefix_4,accurate_prefix_4,accurate_prefix_4,matched_intermediate_family_and_bytes,mean_per_query_candidate_rmse,lower,128,0.00244254759161,0.0024478697263,-5.32213469375e-06,favors_transform,true
residual_pca,current_pca,frozen-pca,5,accurate_prefix_4,accurate_prefix_4,accurate_prefix_4,matched_intermediate_family_and_bytes,mean_per_query_candidate_rmse,lower,128,0.00244174360148,0.00244241410161,-6.70500126562e-07,favors_transform,true
residual_pca,current_pca,frozen-pca,6,accurate_prefix_4,accurate_prefix_4,accurate_prefix_4,matched_intermediate_family_and_bytes,mean_per_query_candidate_rmse,lower,128,0.00243994746506,0.00244496670502,-5.01923995156e-06,favors_transform,true
residual_pca,current_pca,frozen-pca,7,accurate_prefix_4,accurate_prefix_4,accurate_prefix_4,matched_intermediate_family_and_bytes,mean_per_query_candidate_rmse,lower,128,0.00244136935789,0.00244291550375,-1.54614585703e-06,favors_transform,true
residual_pca,current_pca,frozen-pca,8,accurate_prefix_4,accurate_prefix_4,accurate_prefix_4,matched_intermediate_family_and_bytes,mean_per_query_candidate_rmse,lower,128,0.00244337067323,0.00244849893488,-5.12826165469e-06,favors_transform,true
residual_pca,current_pca,frozen-pca,9,accurate_prefix_4,accurate_prefix_4,accurate_prefix_4,matched_intermediate_family_and_bytes,mean_per_query_candidate_rmse,lower,128,0.0024410674932,0.0024420571086,-9.89615397656e-07,favors_transform,true
residual_pca,current_pca,frozen-pca,0,accurate_prefix_4,accurate_prefix_4,accurate_prefix_4,matched_intermediate_family_and_bytes,pooled_candidate_rmse,lower,128,0.00266673720304,0.00266275484365,3.98235938728e-06,favors_pca,true
residual_pca,current_pca,frozen-pca,1,accurate_prefix_4,accurate_prefix_4,accurate_prefix_4,matched_intermediate_family_and_bytes,pooled_candidate_rmse,lower,128,0.0026630468387,0.00266479669858,-1.74985987977e-06,favors_transform,true
residual_pca,current_pca,frozen-pca,2,accurate_prefix_4,accurate_prefix_4,accurate_prefix_4,matched_intermediate_family_and_bytes,pooled_candidate_rmse,lower,128,0.00266172789059,0.00266628166629,-4.55377569674e-06,favors_transform,true
residual_pca,current_pca,frozen-pca,3,accurate_prefix_4,accurate_prefix_4,accurate_prefix_4,matched_intermediate_family_and_bytes,pooled_candidate_rmse,lower,128,0.00266116725216,0.00266391315787,-2.74590571013e-06,favors_transform,true
residual_pca,current_pca,frozen-pca,4,accurate_prefix_4,accurate_prefix_4,accurate_prefix_4,matched_intermediate_family_and_bytes,pooled_candidate_rmse,lower,128,0.00266522480688,0.00267185296547,-6.62815859173e-06,favors_transform,true
residual_pca,current_pca,frozen-pca,5,accurate_prefix_4,accurate_prefix_4,accurate_prefix_4,matched_intermediate_family_and_bytes,pooled_candidate_rmse,lower,128,0.00266505223209,0.00266340175431,1.65047778521e-06,favors_pca,true
residual_pca,current_pca,frozen-pca,6,accurate_prefix_4,accurate_prefix_4,accurate_prefix_4,matched_intermediate_family_and_bytes,pooled_candidate_rmse,lower,128,0.00266126683079,0.00266973465839,-8.46782760303e-06,favors_transform,true
residual_pca,current_pca,frozen-pca,7,accurate_prefix_4,accurate_prefix_4,accurate_prefix_4,matched_intermediate_family_and_bytes,pooled_candidate_rmse,lower,128,0.00266358972232,0.00266374514755,-1.55425223559e-07,favors_transform,true
residual_pca,current_pca,frozen-pca,8,accurate_prefix_4,accurate_prefix_4,accurate_prefix_4,matched_intermediate_family_and_bytes,pooled_candidate_rmse,lower,128,0.00266562921399,0.00267168911949,-6.05990549591e-06,favors_transform,true
residual_pca,current_pca,frozen-pca,9,accurate_prefix_4,accurate_prefix_4,accurate_prefix_4,matched_intermediate_family_and_bytes,pooled_candidate_rmse,lower,128,0.00266123482478,0.00266605429537,-4.81947058732e-06,favors_transform,true
residual_pca,current_pca,frozen-pca,0,accurate_prefix_4,accurate_prefix_4,accurate_prefix_4,matched_intermediate_family_and_bytes,candidate_mae,lower,128,0.0020355731187,0.00203418968944,1.38342926484e-06,favors_pca,true
residual_pca,current_pca,frozen-pca,1,accurate_prefix_4,accurate_prefix_4,accurate_prefix_4,matched_intermediate_family_and_bytes,candidate_mae,lower,128,0.00203285803704,0.00203479154771,-1.93351067422e-06,favors_transform,true
residual_pca,current_pca,frozen-pca,2,accurate_prefix_4,accurate_prefix_4,accurate_prefix_4,matched_intermediate_family_and_bytes,candidate_mae,lower,128,0.00203227398423,0.00203502153411,-2.74754987422e-06,favors_transform,true
residual_pca,current_pca,frozen-pca,3,accurate_prefix_4,accurate_prefix_4,accurate_prefix_4,matched_intermediate_family_and_bytes,candidate_mae,lower,128,0.00203362958002,0.00203623999912,-2.61041910391e-06,favors_transform,true
residual_pca,current_pca,frozen-pca,4,accurate_prefix_4,accurate_prefix_4,accurate_prefix_4,matched_intermediate_family_and_bytes,candidate_mae,lower,128,0.00203573947642,0.00203885358553,-3.11410911484e-06,favors_transform,true
residual_pca,current_pca,frozen-pca,5,accurate_prefix_4,accurate_prefix_4,accurate_prefix_4,matched_intermediate_family_and_bytes,candidate_mae,lower,128,0.00203451638063,0.00203365243936,8.63941270312e-07,favors_pca,true
residual_pca,current_pca,frozen-pca,6,accurate_prefix_4,accurate_prefix_4,accurate_prefix_4,matched_intermediate_family_and_bytes,candidate_mae,lower,128,0.00203484918949,0.00203669075431,-1.84156482422e-06,favors_transform,true
residual_pca,current_pca,frozen-pca,7,accurate_prefix_4,accurate_prefix_4,accurate_prefix_4,matched_intermediate_family_and_bytes,candidate_mae,lower,128,0.00203350758136,0.00203512987674,-1.62229538203e-06,favors_transform,true
residual_pca,current_pca,frozen-pca,8,accurate_prefix_4,accurate_prefix_4,accurate_prefix_4,matched_intermediate_family_and_bytes,candidate_mae,lower,128,0.00203651636643,0.00203999416825,-3.47780181484e-06,favors_transform,true
residual_pca,current_pca,frozen-pca,9,accurate_prefix_4,accurate_prefix_4,accurate_prefix_4,matched_intermediate_family_and_bytes,candidate_mae,lower,128,0.00203362281088,0.00203442485293,-8.02042046094e-07,favors_transform,true
residual_pca,current_pca,frozen-pca,0,accurate_prefix_4,accurate_prefix_4,accurate_prefix_4,matched_intermediate_family_and_bytes,topk_agreement,higher,128,0.994296875,0.994609375,-0.0003125,favors_pca,true
residual_pca,current_pca,frozen-pca,1,accurate_prefix_4,accurate_prefix_4,accurate_prefix_4,matched_intermediate_family_and_bytes,topk_agreement,higher,128,0.99375,0.9940625,-0.0003125,favors_pca,true
residual_pca,current_pca,frozen-pca,2,accurate_prefix_4,accurate_prefix_4,accurate_prefix_4,matched_intermediate_family_and_bytes,topk_agreement,higher,128,0.995390625,0.994375,0.001015625,favors_transform,true
residual_pca,current_pca,frozen-pca,3,accurate_prefix_4,accurate_prefix_4,accurate_prefix_4,matched_intermediate_family_and_bytes,topk_agreement,higher,128,0.994609375,0.99515625,-0.000546875,favors_pca,true
residual_pca,current_pca,frozen-pca,4,accurate_prefix_4,accurate_prefix_4,accurate_prefix_4,matched_intermediate_family_and_bytes,topk_agreement,higher,128,0.994609375,0.99421875,0.000390625,favors_transform,true
residual_pca,current_pca,frozen-pca,5,accurate_prefix_4,accurate_prefix_4,accurate_prefix_4,matched_intermediate_family_and_bytes,topk_agreement,higher,128,0.9953125,0.995625,-0.0003125,favors_pca,true
residual_pca,current_pca,frozen-pca,6,accurate_prefix_4,accurate_prefix_4,accurate_prefix_4,matched_intermediate_family_and_bytes,topk_agreement,higher,128,0.994765625,0.994296875,0.00046875,favors_transform,true
residual_pca,current_pca,frozen-pca,7,accurate_prefix_4,accurate_prefix_4,accurate_prefix_4,matched_intermediate_family_and_bytes,topk_agreement,higher,128,0.995703125,0.994765625,0.0009375,favors_transform,true
residual_pca,current_pca,frozen-pca,8,accurate_prefix_4,accurate_prefix_4,accurate_prefix_4,matched_intermediate_family_and_bytes,topk_agreement,higher,128,0.99484375,0.994453125,0.000390625,favors_transform,true
residual_pca,current_pca,frozen-pca,9,accurate_prefix_4,accurate_prefix_4,accurate_prefix_4,matched_intermediate_family_and_bytes,topk_agreement,higher,128,0.9946875,0.994453125,0.000234375,favors_transform,true
residual_pca,current_pca,frozen-pca,0,accurate_prefix_4,accurate_prefix_4,accurate_prefix_4,matched_intermediate_family_and_bytes,boundary_inversion_rate,lower,128,4.66286486251e-06,4.05424584845e-06,6.08619014063e-07,favors_pca,true
residual_pca,current_pca,frozen-pca,1,accurate_prefix_4,accurate_prefix_4,accurate_prefix_4,matched_intermediate_family_and_bytes,boundary_inversion_rate,lower,128,5.2337435893e-06,4.67398093214e-06,5.59762657164e-07,favors_pca,true
residual_pca,current_pca,frozen-pca,2,accurate_prefix_4,accurate_prefix_4,accurate_prefix_4,matched_intermediate_family_and_bytes,boundary_inversion_rate,lower,128,3.47764623033e-06,3.76384127674e-06,-2.86195046414e-07,favors_transform,true
residual_pca,current_pca,frozen-pca,3,accurate_prefix_4,accurate_prefix_4,accurate_prefix_4,matched_intermediate_family_and_bytes,boundary_inversion_rate,lower,128,4.22361766369e-06,3.92528506575e-06,2.98332597938e-07,favors_pca,true
residual_pca,current_pca,frozen-pca,4,accurate_prefix_4,accurate_prefix_4,accurate_prefix_4,matched_intermediate_family_and_bytes,boundary_inversion_rate,lower,128,3.93232895953e-06,4.35498374312e-06,-4.22654783586e-07,favors_transform,true
residual_pca,current_pca,frozen-pca,5,accurate_prefix_4,accurate_prefix_4,accurate_prefix_4,matched_intermediate_family_and_bytes,boundary_inversion_rate,lower,128,4.11510964035e-06,3.5133151395e-06,6.01794500852e-07,favors_pca,true
residual_pca,current_pca,frozen-pca,6,accurate_prefix_4,accurate_prefix_4,accurate_prefix_4,matched_intermediate_family_and_bytes,boundary_inversion_rate,lower,128,3.65408871578e-06,4.34336004598e-06,-6.89271330195e-07,favors_transform,true
residual_pca,current_pca,frozen-pca,7,accurate_prefix_4,accurate_prefix_4,accurate_prefix_4,matched_intermediate_family_and_bytes,boundary_inversion_rate,lower,128,3.49503872531e-06,4.45411390077e-06,-9.59075175453e-07,favors_transform,true
residual_pca,current_pca,frozen-pca,8,accurate_prefix_4,accurate_prefix_4,accurate_prefix_4,matched_intermediate_family_and_bytes,boundary_inversion_rate,lower,128,4.20197189305e-06,4.44326752219e-06,-2.41295629141e-07,favors_transform,true
residual_pca,current_pca,frozen-pca,9,accurate_prefix_4,accurate_prefix_4,accurate_prefix_4,matched_intermediate_family_and_bytes,boundary_inversion_rate,lower,128,4.19403705177e-06,3.4413205774e-06,7.52716474375e-07,favors_pca,true
residual_pca,current_pca,frozen-pca,0,accurate_prefix_4,accurate_prefix_4,accurate_prefix_4,matched_intermediate_family_and_bytes,exact_best_rank,lower,128,1.015625,1.0078125,0.0078125,favors_pca,true
residual_pca,current_pca,frozen-pca,1,accurate_prefix_4,accurate_prefix_4,accurate_prefix_4,matched_intermediate_family_and_bytes,exact_best_rank,lower,128,1.015625,1.0234375,-0.0078125,favors_transform,true
residual_pca,current_pca,frozen-pca,2,accurate_prefix_4,accurate_prefix_4,accurate_prefix_4,matched_intermediate_family_and_bytes,exact_best_rank,lower,128,1.015625,1.015625,0,tied,true
residual_pca,current_pca,frozen-pca,3,accurate_prefix_4,accurate_prefix_4,accurate_prefix_4,matched_intermediate_family_and_bytes,exact_best_rank,lower,128,1.03125,1.015625,0.015625,favors_pca,true
residual_pca,current_pca,frozen-pca,4,accurate_prefix_4,accurate_prefix_4,accurate_prefix_4,matched_intermediate_family_and_bytes,exact_best_rank,lower,128,1.03125,1.0078125,0.0234375,favors_pca,true
residual_pca,current_pca,frozen-pca,5,accurate_prefix_4,accurate_prefix_4,accurate_prefix_4,matched_intermediate_family_and_bytes,exact_best_rank,lower,128,1.0078125,1,0.0078125,favors_pca,true
residual_pca,current_pca,frozen-pca,6,accurate_prefix_4,accurate_prefix_4,accurate_prefix_4,matched_intermediate_family_and_bytes,exact_best_rank,lower,128,1.03125,1.0078125,0.0234375,favors_pca,true
residual_pca,current_pca,frozen-pca,7,accurate_prefix_4,accurate_prefix_4,accurate_prefix_4,matched_intermediate_family_and_bytes,exact_best_rank,lower,128,1.015625,1.03125,-0.015625,favors_transform,true
residual_pca,current_pca,frozen-pca,8,accurate_prefix_4,accurate_prefix_4,accurate_prefix_4,matched_intermediate_family_and_bytes,exact_best_rank,lower,128,1.015625,1,0.015625,favors_pca,true
residual_pca,current_pca,frozen-pca,9,accurate_prefix_4,accurate_prefix_4,accurate_prefix_4,matched_intermediate_family_and_bytes,exact_best_rank,lower,128,1.0078125,1.0078125,0,tied,true
residual_pca,current_pca,frozen-pca,-1,full,full,full,common_endpoint,mean_per_query_candidate_rmse,lower,128,0.00200728525416,0.0020083822172,-1.09696303516e-06,favors_transform,true
residual_pca,current_pca,frozen-pca,-1,full,full,full,common_endpoint,pooled_candidate_rmse,lower,128,0.00216441470194,0.00216407267195,3.42029985988e-07,favors_pca,true
residual_pca,current_pca,frozen-pca,-1,full,full,full,common_endpoint,candidate_mae,lower,128,0.00155874818926,0.00156023058121,-1.48239194375e-06,favors_transform,true
residual_pca,current_pca,frozen-pca,-1,full,full,full,common_endpoint,topk_agreement,higher,128,0.993359375,0.994296875,-0.0009375,favors_pca,true
residual_pca,current_pca,frozen-pca,-1,full,full,full,common_endpoint,boundary_inversion_rate,lower,128,6.00707131823e-06,4.15158251342e-06,1.85548880481e-06,favors_pca,true
residual_pca,current_pca,frozen-pca,-1,full,full,full,common_endpoint,exact_best_rank,lower,128,1.015625,1.015625,0,tied,true
residual_pca,current_pca,frozen-pca,0,full,full,full,common_endpoint,mean_per_query_candidate_rmse,lower,128,0.00167423259163,0.00168236720952,-8.13461789219e-06,favors_transform,true
residual_pca,current_pca,frozen-pca,1,full,full,full,common_endpoint,mean_per_query_candidate_rmse,lower,128,0.0016753486792,0.00167930590519,-3.95722598906e-06,favors_transform,true
residual_pca,current_pca,frozen-pca,2,full,full,full,common_endpoint,mean_per_query_candidate_rmse,lower,128,0.00167439784607,0.00168400632866,-9.60848258203e-06,favors_transform,true
residual_pca,current_pca,frozen-pca,3,full,full,full,common_endpoint,mean_per_query_candidate_rmse,lower,128,0.0016718297614,0.00167933435596,-7.50459455938e-06,favors_transform,true
residual_pca,current_pca,frozen-pca,4,full,full,full,common_endpoint,mean_per_query_candidate_rmse,lower,128,0.00167552465069,0.00168471465923,-9.19000853672e-06,favors_transform,true
residual_pca,current_pca,frozen-pca,5,full,full,full,common_endpoint,mean_per_query_candidate_rmse,lower,128,0.00167523086129,0.0016801213046,-4.89044331094e-06,favors_transform,true
residual_pca,current_pca,frozen-pca,6,full,full,full,common_endpoint,mean_per_query_candidate_rmse,lower,128,0.00167458423055,0.00167954922156,-4.96499100078e-06,favors_transform,true
residual_pca,current_pca,frozen-pca,7,full,full,full,common_endpoint,mean_per_query_candidate_rmse,lower,128,0.00167723662156,0.00167743477012,-1.9814856875e-07,favors_transform,true
residual_pca,current_pca,frozen-pca,8,full,full,full,common_endpoint,mean_per_query_candidate_rmse,lower,128,0.00167746016904,0.00168227518321,-4.81501417031e-06,favors_transform,true
residual_pca,current_pca,frozen-pca,9,full,full,full,common_endpoint,mean_per_query_candidate_rmse,lower,128,0.00167719059762,0.00167964673165,-2.45613402891e-06,favors_transform,true
residual_pca,current_pca,frozen-pca,0,full,full,full,common_endpoint,pooled_candidate_rmse,lower,128,0.00182562969999,0.00183249958282,-6.86988283003e-06,favors_transform,true
residual_pca,current_pca,frozen-pca,1,full,full,full,common_endpoint,pooled_candidate_rmse,lower,128,0.00182685941874,0.00183065470791,-3.79528916585e-06,favors_transform,true
residual_pca,current_pca,frozen-pca,2,full,full,full,common_endpoint,pooled_candidate_rmse,lower,128,0.00182503650702,0.00183602177274,-1.0985265719e-05,favors_transform,true
residual_pca,current_pca,frozen-pca,3,full,full,full,common_endpoint,pooled_candidate_rmse,lower,128,0.00182118112414,0.00182814147249,-6.96034835669e-06,favors_transform,true
residual_pca,current_pca,frozen-pca,4,full,full,full,common_endpoint,pooled_candidate_rmse,lower,128,0.00182748848491,0.00183631541026,-8.82692535268e-06,favors_transform,true
residual_pca,current_pca,frozen-pca,5,full,full,full,common_endpoint,pooled_candidate_rmse,lower,128,0.00182751983254,0.00182871234365,-1.19251111146e-06,favors_transform,true
residual_pca,current_pca,frozen-pca,6,full,full,full,common_endpoint,pooled_candidate_rmse,lower,128,0.00182527669871,0.00183130131386,-6.0246151502e-06,favors_transform,true
residual_pca,current_pca,frozen-pca,7,full,full,full,common_endpoint,pooled_candidate_rmse,lower,128,0.00182796328497,0.0018281419111,-1.7862612871e-07,favors_transform,true
residual_pca,current_pca,frozen-pca,8,full,full,full,common_endpoint,pooled_candidate_rmse,lower,128,0.00182898775786,0.00183285952627,-3.87176841437e-06,favors_transform,true
residual_pca,current_pca,frozen-pca,9,full,full,full,common_endpoint,pooled_candidate_rmse,lower,128,0.00182632159068,0.00183239344865,-6.07185796974e-06,favors_transform,true
residual_pca,current_pca,frozen-pca,0,full,full,full,common_endpoint,candidate_mae,lower,128,0.00129953164681,0.00130683640922,-7.30476240781e-06,favors_transform,true
residual_pca,current_pca,frozen-pca,1,full,full,full,common_endpoint,candidate_mae,lower,128,0.00130021697928,0.0013040441677,-3.82718842656e-06,favors_transform,true
residual_pca,current_pca,frozen-pca,2,full,full,full,common_endpoint,candidate_mae,lower,128,0.00130030401624,0.00130747509357,-7.17107733125e-06,favors_transform,true
residual_pca,current_pca,frozen-pca,3,full,full,full,common_endpoint,candidate_mae,lower,128,0.00129822165249,0.00130411957543,-5.89792294609e-06,favors_transform,true
residual_pca,current_pca,frozen-pca,4,full,full,full,common_endpoint,candidate_mae,lower,128,0.00130141054705,0.0013080513056,-6.64075854922e-06,favors_transform,true
residual_pca,current_pca,frozen-pca,5,full,full,full,common_endpoint,candidate_mae,lower,128,0.00130074771341,0.00130527082511,-4.52311170078e-06,favors_transform,true
residual_pca,current_pca,frozen-pca,6,full,full,full,common_endpoint,candidate_mae,lower,128,0.00130031965616,0.00130427124599,-3.95158982891e-06,favors_transform,true
residual_pca,current_pca,frozen-pca,7,full,full,full,common_endpoint,candidate_mae,lower,128,0.00130218535446,0.00130499981273,-2.81445827109e-06,favors_transform,true
residual_pca,current_pca,frozen-pca,8,full,full,full,common_endpoint,candidate_mae,lower,128,0.00130170649093,0.00130620664457,-4.50015364453e-06,favors_transform,true
residual_pca,current_pca,frozen-pca,9,full,full,full,common_endpoint,candidate_mae,lower,128,0.00130078860045,0.00130488843246,-4.09983201094e-06,favors_transform,true
residual_pca,current_pca,frozen-pca,0,full,full,full,common_endpoint,topk_agreement,higher,128,0.994375,0.99453125,-0.00015625,favors_pca,true
residual_pca,current_pca,frozen-pca,1,full,full,full,common_endpoint,topk_agreement,higher,128,0.993671875,0.9940625,-0.000390625,favors_pca,true
residual_pca,current_pca,frozen-pca,2,full,full,full,common_endpoint,topk_agreement,higher,128,0.995625,0.994453125,0.001171875,favors_transform,true
residual_pca,current_pca,frozen-pca,3,full,full,full,common_endpoint,topk_agreement,higher,128,0.99453125,0.995078125,-0.000546875,favors_pca,true
residual_pca,current_pca,frozen-pca,4,full,full,full,common_endpoint,topk_agreement,higher,128,0.994453125,0.994140625,0.0003125,favors_transform,true
residual_pca,current_pca,frozen-pca,5,full,full,full,common_endpoint,topk_agreement,higher,128,0.99515625,0.995625,-0.00046875,favors_pca,true
residual_pca,current_pca,frozen-pca,6,full,full,full,common_endpoint,topk_agreement,higher,128,0.99484375,0.994296875,0.000546875,favors_transform,true
residual_pca,current_pca,frozen-pca,7,full,full,full,common_endpoint,topk_agreement,higher,128,0.995625,0.99484375,0.00078125,favors_transform,true
residual_pca,current_pca,frozen-pca,8,full,full,full,common_endpoint,topk_agreement,higher,128,0.9946875,0.994453125,0.000234375,favors_transform,true
residual_pca,current_pca,frozen-pca,9,full,full,full,common_endpoint,topk_agreement,higher,128,0.994609375,0.9946875,-7.81249999999e-05,favors_pca,true
residual_pca,current_pca,frozen-pca,0,full,full,full,common_endpoint,boundary_inversion_rate,lower,128,4.61859076063e-06,4.05613163891e-06,5.62459121727e-07,favors_pca,true
residual_pca,current_pca,frozen-pca,1,full,full,full,common_endpoint,boundary_inversion_rate,lower,128,5.18760237348e-06,4.67970124623e-06,5.0790112725e-07,favors_pca,true
residual_pca,current_pca,frozen-pca,2,full,full,full,common_endpoint,boundary_inversion_rate,lower,128,3.44397204502e-06,3.68082250264e-06,-2.36850457617e-07,favors_transform,true
residual_pca,current_pca,frozen-pca,3,full,full,full,common_endpoint,boundary_inversion_rate,lower,128,4.29025431309e-06,3.94345560148e-06,3.46798711609e-07,favors_pca,true
residual_pca,current_pca,frozen-pca,4,full,full,full,common_endpoint,boundary_inversion_rate,lower,128,3.93712573109e-06,4.37602283955e-06,-4.38897108469e-07,favors_transform,true
residual_pca,current_pca,frozen-pca,5,full,full,full,common_endpoint,boundary_inversion_rate,lower,128,4.16741084877e-06,3.53275710973e-06,6.34653739039e-07,favors_pca,true
residual_pca,current_pca,frozen-pca,6,full,full,full,common_endpoint,boundary_inversion_rate,lower,128,3.65275190644e-06,4.3822572932e-06,-7.29505386758e-07,favors_transform,true
residual_pca,current_pca,frozen-pca,7,full,full,full,common_endpoint,boundary_inversion_rate,lower,128,3.5309291738e-06,4.39630281862e-06,-8.6537364482e-07,favors_transform,true
residual_pca,current_pca,frozen-pca,8,full,full,full,common_endpoint,boundary_inversion_rate,lower,128,4.32020787402e-06,4.41832978755e-06,-9.81219135391e-08,favors_transform,true
residual_pca,current_pca,frozen-pca,9,full,full,full,common_endpoint,boundary_inversion_rate,lower,128,4.17391977913e-06,3.40292867537e-06,7.70991103766e-07,favors_pca,true
residual_pca,current_pca,frozen-pca,0,full,full,full,common_endpoint,exact_best_rank,lower,128,1.015625,1.0078125,0.0078125,favors_pca,true
residual_pca,current_pca,frozen-pca,1,full,full,full,common_endpoint,exact_best_rank,lower,128,1.0234375,1.0234375,0,tied,true
residual_pca,current_pca,frozen-pca,2,full,full,full,common_endpoint,exact_best_rank,lower,128,1.015625,1.015625,0,tied,true
residual_pca,current_pca,frozen-pca,3,full,full,full,common_endpoint,exact_best_rank,lower,128,1.03125,1.015625,0.015625,favors_pca,true
residual_pca,current_pca,frozen-pca,4,full,full,full,common_endpoint,exact_best_rank,lower,128,1.03125,1.0078125,0.0234375,favors_pca,true
residual_pca,current_pca,frozen-pca,5,full,full,full,common_endpoint,exact_best_rank,lower,128,1.0078125,1,0.0078125,favors_pca,true
residual_pca,current_pca,frozen-pca,6,full,full,full,common_endpoint,exact_best_rank,lower,128,1.0390625,1.0078125,0.03125,favors_pca,true
residual_pca,current_pca,frozen-pca,7,full,full,full,common_endpoint,exact_best_rank,lower,128,1.015625,1.03125,-0.015625,favors_transform,true
residual_pca,current_pca,frozen-pca,8,full,full,full,common_endpoint,exact_best_rank,lower,128,1.015625,1,0.015625,favors_pca,true
residual_pca,current_pca,frozen-pca,9,full,full,full,common_endpoint,exact_best_rank,lower,128,1.015625,1.0078125,0.0078125,favors_pca,true
residual_pca,current_pca,uniform,-1,vars_conservative_lower_bound_all,vars_conservative_lower_bound_all,vars_conservative_lower_bound_all,common_endpoint,mean_per_query_candidate_rmse,lower,128,2.1990784756,2.20363868302,-0.00456020742266,favors_transform,true
residual_pca,current_pca,uniform,-1,vars_conservative_lower_bound_all,vars_conservative_lower_bound_all,vars_conservative_lower_bound_all,common_endpoint,pooled_candidate_rmse,lower,128,2.22294973289,2.22850738419,-0.00555765130438,favors_transform,true
residual_pca,current_pca,uniform,-1,vars_conservative_lower_bound_all,vars_conservative_lower_bound_all,vars_conservative_lower_bound_all,common_endpoint,candidate_mae,lower,128,2.16233737136,2.166058715,-0.00372134363281,favors_transform,true
residual_pca,current_pca,uniform,-1,vars_conservative_lower_bound_all,vars_conservative_lower_bound_all,vars_conservative_lower_bound_all,common_endpoint,topk_agreement,higher,128,0.078984375,0.078125,0.000859375,favors_transform,true
residual_pca,current_pca,uniform,-1,vars_conservative_lower_bound_all,vars_conservative_lower_bound_all,vars_conservative_lower_bound_all,common_endpoint,boundary_inversion_rate,lower,128,0.0483892404875,0.0480350630758,0.000354177411633,favors_pca,true
residual_pca,current_pca,uniform,-1,vars_conservative_lower_bound_all,vars_conservative_lower_bound_all,vars_conservative_lower_bound_all,common_endpoint,exact_best_rank,lower,128,1154.0546875,1159.2265625,-5.171875,favors_transform,true
residual_pca,current_pca,uniform,0,vars_conservative_lower_bound_all,vars_conservative_lower_bound_all,vars_conservative_lower_bound_all,common_endpoint,mean_per_query_candidate_rmse,lower,128,2.19907845815,2.20363867114,-0.00456021299297,favors_transform,true
residual_pca,current_pca,uniform,1,vars_conservative_lower_bound_all,vars_conservative_lower_bound_all,vars_conservative_lower_bound_all,common_endpoint,mean_per_query_candidate_rmse,lower,128,2.19907847207,2.20363868746,-0.00456021538359,favors_transform,true
residual_pca,current_pca,uniform,2,vars_conservative_lower_bound_all,vars_conservative_lower_bound_all,vars_conservative_lower_bound_all,common_endpoint,mean_per_query_candidate_rmse,lower,128,2.1990784592,2.20363866189,-0.00456020269609,favors_transform,true
residual_pca,current_pca,uniform,3,vars_conservative_lower_bound_all,vars_conservative_lower_bound_all,vars_conservative_lower_bound_all,common_endpoint,mean_per_query_candidate_rmse,lower,128,2.19907847764,2.20363867757,-0.00456019993047,favors_transform,true
residual_pca,current_pca,uniform,4,vars_conservative_lower_bound_all,vars_conservative_lower_bound_all,vars_conservative_lower_bound_all,common_endpoint,mean_per_query_candidate_rmse,lower,128,2.19907844867,2.20363865393,-0.00456020526641,favors_transform,true
residual_pca,current_pca,uniform,5,vars_conservative_lower_bound_all,vars_conservative_lower_bound_all,vars_conservative_lower_bound_all,common_endpoint,mean_per_query_candidate_rmse,lower,128,2.19907848027,2.20363868031,-0.00456020003984,favors_transform,true
residual_pca,current_pca,uniform,6,vars_conservative_lower_bound_all,vars_conservative_lower_bound_all,vars_conservative_lower_bound_all,common_endpoint,mean_per_query_candidate_rmse,lower,128,2.19907845933,2.20363866995,-0.00456021061797,favors_transform,true
residual_pca,current_pca,uniform,7,vars_conservative_lower_bound_all,vars_conservative_lower_bound_all,vars_conservative_lower_bound_all,common_endpoint,mean_per_query_candidate_rmse,lower,128,2.19907844233,2.20363865128,-0.00456020894609,favors_transform,true
residual_pca,current_pca,uniform,8,vars_conservative_lower_bound_all,vars_conservative_lower_bound_all,vars_conservative_lower_bound_all,common_endpoint,mean_per_query_candidate_rmse,lower,128,2.19907843949,2.20363865866,-0.00456021917266,favors_transform,true
residual_pca,current_pca,uniform,9,vars_conservative_lower_bound_all,vars_conservative_lower_bound_all,vars_conservative_lower_bound_all,common_endpoint,mean_per_query_candidate_rmse,lower,128,2.1990784753,2.20363868266,-0.00456020736016,favors_transform,true
residual_pca,current_pca,uniform,0,vars_conservative_lower_bound_all,vars_conservative_lower_bound_all,vars_conservative_lower_bound_all,common_endpoint,pooled_candidate_rmse,lower,128,2.22294971711,2.22850737383,-0.0055576567211,favors_transform,true
residual_pca,current_pca,uniform,1,vars_conservative_lower_bound_all,vars_conservative_lower_bound_all,vars_conservative_lower_bound_all,common_endpoint,pooled_candidate_rmse,lower,128,2.22294973016,2.22850739023,-0.00555766007198,favors_transform,true
residual_pca,current_pca,uniform,2,vars_conservative_lower_bound_all,vars_conservative_lower_bound_all,vars_conservative_lower_bound_all,common_endpoint,pooled_candidate_rmse,lower,128,2.22294971677,2.22850736535,-0.00555764858214,favors_transform,true
residual_pca,current_pca,uniform,3,vars_conservative_lower_bound_all,vars_conservative_lower_bound_all,vars_conservative_lower_bound_all,common_endpoint,pooled_candidate_rmse,lower,128,2.22294973431,2.22850737952,-0.00555764521669,favors_transform,true
residual_pca,current_pca,uniform,4,vars_conservative_lower_bound_all,vars_conservative_lower_bound_all,vars_conservative_lower_bound_all,common_endpoint,pooled_candidate_rmse,lower,128,2.22294970902,2.22850735798,-0.00555764896282,favors_transform,true
residual_pca,current_pca,uniform,5,vars_conservative_lower_bound_all,vars_conservative_lower_bound_all,vars_conservative_lower_bound_all,common_endpoint,pooled_candidate_rmse,lower,128,2.22294973699,2.22850738077,-0.00555764377908,favors_transform,true
residual_pca,current_pca,uniform,6,vars_conservative_lower_bound_all,vars_conservative_lower_bound_all,vars_conservative_lower_bound_all,common_endpoint,pooled_candidate_rmse,lower,128,2.22294971819,2.22850737229,-0.00555765410289,favors_transform,true
residual_pca,current_pca,uniform,7,vars_conservative_lower_bound_all,vars_conservative_lower_bound_all,vars_conservative_lower_bound_all,common_endpoint,pooled_candidate_rmse,lower,128,2.22294970069,2.22850735502,-0.00555765432662,favors_transform,true
residual_pca,current_pca,uniform,8,vars_conservative_lower_bound_all,vars_conservative_lower_bound_all,vars_conservative_lower_bound_all,common_endpoint,pooled_candidate_rmse,lower,128,2.22294970063,2.22850736222,-0.00555766158815,favors_transform,true
residual_pca,current_pca,uniform,9,vars_conservative_lower_bound_all,vars_conservative_lower_bound_all,vars_conservative_lower_bound_all,common_endpoint,pooled_candidate_rmse,lower,128,2.22294973268,2.22850738387,-0.00555765118857,favors_transform,true
residual_pca,current_pca,uniform,0,vars_conservative_lower_bound_all,vars_conservative_lower_bound_all,vars_conservative_lower_bound_all,common_endpoint,candidate_mae,lower,128,2.1623373541,2.16605870339,-0.00372134928906,favors_transform,true
residual_pca,current_pca,uniform,1,vars_conservative_lower_bound_all,vars_conservative_lower_bound_all,vars_conservative_lower_bound_all,common_endpoint,candidate_mae,lower,128,2.1623373676,2.16605871925,-0.00372135164844,favors_transform,true
residual_pca,current_pca,uniform,2,vars_conservative_lower_bound_all,vars_conservative_lower_bound_all,vars_conservative_lower_bound_all,common_endpoint,candidate_mae,lower,128,2.16233735551,2.16605869408,-0.00372133857031,favors_transform,true
residual_pca,current_pca,uniform,3,vars_conservative_lower_bound_all,vars_conservative_lower_bound_all,vars_conservative_lower_bound_all,common_endpoint,candidate_mae,lower,128,2.16233737335,2.16605870934,-0.00372133598438,favors_transform,true
residual_pca,current_pca,uniform,4,vars_conservative_lower_bound_all,vars_conservative_lower_bound_all,vars_conservative_lower_bound_all,common_endpoint,candidate_mae,lower,128,2.16233734485,2.16605868635,-0.00372134149219,favors_transform,true
residual_pca,current_pca,uniform,5,vars_conservative_lower_bound_all,vars_conservative_lower_bound_all,vars_conservative_lower_bound_all,common_endpoint,candidate_mae,lower,128,2.16233737617,2.16605871214,-0.00372133596875,favors_transform,true
residual_pca,current_pca,uniform,6,vars_conservative_lower_bound_all,vars_conservative_lower_bound_all,vars_conservative_lower_bound_all,common_endpoint,candidate_mae,lower,128,2.16233735541,2.16605870239,-0.00372134697656,favors_transform,true
residual_pca,current_pca,uniform,7,vars_conservative_lower_bound_all,vars_conservative_lower_bound_all,vars_conservative_lower_bound_all,common_endpoint,candidate_mae,lower,128,2.16233733893,2.16605868401,-0.00372134507813,favors_transform,true
residual_pca,current_pca,uniform,8,vars_conservative_lower_bound_all,vars_conservative_lower_bound_all,vars_conservative_lower_bound_all,common_endpoint,candidate_mae,lower,128,2.16233733605,2.16605869137,-0.00372135532031,favors_transform,true
residual_pca,current_pca,uniform,9,vars_conservative_lower_bound_all,vars_conservative_lower_bound_all,vars_conservative_lower_bound_all,common_endpoint,candidate_mae,lower,128,2.16233737102,2.16605871463,-0.00372134360938,favors_transform,true
residual_pca,current_pca,uniform,0,vars_conservative_lower_bound_all,vars_conservative_lower_bound_all,vars_conservative_lower_bound_all,common_endpoint,topk_agreement,higher,128,0.078984375,0.078125,0.000859375,favors_transform,true
residual_pca,current_pca,uniform,1,vars_conservative_lower_bound_all,vars_conservative_lower_bound_all,vars_conservative_lower_bound_all,common_endpoint,topk_agreement,higher,128,0.078984375,0.078125,0.000859375,favors_transform,true
residual_pca,current_pca,uniform,2,vars_conservative_lower_bound_all,vars_conservative_lower_bound_all,vars_conservative_lower_bound_all,common_endpoint,topk_agreement,higher,128,0.078984375,0.078125,0.000859375,favors_transform,true
residual_pca,current_pca,uniform,3,vars_conservative_lower_bound_all,vars_conservative_lower_bound_all,vars_conservative_lower_bound_all,common_endpoint,topk_agreement,higher,128,0.078984375,0.078125,0.000859375,favors_transform,true
residual_pca,current_pca,uniform,4,vars_conservative_lower_bound_all,vars_conservative_lower_bound_all,vars_conservative_lower_bound_all,common_endpoint,topk_agreement,higher,128,0.078984375,0.078125,0.000859375,favors_transform,true
residual_pca,current_pca,uniform,5,vars_conservative_lower_bound_all,vars_conservative_lower_bound_all,vars_conservative_lower_bound_all,common_endpoint,topk_agreement,higher,128,0.078984375,0.078125,0.000859375,favors_transform,true
residual_pca,current_pca,uniform,6,vars_conservative_lower_bound_all,vars_conservative_lower_bound_all,vars_conservative_lower_bound_all,common_endpoint,topk_agreement,higher,128,0.078984375,0.078125,0.000859375,favors_transform,true
residual_pca,current_pca,uniform,7,vars_conservative_lower_bound_all,vars_conservative_lower_bound_all,vars_conservative_lower_bound_all,common_endpoint,topk_agreement,higher,128,0.078984375,0.078125,0.000859375,favors_transform,true
residual_pca,current_pca,uniform,8,vars_conservative_lower_bound_all,vars_conservative_lower_bound_all,vars_conservative_lower_bound_all,common_endpoint,topk_agreement,higher,128,0.078984375,0.078125,0.000859375,favors_transform,true
residual_pca,current_pca,uniform,9,vars_conservative_lower_bound_all,vars_conservative_lower_bound_all,vars_conservative_lower_bound_all,common_endpoint,topk_agreement,higher,128,0.078984375,0.078125,0.000859375,favors_transform,true
residual_pca,current_pca,uniform,0,vars_conservative_lower_bound_all,vars_conservative_lower_bound_all,vars_conservative_lower_bound_all,common_endpoint,boundary_inversion_rate,lower,128,0.0483892249772,0.0480350630758,0.000354161901398,favors_pca,true
residual_pca,current_pca,uniform,1,vars_conservative_lower_bound_all,vars_conservative_lower_bound_all,vars_conservative_lower_bound_all,common_endpoint,boundary_inversion_rate,lower,128,0.0483892249772,0.0480350630758,0.000354161901398,favors_pca,true
residual_pca,current_pca,uniform,2,vars_conservative_lower_bound_all,vars_conservative_lower_bound_all,vars_conservative_lower_bound_all,common_endpoint,boundary_inversion_rate,lower,128,0.0483892249772,0.0480350460071,0.000354178970148,favors_pca,true
residual_pca,current_pca,uniform,3,vars_conservative_lower_bound_all,vars_conservative_lower_bound_all,vars_conservative_lower_bound_all,common_endpoint,boundary_inversion_rate,lower,128,0.0483892404875,0.0480350630758,0.000354177411633,favors_pca,true
residual_pca,current_pca,uniform,4,vars_conservative_lower_bound_all,vars_conservative_lower_bound_all,vars_conservative_lower_bound_all,common_endpoint,boundary_inversion_rate,lower,128,0.0483892234187,0.0480350630758,0.000354160342883,favors_pca,true
residual_pca,current_pca,uniform,5,vars_conservative_lower_bound_all,vars_conservative_lower_bound_all,vars_conservative_lower_bound_all,common_endpoint,boundary_inversion_rate,lower,128,0.0483892404875,0.0480350460071,0.000354194480383,favors_pca,true
residual_pca,current_pca,uniform,6,vars_conservative_lower_bound_all,vars_conservative_lower_bound_all,vars_conservative_lower_bound_all,common_endpoint,boundary_inversion_rate,lower,128,0.0483892404875,0.0480350630758,0.000354177411633,favors_pca,true
residual_pca,current_pca,uniform,7,vars_conservative_lower_bound_all,vars_conservative_lower_bound_all,vars_conservative_lower_bound_all,common_endpoint,boundary_inversion_rate,lower,128,0.0483892404875,0.0480350630758,0.000354177411633,favors_pca,true
residual_pca,current_pca,uniform,8,vars_conservative_lower_bound_all,vars_conservative_lower_bound_all,vars_conservative_lower_bound_all,common_endpoint,boundary_inversion_rate,lower,128,0.0483892404875,0.0480350460071,0.000354194480383,favors_pca,true
residual_pca,current_pca,uniform,9,vars_conservative_lower_bound_all,vars_conservative_lower_bound_all,vars_conservative_lower_bound_all,common_endpoint,boundary_inversion_rate,lower,128,0.0483892404875,0.0480350460071,0.000354194480383,favors_pca,true
residual_pca,current_pca,uniform,0,vars_conservative_lower_bound_all,vars_conservative_lower_bound_all,vars_conservative_lower_bound_all,common_endpoint,exact_best_rank,lower,128,1154.0546875,1159.2265625,-5.171875,favors_transform,true
residual_pca,current_pca,uniform,1,vars_conservative_lower_bound_all,vars_conservative_lower_bound_all,vars_conservative_lower_bound_all,common_endpoint,exact_best_rank,lower,128,1154.0546875,1159.2265625,-5.171875,favors_transform,true
residual_pca,current_pca,uniform,2,vars_conservative_lower_bound_all,vars_conservative_lower_bound_all,vars_conservative_lower_bound_all,common_endpoint,exact_best_rank,lower,128,1154.0546875,1159.2265625,-5.171875,favors_transform,true
residual_pca,current_pca,uniform,3,vars_conservative_lower_bound_all,vars_conservative_lower_bound_all,vars_conservative_lower_bound_all,common_endpoint,exact_best_rank,lower,128,1154.0546875,1159.2265625,-5.171875,favors_transform,true
residual_pca,current_pca,uniform,4,vars_conservative_lower_bound_all,vars_conservative_lower_bound_all,vars_conservative_lower_bound_all,common_endpoint,exact_best_rank,lower,128,1154.0546875,1159.2265625,-5.171875,favors_transform,true
residual_pca,current_pca,uniform,5,vars_conservative_lower_bound_all,vars_conservative_lower_bound_all,vars_conservative_lower_bound_all,common_endpoint,exact_best_rank,lower,128,1154.0546875,1159.2265625,-5.171875,favors_transform,true
residual_pca,current_pca,uniform,6,vars_conservative_lower_bound_all,vars_conservative_lower_bound_all,vars_conservative_lower_bound_all,common_endpoint,exact_best_rank,lower,128,1154.0546875,1159.2265625,-5.171875,favors_transform,true
residual_pca,current_pca,uniform,7,vars_conservative_lower_bound_all,vars_conservative_lower_bound_all,vars_conservative_lower_bound_all,common_endpoint,exact_best_rank,lower,128,1154.0546875,1159.2265625,-5.171875,favors_transform,true
residual_pca,current_pca,uniform,8,vars_conservative_lower_bound_all,vars_conservative_lower_bound_all,vars_conservative_lower_bound_all,common_endpoint,exact_best_rank,lower,128,1154.0546875,1159.2265625,-5.171875,favors_transform,true
residual_pca,current_pca,uniform,9,vars_conservative_lower_bound_all,vars_conservative_lower_bound_all,vars_conservative_lower_bound_all,common_endpoint,exact_best_rank,lower,128,1154.0546875,1159.2265625,-5.171875,favors_transform,true
residual_pca,current_pca,uniform,-1,fast_all,fast_all,fast_all,common_endpoint,mean_per_query_candidate_rmse,lower,128,0.239342162046,0.23945511177,-0.000112949724219,favors_transform,true
residual_pca,current_pca,uniform,-1,fast_all,fast_all,fast_all,common_endpoint,pooled_candidate_rmse,lower,128,0.237359497614,0.237536004948,-0.00017650733458,favors_transform,true
residual_pca,current_pca,uniform,-1,fast_all,fast_all,fast_all,common_endpoint,candidate_mae,lower,128,0.187616071446,0.187654651703,-3.85802567969e-05,favors_transform,true
residual_pca,current_pca,uniform,-1,fast_all,fast_all,fast_all,common_endpoint,topk_agreement,higher,128,0.432734375,0.43671875,-0.003984375,favors_pca,true
residual_pca,current_pca,uniform,-1,fast_all,fast_all,fast_all,common_endpoint,boundary_inversion_rate,lower,128,0.0629111137959,0.062087886395,0.000823227400938,favors_pca,true
residual_pca,current_pca,uniform,-1,fast_all,fast_all,fast_all,common_endpoint,exact_best_rank,lower,128,113.03125,105,8.03125,favors_pca,true
residual_pca,current_pca,uniform,0,fast_all,fast_all,fast_all,common_endpoint,mean_per_query_candidate_rmse,lower,128,0.122642822891,0.122662836572,-2.00136807031e-05,favors_transform,true
residual_pca,current_pca,uniform,1,fast_all,fast_all,fast_all,common_endpoint,mean_per_query_candidate_rmse,lower,128,0.122581559445,0.122554084853,2.74745916406e-05,favors_pca,true
residual_pca,current_pca,uniform,2,fast_all,fast_all,fast_all,common_endpoint,mean_per_query_candidate_rmse,lower,128,0.122436167687,0.12245419485,-1.80271635938e-05,favors_transform,true
residual_pca,current_pca,uniform,3,fast_all,fast_all,fast_all,common_endpoint,mean_per_query_candidate_rmse,lower,128,0.122389143375,0.122297355926,9.17874491406e-05,favors_pca,true
residual_pca,current_pca,uniform,4,fast_all,fast_all,fast_all,common_endpoint,mean_per_query_candidate_rmse,lower,128,0.122403150349,0.122890881265,-0.000487730915703,favors_transform,true
residual_pca,current_pca,uniform,5,fast_all,fast_all,fast_all,common_endpoint,mean_per_query_candidate_rmse,lower,128,0.122644673853,0.12258125563,6.34182227344e-05,favors_pca,true
residual_pca,current_pca,uniform,6,fast_all,fast_all,fast_all,common_endpoint,mean_per_query_candidate_rmse,lower,128,0.122540846996,0.122576120725,-3.52737285937e-05,favors_transform,true
residual_pca,current_pca,uniform,7,fast_all,fast_all,fast_all,common_endpoint,mean_per_query_candidate_rmse,lower,128,0.122530462235,0.122616766645,-8.63044096875e-05,favors_transform,true
residual_pca,current_pca,uniform,8,fast_all,fast_all,fast_all,common_endpoint,mean_per_query_candidate_rmse,lower,128,0.122571098873,0.122673554551,-0.000102455678203,favors_transform,true
residual_pca,current_pca,uniform,9,fast_all,fast_all,fast_all,common_endpoint,mean_per_query_candidate_rmse,lower,128,0.122407290603,0.122601830524,-0.000194539921016,favors_transform,true
residual_pca,current_pca,uniform,0,fast_all,fast_all,fast_all,common_endpoint,pooled_candidate_rmse,lower,128,0.12379665473,0.123772039177,2.46155532646e-05,favors_pca,true
residual_pca,current_pca,uniform,1,fast_all,fast_all,fast_all,common_endpoint,pooled_candidate_rmse,lower,128,0.123699623652,0.123658829093,4.07945586792e-05,favors_pca,true
residual_pca,current_pca,uniform,2,fast_all,fast_all,fast_all,common_endpoint,pooled_candidate_rmse,lower,128,0.123565630568,0.123604264135,-3.86335671052e-05,favors_transform,true
residual_pca,current_pca,uniform,3,fast_all,fast_all,fast_all,common_endpoint,pooled_candidate_rmse,lower,128,0.123542116962,0.123437981912,0.000104135049739,favors_pca,true
residual_pca,current_pca,uniform,4,fast_all,fast_all,fast_all,common_endpoint,pooled_candidate_rmse,lower,128,0.123539978924,0.12405957458,-0.000519595656539,favors_transform,true
residual_pca,current_pca,uniform,5,fast_all,fast_all,fast_all,common_endpoint,pooled_candidate_rmse,lower,128,0.123733955879,0.123640332956,9.36229228186e-05,favors_pca,true
residual_pca,current_pca,uniform,6,fast_all,fast_all,fast_all,common_endpoint,pooled_candidate_rmse,lower,128,0.123732813043,0.123656180974,7.66320691516e-05,favors_pca,true
residual_pca,current_pca,uniform,7,fast_all,fast_all,fast_all,common_endpoint,pooled_candidate_rmse,lower,128,0.12363516178,0.123704445369,-6.92835886357e-05,favors_transform,true
residual_pca,current_pca,uniform,8,fast_all,fast_all,fast_all,common_endpoint,pooled_candidate_rmse,lower,128,0.123705688584,0.123791158856,-8.54702715386e-05,favors_transform,true
residual_pca,current_pca,uniform,9,fast_all,fast_all,fast_all,common_endpoint,pooled_candidate_rmse,lower,128,0.123513794923,0.123708755888,-0.000194960965808,favors_transform,true
residual_pca,current_pca,uniform,0,fast_all,fast_all,fast_all,common_endpoint,candidate_mae,lower,128,0.108175121487,0.108211309829,-3.61883416406e-05,favors_transform,true
residual_pca,current_pca,uniform,1,fast_all,fast_all,fast_all,common_endpoint,candidate_mae,lower,128,0.108105622782,0.108086067733,1.95550491406e-05,favors_pca,true
residual_pca,current_pca,uniform,2,fast_all,fast_all,fast_all,common_endpoint,candidate_mae,lower,128,0.108043388697,0.108021350011,2.203868625e-05,favors_pca,true
residual_pca,current_pca,uniform,3,fast_all,fast_all,fast_all,common_endpoint,candidate_mae,lower,128,0.107987276994,0.107861075581,0.000126201413516,favors_pca,true
residual_pca,current_pca,uniform,4,fast_all,fast_all,fast_all,common_endpoint,candidate_mae,lower,128,0.107997094737,0.108466643837,-0.0004695491,favors_transform,true
residual_pca,current_pca,uniform,5,fast_all,fast_all,fast_all,common_endpoint,candidate_mae,lower,128,0.108249632602,0.108179997481,6.96351215625e-05,favors_pca,true
residual_pca,current_pca,uniform,6,fast_all,fast_all,fast_all,common_endpoint,candidate_mae,lower,128,0.108124540344,0.108105476665,1.90636785156e-05,favors_pca,true
residual_pca,current_pca,uniform,7,fast_all,fast_all,fast_all,common_endpoint,candidate_mae,lower,128,0.108098536256,0.108257467332,-0.000158931076641,favors_transform,true
residual_pca,current_pca,uniform,8,fast_all,fast_all,fast_all,common_endpoint,candidate_mae,lower,128,0.108134484619,0.108230275238,-9.5790619375e-05,favors_transform,true
residual_pca,current_pca,uniform,9,fast_all,fast_all,fast_all,common_endpoint,candidate_mae,lower,128,0.108009851649,0.10814127786,-0.000131426211484,favors_transform,true
residual_pca,current_pca,uniform,0,fast_all,fast_all,fast_all,common_endpoint,topk_agreement,higher,128,0.84375,0.84359375,0.00015625,favors_transform,true
residual_pca,current_pca,uniform,1,fast_all,fast_all,fast_all,common_endpoint,topk_agreement,higher,128,0.842578125,0.845546875,-0.00296875,favors_pca,true
residual_pca,current_pca,uniform,2,fast_all,fast_all,fast_all,common_endpoint,topk_agreement,higher,128,0.84140625,0.843359375,-0.001953125,favors_pca,true
residual_pca,current_pca,uniform,3,fast_all,fast_all,fast_all,common_endpoint,topk_agreement,higher,128,0.840078125,0.84140625,-0.001328125,favors_pca,true
residual_pca,current_pca,uniform,4,fast_all,fast_all,fast_all,common_endpoint,topk_agreement,higher,128,0.847109375,0.8378125,0.009296875,favors_transform,true
residual_pca,current_pca,uniform,5,fast_all,fast_all,fast_all,common_endpoint,topk_agreement,higher,128,0.84265625,0.842890625,-0.000234375,favors_pca,true
residual_pca,current_pca,uniform,6,fast_all,fast_all,fast_all,common_endpoint,topk_agreement,higher,128,0.84359375,0.842890625,0.000703125,favors_transform,true
residual_pca,current_pca,uniform,7,fast_all,fast_all,fast_all,common_endpoint,topk_agreement,higher,128,0.84234375,0.8409375,0.00140625,favors_transform,true
residual_pca,current_pca,uniform,8,fast_all,fast_all,fast_all,common_endpoint,topk_agreement,higher,128,0.840390625,0.846640625,-0.00625,favors_pca,true
residual_pca,current_pca,uniform,9,fast_all,fast_all,fast_all,common_endpoint,topk_agreement,higher,128,0.842890625,0.84296875,-7.8125e-05,favors_pca,true
residual_pca,current_pca,uniform,0,fast_all,fast_all,fast_all,common_endpoint,boundary_inversion_rate,lower,128,0.00252260100281,0.00250482898075,1.77720220609e-05,favors_pca,true
residual_pca,current_pca,uniform,1,fast_all,fast_all,fast_all,common_endpoint,boundary_inversion_rate,lower,128,0.00255155063047,0.00250359173926,4.79588912047e-05,favors_pca,true
residual_pca,current_pca,uniform,2,fast_all,fast_all,fast_all,common_endpoint,boundary_inversion_rate,lower,128,0.00252871726603,0.00256575644428,-3.70391782453e-05,favors_transform,true
residual_pca,current_pca,uniform,3,fast_all,fast_all,fast_all,common_endpoint,boundary_inversion_rate,lower,128,0.00258559893376,0.00255487354373,3.07253900242e-05,favors_pca,true
residual_pca,current_pca,uniform,4,fast_all,fast_all,fast_all,common_endpoint,boundary_inversion_rate,lower,128,0.00246623957355,0.00255409133854,-8.78517649953e-05,favors_transform,true
residual_pca,current_pca,uniform,5,fast_all,fast_all,fast_all,common_endpoint,boundary_inversion_rate,lower,128,0.00247133391715,0.00253470557217,-6.33716550172e-05,favors_transform,true
residual_pca,current_pca,uniform,6,fast_all,fast_all,fast_all,common_endpoint,boundary_inversion_rate,lower,128,0.00258091299626,0.00253091401397,4.99989822898e-05,favors_pca,true
residual_pca,current_pca,uniform,7,fast_all,fast_all,fast_all,common_endpoint,boundary_inversion_rate,lower,128,0.00258541628932,0.00258566158582,-2.4529649375e-07,favors_transform,true
residual_pca,current_pca,uniform,8,fast_all,fast_all,fast_all,common_endpoint,boundary_inversion_rate,lower,128,0.00255582356733,0.00251190021388,4.39233534484e-05,favors_pca,true
residual_pca,current_pca,uniform,9,fast_all,fast_all,fast_all,common_endpoint,boundary_inversion_rate,lower,128,0.00250458035184,0.00251539693588,-1.0816584043e-05,favors_transform,true
residual_pca,current_pca,uniform,0,fast_all,fast_all,fast_all,common_endpoint,exact_best_rank,lower,128,1.7734375,1.984375,-0.2109375,favors_transform,true
residual_pca,current_pca,uniform,1,fast_all,fast_all,fast_all,common_endpoint,exact_best_rank,lower,128,1.671875,1.875,-0.203125,favors_transform,true
residual_pca,current_pca,uniform,2,fast_all,fast_all,fast_all,common_endpoint,exact_best_rank,lower,128,1.984375,1.7265625,0.2578125,favors_pca,true
residual_pca,current_pca,uniform,3,fast_all,fast_all,fast_all,common_endpoint,exact_best_rank,lower,128,1.8359375,1.6953125,0.140625,favors_pca,true
residual_pca,current_pca,uniform,4,fast_all,fast_all,fast_all,common_endpoint,exact_best_rank,lower,128,1.5625,1.7109375,-0.1484375,favors_transform,true
residual_pca,current_pca,uniform,5,fast_all,fast_all,fast_all,common_endpoint,exact_best_rank,lower,128,1.9765625,1.796875,0.1796875,favors_pca,true
residual_pca,current_pca,uniform,6,fast_all,fast_all,fast_all,common_endpoint,exact_best_rank,lower,128,1.84375,1.5625,0.28125,favors_pca,true
residual_pca,current_pca,uniform,7,fast_all,fast_all,fast_all,common_endpoint,exact_best_rank,lower,128,1.5390625,1.7734375,-0.234375,favors_transform,true
residual_pca,current_pca,uniform,8,fast_all,fast_all,fast_all,common_endpoint,exact_best_rank,lower,128,1.7734375,1.7421875,0.03125,favors_pca,true
residual_pca,current_pca,uniform,9,fast_all,fast_all,fast_all,common_endpoint,exact_best_rank,lower,128,1.65625,1.5390625,0.1171875,favors_pca,true
residual_pca,current_pca,uniform,-1,full,full,full,common_endpoint,mean_per_query_candidate_rmse,lower,128,0.0641509442789,0.0634132599903,0.000737684288594,favors_pca,true
residual_pca,current_pca,uniform,-1,full,full,full,common_endpoint,pooled_candidate_rmse,lower,128,0.0633878406893,0.0626253775347,0.000762463154654,favors_pca,true
residual_pca,current_pca,uniform,-1,full,full,full,common_endpoint,candidate_mae,lower,128,0.0479149887465,0.04755523592,0.000359752826484,favors_pca,true
residual_pca,current_pca,uniform,-1,full,full,full,common_endpoint,topk_agreement,higher,128,0.831328125,0.836953125,-0.005625,favors_pca,true
residual_pca,current_pca,uniform,-1,full,full,full,common_endpoint,boundary_inversion_rate,lower,128,0.00350133480643,0.00315867303019,0.000342661776238,favors_pca,true
residual_pca,current_pca,uniform,-1,full,full,full,common_endpoint,exact_best_rank,lower,128,2.109375,2.03125,0.078125,favors_pca,true
residual_pca,current_pca,uniform,0,full,full,full,common_endpoint,mean_per_query_candidate_rmse,lower,128,0.00830286013525,0.00830452424618,-1.66411092969e-06,favors_transform,true
residual_pca,current_pca,uniform,1,full,full,full,common_endpoint,mean_per_query_candidate_rmse,lower,128,0.00828334894873,0.00828513517018,-1.78622144531e-06,favors_transform,true
residual_pca,current_pca,uniform,2,full,full,full,common_endpoint,mean_per_query_candidate_rmse,lower,128,0.00828139245227,0.00828870738895,-7.31493667969e-06,favors_transform,true
residual_pca,current_pca,uniform,3,full,full,full,common_endpoint,mean_per_query_candidate_rmse,lower,128,0.00829451851977,0.00830492750129,-1.04089815234e-05,favors_transform,true
residual_pca,current_pca,uniform,4,full,full,full,common_endpoint,mean_per_query_candidate_rmse,lower,128,0.00828927379754,0.00830232439759,-1.30506000547e-05,favors_transform,true
residual_pca,current_pca,uniform,5,full,full,full,common_endpoint,mean_per_query_candidate_rmse,lower,128,0.00829836290648,0.00827857073156,1.97921749219e-05,favors_pca,true
residual_pca,current_pca,uniform,6,full,full,full,common_endpoint,mean_per_query_candidate_rmse,lower,128,0.0083018508718,0.00830442134884,-2.57047703906e-06,favors_transform,true
residual_pca,current_pca,uniform,7,full,full,full,common_endpoint,mean_per_query_candidate_rmse,lower,128,0.00830303929815,0.00828435598852,1.8683309625e-05,favors_pca,true
residual_pca,current_pca,uniform,8,full,full,full,common_endpoint,mean_per_query_candidate_rmse,lower,128,0.00829214476582,0.0082877282592,4.416506625e-06,favors_pca,true
residual_pca,current_pca,uniform,9,full,full,full,common_endpoint,mean_per_query_candidate_rmse,lower,128,0.00829422229552,0.00829483794809,-6.156525625e-07,favors_transform,true
residual_pca,current_pca,uniform,0,full,full,full,common_endpoint,pooled_candidate_rmse,lower,128,0.00838282223289,0.00839079598946,-7.97375657243e-06,favors_transform,true
residual_pca,current_pca,uniform,1,full,full,full,common_endpoint,pooled_candidate_rmse,lower,128,0.00837045726308,0.00837333537853,-2.8781154468e-06,favors_transform,true
residual_pca,current_pca,uniform,2,full,full,full,common_endpoint,pooled_candidate_rmse,lower,128,0.00836532305009,0.00837556448169,-1.02414315984e-05,favors_transform,true
residual_pca,current_pca,uniform,3,full,full,full,common_endpoint,pooled_candidate_rmse,lower,128,0.00837176214951,0.00839071162677,-1.89494772614e-05,favors_transform,true
residual_pca,current_pca,uniform,4,full,full,full,common_endpoint,pooled_candidate_rmse,lower,128,0.00837688440267,0.00838480690286,-7.92250018477e-06,favors_transform,true
residual_pca,current_pca,uniform,5,full,full,full,common_endpoint,pooled_candidate_rmse,lower,128,0.00838279988931,0.00836744084496,1.53590443501e-05,favors_pca,true
residual_pca,current_pca,uniform,6,full,full,full,common_endpoint,pooled_candidate_rmse,lower,128,0.00839033600952,0.00838345782169,6.87818782991e-06,favors_pca,true
residual_pca,current_pca,uniform,7,full,full,full,common_endpoint,pooled_candidate_rmse,lower,128,0.00838581706715,0.0083642970289,2.15200382536e-05,favors_pca,true
residual_pca,current_pca,uniform,8,full,full,full,common_endpoint,pooled_candidate_rmse,lower,128,0.00837157494853,0.00837361363495,-2.03868641752e-06,favors_transform,true
residual_pca,current_pca,uniform,9,full,full,full,common_endpoint,pooled_candidate_rmse,lower,128,0.00837997230103,0.00837738053764,2.59176338455e-06,favors_pca,true
residual_pca,current_pca,uniform,0,full,full,full,common_endpoint,candidate_mae,lower,128,0.00650006672875,0.00649815443233,1.91229642188e-06,favors_pca,true
residual_pca,current_pca,uniform,1,full,full,full,common_endpoint,candidate_mae,lower,128,0.00648312923459,0.00648124631547,1.88291911719e-06,favors_pca,true
residual_pca,current_pca,uniform,2,full,full,full,common_endpoint,candidate_mae,lower,128,0.00647576550121,0.0064845046789,-8.7391776875e-06,favors_transform,true
residual_pca,current_pca,uniform,3,full,full,full,common_endpoint,candidate_mae,lower,128,0.00648893753258,0.00649695939786,-8.02186528125e-06,favors_transform,true
residual_pca,current_pca,uniform,4,full,full,full,common_endpoint,candidate_mae,lower,128,0.00648546408752,0.0064920616942,-6.59760667969e-06,favors_transform,true
residual_pca,current_pca,uniform,5,full,full,full,common_endpoint,candidate_mae,lower,128,0.00649021916485,0.00647648305554,1.37361093125e-05,favors_pca,true
residual_pca,current_pca,uniform,6,full,full,full,common_endpoint,candidate_mae,lower,128,0.00649834562651,0.00650350869259,-5.16306608594e-06,favors_transform,true
residual_pca,current_pca,uniform,7,full,full,full,common_endpoint,candidate_mae,lower,128,0.00648983729362,0.00648348238785,6.35490576562e-06,favors_pca,true
residual_pca,current_pca,uniform,8,full,full,full,common_endpoint,candidate_mae,lower,128,0.0064838808833,0.00648382598334,5.48999687499e-08,favors_pca,true
residual_pca,current_pca,uniform,9,full,full,full,common_endpoint,candidate_mae,lower,128,0.00649428751221,0.0064840267588,1.02607534063e-05,favors_pca,true
residual_pca,current_pca,uniform,0,full,full,full,common_endpoint,topk_agreement,higher,128,0.97671875,0.97609375,0.000625,favors_transform,true
residual_pca,current_pca,uniform,1,full,full,full,common_endpoint,topk_agreement,higher,128,0.9759375,0.9778125,-0.001875,favors_pca,true
residual_pca,current_pca,uniform,2,full,full,full,common_endpoint,topk_agreement,higher,128,0.97671875,0.975546875,0.001171875,favors_transform,true
residual_pca,current_pca,uniform,3,full,full,full,common_endpoint,topk_agreement,higher,128,0.97703125,0.975703125,0.001328125,favors_transform,true
residual_pca,current_pca,uniform,4,full,full,full,common_endpoint,topk_agreement,higher,128,0.977421875,0.97796875,-0.000546875,favors_pca,true
residual_pca,current_pca,uniform,5,full,full,full,common_endpoint,topk_agreement,higher,128,0.976328125,0.977109375,-0.00078125,favors_pca,true
residual_pca,current_pca,uniform,6,full,full,full,common_endpoint,topk_agreement,higher,128,0.97671875,0.976328125,0.000390625,favors_transform,true
residual_pca,current_pca,uniform,7,full,full,full,common_endpoint,topk_agreement,higher,128,0.976640625,0.978046875,-0.00140625,favors_pca,true
residual_pca,current_pca,uniform,8,full,full,full,common_endpoint,topk_agreement,higher,128,0.976484375,0.976171875,0.0003125,favors_transform,true
residual_pca,current_pca,uniform,9,full,full,full,common_endpoint,topk_agreement,higher,128,0.975625,0.976953125,-0.001328125,favors_pca,true
residual_pca,current_pca,uniform,0,full,full,full,common_endpoint,boundary_inversion_rate,lower,128,5.80508339385e-05,5.75649285794e-05,4.85905359055e-07,favors_pca,true
residual_pca,current_pca,uniform,1,full,full,full,common_endpoint,boundary_inversion_rate,lower,128,6.25446157374e-05,5.6659410518e-05,5.88520521944e-06,favors_pca,true
residual_pca,current_pca,uniform,2,full,full,full,common_endpoint,boundary_inversion_rate,lower,128,5.3584449994e-05,5.84796886231e-05,-4.89523862917e-06,favors_transform,true
residual_pca,current_pca,uniform,3,full,full,full,common_endpoint,boundary_inversion_rate,lower,128,5.76604418785e-05,6.46039395665e-05,-6.94349768808e-06,favors_transform,true
residual_pca,current_pca,uniform,4,full,full,full,common_endpoint,boundary_inversion_rate,lower,128,5.27282422961e-05,5.44333167517e-05,-1.70507445559e-06,favors_transform,true
residual_pca,current_pca,uniform,5,full,full,full,common_endpoint,boundary_inversion_rate,lower,128,5.80921260704e-05,5.43750497506e-05,3.7170763198e-06,favors_pca,true
residual_pca,current_pca,uniform,6,full,full,full,common_endpoint,boundary_inversion_rate,lower,128,5.84305813041e-05,5.82586445598e-05,1.71936744344e-07,favors_pca,true
residual_pca,current_pca,uniform,7,full,full,full,common_endpoint,boundary_inversion_rate,lower,128,5.7313110768e-05,5.41974476455e-05,3.11566312244e-06,favors_pca,true
residual_pca,current_pca,uniform,8,full,full,full,common_endpoint,boundary_inversion_rate,lower,128,5.70714888093e-05,5.52817868558e-05,1.78970195359e-06,favors_pca,true
residual_pca,current_pca,uniform,9,full,full,full,common_endpoint,boundary_inversion_rate,lower,128,6.24620495542e-05,5.30888079447e-05,9.37324160948e-06,favors_pca,true
residual_pca,current_pca,uniform,0,full,full,full,common_endpoint,exact_best_rank,lower,128,1.09375,1.0546875,0.0390625,favors_pca,true
residual_pca,current_pca,uniform,1,full,full,full,common_endpoint,exact_best_rank,lower,128,1.0703125,1.0390625,0.03125,favors_pca,true
residual_pca,current_pca,uniform,2,full,full,full,common_endpoint,exact_best_rank,lower,128,1.09375,1.125,-0.03125,favors_transform,true
residual_pca,current_pca,uniform,3,full,full,full,common_endpoint,exact_best_rank,lower,128,1.0703125,1.0703125,0,tied,true
residual_pca,current_pca,uniform,4,full,full,full,common_endpoint,exact_best_rank,lower,128,1.0546875,1.0546875,0,tied,true
residual_pca,current_pca,uniform,5,full,full,full,common_endpoint,exact_best_rank,lower,128,1.0546875,1.0703125,-0.015625,favors_transform,true
residual_pca,current_pca,uniform,6,full,full,full,common_endpoint,exact_best_rank,lower,128,1.046875,1.0390625,0.0078125,favors_pca,true
residual_pca,current_pca,uniform,7,full,full,full,common_endpoint,exact_best_rank,lower,128,1.03125,1.0703125,-0.0390625,favors_transform,true
residual_pca,current_pca,uniform,8,full,full,full,common_endpoint,exact_best_rank,lower,128,1.1015625,1.03125,0.0703125,favors_pca,true
residual_pca,current_pca,uniform,9,full,full,full,common_endpoint,exact_best_rank,lower,128,1.078125,1.046875,0.03125,favors_pca,true
random_orthogonal,current_pca,native,-1,vars_conservative_lower_bound_all,vars_conservative_lower_bound_all,vars_conservative_lower_bound_all,common_endpoint,mean_per_query_candidate_rmse,lower,128,0.586730824534,1.89500071019,-1.30826988566,favors_transform,false
random_orthogonal,current_pca,native,-1,vars_conservative_lower_bound_all,vars_conservative_lower_bound_all,vars_conservative_lower_bound_all,common_endpoint,pooled_candidate_rmse,lower,128,0.581501370889,1.89126919556,-1.30976782467,favors_transform,false
random_orthogonal,current_pca,native,-1,vars_conservative_lower_bound_all,vars_conservative_lower_bound_all,vars_conservative_lower_bound_all,common_endpoint,candidate_mae,lower,128,0.525597286715,1.8526956189,-1.32709833218,favors_transform,false
random_orthogonal,current_pca,native,-1,vars_conservative_lower_bound_all,vars_conservative_lower_bound_all,vars_conservative_lower_bound_all,common_endpoint,topk_agreement,higher,128,0.248984375,0.084453125,0.16453125,favors_transform,false
random_orthogonal,current_pca,native,-1,vars_conservative_lower_bound_all,vars_conservative_lower_bound_all,vars_conservative_lower_bound_all,common_endpoint,boundary_inversion_rate,lower,128,0.144464594539,0.234920553691,-0.0904559591528,favors_transform,false
random_orthogonal,current_pca,native,-1,vars_conservative_lower_bound_all,vars_conservative_lower_bound_all,vars_conservative_lower_bound_all,common_endpoint,exact_best_rank,lower,128,513.84375,737.2734375,-223.4296875,favors_transform,false
random_orthogonal,current_pca,native,0,vars_conservative_lower_bound_all,vars_conservative_lower_bound_all,vars_conservative_lower_bound_all,common_endpoint,mean_per_query_candidate_rmse,lower,128,0.586730850187,1.89500069874,-1.30826984855,favors_transform,false
random_orthogonal,current_pca,native,1,vars_conservative_lower_bound_all,vars_conservative_lower_bound_all,vars_conservative_lower_bound_all,common_endpoint,mean_per_query_candidate_rmse,lower,128,0.586730824761,1.89500071054,-1.30826988578,favors_transform,false
random_orthogonal,current_pca,native,2,vars_conservative_lower_bound_all,vars_conservative_lower_bound_all,vars_conservative_lower_bound_all,common_endpoint,mean_per_query_candidate_rmse,lower,128,0.58673079527,1.89500071781,-1.30826992254,favors_transform,false
random_orthogonal,current_pca,native,3,vars_conservative_lower_bound_all,vars_conservative_lower_bound_all,vars_conservative_lower_bound_all,common_endpoint,mean_per_query_candidate_rmse,lower,128,0.58673081581,1.89500070805,-1.30826989224,favors_transform,false
random_orthogonal,current_pca,native,4,vars_conservative_lower_bound_all,vars_conservative_lower_bound_all,vars_conservative_lower_bound_all,common_endpoint,mean_per_query_candidate_rmse,lower,128,0.586730798588,1.89500069747,-1.30826989889,favors_transform,false
random_orthogonal,current_pca,native,5,vars_conservative_lower_bound_all,vars_conservative_lower_bound_all,vars_conservative_lower_bound_all,common_endpoint,mean_per_query_candidate_rmse,lower,128,0.586730827037,1.89500070472,-1.30826987768,favors_transform,false
random_orthogonal,current_pca,native,6,vars_conservative_lower_bound_all,vars_conservative_lower_bound_all,vars_conservative_lower_bound_all,common_endpoint,mean_per_query_candidate_rmse,lower,128,0.586730792167,1.89500069055,-1.30826989838,favors_transform,false
random_orthogonal,current_pca,native,7,vars_conservative_lower_bound_all,vars_conservative_lower_bound_all,vars_conservative_lower_bound_all,common_endpoint,mean_per_query_candidate_rmse,lower,128,0.586730784326,1.89500071228,-1.30826992796,favors_transform,false
random_orthogonal,current_pca,native,8,vars_conservative_lower_bound_all,vars_conservative_lower_bound_all,vars_conservative_lower_bound_all,common_endpoint,mean_per_query_candidate_rmse,lower,128,0.586730787911,1.89500068569,-1.30826989778,favors_transform,false
random_orthogonal,current_pca,native,9,vars_conservative_lower_bound_all,vars_conservative_lower_bound_all,vars_conservative_lower_bound_all,common_endpoint,mean_per_query_candidate_rmse,lower,128,0.586730849114,1.8950007085,-1.30826985939,favors_transform,false
random_orthogonal,current_pca,native,0,vars_conservative_lower_bound_all,vars_conservative_lower_bound_all,vars_conservative_lower_bound_all,common_endpoint,pooled_candidate_rmse,lower,128,0.581501394017,1.8912691819,-1.30976778788,favors_transform,false
random_orthogonal,current_pca,native,1,vars_conservative_lower_bound_all,vars_conservative_lower_bound_all,vars_conservative_lower_bound_all,common_endpoint,pooled_candidate_rmse,lower,128,0.581501370137,1.89126919514,-1.30976782501,favors_transform,false
random_orthogonal,current_pca,native,2,vars_conservative_lower_bound_all,vars_conservative_lower_bound_all,vars_conservative_lower_bound_all,common_endpoint,pooled_candidate_rmse,lower,128,0.581501341372,1.8912692036,-1.30976786223,favors_transform,false
random_orthogonal,current_pca,native,3,vars_conservative_lower_bound_all,vars_conservative_lower_bound_all,vars_conservative_lower_bound_all,common_endpoint,pooled_candidate_rmse,lower,128,0.581501361666,1.89126919321,-1.30976783154,favors_transform,false
random_orthogonal,current_pca,native,4,vars_conservative_lower_bound_all,vars_conservative_lower_bound_all,vars_conservative_lower_bound_all,common_endpoint,pooled_candidate_rmse,lower,128,0.581501343983,1.89126918142,-1.30976783744,favors_transform,false
random_orthogonal,current_pca,native,5,vars_conservative_lower_bound_all,vars_conservative_lower_bound_all,vars_conservative_lower_bound_all,common_endpoint,pooled_candidate_rmse,lower,128,0.581501373008,1.89126918924,-1.30976781624,favors_transform,false
random_orthogonal,current_pca,native,6,vars_conservative_lower_bound_all,vars_conservative_lower_bound_all,vars_conservative_lower_bound_all,common_endpoint,pooled_candidate_rmse,lower,128,0.581501337992,1.89126917597,-1.30976783798,favors_transform,false
random_orthogonal,current_pca,native,7,vars_conservative_lower_bound_all,vars_conservative_lower_bound_all,vars_conservative_lower_bound_all,common_endpoint,pooled_candidate_rmse,lower,128,0.581501330243,1.89126919718,-1.30976786694,favors_transform,false
random_orthogonal,current_pca,native,8,vars_conservative_lower_bound_all,vars_conservative_lower_bound_all,vars_conservative_lower_bound_all,common_endpoint,pooled_candidate_rmse,lower,128,0.58150133476,1.89126916989,-1.30976783513,favors_transform,false
random_orthogonal,current_pca,native,9,vars_conservative_lower_bound_all,vars_conservative_lower_bound_all,vars_conservative_lower_bound_all,common_endpoint,pooled_candidate_rmse,lower,128,0.581501394914,1.89126919334,-1.30976779843,favors_transform,false
random_orthogonal,current_pca,native,0,vars_conservative_lower_bound_all,vars_conservative_lower_bound_all,vars_conservative_lower_bound_all,common_endpoint,candidate_mae,lower,128,0.525597313538,1.8526956073,-1.32709829376,favors_transform,false
random_orthogonal,current_pca,native,1,vars_conservative_lower_bound_all,vars_conservative_lower_bound_all,vars_conservative_lower_bound_all,common_endpoint,candidate_mae,lower,128,0.52559728712,1.85269562027,-1.32709833315,favors_transform,false
random_orthogonal,current_pca,native,2,vars_conservative_lower_bound_all,vars_conservative_lower_bound_all,vars_conservative_lower_bound_all,common_endpoint,candidate_mae,lower,128,0.525597256201,1.85269562646,-1.32709837025,favors_transform,false
random_orthogonal,current_pca,native,3,vars_conservative_lower_bound_all,vars_conservative_lower_bound_all,vars_conservative_lower_bound_all,common_endpoint,candidate_mae,lower,128,0.525597277567,1.8526956163,-1.32709833873,favors_transform,false
random_orthogonal,current_pca,native,4,vars_conservative_lower_bound_all,vars_conservative_lower_bound_all,vars_conservative_lower_bound_all,common_endpoint,candidate_mae,lower,128,0.525597259998,1.85269560671,-1.32709834671,favors_transform,false
random_orthogonal,current_pca,native,5,vars_conservative_lower_bound_all,vars_conservative_lower_bound_all,vars_conservative_lower_bound_all,common_endpoint,candidate_mae,lower,128,0.525597289255,1.85269561398,-1.32709832472,favors_transform,false
random_orthogonal,current_pca,native,6,vars_conservative_lower_bound_all,vars_conservative_lower_bound_all,vars_conservative_lower_bound_all,common_endpoint,candidate_mae,lower,128,0.525597253035,1.85269559908,-1.32709834604,favors_transform,false
random_orthogonal,current_pca,native,7,vars_conservative_lower_bound_all,vars_conservative_lower_bound_all,vars_conservative_lower_bound_all,common_endpoint,candidate_mae,lower,128,0.525597245025,1.8526956218,-1.32709837678,favors_transform,false
random_orthogonal,current_pca,native,8,vars_conservative_lower_bound_all,vars_conservative_lower_bound_all,vars_conservative_lower_bound_all,common_endpoint,candidate_mae,lower,128,0.525597248682,1.85269559499,-1.32709834631,favors_transform,false
random_orthogonal,current_pca,native,9,vars_conservative_lower_bound_all,vars_conservative_lower_bound_all,vars_conservative_lower_bound_all,common_endpoint,candidate_mae,lower,128,0.525597312614,1.85269561739,-1.32709830478,favors_transform,false
random_orthogonal,current_pca,native,0,vars_conservative_lower_bound_all,vars_conservative_lower_bound_all,vars_conservative_lower_bound_all,common_endpoint,topk_agreement,higher,128,0.248984375,0.084453125,0.16453125,favors_transform,false
random_orthogonal,current_pca,native,1,vars_conservative_lower_bound_all,vars_conservative_lower_bound_all,vars_conservative_lower_bound_all,common_endpoint,topk_agreement,higher,128,0.248984375,0.084375,0.164609375,favors_transform,false
random_orthogonal,current_pca,native,2,vars_conservative_lower_bound_all,vars_conservative_lower_bound_all,vars_conservative_lower_bound_all,common_endpoint,topk_agreement,higher,128,0.248984375,0.084453125,0.16453125,favors_transform,false
random_orthogonal,current_pca,native,3,vars_conservative_lower_bound_all,vars_conservative_lower_bound_all,vars_conservative_lower_bound_all,common_endpoint,topk_agreement,higher,128,0.248984375,0.084453125,0.16453125,favors_transform,false
random_orthogonal,current_pca,native,4,vars_conservative_lower_bound_all,vars_conservative_lower_bound_all,vars_conservative_lower_bound_all,common_endpoint,topk_agreement,higher,128,0.248984375,0.084453125,0.16453125,favors_transform,false
random_orthogonal,current_pca,native,5,vars_conservative_lower_bound_all,vars_conservative_lower_bound_all,vars_conservative_lower_bound_all,common_endpoint,topk_agreement,higher,128,0.248984375,0.084453125,0.16453125,favors_transform,false
random_orthogonal,current_pca,native,6,vars_conservative_lower_bound_all,vars_conservative_lower_bound_all,vars_conservative_lower_bound_all,common_endpoint,topk_agreement,higher,128,0.248984375,0.084453125,0.16453125,favors_transform,false
random_orthogonal,current_pca,native,7,vars_conservative_lower_bound_all,vars_conservative_lower_bound_all,vars_conservative_lower_bound_all,common_endpoint,topk_agreement,higher,128,0.248984375,0.084453125,0.16453125,favors_transform,false
random_orthogonal,current_pca,native,8,vars_conservative_lower_bound_all,vars_conservative_lower_bound_all,vars_conservative_lower_bound_all,common_endpoint,topk_agreement,higher,128,0.248984375,0.084453125,0.16453125,favors_transform,false
random_orthogonal,current_pca,native,9,vars_conservative_lower_bound_all,vars_conservative_lower_bound_all,vars_conservative_lower_bound_all,common_endpoint,topk_agreement,higher,128,0.248984375,0.084453125,0.16453125,favors_transform,false
random_orthogonal,current_pca,native,0,vars_conservative_lower_bound_all,vars_conservative_lower_bound_all,vars_conservative_lower_bound_all,common_endpoint,boundary_inversion_rate,lower,128,0.144464597667,0.234920600077,-0.0904560024107,favors_transform,false
random_orthogonal,current_pca,native,1,vars_conservative_lower_bound_all,vars_conservative_lower_bound_all,vars_conservative_lower_bound_all,common_endpoint,boundary_inversion_rate,lower,128,0.144464667241,0.234920667948,-0.0904560007076,favors_transform,false
random_orthogonal,current_pca,native,2,vars_conservative_lower_bound_all,vars_conservative_lower_bound_all,vars_conservative_lower_bound_all,common_endpoint,boundary_inversion_rate,lower,128,0.144464635203,0.234920596754,-0.0904559615512,favors_transform,false
random_orthogonal,current_pca,native,3,vars_conservative_lower_bound_all,vars_conservative_lower_bound_all,vars_conservative_lower_bound_all,common_endpoint,boundary_inversion_rate,lower,128,0.144464601918,0.234920557285,-0.090455955367,favors_transform,false
random_orthogonal,current_pca,native,4,vars_conservative_lower_bound_all,vars_conservative_lower_bound_all,vars_conservative_lower_bound_all,common_endpoint,boundary_inversion_rate,lower,128,0.144464701662,0.234920621382,-0.0904559197201,favors_transform,false
random_orthogonal,current_pca,native,5,vars_conservative_lower_bound_all,vars_conservative_lower_bound_all,vars_conservative_lower_bound_all,common_endpoint,boundary_inversion_rate,lower,128,0.144464617787,0.23492053078,-0.0904559129927,favors_transform,false
random_orthogonal,current_pca,native,6,vars_conservative_lower_bound_all,vars_conservative_lower_bound_all,vars_conservative_lower_bound_all,common_endpoint,boundary_inversion_rate,lower,128,0.144464642792,0.234920549732,-0.0904559069395,favors_transform,false
random_orthogonal,current_pca,native,7,vars_conservative_lower_bound_all,vars_conservative_lower_bound_all,vars_conservative_lower_bound_all,common_endpoint,boundary_inversion_rate,lower,128,0.144464631528,0.234920599842,-0.0904559683138,favors_transform,false
random_orthogonal,current_pca,native,8,vars_conservative_lower_bound_all,vars_conservative_lower_bound_all,vars_conservative_lower_bound_all,common_endpoint,boundary_inversion_rate,lower,128,0.144464676053,0.234920549732,-0.0904558736795,favors_transform,false
random_orthogonal,current_pca,native,9,vars_conservative_lower_bound_all,vars_conservative_lower_bound_all,vars_conservative_lower_bound_all,common_endpoint,boundary_inversion_rate,lower,128,0.144464670053,0.234920528085,-0.0904558580326,favors_transform,false
random_orthogonal,current_pca,native,0,vars_conservative_lower_bound_all,vars_conservative_lower_bound_all,vars_conservative_lower_bound_all,common_endpoint,exact_best_rank,lower,128,513.84375,737.2734375,-223.4296875,favors_transform,false
random_orthogonal,current_pca,native,1,vars_conservative_lower_bound_all,vars_conservative_lower_bound_all,vars_conservative_lower_bound_all,common_endpoint,exact_best_rank,lower,128,513.84375,737.2734375,-223.4296875,favors_transform,false
random_orthogonal,current_pca,native,2,vars_conservative_lower_bound_all,vars_conservative_lower_bound_all,vars_conservative_lower_bound_all,common_endpoint,exact_best_rank,lower,128,513.84375,737.2734375,-223.4296875,favors_transform,false
random_orthogonal,current_pca,native,3,vars_conservative_lower_bound_all,vars_conservative_lower_bound_all,vars_conservative_lower_bound_all,common_endpoint,exact_best_rank,lower,128,513.84375,737.2734375,-223.4296875,favors_transform,false
random_orthogonal,current_pca,native,4,vars_conservative_lower_bound_all,vars_conservative_lower_bound_all,vars_conservative_lower_bound_all,common_endpoint,exact_best_rank,lower,128,513.84375,737.2734375,-223.4296875,favors_transform,false
random_orthogonal,current_pca,native,5,vars_conservative_lower_bound_all,vars_conservative_lower_bound_all,vars_conservative_lower_bound_all,common_endpoint,exact_best_rank,lower,128,513.84375,737.2734375,-223.4296875,favors_transform,false
random_orthogonal,current_pca,native,6,vars_conservative_lower_bound_all,vars_conservative_lower_bound_all,vars_conservative_lower_bound_all,common_endpoint,exact_best_rank,lower,128,513.84375,737.2734375,-223.4296875,favors_transform,false
random_orthogonal,current_pca,native,7,vars_conservative_lower_bound_all,vars_conservative_lower_bound_all,vars_conservative_lower_bound_all,common_endpoint,exact_best_rank,lower,128,513.84375,737.2734375,-223.4296875,favors_transform,false
random_orthogonal,current_pca,native,8,vars_conservative_lower_bound_all,vars_conservative_lower_bound_all,vars_conservative_lower_bound_all,common_endpoint,exact_best_rank,lower,128,513.84375,737.2734375,-223.4296875,favors_transform,false
random_orthogonal,current_pca,native,9,vars_conservative_lower_bound_all,vars_conservative_lower_bound_all,vars_conservative_lower_bound_all,common_endpoint,exact_best_rank,lower,128,513.84375,737.2734375,-223.4296875,favors_transform,false
random_orthogonal,current_pca,native,-1,fast_all,fast_all,fast_all,common_endpoint,mean_per_query_candidate_rmse,lower,128,0.122654411169,0.398880779159,-0.27622636799,favors_transform,false
random_orthogonal,current_pca,native,-1,fast_all,fast_all,fast_all,common_endpoint,pooled_candidate_rmse,lower,128,0.123755933343,0.399542946907,-0.275787013564,favors_transform,false
random_orthogonal,current_pca,native,-1,fast_all,fast_all,fast_all,common_endpoint,candidate_mae,lower,128,0.108185885925,0.354421751874,-0.246235865949,favors_transform,false
random_orthogonal,current_pca,native,-1,fast_all,fast_all,fast_all,common_endpoint,topk_agreement,higher,128,0.84390625,0.54890625,0.295,favors_transform,false
random_orthogonal,current_pca,native,-1,fast_all,fast_all,fast_all,common_endpoint,boundary_inversion_rate,lower,128,0.00246515757602,0.0270983357513,-0.0246331781752,favors_transform,false
random_orthogonal,current_pca,native,-1,fast_all,fast_all,fast_all,common_endpoint,exact_best_rank,lower,128,1.6015625,11.625,-10.0234375,favors_transform,false
random_orthogonal,current_pca,native,0,fast_all,fast_all,fast_all,common_endpoint,mean_per_query_candidate_rmse,lower,128,0.122721519032,0.386381594359,-0.263660075327,favors_transform,false
random_orthogonal,current_pca,native,1,fast_all,fast_all,fast_all,common_endpoint,mean_per_query_candidate_rmse,lower,128,0.122887199173,0.386689709863,-0.26380251069,favors_transform,false
random_orthogonal,current_pca,native,2,fast_all,fast_all,fast_all,common_endpoint,mean_per_query_candidate_rmse,lower,128,0.122480907098,0.386282981184,-0.263802074087,favors_transform,false
random_orthogonal,current_pca,native,3,fast_all,fast_all,fast_all,common_endpoint,mean_per_query_candidate_rmse,lower,128,0.122663183089,0.385622783846,-0.262959600757,favors_transform,false
random_orthogonal,current_pca,native,4,fast_all,fast_all,fast_all,common_endpoint,mean_per_query_candidate_rmse,lower,128,0.12253440055,0.386475729427,-0.263941328878,favors_transform,false
random_orthogonal,current_pca,native,5,fast_all,fast_all,fast_all,common_endpoint,mean_per_query_candidate_rmse,lower,128,0.122517250177,0.386118625048,-0.263601374871,favors_transform,false
random_orthogonal,current_pca,native,6,fast_all,fast_all,fast_all,common_endpoint,mean_per_query_candidate_rmse,lower,128,0.122835347961,0.386763117892,-0.263927769931,favors_transform,false
random_orthogonal,current_pca,native,7,fast_all,fast_all,fast_all,common_endpoint,mean_per_query_candidate_rmse,lower,128,0.122715801432,0.386618126852,-0.26390232542,favors_transform,false
random_orthogonal,current_pca,native,8,fast_all,fast_all,fast_all,common_endpoint,mean_per_query_candidate_rmse,lower,128,0.122638344734,0.386085013167,-0.263446668433,favors_transform,false
random_orthogonal,current_pca,native,9,fast_all,fast_all,fast_all,common_endpoint,mean_per_query_candidate_rmse,lower,128,0.12257080139,0.386436460766,-0.263865659375,favors_transform,false
random_orthogonal,current_pca,native,0,fast_all,fast_all,fast_all,common_endpoint,pooled_candidate_rmse,lower,128,0.123824316556,0.387476115662,-0.263651799107,favors_transform,false
random_orthogonal,current_pca,native,1,fast_all,fast_all,fast_all,common_endpoint,pooled_candidate_rmse,lower,128,0.12406567549,0.387823890494,-0.263758215005,favors_transform,false
random_orthogonal,current_pca,native,2,fast_all,fast_all,fast_all,common_endpoint,pooled_candidate_rmse,lower,128,0.123563102058,0.387306415001,-0.263743312943,favors_transform,false
random_orthogonal,current_pca,native,3,fast_all,fast_all,fast_all,common_endpoint,pooled_candidate_rmse,lower,128,0.123820787047,0.38674622361,-0.262925436562,favors_transform,false
random_orthogonal,current_pca,native,4,fast_all,fast_all,fast_all,common_endpoint,pooled_candidate_rmse,lower,128,0.123631480148,0.387522871773,-0.263891391625,favors_transform,false
random_orthogonal,current_pca,native,5,fast_all,fast_all,fast_all,common_endpoint,pooled_candidate_rmse,lower,128,0.123644338977,0.387201569908,-0.263557230931,favors_transform,false
random_orthogonal,current_pca,native,6,fast_all,fast_all,fast_all,common_endpoint,pooled_candidate_rmse,lower,128,0.123953714187,0.387879762685,-0.263926048498,favors_transform,false
random_orthogonal,current_pca,native,7,fast_all,fast_all,fast_all,common_endpoint,pooled_candidate_rmse,lower,128,0.12388645016,0.387743417224,-0.263856967064,favors_transform,false
random_orthogonal,current_pca,native,8,fast_all,fast_all,fast_all,common_endpoint,pooled_candidate_rmse,lower,128,0.123749715051,0.387217760281,-0.26346804523,favors_transform,false
random_orthogonal,current_pca,native,9,fast_all,fast_all,fast_all,common_endpoint,pooled_candidate_rmse,lower,128,0.12368057398,0.387451644591,-0.263771070611,favors_transform,false
random_orthogonal,current_pca,native,0,fast_all,fast_all,fast_all,common_endpoint,candidate_mae,lower,128,0.108312108831,0.350874152836,-0.242562044004,favors_transform,false
random_orthogonal,current_pca,native,1,fast_all,fast_all,fast_all,common_endpoint,candidate_mae,lower,128,0.108418887838,0.351196513993,-0.242777626155,favors_transform,false
random_orthogonal,current_pca,native,2,fast_all,fast_all,fast_all,common_endpoint,candidate_mae,lower,128,0.10805605707,0.350870413192,-0.242814356122,favors_transform,false
random_orthogonal,current_pca,native,3,fast_all,fast_all,fast_all,common_endpoint,candidate_mae,lower,128,0.108236370818,0.350336082684,-0.242099711866,favors_transform,false
random_orthogonal,current_pca,native,4,fast_all,fast_all,fast_all,common_endpoint,candidate_mae,lower,128,0.108094871486,0.35090862202,-0.242813750534,favors_transform,false
random_orthogonal,current_pca,native,5,fast_all,fast_all,fast_all,common_endpoint,candidate_mae,lower,128,0.108105659466,0.350551632938,-0.242445973472,favors_transform,false
random_orthogonal,current_pca,native,6,fast_all,fast_all,fast_all,common_endpoint,candidate_mae,lower,128,0.108394469686,0.351501322789,-0.243106853103,favors_transform,false
random_orthogonal,current_pca,native,7,fast_all,fast_all,fast_all,common_endpoint,candidate_mae,lower,128,0.10824639073,0.350976322036,-0.242729931306,favors_transform,false
random_orthogonal,current_pca,native,8,fast_all,fast_all,fast_all,common_endpoint,candidate_mae,lower,128,0.108212596223,0.350510714998,-0.242298118776,favors_transform,false
random_orthogonal,current_pca,native,9,fast_all,fast_all,fast_all,common_endpoint,candidate_mae,lower,128,0.10811937333,0.351012075041,-0.242892701711,favors_transform,false
random_orthogonal,current_pca,native,0,fast_all,fast_all,fast_all,common_endpoint,topk_agreement,higher,128,0.83765625,0.601796875,0.235859375,favors_transform,false
random_orthogonal,current_pca,native,1,fast_all,fast_all,fast_all,common_endpoint,topk_agreement,higher,128,0.84140625,0.5946875,0.24671875,favors_transform,false
random_orthogonal,current_pca,native,2,fast_all,fast_all,fast_all,common_endpoint,topk_agreement,higher,128,0.844375,0.5946875,0.2496875,favors_transform,false
random_orthogonal,current_pca,native,3,fast_all,fast_all,fast_all,common_endpoint,topk_agreement,higher,128,0.844921875,0.594765625,0.25015625,favors_transform,false
random_orthogonal,current_pca,native,4,fast_all,fast_all,fast_all,common_endpoint,topk_agreement,higher,128,0.84265625,0.588828125,0.253828125,favors_transform,false
random_orthogonal,current_pca,native,5,fast_all,fast_all,fast_all,common_endpoint,topk_agreement,higher,128,0.845703125,0.59546875,0.250234375,favors_transform,false
random_orthogonal,current_pca,native,6,fast_all,fast_all,fast_all,common_endpoint,topk_agreement,higher,128,0.84328125,0.587890625,0.255390625,favors_transform,false
random_orthogonal,current_pca,native,7,fast_all,fast_all,fast_all,common_endpoint,topk_agreement,higher,128,0.843125,0.59078125,0.25234375,favors_transform,false
random_orthogonal,current_pca,native,8,fast_all,fast_all,fast_all,common_endpoint,topk_agreement,higher,128,0.84375,0.590234375,0.253515625,favors_transform,false
random_orthogonal,current_pca,native,9,fast_all,fast_all,fast_all,common_endpoint,topk_agreement,higher,128,0.8440625,0.5921875,0.251875,favors_transform,false
random_orthogonal,current_pca,native,0,fast_all,fast_all,fast_all,common_endpoint,boundary_inversion_rate,lower,128,0.00261183263767,0.0189777534292,-0.0163659207915,favors_transform,false
random_orthogonal,current_pca,native,1,fast_all,fast_all,fast_all,common_endpoint,boundary_inversion_rate,lower,128,0.00252557077774,0.019054940773,-0.0165293699953,favors_transform,false
random_orthogonal,current_pca,native,2,fast_all,fast_all,fast_all,common_endpoint,boundary_inversion_rate,lower,128,0.00249549301719,0.0191665660171,-0.0166710729999,favors_transform,false
random_orthogonal,current_pca,native,3,fast_all,fast_all,fast_all,common_endpoint,boundary_inversion_rate,lower,128,0.00246297881826,0.0191663589101,-0.0167033800918,favors_transform,false
random_orthogonal,current_pca,native,4,fast_all,fast_all,fast_all,common_endpoint,boundary_inversion_rate,lower,128,0.00250650191936,0.0192828324877,-0.0167763305684,favors_transform,false
random_orthogonal,current_pca,native,5,fast_all,fast_all,fast_all,common_endpoint,boundary_inversion_rate,lower,128,0.00256559165603,0.0193829630538,-0.0168173713978,favors_transform,false
random_orthogonal,current_pca,native,6,fast_all,fast_all,fast_all,common_endpoint,boundary_inversion_rate,lower,128,0.00251937193814,0.0198251378372,-0.017305765899,favors_transform,false
random_orthogonal,current_pca,native,7,fast_all,fast_all,fast_all,common_endpoint,boundary_inversion_rate,lower,128,0.00263123871085,0.0192007844465,-0.0165695457357,favors_transform,false
random_orthogonal,current_pca,native,8,fast_all,fast_all,fast_all,common_endpoint,boundary_inversion_rate,lower,128,0.00252766195419,0.0194531712642,-0.01692550931,favors_transform,false
random_orthogonal,current_pca,native,9,fast_all,fast_all,fast_all,common_endpoint,boundary_inversion_rate,lower,128,0.00249611257237,0.0194292732658,-0.0169331606934,favors_transform,false
random_orthogonal,current_pca,native,0,fast_all,fast_all,fast_all,common_endpoint,exact_best_rank,lower,128,1.7734375,8.2265625,-6.453125,favors_transform,false
random_orthogonal,current_pca,native,1,fast_all,fast_all,fast_all,common_endpoint,exact_best_rank,lower,128,1.78125,8.25,-6.46875,favors_transform,false
random_orthogonal,current_pca,native,2,fast_all,fast_all,fast_all,common_endpoint,exact_best_rank,lower,128,1.90625,7.2578125,-5.3515625,favors_transform,false
random_orthogonal,current_pca,native,3,fast_all,fast_all,fast_all,common_endpoint,exact_best_rank,lower,128,1.828125,6.03125,-4.203125,favors_transform,false
random_orthogonal,current_pca,native,4,fast_all,fast_all,fast_all,common_endpoint,exact_best_rank,lower,128,1.5546875,7.6015625,-6.046875,favors_transform,false
random_orthogonal,current_pca,native,5,fast_all,fast_all,fast_all,common_endpoint,exact_best_rank,lower,128,1.9453125,8.5625,-6.6171875,favors_transform,false
random_orthogonal,current_pca,native,6,fast_all,fast_all,fast_all,common_endpoint,exact_best_rank,lower,128,1.828125,7.59375,-5.765625,favors_transform,false
random_orthogonal,current_pca,native,7,fast_all,fast_all,fast_all,common_endpoint,exact_best_rank,lower,128,1.7265625,6.3671875,-4.640625,favors_transform,false
random_orthogonal,current_pca,native,8,fast_all,fast_all,fast_all,common_endpoint,exact_best_rank,lower,128,1.8671875,8.6640625,-6.796875,favors_transform,false
random_orthogonal,current_pca,native,9,fast_all,fast_all,fast_all,common_endpoint,exact_best_rank,lower,128,1.7109375,7.9140625,-6.203125,favors_transform,false
random_orthogonal,current_pca,native,-1,full,full,full,common_endpoint,mean_per_query_candidate_rmse,lower,128,0.00836536526384,0.0020083822172,0.00635698304664,favors_pca,false
random_orthogonal,current_pca,native,-1,full,full,full,common_endpoint,pooled_candidate_rmse,lower,128,0.00844370913833,0.00216407267195,0.00627963646638,favors_pca,false
random_orthogonal,current_pca,native,-1,full,full,full,common_endpoint,candidate_mae,lower,128,0.00654237433311,0.00156023058121,0.0049821437519,favors_pca,false
random_orthogonal,current_pca,native,-1,full,full,full,common_endpoint,topk_agreement,higher,128,0.97625,0.994296875,-0.018046875,favors_pca,false
random_orthogonal,current_pca,native,-1,full,full,full,common_endpoint,boundary_inversion_rate,lower,128,5.73198548954e-05,4.15158251342e-06,5.31682723819e-05,favors_pca,false
random_orthogonal,current_pca,native,-1,full,full,full,common_endpoint,exact_best_rank,lower,128,1.09375,1.015625,0.078125,favors_pca,false
random_orthogonal,current_pca,native,0,full,full,full,common_endpoint,mean_per_query_candidate_rmse,lower,128,0.00836877220901,0.00168236720952,0.00668640499949,favors_pca,false
random_orthogonal,current_pca,native,1,full,full,full,common_endpoint,mean_per_query_candidate_rmse,lower,128,0.00835963253587,0.00167930590519,0.00668032663069,favors_pca,false
random_orthogonal,current_pca,native,2,full,full,full,common_endpoint,mean_per_query_candidate_rmse,lower,128,0.00839003314465,0.00168400632866,0.00670602681599,favors_pca,false
random_orthogonal,current_pca,native,3,full,full,full,common_endpoint,mean_per_query_candidate_rmse,lower,128,0.00837506429502,0.00167933435596,0.00669572993905,favors_pca,false
random_orthogonal,current_pca,native,4,full,full,full,common_endpoint,mean_per_query_candidate_rmse,lower,128,0.00841887617358,0.00168471465923,0.00673416151435,favors_pca,false
random_orthogonal,current_pca,native,5,full,full,full,common_endpoint,mean_per_query_candidate_rmse,lower,128,0.008385895688,0.0016801213046,0.0067057743834,favors_pca,false
random_orthogonal,current_pca,native,6,full,full,full,common_endpoint,mean_per_query_candidate_rmse,lower,128,0.00834820507941,0.00167954922156,0.00666865585786,favors_pca,false
random_orthogonal,current_pca,native,7,full,full,full,common_endpoint,mean_per_query_candidate_rmse,lower,128,0.00837119550252,0.00167743477012,0.0066937607324,favors_pca,false
random_orthogonal,current_pca,native,8,full,full,full,common_endpoint,mean_per_query_candidate_rmse,lower,128,0.00835993345759,0.00168227518321,0.00667765827438,favors_pca,false
random_orthogonal,current_pca,native,9,full,full,full,common_endpoint,mean_per_query_candidate_rmse,lower,128,0.00838935664837,0.00167964673165,0.00670970991672,favors_pca,false
random_orthogonal,current_pca,native,0,full,full,full,common_endpoint,pooled_candidate_rmse,lower,128,0.00845311267159,0.00183249958282,0.00662061308877,favors_pca,false
random_orthogonal,current_pca,native,1,full,full,full,common_endpoint,pooled_candidate_rmse,lower,128,0.0084366928018,0.00183065470791,0.00660603809389,favors_pca,false
random_orthogonal,current_pca,native,2,full,full,full,common_endpoint,pooled_candidate_rmse,lower,128,0.00846797407721,0.00183602177274,0.00663195230448,favors_pca,false
random_orthogonal,current_pca,native,3,full,full,full,common_endpoint,pooled_candidate_rmse,lower,128,0.0084576284177,0.00182814147249,0.00662948694521,favors_pca,false
random_orthogonal,current_pca,native,4,full,full,full,common_endpoint,pooled_candidate_rmse,lower,128,0.00850257029004,0.00183631541026,0.00666625487978,favors_pca,false
random_orthogonal,current_pca,native,5,full,full,full,common_endpoint,pooled_candidate_rmse,lower,128,0.00847109031897,0.00182871234365,0.00664237797532,favors_pca,false
random_orthogonal,current_pca,native,6,full,full,full,common_endpoint,pooled_candidate_rmse,lower,128,0.00842999436591,0.00183130131386,0.00659869305205,favors_pca,false
random_orthogonal,current_pca,native,7,full,full,full,common_endpoint,pooled_candidate_rmse,lower,128,0.00845089390808,0.0018281419111,0.00662275199698,favors_pca,false
random_orthogonal,current_pca,native,8,full,full,full,common_endpoint,pooled_candidate_rmse,lower,128,0.0084434731004,0.00183285952627,0.00661061357413,favors_pca,false
random_orthogonal,current_pca,native,9,full,full,full,common_endpoint,pooled_candidate_rmse,lower,128,0.00847082530937,0.00183239344865,0.00663843186072,favors_pca,false
random_orthogonal,current_pca,native,0,full,full,full,common_endpoint,candidate_mae,lower,128,0.00654163077105,0.00130683640922,0.00523479436182,favors_pca,false
random_orthogonal,current_pca,native,1,full,full,full,common_endpoint,candidate_mae,lower,128,0.00653867989443,0.0013040441677,0.00523463572673,favors_pca,false
random_orthogonal,current_pca,native,2,full,full,full,common_endpoint,candidate_mae,lower,128,0.00656083914566,0.00130747509357,0.00525336405209,favors_pca,false
random_orthogonal,current_pca,native,3,full,full,full,common_endpoint,candidate_mae,lower,128,0.00655393899,0.00130411957543,0.00524981941457,favors_pca,false
random_orthogonal,current_pca,native,4,full,full,full,common_endpoint,candidate_mae,lower,128,0.00658115774459,0.0013080513056,0.00527310643899,favors_pca,false
random_orthogonal,current_pca,native,5,full,full,full,common_endpoint,candidate_mae,lower,128,0.00656465368259,0.00130527082511,0.00525938285749,favors_pca,false
random_orthogonal,current_pca,native,6,full,full,full,common_endpoint,candidate_mae,lower,128,0.00653303762415,0.00130427124599,0.00522876637816,favors_pca,false
random_orthogonal,current_pca,native,7,full,full,full,common_endpoint,candidate_mae,lower,128,0.00654366287385,0.00130499981273,0.00523866306113,favors_pca,false
random_orthogonal,current_pca,native,8,full,full,full,common_endpoint,candidate_mae,lower,128,0.00653871248341,0.00130620664457,0.00523250583884,favors_pca,false
random_orthogonal,current_pca,native,9,full,full,full,common_endpoint,candidate_mae,lower,128,0.00655987020786,0.00130488843246,0.0052549817754,favors_pca,false
random_orthogonal,current_pca,native,0,full,full,full,common_endpoint,topk_agreement,higher,128,0.976640625,0.99453125,-0.017890625,favors_pca,false
random_orthogonal,current_pca,native,1,full,full,full,common_endpoint,topk_agreement,higher,128,0.9765625,0.9940625,-0.0175,favors_pca,false
random_orthogonal,current_pca,native,2,full,full,full,common_endpoint,topk_agreement,higher,128,0.97578125,0.994453125,-0.018671875,favors_pca,false
random_orthogonal,current_pca,native,3,full,full,full,common_endpoint,topk_agreement,higher,128,0.976328125,0.995078125,-0.01875,favors_pca,false
random_orthogonal,current_pca,native,4,full,full,full,common_endpoint,topk_agreement,higher,128,0.977109375,0.994140625,-0.01703125,favors_pca,false
random_orthogonal,current_pca,native,5,full,full,full,common_endpoint,topk_agreement,higher,128,0.97578125,0.995625,-0.01984375,favors_pca,false
random_orthogonal,current_pca,native,6,full,full,full,common_endpoint,topk_agreement,higher,128,0.97609375,0.994296875,-0.018203125,favors_pca,false
random_orthogonal,current_pca,native,7,full,full,full,common_endpoint,topk_agreement,higher,128,0.977890625,0.99484375,-0.016953125,favors_pca,false
random_orthogonal,current_pca,native,8,full,full,full,common_endpoint,topk_agreement,higher,128,0.97671875,0.994453125,-0.017734375,favors_pca,false
random_orthogonal,current_pca,native,9,full,full,full,common_endpoint,topk_agreement,higher,128,0.97546875,0.9946875,-0.01921875,favors_pca,false
random_orthogonal,current_pca,native,0,full,full,full,common_endpoint,boundary_inversion_rate,lower,128,5.89983175884e-05,4.05613163891e-06,5.49421859495e-05,favors_pca,false
random_orthogonal,current_pca,native,1,full,full,full,common_endpoint,boundary_inversion_rate,lower,128,5.85229920677e-05,4.67970124623e-06,5.38432908215e-05,favors_pca,false
random_orthogonal,current_pca,native,2,full,full,full,common_endpoint,boundary_inversion_rate,lower,128,5.77322167959e-05,3.68082250264e-06,5.40513942933e-05,favors_pca,false
random_orthogonal,current_pca,native,3,full,full,full,common_endpoint,boundary_inversion_rate,lower,128,6.05060655431e-05,3.94345560148e-06,5.65626099416e-05,favors_pca,false
random_orthogonal,current_pca,native,4,full,full,full,common_endpoint,boundary_inversion_rate,lower,128,5.50292610039e-05,4.37602283955e-06,5.06532381643e-05,favors_pca,false
random_orthogonal,current_pca,native,5,full,full,full,common_endpoint,boundary_inversion_rate,lower,128,5.95045557341e-05,3.53275710973e-06,5.59717986244e-05,favors_pca,false
random_orthogonal,current_pca,native,6,full,full,full,common_endpoint,boundary_inversion_rate,lower,128,6.13518074562e-05,4.3822572932e-06,5.6969550163e-05,favors_pca,false
random_orthogonal,current_pca,native,7,full,full,full,common_endpoint,boundary_inversion_rate,lower,128,5.25435063247e-05,4.39630281862e-06,4.81472035061e-05,favors_pca,false
random_orthogonal,current_pca,native,8,full,full,full,common_endpoint,boundary_inversion_rate,lower,128,5.74075793452e-05,4.41832978755e-06,5.29892495577e-05,favors_pca,false
random_orthogonal,current_pca,native,9,full,full,full,common_endpoint,boundary_inversion_rate,lower,128,6.15983094471e-05,3.40292867537e-06,5.81953807718e-05,favors_pca,false
random_orthogonal,current_pca,native,0,full,full,full,common_endpoint,exact_best_rank,lower,128,1.078125,1.0078125,0.0703125,favors_pca,false
random_orthogonal,current_pca,native,1,full,full,full,common_endpoint,exact_best_rank,lower,128,1.0859375,1.0234375,0.0625,favors_pca,false
random_orthogonal,current_pca,native,2,full,full,full,common_endpoint,exact_best_rank,lower,128,1.140625,1.015625,0.125,favors_pca,false
random_orthogonal,current_pca,native,3,full,full,full,common_endpoint,exact_best_rank,lower,128,1.1171875,1.015625,0.1015625,favors_pca,false
random_orthogonal,current_pca,native,4,full,full,full,common_endpoint,exact_best_rank,lower,128,1.0625,1.0078125,0.0546875,favors_pca,false
random_orthogonal,current_pca,native,5,full,full,full,common_endpoint,exact_best_rank,lower,128,1.0546875,1,0.0546875,favors_pca,false
random_orthogonal,current_pca,native,6,full,full,full,common_endpoint,exact_best_rank,lower,128,1.1484375,1.0078125,0.140625,favors_pca,false
random_orthogonal,current_pca,native,7,full,full,full,common_endpoint,exact_best_rank,lower,128,1.109375,1.03125,0.078125,favors_pca,false
random_orthogonal,current_pca,native,8,full,full,full,common_endpoint,exact_best_rank,lower,128,1.0859375,1,0.0859375,favors_pca,false
random_orthogonal,current_pca,native,9,full,full,full,common_endpoint,exact_best_rank,lower,128,1.0390625,1.0078125,0.03125,favors_pca,false
random_orthogonal,current_pca,frozen-pca,-1,vars_conservative_lower_bound_all,vars_conservative_lower_bound_all,vars_conservative_lower_bound_all,common_endpoint,mean_per_query_candidate_rmse,lower,128,1.12895879935,1.89500071019,-0.766041910844,favors_transform,true
random_orthogonal,current_pca,frozen-pca,-1,vars_conservative_lower_bound_all,vars_conservative_lower_bound_all,vars_conservative_lower_bound_all,common_endpoint,pooled_candidate_rmse,lower,128,1.12014730288,1.89126919556,-0.77112189268,favors_transform,true
random_orthogonal,current_pca,frozen-pca,-1,vars_conservative_lower_bound_all,vars_conservative_lower_bound_all,vars_conservative_lower_bound_all,common_endpoint,candidate_mae,lower,128,1.09222395111,1.8526956189,-0.760471667783,favors_transform,true
random_orthogonal,current_pca,frozen-pca,-1,vars_conservative_lower_bound_all,vars_conservative_lower_bound_all,vars_conservative_lower_bound_all,common_endpoint,topk_agreement,higher,128,0.2459375,0.084453125,0.161484375,favors_transform,true
random_orthogonal,current_pca,frozen-pca,-1,vars_conservative_lower_bound_all,vars_conservative_lower_bound_all,vars_conservative_lower_bound_all,common_endpoint,boundary_inversion_rate,lower,128,0.144259445904,0.234920553691,-0.0906611077877,favors_transform,true
random_orthogonal,current_pca,frozen-pca,-1,vars_conservative_lower_bound_all,vars_conservative_lower_bound_all,vars_conservative_lower_bound_all,common_endpoint,exact_best_rank,lower,128,555.390625,737.2734375,-181.8828125,favors_transform,true
random_orthogonal,current_pca,frozen-pca,0,vars_conservative_lower_bound_all,vars_conservative_lower_bound_all,vars_conservative_lower_bound_all,common_endpoint,mean_per_query_candidate_rmse,lower,128,1.12895879573,1.89500069874,-0.766041903005,favors_transform,true
random_orthogonal,current_pca,frozen-pca,1,vars_conservative_lower_bound_all,vars_conservative_lower_bound_all,vars_conservative_lower_bound_all,common_endpoint,mean_per_query_candidate_rmse,lower,128,1.12895879041,1.89500071054,-0.766041920133,favors_transform,true
random_orthogonal,current_pca,frozen-pca,2,vars_conservative_lower_bound_all,vars_conservative_lower_bound_all,vars_conservative_lower_bound_all,common_endpoint,mean_per_query_candidate_rmse,lower,128,1.12895880247,1.89500071781,-0.766041915338,favors_transform,true
random_orthogonal,current_pca,frozen-pca,3,vars_conservative_lower_bound_all,vars_conservative_lower_bound_all,vars_conservative_lower_bound_all,common_endpoint,mean_per_query_candidate_rmse,lower,128,1.12895879835,1.89500070805,-0.766041909706,favors_transform,true
random_orthogonal,current_pca,frozen-pca,4,vars_conservative_lower_bound_all,vars_conservative_lower_bound_all,vars_conservative_lower_bound_all,common_endpoint,mean_per_query_candidate_rmse,lower,128,1.12895876897,1.89500069747,-0.766041928501,favors_transform,true
random_orthogonal,current_pca,frozen-pca,5,vars_conservative_lower_bound_all,vars_conservative_lower_bound_all,vars_conservative_lower_bound_all,common_endpoint,mean_per_query_candidate_rmse,lower,128,1.12895879736,1.89500070472,-0.766041907357,favors_transform,true
random_orthogonal,current_pca,frozen-pca,6,vars_conservative_lower_bound_all,vars_conservative_lower_bound_all,vars_conservative_lower_bound_all,common_endpoint,mean_per_query_candidate_rmse,lower,128,1.12895877642,1.89500069055,-0.766041914131,favors_transform,true
random_orthogonal,current_pca,frozen-pca,7,vars_conservative_lower_bound_all,vars_conservative_lower_bound_all,vars_conservative_lower_bound_all,common_endpoint,mean_per_query_candidate_rmse,lower,128,1.12895881275,1.89500071228,-0.766041899527,favors_transform,true
random_orthogonal,current_pca,frozen-pca,8,vars_conservative_lower_bound_all,vars_conservative_lower_bound_all,vars_conservative_lower_bound_all,common_endpoint,mean_per_query_candidate_rmse,lower,128,1.12895877635,1.89500068569,-0.766041909334,favors_transform,true
random_orthogonal,current_pca,frozen-pca,9,vars_conservative_lower_bound_all,vars_conservative_lower_bound_all,vars_conservative_lower_bound_all,common_endpoint,mean_per_query_candidate_rmse,lower,128,1.12895879929,1.8950007085,-0.766041909214,favors_transform,true
random_orthogonal,current_pca,frozen-pca,0,vars_conservative_lower_bound_all,vars_conservative_lower_bound_all,vars_conservative_lower_bound_all,common_endpoint,pooled_candidate_rmse,lower,128,1.12014729988,1.8912691819,-0.77112188202,favors_transform,true
random_orthogonal,current_pca,frozen-pca,1,vars_conservative_lower_bound_all,vars_conservative_lower_bound_all,vars_conservative_lower_bound_all,common_endpoint,pooled_candidate_rmse,lower,128,1.12014729377,1.89126919514,-0.771121901377,favors_transform,true
random_orthogonal,current_pca,frozen-pca,2,vars_conservative_lower_bound_all,vars_conservative_lower_bound_all,vars_conservative_lower_bound_all,common_endpoint,pooled_candidate_rmse,lower,128,1.12014730527,1.8912692036,-0.771121898333,favors_transform,true
random_orthogonal,current_pca,frozen-pca,3,vars_conservative_lower_bound_all,vars_conservative_lower_bound_all,vars_conservative_lower_bound_all,common_endpoint,pooled_candidate_rmse,lower,128,1.12014730083,1.89126919321,-0.771121892383,favors_transform,true
random_orthogonal,current_pca,frozen-pca,4,vars_conservative_lower_bound_all,vars_conservative_lower_bound_all,vars_conservative_lower_bound_all,common_endpoint,pooled_candidate_rmse,lower,128,1.12014727237,1.89126918142,-0.77112190905,favors_transform,true
random_orthogonal,current_pca,frozen-pca,5,vars_conservative_lower_bound_all,vars_conservative_lower_bound_all,vars_conservative_lower_bound_all,common_endpoint,pooled_candidate_rmse,lower,128,1.1201473006,1.89126918924,-0.771121888645,favors_transform,true
random_orthogonal,current_pca,frozen-pca,6,vars_conservative_lower_bound_all,vars_conservative_lower_bound_all,vars_conservative_lower_bound_all,common_endpoint,pooled_candidate_rmse,lower,128,1.12014728013,1.89126917597,-0.771121895838,favors_transform,true
random_orthogonal,current_pca,frozen-pca,7,vars_conservative_lower_bound_all,vars_conservative_lower_bound_all,vars_conservative_lower_bound_all,common_endpoint,pooled_candidate_rmse,lower,128,1.12014731617,1.89126919718,-0.771121881011,favors_transform,true
random_orthogonal,current_pca,frozen-pca,8,vars_conservative_lower_bound_all,vars_conservative_lower_bound_all,vars_conservative_lower_bound_all,common_endpoint,pooled_candidate_rmse,lower,128,1.12014727978,1.89126916989,-0.771121890109,favors_transform,true
random_orthogonal,current_pca,frozen-pca,9,vars_conservative_lower_bound_all,vars_conservative_lower_bound_all,vars_conservative_lower_bound_all,common_endpoint,pooled_candidate_rmse,lower,128,1.12014730313,1.89126919334,-0.77112189021,favors_transform,true
random_orthogonal,current_pca,frozen-pca,0,vars_conservative_lower_bound_all,vars_conservative_lower_bound_all,vars_conservative_lower_bound_all,common_endpoint,candidate_mae,lower,128,1.09222394741,1.8526956073,-0.760471659884,favors_transform,true
random_orthogonal,current_pca,frozen-pca,1,vars_conservative_lower_bound_all,vars_conservative_lower_bound_all,vars_conservative_lower_bound_all,common_endpoint,candidate_mae,lower,128,1.09222394195,1.85269562027,-0.760471678314,favors_transform,true
random_orthogonal,current_pca,frozen-pca,2,vars_conservative_lower_bound_all,vars_conservative_lower_bound_all,vars_conservative_lower_bound_all,common_endpoint,candidate_mae,lower,128,1.09222395436,1.85269562646,-0.760471672097,favors_transform,true
random_orthogonal,current_pca,frozen-pca,3,vars_conservative_lower_bound_all,vars_conservative_lower_bound_all,vars_conservative_lower_bound_all,common_endpoint,candidate_mae,lower,128,1.09222395018,1.8526956163,-0.760471666117,favors_transform,true
random_orthogonal,current_pca,frozen-pca,4,vars_conservative_lower_bound_all,vars_conservative_lower_bound_all,vars_conservative_lower_bound_all,common_endpoint,candidate_mae,lower,128,1.09222391987,1.85269560671,-0.760471686836,favors_transform,true
random_orthogonal,current_pca,frozen-pca,5,vars_conservative_lower_bound_all,vars_conservative_lower_bound_all,vars_conservative_lower_bound_all,common_endpoint,candidate_mae,lower,128,1.09222394918,1.85269561398,-0.760471664802,favors_transform,true
random_orthogonal,current_pca,frozen-pca,6,vars_conservative_lower_bound_all,vars_conservative_lower_bound_all,vars_conservative_lower_bound_all,common_endpoint,candidate_mae,lower,128,1.09222392756,1.85269559908,-0.760471671523,favors_transform,true
random_orthogonal,current_pca,frozen-pca,7,vars_conservative_lower_bound_all,vars_conservative_lower_bound_all,vars_conservative_lower_bound_all,common_endpoint,candidate_mae,lower,128,1.09222396488,1.8526956218,-0.760471656921,favors_transform,true
random_orthogonal,current_pca,frozen-pca,8,vars_conservative_lower_bound_all,vars_conservative_lower_bound_all,vars_conservative_lower_bound_all,common_endpoint,candidate_mae,lower,128,1.0922239275,1.85269559499,-0.760471667488,favors_transform,true
random_orthogonal,current_pca,frozen-pca,9,vars_conservative_lower_bound_all,vars_conservative_lower_bound_all,vars_conservative_lower_bound_all,common_endpoint,candidate_mae,lower,128,1.09222395111,1.85269561739,-0.760471666282,favors_transform,true
random_orthogonal,current_pca,frozen-pca,0,vars_conservative_lower_bound_all,vars_conservative_lower_bound_all,vars_conservative_lower_bound_all,common_endpoint,topk_agreement,higher,128,0.2459375,0.084453125,0.161484375,favors_transform,true
random_orthogonal,current_pca,frozen-pca,1,vars_conservative_lower_bound_all,vars_conservative_lower_bound_all,vars_conservative_lower_bound_all,common_endpoint,topk_agreement,higher,128,0.2459375,0.084375,0.1615625,favors_transform,true
random_orthogonal,current_pca,frozen-pca,2,vars_conservative_lower_bound_all,vars_conservative_lower_bound_all,vars_conservative_lower_bound_all,common_endpoint,topk_agreement,higher,128,0.2459375,0.084453125,0.161484375,favors_transform,true
random_orthogonal,current_pca,frozen-pca,3,vars_conservative_lower_bound_all,vars_conservative_lower_bound_all,vars_conservative_lower_bound_all,common_endpoint,topk_agreement,higher,128,0.2459375,0.084453125,0.161484375,favors_transform,true
random_orthogonal,current_pca,frozen-pca,4,vars_conservative_lower_bound_all,vars_conservative_lower_bound_all,vars_conservative_lower_bound_all,common_endpoint,topk_agreement,higher,128,0.2459375,0.084453125,0.161484375,favors_transform,true
random_orthogonal,current_pca,frozen-pca,5,vars_conservative_lower_bound_all,vars_conservative_lower_bound_all,vars_conservative_lower_bound_all,common_endpoint,topk_agreement,higher,128,0.2459375,0.084453125,0.161484375,favors_transform,true
random_orthogonal,current_pca,frozen-pca,6,vars_conservative_lower_bound_all,vars_conservative_lower_bound_all,vars_conservative_lower_bound_all,common_endpoint,topk_agreement,higher,128,0.2459375,0.084453125,0.161484375,favors_transform,true
random_orthogonal,current_pca,frozen-pca,7,vars_conservative_lower_bound_all,vars_conservative_lower_bound_all,vars_conservative_lower_bound_all,common_endpoint,topk_agreement,higher,128,0.2459375,0.084453125,0.161484375,favors_transform,true
random_orthogonal,current_pca,frozen-pca,8,vars_conservative_lower_bound_all,vars_conservative_lower_bound_all,vars_conservative_lower_bound_all,common_endpoint,topk_agreement,higher,128,0.2459375,0.084453125,0.161484375,favors_transform,true
random_orthogonal,current_pca,frozen-pca,9,vars_conservative_lower_bound_all,vars_conservative_lower_bound_all,vars_conservative_lower_bound_all,common_endpoint,topk_agreement,higher,128,0.2459375,0.084453125,0.161484375,favors_transform,true
random_orthogonal,current_pca,frozen-pca,0,vars_conservative_lower_bound_all,vars_conservative_lower_bound_all,vars_conservative_lower_bound_all,common_endpoint,boundary_inversion_rate,lower,128,0.144259423013,0.234920600077,-0.0906611770642,favors_transform,true
random_orthogonal,current_pca,frozen-pca,1,vars_conservative_lower_bound_all,vars_conservative_lower_bound_all,vars_conservative_lower_bound_all,common_endpoint,boundary_inversion_rate,lower,128,0.144259445904,0.234920667948,-0.0906612220447,favors_transform,true
random_orthogonal,current_pca,frozen-pca,2,vars_conservative_lower_bound_all,vars_conservative_lower_bound_all,vars_conservative_lower_bound_all,common_endpoint,boundary_inversion_rate,lower,128,0.14425939281,0.234920596754,-0.0906612039438,favors_transform,true
random_orthogonal,current_pca,frozen-pca,3,vars_conservative_lower_bound_all,vars_conservative_lower_bound_all,vars_conservative_lower_bound_all,common_endpoint,boundary_inversion_rate,lower,128,0.144259449577,0.234920557285,-0.090661107708,favors_transform,true
random_orthogonal,current_pca,frozen-pca,4,vars_conservative_lower_bound_all,vars_conservative_lower_bound_all,vars_conservative_lower_bound_all,common_endpoint,boundary_inversion_rate,lower,128,0.144259462372,0.234920621382,-0.0906611590102,favors_transform,true
random_orthogonal,current_pca,frozen-pca,5,vars_conservative_lower_bound_all,vars_conservative_lower_bound_all,vars_conservative_lower_bound_all,common_endpoint,boundary_inversion_rate,lower,128,0.144259449219,0.23492053078,-0.0906610815602,favors_transform,true
random_orthogonal,current_pca,frozen-pca,6,vars_conservative_lower_bound_all,vars_conservative_lower_bound_all,vars_conservative_lower_bound_all,common_endpoint,boundary_inversion_rate,lower,128,0.144259424215,0.234920549732,-0.0906611255173,favors_transform,true
random_orthogonal,current_pca,frozen-pca,7,vars_conservative_lower_bound_all,vars_conservative_lower_bound_all,vars_conservative_lower_bound_all,common_endpoint,boundary_inversion_rate,lower,128,0.144259396702,0.234920599842,-0.09066120314,favors_transform,true
random_orthogonal,current_pca,frozen-pca,8,vars_conservative_lower_bound_all,vars_conservative_lower_bound_all,vars_conservative_lower_bound_all,common_endpoint,boundary_inversion_rate,lower,128,0.144259426215,0.234920549732,-0.0906611235166,favors_transform,true
random_orthogonal,current_pca,frozen-pca,9,vars_conservative_lower_bound_all,vars_conservative_lower_bound_all,vars_conservative_lower_bound_all,common_endpoint,boundary_inversion_rate,lower,128,0.144259455398,0.234920528085,-0.0906610726869,favors_transform,true
random_orthogonal,current_pca,frozen-pca,0,vars_conservative_lower_bound_all,vars_conservative_lower_bound_all,vars_conservative_lower_bound_all,common_endpoint,exact_best_rank,lower,128,555.390625,737.2734375,-181.8828125,favors_transform,true
random_orthogonal,current_pca,frozen-pca,1,vars_conservative_lower_bound_all,vars_conservative_lower_bound_all,vars_conservative_lower_bound_all,common_endpoint,exact_best_rank,lower,128,555.390625,737.2734375,-181.8828125,favors_transform,true
random_orthogonal,current_pca,frozen-pca,2,vars_conservative_lower_bound_all,vars_conservative_lower_bound_all,vars_conservative_lower_bound_all,common_endpoint,exact_best_rank,lower,128,555.390625,737.2734375,-181.8828125,favors_transform,true
random_orthogonal,current_pca,frozen-pca,3,vars_conservative_lower_bound_all,vars_conservative_lower_bound_all,vars_conservative_lower_bound_all,common_endpoint,exact_best_rank,lower,128,555.390625,737.2734375,-181.8828125,favors_transform,true
random_orthogonal,current_pca,frozen-pca,4,vars_conservative_lower_bound_all,vars_conservative_lower_bound_all,vars_conservative_lower_bound_all,common_endpoint,exact_best_rank,lower,128,555.390625,737.2734375,-181.8828125,favors_transform,true
random_orthogonal,current_pca,frozen-pca,5,vars_conservative_lower_bound_all,vars_conservative_lower_bound_all,vars_conservative_lower_bound_all,common_endpoint,exact_best_rank,lower,128,555.390625,737.2734375,-181.8828125,favors_transform,true
random_orthogonal,current_pca,frozen-pca,6,vars_conservative_lower_bound_all,vars_conservative_lower_bound_all,vars_conservative_lower_bound_all,common_endpoint,exact_best_rank,lower,128,555.390625,737.2734375,-181.8828125,favors_transform,true
random_orthogonal,current_pca,frozen-pca,7,vars_conservative_lower_bound_all,vars_conservative_lower_bound_all,vars_conservative_lower_bound_all,common_endpoint,exact_best_rank,lower,128,555.390625,737.2734375,-181.8828125,favors_transform,true
random_orthogonal,current_pca,frozen-pca,8,vars_conservative_lower_bound_all,vars_conservative_lower_bound_all,vars_conservative_lower_bound_all,common_endpoint,exact_best_rank,lower,128,555.390625,737.2734375,-181.8828125,favors_transform,true
random_orthogonal,current_pca,frozen-pca,9,vars_conservative_lower_bound_all,vars_conservative_lower_bound_all,vars_conservative_lower_bound_all,common_endpoint,exact_best_rank,lower,128,555.390625,737.2734375,-181.8828125,favors_transform,true
random_orthogonal,current_pca,frozen-pca,-1,fast_prefix_1,fast_prefix_1,fast_prefix_1,matched_intermediate_family_and_bytes,mean_per_query_candidate_rmse,lower,128,1.03134560431,0.563567108634,0.467778495674,favors_pca,true
random_orthogonal,current_pca,frozen-pca,-1,fast_prefix_1,fast_prefix_1,fast_prefix_1,matched_intermediate_family_and_bytes,pooled_candidate_rmse,lower,128,1.0232126213,0.564099399985,0.459113221314,favors_pca,true
random_orthogonal,current_pca,frozen-pca,-1,fast_prefix_1,fast_prefix_1,fast_prefix_1,matched_intermediate_family_and_bytes,candidate_mae,lower,128,0.995960546215,0.530952945849,0.465007600366,favors_pca,true
random_orthogonal,current_pca,frozen-pca,-1,fast_prefix_1,fast_prefix_1,fast_prefix_1,matched_intermediate_family_and_bytes,topk_agreement,higher,128,0.296015625,0.521953125,-0.2259375,favors_pca,true
random_orthogonal,current_pca,frozen-pca,-1,fast_prefix_1,fast_prefix_1,fast_prefix_1,matched_intermediate_family_and_bytes,boundary_inversion_rate,lower,128,0.122555436755,0.0311723875546,0.0913830492002,favors_pca,true
random_orthogonal,current_pca,frozen-pca,-1,fast_prefix_1,fast_prefix_1,fast_prefix_1,matched_intermediate_family_and_bytes,exact_best_rank,lower,128,380.8671875,16.2109375,364.65625,favors_pca,true
random_orthogonal,current_pca,frozen-pca,0,fast_prefix_1,fast_prefix_1,fast_prefix_1,matched_intermediate_family_and_bytes,mean_per_query_candidate_rmse,lower,128,1.03136489628,0.554477750822,0.476887145457,favors_pca,true
random_orthogonal,current_pca,frozen-pca,1,fast_prefix_1,fast_prefix_1,fast_prefix_1,matched_intermediate_family_and_bytes,mean_per_query_candidate_rmse,lower,128,1.03131976775,0.554749374171,0.47657039358,favors_pca,true
random_orthogonal,current_pca,frozen-pca,2,fast_prefix_1,fast_prefix_1,fast_prefix_1,matched_intermediate_family_and_bytes,mean_per_query_candidate_rmse,lower,128,1.03130519131,0.554344618063,0.476960573249,favors_pca,true
random_orthogonal,current_pca,frozen-pca,3,fast_prefix_1,fast_prefix_1,fast_prefix_1,matched_intermediate_family_and_bytes,mean_per_query_candidate_rmse,lower,128,1.03134317504,0.553763646467,0.477579528569,favors_pca,true
random_orthogonal,current_pca,frozen-pca,4,fast_prefix_1,fast_prefix_1,fast_prefix_1,matched_intermediate_family_and_bytes,mean_per_query_candidate_rmse,lower,128,1.03132911554,0.554510681925,0.476818433614,favors_pca,true
random_orthogonal,current_pca,frozen-pca,5,fast_prefix_1,fast_prefix_1,fast_prefix_1,matched_intermediate_family_and_bytes,mean_per_query_candidate_rmse,lower,128,1.03136428376,0.554144038193,0.477220245565,favors_pca,true
random_orthogonal,current_pca,frozen-pca,6,fast_prefix_1,fast_prefix_1,fast_prefix_1,matched_intermediate_family_and_bytes,mean_per_query_candidate_rmse,lower,128,1.03133354741,0.554844343351,0.476489204059,favors_pca,true
random_orthogonal,current_pca,frozen-pca,7,fast_prefix_1,fast_prefix_1,fast_prefix_1,matched_intermediate_family_and_bytes,mean_per_query_candidate_rmse,lower,128,1.03131624851,0.554654471182,0.476661777324,favors_pca,true
random_orthogonal,current_pca,frozen-pca,8,fast_prefix_1,fast_prefix_1,fast_prefix_1,matched_intermediate_family_and_bytes,mean_per_query_candidate_rmse,lower,128,1.03135726313,0.554105108863,0.477252154269,favors_pca,true
random_orthogonal,current_pca,frozen-pca,9,fast_prefix_1,fast_prefix_1,fast_prefix_1,matched_intermediate_family_and_bytes,mean_per_query_candidate_rmse,lower,128,1.03140179168,0.554552802071,0.476848989613,favors_pca,true
random_orthogonal,current_pca,frozen-pca,0,fast_prefix_1,fast_prefix_1,fast_prefix_1,matched_intermediate_family_and_bytes,pooled_candidate_rmse,lower,128,1.0232389971,0.555251422159,0.467987574945,favors_pca,true
random_orthogonal,current_pca,frozen-pca,1,fast_prefix_1,fast_prefix_1,fast_prefix_1,matched_intermediate_family_and_bytes,pooled_candidate_rmse,lower,128,1.02318739849,0.5555803461,0.467607052387,favors_pca,true
random_orthogonal,current_pca,frozen-pca,2,fast_prefix_1,fast_prefix_1,fast_prefix_1,matched_intermediate_family_and_bytes,pooled_candidate_rmse,lower,128,1.02318491838,0.555064713151,0.46812020523,favors_pca,true
random_orthogonal,current_pca,frozen-pca,3,fast_prefix_1,fast_prefix_1,fast_prefix_1,matched_intermediate_family_and_bytes,pooled_candidate_rmse,lower,128,1.02321256117,0.554584604927,0.468627956248,favors_pca,true
random_orthogonal,current_pca,frozen-pca,4,fast_prefix_1,fast_prefix_1,fast_prefix_1,matched_intermediate_family_and_bytes,pooled_candidate_rmse,lower,128,1.02320172184,0.555252357273,0.467949364568,favors_pca,true
random_orthogonal,current_pca,frozen-pca,5,fast_prefix_1,fast_prefix_1,fast_prefix_1,matched_intermediate_family_and_bytes,pooled_candidate_rmse,lower,128,1.02322763051,0.554909153442,0.468318477064,favors_pca,true
random_orthogonal,current_pca,frozen-pca,6,fast_prefix_1,fast_prefix_1,fast_prefix_1,matched_intermediate_family_and_bytes,pooled_candidate_rmse,lower,128,1.02320474666,0.555681170793,0.467523575863,favors_pca,true
random_orthogonal,current_pca,frozen-pca,7,fast_prefix_1,fast_prefix_1,fast_prefix_1,matched_intermediate_family_and_bytes,pooled_candidate_rmse,lower,128,1.02319904331,0.555429642438,0.467769400874,favors_pca,true
random_orthogonal,current_pca,frozen-pca,8,fast_prefix_1,fast_prefix_1,fast_prefix_1,matched_intermediate_family_and_bytes,pooled_candidate_rmse,lower,128,1.0232332778,0.554915194235,0.468318083566,favors_pca,true
random_orthogonal,current_pca,frozen-pca,9,fast_prefix_1,fast_prefix_1,fast_prefix_1,matched_intermediate_family_and_bytes,pooled_candidate_rmse,lower,128,1.02327647384,0.555257488546,0.468018985296,favors_pca,true
random_orthogonal,current_pca,frozen-pca,0,fast_prefix_1,fast_prefix_1,fast_prefix_1,matched_intermediate_family_and_bytes,candidate_mae,lower,128,0.995965133217,0.528936614955,0.467028518263,favors_pca,true
random_orthogonal,current_pca,frozen-pca,1,fast_prefix_1,fast_prefix_1,fast_prefix_1,matched_intermediate_family_and_bytes,candidate_mae,lower,128,0.995936430455,0.529347859214,0.466588571241,favors_pca,true
random_orthogonal,current_pca,frozen-pca,2,fast_prefix_1,fast_prefix_1,fast_prefix_1,matched_intermediate_family_and_bytes,candidate_mae,lower,128,0.99592674391,0.528948413421,0.466978330489,favors_pca,true
random_orthogonal,current_pca,frozen-pca,3,fast_prefix_1,fast_prefix_1,fast_prefix_1,matched_intermediate_family_and_bytes,candidate_mae,lower,128,0.9959635537,0.528464350004,0.467499203696,favors_pca,true
random_orthogonal,current_pca,frozen-pca,4,fast_prefix_1,fast_prefix_1,fast_prefix_1,matched_intermediate_family_and_bytes,candidate_mae,lower,128,0.995944805279,0.529038722116,0.466906083163,favors_pca,true
random_orthogonal,current_pca,frozen-pca,5,fast_prefix_1,fast_prefix_1,fast_prefix_1,matched_intermediate_family_and_bytes,candidate_mae,lower,128,0.995989282717,0.528617787586,0.467371495131,favors_pca,true
random_orthogonal,current_pca,frozen-pca,6,fast_prefix_1,fast_prefix_1,fast_prefix_1,matched_intermediate_family_and_bytes,candidate_mae,lower,128,0.995942513695,0.529550280385,0.46639223331,favors_pca,true
random_orthogonal,current_pca,frozen-pca,7,fast_prefix_1,fast_prefix_1,fast_prefix_1,matched_intermediate_family_and_bytes,candidate_mae,lower,128,0.995929941958,0.529065744652,0.466864197306,favors_pca,true
random_orthogonal,current_pca,frozen-pca,8,fast_prefix_1,fast_prefix_1,fast_prefix_1,matched_intermediate_family_and_bytes,candidate_mae,lower,128,0.995993120266,0.528575241066,0.4674178792,favors_pca,true
random_orthogonal,current_pca,frozen-pca,9,fast_prefix_1,fast_prefix_1,fast_prefix_1,matched_intermediate_family_and_bytes,candidate_mae,lower,128,0.996008503627,0.529161191411,0.466847312216,favors_pca,true
random_orthogonal,current_pca,frozen-pca,0,fast_prefix_1,fast_prefix_1,fast_prefix_1,matched_intermediate_family_and_bytes,topk_agreement,higher,128,0.297578125,0.573359375,-0.27578125,favors_pca,true
random_orthogonal,current_pca,frozen-pca,1,fast_prefix_1,fast_prefix_1,fast_prefix_1,matched_intermediate_family_and_bytes,topk_agreement,higher,128,0.295703125,0.573046875,-0.27734375,favors_pca,true
random_orthogonal,current_pca,frozen-pca,2,fast_prefix_1,fast_prefix_1,fast_prefix_1,matched_intermediate_family_and_bytes,topk_agreement,higher,128,0.2978125,0.573125,-0.2753125,favors_pca,true
random_orthogonal,current_pca,frozen-pca,3,fast_prefix_1,fast_prefix_1,fast_prefix_1,matched_intermediate_family_and_bytes,topk_agreement,higher,128,0.2975,0.57203125,-0.27453125,favors_pca,true
random_orthogonal,current_pca,frozen-pca,4,fast_prefix_1,fast_prefix_1,fast_prefix_1,matched_intermediate_family_and_bytes,topk_agreement,higher,128,0.295390625,0.56734375,-0.271953125,favors_pca,true
random_orthogonal,current_pca,frozen-pca,5,fast_prefix_1,fast_prefix_1,fast_prefix_1,matched_intermediate_family_and_bytes,topk_agreement,higher,128,0.294765625,0.57296875,-0.278203125,favors_pca,true
random_orthogonal,current_pca,frozen-pca,6,fast_prefix_1,fast_prefix_1,fast_prefix_1,matched_intermediate_family_and_bytes,topk_agreement,higher,128,0.295859375,0.567890625,-0.27203125,favors_pca,true
random_orthogonal,current_pca,frozen-pca,7,fast_prefix_1,fast_prefix_1,fast_prefix_1,matched_intermediate_family_and_bytes,topk_agreement,higher,128,0.294296875,0.570703125,-0.27640625,favors_pca,true
random_orthogonal,current_pca,frozen-pca,8,fast_prefix_1,fast_prefix_1,fast_prefix_1,matched_intermediate_family_and_bytes,topk_agreement,higher,128,0.296015625,0.568125,-0.272109375,favors_pca,true
random_orthogonal,current_pca,frozen-pca,9,fast_prefix_1,fast_prefix_1,fast_prefix_1,matched_intermediate_family_and_bytes,topk_agreement,higher,128,0.295,0.57109375,-0.27609375,favors_pca,true
random_orthogonal,current_pca,frozen-pca,0,fast_prefix_1,fast_prefix_1,fast_prefix_1,matched_intermediate_family_and_bytes,boundary_inversion_rate,lower,128,0.122253076457,0.0222636864919,0.0999893899656,favors_pca,true
random_orthogonal,current_pca,frozen-pca,1,fast_prefix_1,fast_prefix_1,fast_prefix_1,matched_intermediate_family_and_bytes,boundary_inversion_rate,lower,128,0.122591702632,0.0225822804267,0.100009422205,favors_pca,true
random_orthogonal,current_pca,frozen-pca,2,fast_prefix_1,fast_prefix_1,fast_prefix_1,matched_intermediate_family_and_bytes,boundary_inversion_rate,lower,128,0.122486653583,0.0224900823852,0.0999965711982,favors_pca,true
random_orthogonal,current_pca,frozen-pca,3,fast_prefix_1,fast_prefix_1,fast_prefix_1,matched_intermediate_family_and_bytes,boundary_inversion_rate,lower,128,0.122561461994,0.0222044397574,0.100357022236,favors_pca,true
random_orthogonal,current_pca,frozen-pca,4,fast_prefix_1,fast_prefix_1,fast_prefix_1,matched_intermediate_family_and_bytes,boundary_inversion_rate,lower,128,0.122818836232,0.0226762565324,0.1001425797,favors_pca,true
random_orthogonal,current_pca,frozen-pca,5,fast_prefix_1,fast_prefix_1,fast_prefix_1,matched_intermediate_family_and_bytes,boundary_inversion_rate,lower,128,0.122671904834,0.0226467917959,0.100025113038,favors_pca,true
random_orthogonal,current_pca,frozen-pca,6,fast_prefix_1,fast_prefix_1,fast_prefix_1,matched_intermediate_family_and_bytes,boundary_inversion_rate,lower,128,0.122579033688,0.0228620468967,0.0997169867916,favors_pca,true
random_orthogonal,current_pca,frozen-pca,7,fast_prefix_1,fast_prefix_1,fast_prefix_1,matched_intermediate_family_and_bytes,boundary_inversion_rate,lower,128,0.122701580246,0.0225750024573,0.100126577789,favors_pca,true
random_orthogonal,current_pca,frozen-pca,8,fast_prefix_1,fast_prefix_1,fast_prefix_1,matched_intermediate_family_and_bytes,boundary_inversion_rate,lower,128,0.122612544428,0.0227422472359,0.0998702971921,favors_pca,true
random_orthogonal,current_pca,frozen-pca,9,fast_prefix_1,fast_prefix_1,fast_prefix_1,matched_intermediate_family_and_bytes,boundary_inversion_rate,lower,128,0.122597964536,0.0225121502934,0.100085814242,favors_pca,true
random_orthogonal,current_pca,frozen-pca,0,fast_prefix_1,fast_prefix_1,fast_prefix_1,matched_intermediate_family_and_bytes,exact_best_rank,lower,128,375.859375,14.265625,361.59375,favors_pca,true
random_orthogonal,current_pca,frozen-pca,1,fast_prefix_1,fast_prefix_1,fast_prefix_1,matched_intermediate_family_and_bytes,exact_best_rank,lower,128,374.71875,12.3359375,362.3828125,favors_pca,true
random_orthogonal,current_pca,frozen-pca,2,fast_prefix_1,fast_prefix_1,fast_prefix_1,matched_intermediate_family_and_bytes,exact_best_rank,lower,128,375.015625,11.7109375,363.3046875,favors_pca,true
random_orthogonal,current_pca,frozen-pca,3,fast_prefix_1,fast_prefix_1,fast_prefix_1,matched_intermediate_family_and_bytes,exact_best_rank,lower,128,378.96875,9.3515625,369.6171875,favors_pca,true
random_orthogonal,current_pca,frozen-pca,4,fast_prefix_1,fast_prefix_1,fast_prefix_1,matched_intermediate_family_and_bytes,exact_best_rank,lower,128,375.7734375,12.53125,363.2421875,favors_pca,true
random_orthogonal,current_pca,frozen-pca,5,fast_prefix_1,fast_prefix_1,fast_prefix_1,matched_intermediate_family_and_bytes,exact_best_rank,lower,128,382.3046875,13.171875,369.1328125,favors_pca,true
random_orthogonal,current_pca,frozen-pca,6,fast_prefix_1,fast_prefix_1,fast_prefix_1,matched_intermediate_family_and_bytes,exact_best_rank,lower,128,377.40625,12.2265625,365.1796875,favors_pca,true
random_orthogonal,current_pca,frozen-pca,7,fast_prefix_1,fast_prefix_1,fast_prefix_1,matched_intermediate_family_and_bytes,exact_best_rank,lower,128,375.34375,9.8046875,365.5390625,favors_pca,true
random_orthogonal,current_pca,frozen-pca,8,fast_prefix_1,fast_prefix_1,fast_prefix_1,matched_intermediate_family_and_bytes,exact_best_rank,lower,128,381.390625,12.0546875,369.3359375,favors_pca,true
random_orthogonal,current_pca,frozen-pca,9,fast_prefix_1,fast_prefix_1,fast_prefix_1,matched_intermediate_family_and_bytes,exact_best_rank,lower,128,379.890625,11.640625,368.25,favors_pca,true
random_orthogonal,current_pca,frozen-pca,-1,fast_prefix_2,fast_prefix_2,fast_prefix_2,matched_intermediate_family_and_bytes,mean_per_query_candidate_rmse,lower,128,0.845504785379,0.433125271783,0.412379513596,favors_pca,true
random_orthogonal,current_pca,frozen-pca,-1,fast_prefix_2,fast_prefix_2,fast_prefix_2,matched_intermediate_family_and_bytes,pooled_candidate_rmse,lower,128,0.838888388739,0.433984054961,0.404904333778,favors_pca,true
random_orthogonal,current_pca,frozen-pca,-1,fast_prefix_2,fast_prefix_2,fast_prefix_2,matched_intermediate_family_and_bytes,candidate_mae,lower,128,0.8175641489,0.391971701347,0.425592447553,favors_pca,true
random_orthogonal,current_pca,frozen-pca,-1,fast_prefix_2,fast_prefix_2,fast_prefix_2,matched_intermediate_family_and_bytes,topk_agreement,higher,128,0.435,0.546953125,-0.111953125,favors_pca,true
random_orthogonal,current_pca,frozen-pca,-1,fast_prefix_2,fast_prefix_2,fast_prefix_2,matched_intermediate_family_and_bytes,boundary_inversion_rate,lower,128,0.0628742034774,0.0272567540348,0.0356174494425,favors_pca,true
random_orthogonal,current_pca,frozen-pca,-1,fast_prefix_2,fast_prefix_2,fast_prefix_2,matched_intermediate_family_and_bytes,exact_best_rank,lower,128,126.4453125,11.6484375,114.796875,favors_pca,true
random_orthogonal,current_pca,frozen-pca,0,fast_prefix_2,fast_prefix_2,fast_prefix_2,matched_intermediate_family_and_bytes,mean_per_query_candidate_rmse,lower,128,0.845564495734,0.421516499389,0.424047996345,favors_pca,true
random_orthogonal,current_pca,frozen-pca,1,fast_prefix_2,fast_prefix_2,fast_prefix_2,matched_intermediate_family_and_bytes,mean_per_query_candidate_rmse,lower,128,0.845341874553,0.421843074441,0.423498800112,favors_pca,true
random_orthogonal,current_pca,frozen-pca,2,fast_prefix_2,fast_prefix_2,fast_prefix_2,matched_intermediate_family_and_bytes,mean_per_query_candidate_rmse,lower,128,0.84545219738,0.421426380773,0.424025816607,favors_pca,true
random_orthogonal,current_pca,frozen-pca,3,fast_prefix_2,fast_prefix_2,fast_prefix_2,matched_intermediate_family_and_bytes,mean_per_query_candidate_rmse,lower,128,0.845554519316,0.420756092904,0.424798426412,favors_pca,true
random_orthogonal,current_pca,frozen-pca,4,fast_prefix_2,fast_prefix_2,fast_prefix_2,matched_intermediate_family_and_bytes,mean_per_query_candidate_rmse,lower,128,0.845439791605,0.421610210234,0.42382958137,favors_pca,true
random_orthogonal,current_pca,frozen-pca,5,fast_prefix_2,fast_prefix_2,fast_prefix_2,matched_intermediate_family_and_bytes,mean_per_query_candidate_rmse,lower,128,0.845431583241,0.42126418583,0.424167397411,favors_pca,true
random_orthogonal,current_pca,frozen-pca,6,fast_prefix_2,fast_prefix_2,fast_prefix_2,matched_intermediate_family_and_bytes,mean_per_query_candidate_rmse,lower,128,0.845427582096,0.421918993431,0.423508588665,favors_pca,true
random_orthogonal,current_pca,frozen-pca,7,fast_prefix_2,fast_prefix_2,fast_prefix_2,matched_intermediate_family_and_bytes,mean_per_query_candidate_rmse,lower,128,0.845504357505,0.421772655374,0.42373170213,favors_pca,true
random_orthogonal,current_pca,frozen-pca,8,fast_prefix_2,fast_prefix_2,fast_prefix_2,matched_intermediate_family_and_bytes,mean_per_query_candidate_rmse,lower,128,0.845594801253,0.421209682261,0.424385118992,favors_pca,true
random_orthogonal,current_pca,frozen-pca,9,fast_prefix_2,fast_prefix_2,fast_prefix_2,matched_intermediate_family_and_bytes,mean_per_query_candidate_rmse,lower,128,0.845645678669,0.421580978267,0.424064700402,favors_pca,true
random_orthogonal,current_pca,frozen-pca,0,fast_prefix_2,fast_prefix_2,fast_prefix_2,matched_intermediate_family_and_bytes,pooled_candidate_rmse,lower,128,0.838955064129,0.422776596275,0.416178467853,favors_pca,true
random_orthogonal,current_pca,frozen-pca,1,fast_prefix_2,fast_prefix_2,fast_prefix_2,matched_intermediate_family_and_bytes,pooled_candidate_rmse,lower,128,0.83872961062,0.423127911492,0.415601699128,favors_pca,true
random_orthogonal,current_pca,frozen-pca,2,fast_prefix_2,fast_prefix_2,fast_prefix_2,matched_intermediate_family_and_bytes,pooled_candidate_rmse,lower,128,0.838854154721,0.422615186949,0.416238967772,favors_pca,true
random_orthogonal,current_pca,frozen-pca,3,fast_prefix_2,fast_prefix_2,fast_prefix_2,matched_intermediate_family_and_bytes,pooled_candidate_rmse,lower,128,0.838930406381,0.422039030673,0.416891375708,favors_pca,true
random_orthogonal,current_pca,frozen-pca,4,fast_prefix_2,fast_prefix_2,fast_prefix_2,matched_intermediate_family_and_bytes,pooled_candidate_rmse,lower,128,0.838837318927,0.422820075446,0.41601724348,favors_pca,true
random_orthogonal,current_pca,frozen-pca,5,fast_prefix_2,fast_prefix_2,fast_prefix_2,matched_intermediate_family_and_bytes,pooled_candidate_rmse,lower,128,0.838812463891,0.422508174564,0.416304289328,favors_pca,true
random_orthogonal,current_pca,frozen-pca,6,fast_prefix_2,fast_prefix_2,fast_prefix_2,matched_intermediate_family_and_bytes,pooled_candidate_rmse,lower,128,0.838822105864,0.423208874652,0.415613231211,favors_pca,true
random_orthogonal,current_pca,frozen-pca,7,fast_prefix_2,fast_prefix_2,fast_prefix_2,matched_intermediate_family_and_bytes,pooled_candidate_rmse,lower,128,0.8388858,0.423059051902,0.415826748098,favors_pca,true
random_orthogonal,current_pca,frozen-pca,8,fast_prefix_2,fast_prefix_2,fast_prefix_2,matched_intermediate_family_and_bytes,pooled_candidate_rmse,lower,128,0.838998767146,0.422512625447,0.416486141699,favors_pca,true
random_orthogonal,current_pca,frozen-pca,9,fast_prefix_2,fast_prefix_2,fast_prefix_2,matched_intermediate_family_and_bytes,pooled_candidate_rmse,lower,128,0.839030525039,0.422757680251,0.416272844788,favors_pca,true
random_orthogonal,current_pca,frozen-pca,0,fast_prefix_2,fast_prefix_2,fast_prefix_2,matched_intermediate_family_and_bytes,candidate_mae,lower,128,0.817609103366,0.389084557978,0.428524545387,favors_pca,true
random_orthogonal,current_pca,frozen-pca,1,fast_prefix_2,fast_prefix_2,fast_prefix_2,matched_intermediate_family_and_bytes,candidate_mae,lower,128,0.817434836392,0.389414936092,0.4280199003,favors_pca,true
random_orthogonal,current_pca,frozen-pca,2,fast_prefix_2,fast_prefix_2,fast_prefix_2,matched_intermediate_family_and_bytes,candidate_mae,lower,128,0.817511868363,0.389052367737,0.428459500626,favors_pca,true
random_orthogonal,current_pca,frozen-pca,3,fast_prefix_2,fast_prefix_2,fast_prefix_2,matched_intermediate_family_and_bytes,candidate_mae,lower,128,0.817596788988,0.388529849966,0.429066939022,favors_pca,true
random_orthogonal,current_pca,frozen-pca,4,fast_prefix_2,fast_prefix_2,fast_prefix_2,matched_intermediate_family_and_bytes,candidate_mae,lower,128,0.817526776117,0.389116805191,0.428409970926,favors_pca,true
random_orthogonal,current_pca,frozen-pca,5,fast_prefix_2,fast_prefix_2,fast_prefix_2,matched_intermediate_family_and_bytes,candidate_mae,lower,128,0.817491625486,0.388776283301,0.428715342185,favors_pca,true
random_orthogonal,current_pca,frozen-pca,6,fast_prefix_2,fast_prefix_2,fast_prefix_2,matched_intermediate_family_and_bytes,candidate_mae,lower,128,0.817467854828,0.389699327606,0.427768527222,favors_pca,true
random_orthogonal,current_pca,frozen-pca,7,fast_prefix_2,fast_prefix_2,fast_prefix_2,matched_intermediate_family_and_bytes,candidate_mae,lower,128,0.81756039747,0.389190359616,0.428370037854,favors_pca,true
random_orthogonal,current_pca,frozen-pca,8,fast_prefix_2,fast_prefix_2,fast_prefix_2,matched_intermediate_family_and_bytes,candidate_mae,lower,128,0.817610326609,0.388701533165,0.428908793444,favors_pca,true
random_orthogonal,current_pca,frozen-pca,9,fast_prefix_2,fast_prefix_2,fast_prefix_2,matched_intermediate_family_and_bytes,candidate_mae,lower,128,0.817642777584,0.389216955927,0.428425821657,favors_pca,true
random_orthogonal,current_pca,frozen-pca,0,fast_prefix_2,fast_prefix_2,fast_prefix_2,matched_intermediate_family_and_bytes,topk_agreement,higher,128,0.435234375,0.60015625,-0.164921875,favors_pca,true
random_orthogonal,current_pca,frozen-pca,1,fast_prefix_2,fast_prefix_2,fast_prefix_2,matched_intermediate_family_and_bytes,topk_agreement,higher,128,0.43515625,0.5953125,-0.16015625,favors_pca,true
random_orthogonal,current_pca,frozen-pca,2,fast_prefix_2,fast_prefix_2,fast_prefix_2,matched_intermediate_family_and_bytes,topk_agreement,higher,128,0.4328125,0.595390625,-0.162578125,favors_pca,true
random_orthogonal,current_pca,frozen-pca,3,fast_prefix_2,fast_prefix_2,fast_prefix_2,matched_intermediate_family_and_bytes,topk_agreement,higher,128,0.436171875,0.591484375,-0.1553125,favors_pca,true
random_orthogonal,current_pca,frozen-pca,4,fast_prefix_2,fast_prefix_2,fast_prefix_2,matched_intermediate_family_and_bytes,topk_agreement,higher,128,0.43671875,0.588046875,-0.151328125,favors_pca,true
random_orthogonal,current_pca,frozen-pca,5,fast_prefix_2,fast_prefix_2,fast_prefix_2,matched_intermediate_family_and_bytes,topk_agreement,higher,128,0.433203125,0.59453125,-0.161328125,favors_pca,true
random_orthogonal,current_pca,frozen-pca,6,fast_prefix_2,fast_prefix_2,fast_prefix_2,matched_intermediate_family_and_bytes,topk_agreement,higher,128,0.43296875,0.586640625,-0.153671875,favors_pca,true
random_orthogonal,current_pca,frozen-pca,7,fast_prefix_2,fast_prefix_2,fast_prefix_2,matched_intermediate_family_and_bytes,topk_agreement,higher,128,0.433828125,0.59234375,-0.158515625,favors_pca,true
random_orthogonal,current_pca,frozen-pca,8,fast_prefix_2,fast_prefix_2,fast_prefix_2,matched_intermediate_family_and_bytes,topk_agreement,higher,128,0.43609375,0.589453125,-0.153359375,favors_pca,true
random_orthogonal,current_pca,frozen-pca,9,fast_prefix_2,fast_prefix_2,fast_prefix_2,matched_intermediate_family_and_bytes,topk_agreement,higher,128,0.432890625,0.590703125,-0.1578125,favors_pca,true
random_orthogonal,current_pca,frozen-pca,0,fast_prefix_2,fast_prefix_2,fast_prefix_2,matched_intermediate_family_and_bytes,boundary_inversion_rate,lower,128,0.0629117126603,0.0190595682182,0.0438521444422,favors_pca,true
random_orthogonal,current_pca,frozen-pca,1,fast_prefix_2,fast_prefix_2,fast_prefix_2,matched_intermediate_family_and_bytes,boundary_inversion_rate,lower,128,0.0627086027431,0.0191850647985,0.0435235379447,favors_pca,true
random_orthogonal,current_pca,frozen-pca,2,fast_prefix_2,fast_prefix_2,fast_prefix_2,matched_intermediate_family_and_bytes,boundary_inversion_rate,lower,128,0.0630313167083,0.0192471573614,0.0437841593469,favors_pca,true
random_orthogonal,current_pca,frozen-pca,3,fast_prefix_2,fast_prefix_2,fast_prefix_2,matched_intermediate_family_and_bytes,boundary_inversion_rate,lower,128,0.0628678707925,0.0191993013356,0.0436685694569,favors_pca,true
random_orthogonal,current_pca,frozen-pca,4,fast_prefix_2,fast_prefix_2,fast_prefix_2,matched_intermediate_family_and_bytes,boundary_inversion_rate,lower,128,0.0629256259727,0.0193320667947,0.043593559178,favors_pca,true
random_orthogonal,current_pca,frozen-pca,5,fast_prefix_2,fast_prefix_2,fast_prefix_2,matched_intermediate_family_and_bytes,boundary_inversion_rate,lower,128,0.0628914381819,0.0194306579924,0.0434607801894,favors_pca,true
random_orthogonal,current_pca,frozen-pca,6,fast_prefix_2,fast_prefix_2,fast_prefix_2,matched_intermediate_family_and_bytes,boundary_inversion_rate,lower,128,0.0627357094485,0.0198731684639,0.0428625409846,favors_pca,true
random_orthogonal,current_pca,frozen-pca,7,fast_prefix_2,fast_prefix_2,fast_prefix_2,matched_intermediate_family_and_bytes,boundary_inversion_rate,lower,128,0.0632306148745,0.0192697160017,0.0439608988728,favors_pca,true
random_orthogonal,current_pca,frozen-pca,8,fast_prefix_2,fast_prefix_2,fast_prefix_2,matched_intermediate_family_and_bytes,boundary_inversion_rate,lower,128,0.0631357096004,0.0195297551972,0.0436059544032,favors_pca,true
random_orthogonal,current_pca,frozen-pca,9,fast_prefix_2,fast_prefix_2,fast_prefix_2,matched_intermediate_family_and_bytes,boundary_inversion_rate,lower,128,0.0629860464353,0.0194685677791,0.0435174786562,favors_pca,true
random_orthogonal,current_pca,frozen-pca,0,fast_prefix_2,fast_prefix_2,fast_prefix_2,matched_intermediate_family_and_bytes,exact_best_rank,lower,128,131.1171875,8.2890625,122.828125,favors_pca,true
random_orthogonal,current_pca,frozen-pca,1,fast_prefix_2,fast_prefix_2,fast_prefix_2,matched_intermediate_family_and_bytes,exact_best_rank,lower,128,124.6953125,8.375,116.3203125,favors_pca,true
random_orthogonal,current_pca,frozen-pca,2,fast_prefix_2,fast_prefix_2,fast_prefix_2,matched_intermediate_family_and_bytes,exact_best_rank,lower,128,117.7578125,7.578125,110.1796875,favors_pca,true
random_orthogonal,current_pca,frozen-pca,3,fast_prefix_2,fast_prefix_2,fast_prefix_2,matched_intermediate_family_and_bytes,exact_best_rank,lower,128,125.4140625,6.203125,119.2109375,favors_pca,true
random_orthogonal,current_pca,frozen-pca,4,fast_prefix_2,fast_prefix_2,fast_prefix_2,matched_intermediate_family_and_bytes,exact_best_rank,lower,128,120.15625,7.71875,112.4375,favors_pca,true
random_orthogonal,current_pca,frozen-pca,5,fast_prefix_2,fast_prefix_2,fast_prefix_2,matched_intermediate_family_and_bytes,exact_best_rank,lower,128,128.828125,8.8125,120.015625,favors_pca,true
random_orthogonal,current_pca,frozen-pca,6,fast_prefix_2,fast_prefix_2,fast_prefix_2,matched_intermediate_family_and_bytes,exact_best_rank,lower,128,124.9140625,7.84375,117.0703125,favors_pca,true
random_orthogonal,current_pca,frozen-pca,7,fast_prefix_2,fast_prefix_2,fast_prefix_2,matched_intermediate_family_and_bytes,exact_best_rank,lower,128,131.125,6.359375,124.765625,favors_pca,true
random_orthogonal,current_pca,frozen-pca,8,fast_prefix_2,fast_prefix_2,fast_prefix_2,matched_intermediate_family_and_bytes,exact_best_rank,lower,128,121.1484375,8.234375,112.9140625,favors_pca,true
random_orthogonal,current_pca,frozen-pca,9,fast_prefix_2,fast_prefix_2,fast_prefix_2,matched_intermediate_family_and_bytes,exact_best_rank,lower,128,123.546875,8.109375,115.4375,favors_pca,true
random_orthogonal,current_pca,frozen-pca,-1,fast_prefix_3,fast_prefix_3,fast_prefix_3,matched_intermediate_family_and_bytes,mean_per_query_candidate_rmse,lower,128,0.600250069389,0.404365577707,0.195884491682,favors_pca,true
random_orthogonal,current_pca,frozen-pca,-1,fast_prefix_3,fast_prefix_3,fast_prefix_3,matched_intermediate_family_and_bytes,pooled_candidate_rmse,lower,128,0.59635585428,0.405092888116,0.191262966163,favors_pca,true
random_orthogonal,current_pca,frozen-pca,-1,fast_prefix_3,fast_prefix_3,fast_prefix_3,matched_intermediate_family_and_bytes,candidate_mae,lower,128,0.585186886109,0.360475636859,0.224711249251,favors_pca,true
random_orthogonal,current_pca,frozen-pca,-1,fast_prefix_3,fast_prefix_3,fast_prefix_3,matched_intermediate_family_and_bytes,topk_agreement,higher,128,0.69171875,0.548359375,0.143359375,favors_transform,true
random_orthogonal,current_pca,frozen-pca,-1,fast_prefix_3,fast_prefix_3,fast_prefix_3,matched_intermediate_family_and_bytes,boundary_inversion_rate,lower,128,0.0124350927686,0.0270919274798,-0.0146568347112,favors_transform,true
random_orthogonal,current_pca,frozen-pca,-1,fast_prefix_3,fast_prefix_3,fast_prefix_3,matched_intermediate_family_and_bytes,exact_best_rank,lower,128,7.3671875,11.6953125,-4.328125,favors_transform,true
random_orthogonal,current_pca,frozen-pca,0,fast_prefix_3,fast_prefix_3,fast_prefix_3,matched_intermediate_family_and_bytes,mean_per_query_candidate_rmse,lower,128,0.600295788396,0.392010901478,0.208284886918,favors_pca,true
random_orthogonal,current_pca,frozen-pca,1,fast_prefix_3,fast_prefix_3,fast_prefix_3,matched_intermediate_family_and_bytes,mean_per_query_candidate_rmse,lower,128,0.600302303871,0.392324888336,0.207977415535,favors_pca,true
random_orthogonal,current_pca,frozen-pca,2,fast_prefix_3,fast_prefix_3,fast_prefix_3,matched_intermediate_family_and_bytes,mean_per_query_candidate_rmse,lower,128,0.600243074288,0.391922406723,0.208320667565,favors_pca,true
random_orthogonal,current_pca,frozen-pca,3,fast_prefix_3,fast_prefix_3,fast_prefix_3,matched_intermediate_family_and_bytes,mean_per_query_candidate_rmse,lower,128,0.600343243836,0.391258707264,0.209084536572,favors_pca,true
random_orthogonal,current_pca,frozen-pca,4,fast_prefix_3,fast_prefix_3,fast_prefix_3,matched_intermediate_family_and_bytes,mean_per_query_candidate_rmse,lower,128,0.600148498884,0.392103074641,0.208045424243,favors_pca,true
random_orthogonal,current_pca,frozen-pca,5,fast_prefix_3,fast_prefix_3,fast_prefix_3,matched_intermediate_family_and_bytes,mean_per_query_candidate_rmse,lower,128,0.60008019628,0.391742080394,0.208338115887,favors_pca,true
random_orthogonal,current_pca,frozen-pca,6,fast_prefix_3,fast_prefix_3,fast_prefix_3,matched_intermediate_family_and_bytes,mean_per_query_candidate_rmse,lower,128,0.600225706927,0.39239526085,0.207830446077,favors_pca,true
random_orthogonal,current_pca,frozen-pca,7,fast_prefix_3,fast_prefix_3,fast_prefix_3,matched_intermediate_family_and_bytes,mean_per_query_candidate_rmse,lower,128,0.600284317188,0.392251419097,0.208032898091,favors_pca,true
random_orthogonal,current_pca,frozen-pca,8,fast_prefix_3,fast_prefix_3,fast_prefix_3,matched_intermediate_family_and_bytes,mean_per_query_candidate_rmse,lower,128,0.600430790965,0.39170778507,0.208723005895,favors_pca,true
random_orthogonal,current_pca,frozen-pca,9,fast_prefix_3,fast_prefix_3,fast_prefix_3,matched_intermediate_family_and_bytes,mean_per_query_candidate_rmse,lower,128,0.60041987724,0.392078514695,0.208341362545,favors_pca,true
random_orthogonal,current_pca,frozen-pca,0,fast_prefix_3,fast_prefix_3,fast_prefix_3,matched_intermediate_family_and_bytes,pooled_candidate_rmse,lower,128,0.596404701967,0.393165087855,0.203239614112,favors_pca,true
random_orthogonal,current_pca,frozen-pca,1,fast_prefix_3,fast_prefix_3,fast_prefix_3,matched_intermediate_family_and_bytes,pooled_candidate_rmse,lower,128,0.596401054555,0.393516954429,0.202884100126,favors_pca,true
random_orthogonal,current_pca,frozen-pca,2,fast_prefix_3,fast_prefix_3,fast_prefix_3,matched_intermediate_family_and_bytes,pooled_candidate_rmse,lower,128,0.59636814196,0.393007850552,0.203360291408,favors_pca,true
random_orthogonal,current_pca,frozen-pca,3,fast_prefix_3,fast_prefix_3,fast_prefix_3,matched_intermediate_family_and_bytes,pooled_candidate_rmse,lower,128,0.596448384176,0.392442491951,0.204005892225,favors_pca,true
random_orthogonal,current_pca,frozen-pca,4,fast_prefix_3,fast_prefix_3,fast_prefix_3,matched_intermediate_family_and_bytes,pooled_candidate_rmse,lower,128,0.596267925165,0.393208117543,0.203059807622,favors_pca,true
random_orthogonal,current_pca,frozen-pca,5,fast_prefix_3,fast_prefix_3,fast_prefix_3,matched_intermediate_family_and_bytes,pooled_candidate_rmse,lower,128,0.596210591947,0.392885285809,0.203325306138,favors_pca,true
random_orthogonal,current_pca,frozen-pca,6,fast_prefix_3,fast_prefix_3,fast_prefix_3,matched_intermediate_family_and_bytes,pooled_candidate_rmse,lower,128,0.596334613282,0.393571670923,0.20276294236,favors_pca,true
random_orthogonal,current_pca,frozen-pca,7,fast_prefix_3,fast_prefix_3,fast_prefix_3,matched_intermediate_family_and_bytes,pooled_candidate_rmse,lower,128,0.59638225754,0.393436234396,0.202946023143,favors_pca,true
random_orthogonal,current_pca,frozen-pca,8,fast_prefix_3,fast_prefix_3,fast_prefix_3,matched_intermediate_family_and_bytes,pooled_candidate_rmse,lower,128,0.596561486544,0.392900088133,0.203661398411,favors_pca,true
random_orthogonal,current_pca,frozen-pca,9,fast_prefix_3,fast_prefix_3,fast_prefix_3,matched_intermediate_family_and_bytes,pooled_candidate_rmse,lower,128,0.596520808628,0.393153313455,0.203367495173,favors_pca,true
random_orthogonal,current_pca,frozen-pca,0,fast_prefix_3,fast_prefix_3,fast_prefix_3,matched_intermediate_family_and_bytes,candidate_mae,lower,128,0.585206240726,0.357050255197,0.228155985529,favors_pca,true
random_orthogonal,current_pca,frozen-pca,1,fast_prefix_3,fast_prefix_3,fast_prefix_3,matched_intermediate_family_and_bytes,candidate_mae,lower,128,0.585221294807,0.357374342195,0.227846952612,favors_pca,true
random_orthogonal,current_pca,frozen-pca,2,fast_prefix_3,fast_prefix_3,fast_prefix_3,matched_intermediate_family_and_bytes,candidate_mae,lower,128,0.585197532334,0.357047952271,0.228149580062,favors_pca,true
random_orthogonal,current_pca,frozen-pca,3,fast_prefix_3,fast_prefix_3,fast_prefix_3,matched_intermediate_family_and_bytes,candidate_mae,lower,128,0.585260541676,0.356511149895,0.228749391781,favors_pca,true
random_orthogonal,current_pca,frozen-pca,4,fast_prefix_3,fast_prefix_3,fast_prefix_3,matched_intermediate_family_and_bytes,candidate_mae,lower,128,0.585086198095,0.357079310789,0.228006887306,favors_pca,true
random_orthogonal,current_pca,frozen-pca,5,fast_prefix_3,fast_prefix_3,fast_prefix_3,matched_intermediate_family_and_bytes,candidate_mae,lower,128,0.584983785519,0.356721821757,0.228261963762,favors_pca,true
random_orthogonal,current_pca,frozen-pca,6,fast_prefix_3,fast_prefix_3,fast_prefix_3,matched_intermediate_family_and_bytes,candidate_mae,lower,128,0.585103726621,0.35767299989,0.227430726731,favors_pca,true
random_orthogonal,current_pca,frozen-pca,7,fast_prefix_3,fast_prefix_3,fast_prefix_3,matched_intermediate_family_and_bytes,candidate_mae,lower,128,0.585140300247,0.357155385385,0.227984914862,favors_pca,true
random_orthogonal,current_pca,frozen-pca,8,fast_prefix_3,fast_prefix_3,fast_prefix_3,matched_intermediate_family_and_bytes,candidate_mae,lower,128,0.585299473648,0.356681042395,0.228618431253,favors_pca,true
random_orthogonal,current_pca,frozen-pca,9,fast_prefix_3,fast_prefix_3,fast_prefix_3,matched_intermediate_family_and_bytes,candidate_mae,lower,128,0.585283778127,0.357192714468,0.228091063659,favors_pca,true
random_orthogonal,current_pca,frozen-pca,0,fast_prefix_3,fast_prefix_3,fast_prefix_3,matched_intermediate_family_and_bytes,topk_agreement,higher,128,0.687890625,0.60109375,0.086796875,favors_transform,true
random_orthogonal,current_pca,frozen-pca,1,fast_prefix_3,fast_prefix_3,fast_prefix_3,matched_intermediate_family_and_bytes,topk_agreement,higher,128,0.68734375,0.5953125,0.09203125,favors_transform,true
random_orthogonal,current_pca,frozen-pca,2,fast_prefix_3,fast_prefix_3,fast_prefix_3,matched_intermediate_family_and_bytes,topk_agreement,higher,128,0.68890625,0.595546875,0.093359375,favors_transform,true
random_orthogonal,current_pca,frozen-pca,3,fast_prefix_3,fast_prefix_3,fast_prefix_3,matched_intermediate_family_and_bytes,topk_agreement,higher,128,0.6909375,0.5946875,0.09625,favors_transform,true
random_orthogonal,current_pca,frozen-pca,4,fast_prefix_3,fast_prefix_3,fast_prefix_3,matched_intermediate_family_and_bytes,topk_agreement,higher,128,0.692109375,0.589140625,0.10296875,favors_transform,true
random_orthogonal,current_pca,frozen-pca,5,fast_prefix_3,fast_prefix_3,fast_prefix_3,matched_intermediate_family_and_bytes,topk_agreement,higher,128,0.688984375,0.5953125,0.093671875,favors_transform,true
random_orthogonal,current_pca,frozen-pca,6,fast_prefix_3,fast_prefix_3,fast_prefix_3,matched_intermediate_family_and_bytes,topk_agreement,higher,128,0.68890625,0.587890625,0.101015625,favors_transform,true
random_orthogonal,current_pca,frozen-pca,7,fast_prefix_3,fast_prefix_3,fast_prefix_3,matched_intermediate_family_and_bytes,topk_agreement,higher,128,0.687890625,0.59203125,0.095859375,favors_transform,true
random_orthogonal,current_pca,frozen-pca,8,fast_prefix_3,fast_prefix_3,fast_prefix_3,matched_intermediate_family_and_bytes,topk_agreement,higher,128,0.685625,0.590859375,0.094765625,favors_transform,true
random_orthogonal,current_pca,frozen-pca,9,fast_prefix_3,fast_prefix_3,fast_prefix_3,matched_intermediate_family_and_bytes,topk_agreement,higher,128,0.690703125,0.59140625,0.099296875,favors_transform,true
random_orthogonal,current_pca,frozen-pca,0,fast_prefix_3,fast_prefix_3,fast_prefix_3,matched_intermediate_family_and_bytes,boundary_inversion_rate,lower,128,0.0127273477549,0.018957682465,-0.00623033471013,favors_transform,true
random_orthogonal,current_pca,frozen-pca,1,fast_prefix_3,fast_prefix_3,fast_prefix_3,matched_intermediate_family_and_bytes,boundary_inversion_rate,lower,128,0.0125641366801,0.0190368779659,-0.00647274128584,favors_transform,true
random_orthogonal,current_pca,frozen-pca,2,fast_prefix_3,fast_prefix_3,fast_prefix_3,matched_intermediate_family_and_bytes,boundary_inversion_rate,lower,128,0.0126696012842,0.019149982849,-0.00648038156479,favors_transform,true
random_orthogonal,current_pca,frozen-pca,3,fast_prefix_3,fast_prefix_3,fast_prefix_3,matched_intermediate_family_and_bytes,boundary_inversion_rate,lower,128,0.0125134341826,0.0191463588751,-0.00663292469253,favors_transform,true
random_orthogonal,current_pca,frozen-pca,4,fast_prefix_3,fast_prefix_3,fast_prefix_3,matched_intermediate_family_and_bytes,boundary_inversion_rate,lower,128,0.0125956158378,0.0192603049829,-0.00666468914503,favors_transform,true
random_orthogonal,current_pca,frozen-pca,5,fast_prefix_3,fast_prefix_3,fast_prefix_3,matched_intermediate_family_and_bytes,boundary_inversion_rate,lower,128,0.0125787617907,0.0193607317256,-0.0067819699348,favors_transform,true
random_orthogonal,current_pca,frozen-pca,6,fast_prefix_3,fast_prefix_3,fast_prefix_3,matched_intermediate_family_and_bytes,boundary_inversion_rate,lower,128,0.0127079661948,0.0198126243021,-0.00710465810735,favors_transform,true
random_orthogonal,current_pca,frozen-pca,7,fast_prefix_3,fast_prefix_3,fast_prefix_3,matched_intermediate_family_and_bytes,boundary_inversion_rate,lower,128,0.0129399966029,0.019182277068,-0.00624228046502,favors_transform,true
random_orthogonal,current_pca,frozen-pca,8,fast_prefix_3,fast_prefix_3,fast_prefix_3,matched_intermediate_family_and_bytes,boundary_inversion_rate,lower,128,0.0128412876402,0.019433647801,-0.00659236016085,favors_transform,true
random_orthogonal,current_pca,frozen-pca,9,fast_prefix_3,fast_prefix_3,fast_prefix_3,matched_intermediate_family_and_bytes,boundary_inversion_rate,lower,128,0.0127880007739,0.0194165101275,-0.0066285093536,favors_transform,true
random_orthogonal,current_pca,frozen-pca,0,fast_prefix_3,fast_prefix_3,fast_prefix_3,matched_intermediate_family_and_bytes,exact_best_rank,lower,128,9.8359375,8.1171875,1.71875,favors_pca,true
random_orthogonal,current_pca,frozen-pca,1,fast_prefix_3,fast_prefix_3,fast_prefix_3,matched_intermediate_family_and_bytes,exact_best_rank,lower,128,7.9453125,8.203125,-0.2578125,favors_transform,true
random_orthogonal,current_pca,frozen-pca,2,fast_prefix_3,fast_prefix_3,fast_prefix_3,matched_intermediate_family_and_bytes,exact_best_rank,lower,128,7.3671875,7.2265625,0.140625,favors_pca,true
random_orthogonal,current_pca,frozen-pca,3,fast_prefix_3,fast_prefix_3,fast_prefix_3,matched_intermediate_family_and_bytes,exact_best_rank,lower,128,6.953125,6.0234375,0.9296875,favors_pca,true
random_orthogonal,current_pca,frozen-pca,4,fast_prefix_3,fast_prefix_3,fast_prefix_3,matched_intermediate_family_and_bytes,exact_best_rank,lower,128,7.5234375,7.6328125,-0.109375,favors_transform,true
random_orthogonal,current_pca,frozen-pca,5,fast_prefix_3,fast_prefix_3,fast_prefix_3,matched_intermediate_family_and_bytes,exact_best_rank,lower,128,8.359375,8.625,-0.265625,favors_transform,true
random_orthogonal,current_pca,frozen-pca,6,fast_prefix_3,fast_prefix_3,fast_prefix_3,matched_intermediate_family_and_bytes,exact_best_rank,lower,128,8.03125,7.6328125,0.3984375,favors_pca,true
random_orthogonal,current_pca,frozen-pca,7,fast_prefix_3,fast_prefix_3,fast_prefix_3,matched_intermediate_family_and_bytes,exact_best_rank,lower,128,9.4921875,6.421875,3.0703125,favors_pca,true
random_orthogonal,current_pca,frozen-pca,8,fast_prefix_3,fast_prefix_3,fast_prefix_3,matched_intermediate_family_and_bytes,exact_best_rank,lower,128,7.78125,8.625,-0.84375,favors_transform,true
random_orthogonal,current_pca,frozen-pca,9,fast_prefix_3,fast_prefix_3,fast_prefix_3,matched_intermediate_family_and_bytes,exact_best_rank,lower,128,6.90625,7.8671875,-0.9609375,favors_transform,true
random_orthogonal,current_pca,frozen-pca,-1,fast_prefix_4,fast_prefix_4,fast_prefix_4,matched_intermediate_family_and_bytes,mean_per_query_candidate_rmse,lower,128,0.386698631583,0.398880779159,-0.0121821475758,favors_transform,true
random_orthogonal,current_pca,frozen-pca,-1,fast_prefix_4,fast_prefix_4,fast_prefix_4,matched_intermediate_family_and_bytes,pooled_candidate_rmse,lower,128,0.385800300368,0.399542946907,-0.0137426465387,favors_transform,true
random_orthogonal,current_pca,frozen-pca,-1,fast_prefix_4,fast_prefix_4,fast_prefix_4,matched_intermediate_family_and_bytes,candidate_mae,lower,128,0.377907625034,0.354421751874,0.0234858731594,favors_pca,true
random_orthogonal,current_pca,frozen-pca,-1,fast_prefix_4,fast_prefix_4,fast_prefix_4,matched_intermediate_family_and_bytes,topk_agreement,higher,128,0.82234375,0.54890625,0.2734375,favors_transform,true
random_orthogonal,current_pca,frozen-pca,-1,fast_prefix_4,fast_prefix_4,fast_prefix_4,matched_intermediate_family_and_bytes,boundary_inversion_rate,lower,128,0.00333400201262,0.0270983357513,-0.0237643337386,favors_transform,true
random_orthogonal,current_pca,frozen-pca,-1,fast_prefix_4,fast_prefix_4,fast_prefix_4,matched_intermediate_family_and_bytes,exact_best_rank,lower,128,1.796875,11.625,-9.828125,favors_transform,true
random_orthogonal,current_pca,frozen-pca,0,fast_prefix_4,fast_prefix_4,fast_prefix_4,matched_intermediate_family_and_bytes,mean_per_query_candidate_rmse,lower,128,0.386711916792,0.386381594359,0.000330322433594,favors_pca,true
random_orthogonal,current_pca,frozen-pca,1,fast_prefix_4,fast_prefix_4,fast_prefix_4,matched_intermediate_family_and_bytes,mean_per_query_candidate_rmse,lower,128,0.386757440509,0.386689709863,6.77306453125e-05,favors_pca,true
random_orthogonal,current_pca,frozen-pca,2,fast_prefix_4,fast_prefix_4,fast_prefix_4,matched_intermediate_family_and_bytes,mean_per_query_candidate_rmse,lower,128,0.38666595772,0.386282981184,0.000382976535937,favors_pca,true
random_orthogonal,current_pca,frozen-pca,3,fast_prefix_4,fast_prefix_4,fast_prefix_4,matched_intermediate_family_and_bytes,mean_per_query_candidate_rmse,lower,128,0.386874874924,0.385622783846,0.00125209107812,favors_pca,true
random_orthogonal,current_pca,frozen-pca,4,fast_prefix_4,fast_prefix_4,fast_prefix_4,matched_intermediate_family_and_bytes,mean_per_query_candidate_rmse,lower,128,0.386667079862,0.386475729427,0.000191350435156,favors_pca,true
random_orthogonal,current_pca,frozen-pca,5,fast_prefix_4,fast_prefix_4,fast_prefix_4,matched_intermediate_family_and_bytes,mean_per_query_candidate_rmse,lower,128,0.386418205438,0.386118625048,0.000299580390625,favors_pca,true
random_orthogonal,current_pca,frozen-pca,6,fast_prefix_4,fast_prefix_4,fast_prefix_4,matched_intermediate_family_and_bytes,mean_per_query_candidate_rmse,lower,128,0.386566532812,0.386763117892,-0.000196585080469,favors_transform,true
random_orthogonal,current_pca,frozen-pca,7,fast_prefix_4,fast_prefix_4,fast_prefix_4,matched_intermediate_family_and_bytes,mean_per_query_candidate_rmse,lower,128,0.38682933076,0.386618126852,0.000211203908594,favors_pca,true
random_orthogonal,current_pca,frozen-pca,8,fast_prefix_4,fast_prefix_4,fast_prefix_4,matched_intermediate_family_and_bytes,mean_per_query_candidate_rmse,lower,128,0.386956867208,0.386085013167,0.000871854040625,favors_pca,true
random_orthogonal,current_pca,frozen-pca,9,fast_prefix_4,fast_prefix_4,fast_prefix_4,matched_intermediate_family_and_bytes,mean_per_query_candidate_rmse,lower,128,0.386746273321,0.386436460766,0.000309812555469,favors_pca,true
random_orthogonal,current_pca,frozen-pca,0,fast_prefix_4,fast_prefix_4,fast_prefix_4,matched_intermediate_family_and_bytes,pooled_candidate_rmse,lower,128,0.385835234465,0.387476115662,-0.00164088119782,favors_transform,true
random_orthogonal,current_pca,frozen-pca,1,fast_prefix_4,fast_prefix_4,fast_prefix_4,matched_intermediate_family_and_bytes,pooled_candidate_rmse,lower,128,0.385850398424,0.387823890494,-0.00197349206985,favors_transform,true
random_orthogonal,current_pca,frozen-pca,2,fast_prefix_4,fast_prefix_4,fast_prefix_4,matched_intermediate_family_and_bytes,pooled_candidate_rmse,lower,128,0.38581338213,0.387306415001,-0.00149303287029,favors_transform,true
random_orthogonal,current_pca,frozen-pca,3,fast_prefix_4,fast_prefix_4,fast_prefix_4,matched_intermediate_family_and_bytes,pooled_candidate_rmse,lower,128,0.385981936286,0.38674622361,-0.000764287323244,favors_transform,true
random_orthogonal,current_pca,frozen-pca,4,fast_prefix_4,fast_prefix_4,fast_prefix_4,matched_intermediate_family_and_bytes,pooled_candidate_rmse,lower,128,0.385794905283,0.387522871773,-0.00172796648951,favors_transform,true
random_orthogonal,current_pca,frozen-pca,5,fast_prefix_4,fast_prefix_4,fast_prefix_4,matched_intermediate_family_and_bytes,pooled_candidate_rmse,lower,128,0.385555941229,0.387201569908,-0.001645628679,favors_transform,true
random_orthogonal,current_pca,frozen-pca,6,fast_prefix_4,fast_prefix_4,fast_prefix_4,matched_intermediate_family_and_bytes,pooled_candidate_rmse,lower,128,0.385687143254,0.387879762685,-0.00219261943096,favors_transform,true
random_orthogonal,current_pca,frozen-pca,7,fast_prefix_4,fast_prefix_4,fast_prefix_4,matched_intermediate_family_and_bytes,pooled_candidate_rmse,lower,128,0.38593061469,0.387743417224,-0.00181280253314,favors_transform,true
random_orthogonal,current_pca,frozen-pca,8,fast_prefix_4,fast_prefix_4,fast_prefix_4,matched_intermediate_family_and_bytes,pooled_candidate_rmse,lower,128,0.386094669814,0.387217760281,-0.00112309046709,favors_transform,true
random_orthogonal,current_pca,frozen-pca,9,fast_prefix_4,fast_prefix_4,fast_prefix_4,matched_intermediate_family_and_bytes,pooled_candidate_rmse,lower,128,0.38585702377,0.387451644591,-0.00159462082147,favors_transform,true
random_orthogonal,current_pca,frozen-pca,0,fast_prefix_4,fast_prefix_4,fast_prefix_4,matched_intermediate_family_and_bytes,candidate_mae,lower,128,0.377893148312,0.350874152836,0.0270189954766,favors_pca,true
random_orthogonal,current_pca,frozen-pca,1,fast_prefix_4,fast_prefix_4,fast_prefix_4,matched_intermediate_family_and_bytes,candidate_mae,lower,128,0.377945375836,0.351196513993,0.026748861843,favors_pca,true
random_orthogonal,current_pca,frozen-pca,2,fast_prefix_4,fast_prefix_4,fast_prefix_4,matched_intermediate_family_and_bytes,candidate_mae,lower,128,0.377901008795,0.350870413192,0.0270305956023,favors_pca,true
random_orthogonal,current_pca,frozen-pca,3,fast_prefix_4,fast_prefix_4,fast_prefix_4,matched_intermediate_family_and_bytes,candidate_mae,lower,128,0.378048897785,0.350336082684,0.0277128151008,favors_pca,true
random_orthogonal,current_pca,frozen-pca,4,fast_prefix_4,fast_prefix_4,fast_prefix_4,matched_intermediate_family_and_bytes,candidate_mae,lower,128,0.377862149895,0.35090862202,0.0269535278742,favors_pca,true
random_orthogonal,current_pca,frozen-pca,5,fast_prefix_4,fast_prefix_4,fast_prefix_4,matched_intermediate_family_and_bytes,candidate_mae,lower,128,0.377649674143,0.350551632938,0.0270980412055,favors_pca,true
random_orthogonal,current_pca,frozen-pca,6,fast_prefix_4,fast_prefix_4,fast_prefix_4,matched_intermediate_family_and_bytes,candidate_mae,lower,128,0.377731995084,0.351501322789,0.0262306722945,favors_pca,true
random_orthogonal,current_pca,frozen-pca,7,fast_prefix_4,fast_prefix_4,fast_prefix_4,matched_intermediate_family_and_bytes,candidate_mae,lower,128,0.37797396003,0.350976322036,0.0269976379937,favors_pca,true
random_orthogonal,current_pca,frozen-pca,8,fast_prefix_4,fast_prefix_4,fast_prefix_4,matched_intermediate_family_and_bytes,candidate_mae,lower,128,0.378093706254,0.350510714998,0.0275829912555,favors_pca,true
random_orthogonal,current_pca,frozen-pca,9,fast_prefix_4,fast_prefix_4,fast_prefix_4,matched_intermediate_family_and_bytes,candidate_mae,lower,128,0.377889045743,0.351012075041,0.0268769707016,favors_pca,true
random_orthogonal,current_pca,frozen-pca,0,fast_prefix_4,fast_prefix_4,fast_prefix_4,matched_intermediate_family_and_bytes,topk_agreement,higher,128,0.82,0.601796875,0.218203125,favors_transform,true
random_orthogonal,current_pca,frozen-pca,1,fast_prefix_4,fast_prefix_4,fast_prefix_4,matched_intermediate_family_and_bytes,topk_agreement,higher,128,0.818125,0.5946875,0.2234375,favors_transform,true
random_orthogonal,current_pca,frozen-pca,2,fast_prefix_4,fast_prefix_4,fast_prefix_4,matched_intermediate_family_and_bytes,topk_agreement,higher,128,0.817734375,0.5946875,0.223046875,favors_transform,true
random_orthogonal,current_pca,frozen-pca,3,fast_prefix_4,fast_prefix_4,fast_prefix_4,matched_intermediate_family_and_bytes,topk_agreement,higher,128,0.823984375,0.594765625,0.22921875,favors_transform,true
random_orthogonal,current_pca,frozen-pca,4,fast_prefix_4,fast_prefix_4,fast_prefix_4,matched_intermediate_family_and_bytes,topk_agreement,higher,128,0.817421875,0.588828125,0.22859375,favors_transform,true
random_orthogonal,current_pca,frozen-pca,5,fast_prefix_4,fast_prefix_4,fast_prefix_4,matched_intermediate_family_and_bytes,topk_agreement,higher,128,0.82015625,0.59546875,0.2246875,favors_transform,true
random_orthogonal,current_pca,frozen-pca,6,fast_prefix_4,fast_prefix_4,fast_prefix_4,matched_intermediate_family_and_bytes,topk_agreement,higher,128,0.81921875,0.587890625,0.231328125,favors_transform,true
random_orthogonal,current_pca,frozen-pca,7,fast_prefix_4,fast_prefix_4,fast_prefix_4,matched_intermediate_family_and_bytes,topk_agreement,higher,128,0.818515625,0.59078125,0.227734375,favors_transform,true
random_orthogonal,current_pca,frozen-pca,8,fast_prefix_4,fast_prefix_4,fast_prefix_4,matched_intermediate_family_and_bytes,topk_agreement,higher,128,0.818515625,0.590234375,0.22828125,favors_transform,true
random_orthogonal,current_pca,frozen-pca,9,fast_prefix_4,fast_prefix_4,fast_prefix_4,matched_intermediate_family_and_bytes,topk_agreement,higher,128,0.818203125,0.5921875,0.226015625,favors_transform,true
random_orthogonal,current_pca,frozen-pca,0,fast_prefix_4,fast_prefix_4,fast_prefix_4,matched_intermediate_family_and_bytes,boundary_inversion_rate,lower,128,0.0034465288707,0.0189777534292,-0.0155312245585,favors_transform,true
random_orthogonal,current_pca,frozen-pca,1,fast_prefix_4,fast_prefix_4,fast_prefix_4,matched_intermediate_family_and_bytes,boundary_inversion_rate,lower,128,0.00348938180794,0.019054940773,-0.0155655589651,favors_transform,true
random_orthogonal,current_pca,frozen-pca,2,fast_prefix_4,fast_prefix_4,fast_prefix_4,matched_intermediate_family_and_bytes,boundary_inversion_rate,lower,128,0.00345074597772,0.0191665660171,-0.0157158200394,favors_transform,true
random_orthogonal,current_pca,frozen-pca,3,fast_prefix_4,fast_prefix_4,fast_prefix_4,matched_intermediate_family_and_bytes,boundary_inversion_rate,lower,128,0.00330583794281,0.0191663589101,-0.0158605209673,favors_transform,true
random_orthogonal,current_pca,frozen-pca,4,fast_prefix_4,fast_prefix_4,fast_prefix_4,matched_intermediate_family_and_bytes,boundary_inversion_rate,lower,128,0.00345516464333,0.0192828324877,-0.0158276678444,favors_transform,true
random_orthogonal,current_pca,frozen-pca,5,fast_prefix_4,fast_prefix_4,fast_prefix_4,matched_intermediate_family_and_bytes,boundary_inversion_rate,lower,128,0.00338378918308,0.0193829630538,-0.0159991738707,favors_transform,true
random_orthogonal,current_pca,frozen-pca,6,fast_prefix_4,fast_prefix_4,fast_prefix_4,matched_intermediate_family_and_bytes,boundary_inversion_rate,lower,128,0.00342804885234,0.0198251378372,-0.0163970889849,favors_transform,true
random_orthogonal,current_pca,frozen-pca,7,fast_prefix_4,fast_prefix_4,fast_prefix_4,matched_intermediate_family_and_bytes,boundary_inversion_rate,lower,128,0.00346894913242,0.0192007844465,-0.0157318353141,favors_transform,true
random_orthogonal,current_pca,frozen-pca,8,fast_prefix_4,fast_prefix_4,fast_prefix_4,matched_intermediate_family_and_bytes,boundary_inversion_rate,lower,128,0.00349942755025,0.0194531712642,-0.015953743714,favors_transform,true
random_orthogonal,current_pca,frozen-pca,9,fast_prefix_4,fast_prefix_4,fast_prefix_4,matched_intermediate_family_and_bytes,boundary_inversion_rate,lower,128,0.00348928657677,0.0194292732658,-0.015939986689,favors_transform,true
random_orthogonal,current_pca,frozen-pca,0,fast_prefix_4,fast_prefix_4,fast_prefix_4,matched_intermediate_family_and_bytes,exact_best_rank,lower,128,2.2265625,8.2265625,-6,favors_transform,true
random_orthogonal,current_pca,frozen-pca,1,fast_prefix_4,fast_prefix_4,fast_prefix_4,matched_intermediate_family_and_bytes,exact_best_rank,lower,128,2.2890625,8.25,-5.9609375,favors_transform,true
random_orthogonal,current_pca,frozen-pca,2,fast_prefix_4,fast_prefix_4,fast_prefix_4,matched_intermediate_family_and_bytes,exact_best_rank,lower,128,1.7578125,7.2578125,-5.5,favors_transform,true
random_orthogonal,current_pca,frozen-pca,3,fast_prefix_4,fast_prefix_4,fast_prefix_4,matched_intermediate_family_and_bytes,exact_best_rank,lower,128,1.9375,6.03125,-4.09375,favors_transform,true
random_orthogonal,current_pca,frozen-pca,4,fast_prefix_4,fast_prefix_4,fast_prefix_4,matched_intermediate_family_and_bytes,exact_best_rank,lower,128,1.8515625,7.6015625,-5.75,favors_transform,true
random_orthogonal,current_pca,frozen-pca,5,fast_prefix_4,fast_prefix_4,fast_prefix_4,matched_intermediate_family_and_bytes,exact_best_rank,lower,128,2.265625,8.5625,-6.296875,favors_transform,true
random_orthogonal,current_pca,frozen-pca,6,fast_prefix_4,fast_prefix_4,fast_prefix_4,matched_intermediate_family_and_bytes,exact_best_rank,lower,128,2.0546875,7.59375,-5.5390625,favors_transform,true
random_orthogonal,current_pca,frozen-pca,7,fast_prefix_4,fast_prefix_4,fast_prefix_4,matched_intermediate_family_and_bytes,exact_best_rank,lower,128,2.625,6.3671875,-3.7421875,favors_transform,true
random_orthogonal,current_pca,frozen-pca,8,fast_prefix_4,fast_prefix_4,fast_prefix_4,matched_intermediate_family_and_bytes,exact_best_rank,lower,128,1.9296875,8.6640625,-6.734375,favors_transform,true
random_orthogonal,current_pca,frozen-pca,9,fast_prefix_4,fast_prefix_4,fast_prefix_4,matched_intermediate_family_and_bytes,exact_best_rank,lower,128,2.1015625,7.9140625,-5.8125,favors_transform,true
random_orthogonal,current_pca,frozen-pca,-1,fast_all,fast_all,fast_all,common_endpoint,mean_per_query_candidate_rmse,lower,128,0.386698631583,0.398880779159,-0.0121821475758,favors_transform,true
random_orthogonal,current_pca,frozen-pca,-1,fast_all,fast_all,fast_all,common_endpoint,pooled_candidate_rmse,lower,128,0.385800300368,0.399542946907,-0.0137426465387,favors_transform,true
random_orthogonal,current_pca,frozen-pca,-1,fast_all,fast_all,fast_all,common_endpoint,candidate_mae,lower,128,0.377907625034,0.354421751874,0.0234858731594,favors_pca,true
random_orthogonal,current_pca,frozen-pca,-1,fast_all,fast_all,fast_all,common_endpoint,topk_agreement,higher,128,0.82234375,0.54890625,0.2734375,favors_transform,true
random_orthogonal,current_pca,frozen-pca,-1,fast_all,fast_all,fast_all,common_endpoint,boundary_inversion_rate,lower,128,0.00333400201262,0.0270983357513,-0.0237643337386,favors_transform,true
random_orthogonal,current_pca,frozen-pca,-1,fast_all,fast_all,fast_all,common_endpoint,exact_best_rank,lower,128,1.796875,11.625,-9.828125,favors_transform,true
random_orthogonal,current_pca,frozen-pca,0,fast_all,fast_all,fast_all,common_endpoint,mean_per_query_candidate_rmse,lower,128,0.386711916792,0.386381594359,0.000330322433594,favors_pca,true
random_orthogonal,current_pca,frozen-pca,1,fast_all,fast_all,fast_all,common_endpoint,mean_per_query_candidate_rmse,lower,128,0.386757440509,0.386689709863,6.77306453125e-05,favors_pca,true
random_orthogonal,current_pca,frozen-pca,2,fast_all,fast_all,fast_all,common_endpoint,mean_per_query_candidate_rmse,lower,128,0.38666595772,0.386282981184,0.000382976535937,favors_pca,true
random_orthogonal,current_pca,frozen-pca,3,fast_all,fast_all,fast_all,common_endpoint,mean_per_query_candidate_rmse,lower,128,0.386874874924,0.385622783846,0.00125209107812,favors_pca,true
random_orthogonal,current_pca,frozen-pca,4,fast_all,fast_all,fast_all,common_endpoint,mean_per_query_candidate_rmse,lower,128,0.386667079862,0.386475729427,0.000191350435156,favors_pca,true
random_orthogonal,current_pca,frozen-pca,5,fast_all,fast_all,fast_all,common_endpoint,mean_per_query_candidate_rmse,lower,128,0.386418205438,0.386118625048,0.000299580390625,favors_pca,true
random_orthogonal,current_pca,frozen-pca,6,fast_all,fast_all,fast_all,common_endpoint,mean_per_query_candidate_rmse,lower,128,0.386566532812,0.386763117892,-0.000196585080469,favors_transform,true
random_orthogonal,current_pca,frozen-pca,7,fast_all,fast_all,fast_all,common_endpoint,mean_per_query_candidate_rmse,lower,128,0.38682933076,0.386618126852,0.000211203908594,favors_pca,true
random_orthogonal,current_pca,frozen-pca,8,fast_all,fast_all,fast_all,common_endpoint,mean_per_query_candidate_rmse,lower,128,0.386956867208,0.386085013167,0.000871854040625,favors_pca,true
random_orthogonal,current_pca,frozen-pca,9,fast_all,fast_all,fast_all,common_endpoint,mean_per_query_candidate_rmse,lower,128,0.386746273321,0.386436460766,0.000309812555469,favors_pca,true
random_orthogonal,current_pca,frozen-pca,0,fast_all,fast_all,fast_all,common_endpoint,pooled_candidate_rmse,lower,128,0.385835234465,0.387476115662,-0.00164088119782,favors_transform,true
random_orthogonal,current_pca,frozen-pca,1,fast_all,fast_all,fast_all,common_endpoint,pooled_candidate_rmse,lower,128,0.385850398424,0.387823890494,-0.00197349206985,favors_transform,true
random_orthogonal,current_pca,frozen-pca,2,fast_all,fast_all,fast_all,common_endpoint,pooled_candidate_rmse,lower,128,0.38581338213,0.387306415001,-0.00149303287029,favors_transform,true
random_orthogonal,current_pca,frozen-pca,3,fast_all,fast_all,fast_all,common_endpoint,pooled_candidate_rmse,lower,128,0.385981936286,0.38674622361,-0.000764287323244,favors_transform,true
random_orthogonal,current_pca,frozen-pca,4,fast_all,fast_all,fast_all,common_endpoint,pooled_candidate_rmse,lower,128,0.385794905283,0.387522871773,-0.00172796648951,favors_transform,true
random_orthogonal,current_pca,frozen-pca,5,fast_all,fast_all,fast_all,common_endpoint,pooled_candidate_rmse,lower,128,0.385555941229,0.387201569908,-0.001645628679,favors_transform,true
random_orthogonal,current_pca,frozen-pca,6,fast_all,fast_all,fast_all,common_endpoint,pooled_candidate_rmse,lower,128,0.385687143254,0.387879762685,-0.00219261943096,favors_transform,true
random_orthogonal,current_pca,frozen-pca,7,fast_all,fast_all,fast_all,common_endpoint,pooled_candidate_rmse,lower,128,0.38593061469,0.387743417224,-0.00181280253314,favors_transform,true
random_orthogonal,current_pca,frozen-pca,8,fast_all,fast_all,fast_all,common_endpoint,pooled_candidate_rmse,lower,128,0.386094669814,0.387217760281,-0.00112309046709,favors_transform,true
random_orthogonal,current_pca,frozen-pca,9,fast_all,fast_all,fast_all,common_endpoint,pooled_candidate_rmse,lower,128,0.38585702377,0.387451644591,-0.00159462082147,favors_transform,true
random_orthogonal,current_pca,frozen-pca,0,fast_all,fast_all,fast_all,common_endpoint,candidate_mae,lower,128,0.377893148312,0.350874152836,0.0270189954766,favors_pca,true
random_orthogonal,current_pca,frozen-pca,1,fast_all,fast_all,fast_all,common_endpoint,candidate_mae,lower,128,0.377945375836,0.351196513993,0.026748861843,favors_pca,true
random_orthogonal,current_pca,frozen-pca,2,fast_all,fast_all,fast_all,common_endpoint,candidate_mae,lower,128,0.377901008795,0.350870413192,0.0270305956023,favors_pca,true
random_orthogonal,current_pca,frozen-pca,3,fast_all,fast_all,fast_all,common_endpoint,candidate_mae,lower,128,0.378048897785,0.350336082684,0.0277128151008,favors_pca,true
random_orthogonal,current_pca,frozen-pca,4,fast_all,fast_all,fast_all,common_endpoint,candidate_mae,lower,128,0.377862149895,0.35090862202,0.0269535278742,favors_pca,true
random_orthogonal,current_pca,frozen-pca,5,fast_all,fast_all,fast_all,common_endpoint,candidate_mae,lower,128,0.377649674143,0.350551632938,0.0270980412055,favors_pca,true
random_orthogonal,current_pca,frozen-pca,6,fast_all,fast_all,fast_all,common_endpoint,candidate_mae,lower,128,0.377731995084,0.351501322789,0.0262306722945,favors_pca,true
random_orthogonal,current_pca,frozen-pca,7,fast_all,fast_all,fast_all,common_endpoint,candidate_mae,lower,128,0.37797396003,0.350976322036,0.0269976379937,favors_pca,true
random_orthogonal,current_pca,frozen-pca,8,fast_all,fast_all,fast_all,common_endpoint,candidate_mae,lower,128,0.378093706254,0.350510714998,0.0275829912555,favors_pca,true
random_orthogonal,current_pca,frozen-pca,9,fast_all,fast_all,fast_all,common_endpoint,candidate_mae,lower,128,0.377889045743,0.351012075041,0.0268769707016,favors_pca,true
random_orthogonal,current_pca,frozen-pca,0,fast_all,fast_all,fast_all,common_endpoint,topk_agreement,higher,128,0.82,0.601796875,0.218203125,favors_transform,true
random_orthogonal,current_pca,frozen-pca,1,fast_all,fast_all,fast_all,common_endpoint,topk_agreement,higher,128,0.818125,0.5946875,0.2234375,favors_transform,true
random_orthogonal,current_pca,frozen-pca,2,fast_all,fast_all,fast_all,common_endpoint,topk_agreement,higher,128,0.817734375,0.5946875,0.223046875,favors_transform,true
random_orthogonal,current_pca,frozen-pca,3,fast_all,fast_all,fast_all,common_endpoint,topk_agreement,higher,128,0.823984375,0.594765625,0.22921875,favors_transform,true
random_orthogonal,current_pca,frozen-pca,4,fast_all,fast_all,fast_all,common_endpoint,topk_agreement,higher,128,0.817421875,0.588828125,0.22859375,favors_transform,true
random_orthogonal,current_pca,frozen-pca,5,fast_all,fast_all,fast_all,common_endpoint,topk_agreement,higher,128,0.82015625,0.59546875,0.2246875,favors_transform,true
random_orthogonal,current_pca,frozen-pca,6,fast_all,fast_all,fast_all,common_endpoint,topk_agreement,higher,128,0.81921875,0.587890625,0.231328125,favors_transform,true
random_orthogonal,current_pca,frozen-pca,7,fast_all,fast_all,fast_all,common_endpoint,topk_agreement,higher,128,0.818515625,0.59078125,0.227734375,favors_transform,true
random_orthogonal,current_pca,frozen-pca,8,fast_all,fast_all,fast_all,common_endpoint,topk_agreement,higher,128,0.818515625,0.590234375,0.22828125,favors_transform,true
random_orthogonal,current_pca,frozen-pca,9,fast_all,fast_all,fast_all,common_endpoint,topk_agreement,higher,128,0.818203125,0.5921875,0.226015625,favors_transform,true
random_orthogonal,current_pca,frozen-pca,0,fast_all,fast_all,fast_all,common_endpoint,boundary_inversion_rate,lower,128,0.0034465288707,0.0189777534292,-0.0155312245585,favors_transform,true
random_orthogonal,current_pca,frozen-pca,1,fast_all,fast_all,fast_all,common_endpoint,boundary_inversion_rate,lower,128,0.00348938180794,0.019054940773,-0.0155655589651,favors_transform,true
random_orthogonal,current_pca,frozen-pca,2,fast_all,fast_all,fast_all,common_endpoint,boundary_inversion_rate,lower,128,0.00345074597772,0.0191665660171,-0.0157158200394,favors_transform,true
random_orthogonal,current_pca,frozen-pca,3,fast_all,fast_all,fast_all,common_endpoint,boundary_inversion_rate,lower,128,0.00330583794281,0.0191663589101,-0.0158605209673,favors_transform,true
random_orthogonal,current_pca,frozen-pca,4,fast_all,fast_all,fast_all,common_endpoint,boundary_inversion_rate,lower,128,0.00345516464333,0.0192828324877,-0.0158276678444,favors_transform,true
random_orthogonal,current_pca,frozen-pca,5,fast_all,fast_all,fast_all,common_endpoint,boundary_inversion_rate,lower,128,0.00338378918308,0.0193829630538,-0.0159991738707,favors_transform,true
random_orthogonal,current_pca,frozen-pca,6,fast_all,fast_all,fast_all,common_endpoint,boundary_inversion_rate,lower,128,0.00342804885234,0.0198251378372,-0.0163970889849,favors_transform,true
random_orthogonal,current_pca,frozen-pca,7,fast_all,fast_all,fast_all,common_endpoint,boundary_inversion_rate,lower,128,0.00346894913242,0.0192007844465,-0.0157318353141,favors_transform,true
random_orthogonal,current_pca,frozen-pca,8,fast_all,fast_all,fast_all,common_endpoint,boundary_inversion_rate,lower,128,0.00349942755025,0.0194531712642,-0.015953743714,favors_transform,true
random_orthogonal,current_pca,frozen-pca,9,fast_all,fast_all,fast_all,common_endpoint,boundary_inversion_rate,lower,128,0.00348928657677,0.0194292732658,-0.015939986689,favors_transform,true
random_orthogonal,current_pca,frozen-pca,0,fast_all,fast_all,fast_all,common_endpoint,exact_best_rank,lower,128,2.2265625,8.2265625,-6,favors_transform,true
random_orthogonal,current_pca,frozen-pca,1,fast_all,fast_all,fast_all,common_endpoint,exact_best_rank,lower,128,2.2890625,8.25,-5.9609375,favors_transform,true
random_orthogonal,current_pca,frozen-pca,2,fast_all,fast_all,fast_all,common_endpoint,exact_best_rank,lower,128,1.7578125,7.2578125,-5.5,favors_transform,true
random_orthogonal,current_pca,frozen-pca,3,fast_all,fast_all,fast_all,common_endpoint,exact_best_rank,lower,128,1.9375,6.03125,-4.09375,favors_transform,true
random_orthogonal,current_pca,frozen-pca,4,fast_all,fast_all,fast_all,common_endpoint,exact_best_rank,lower,128,1.8515625,7.6015625,-5.75,favors_transform,true
random_orthogonal,current_pca,frozen-pca,5,fast_all,fast_all,fast_all,common_endpoint,exact_best_rank,lower,128,2.265625,8.5625,-6.296875,favors_transform,true
random_orthogonal,current_pca,frozen-pca,6,fast_all,fast_all,fast_all,common_endpoint,exact_best_rank,lower,128,2.0546875,7.59375,-5.5390625,favors_transform,true
random_orthogonal,current_pca,frozen-pca,7,fast_all,fast_all,fast_all,common_endpoint,exact_best_rank,lower,128,2.625,6.3671875,-3.7421875,favors_transform,true
random_orthogonal,current_pca,frozen-pca,8,fast_all,fast_all,fast_all,common_endpoint,exact_best_rank,lower,128,1.9296875,8.6640625,-6.734375,favors_transform,true
random_orthogonal,current_pca,frozen-pca,9,fast_all,fast_all,fast_all,common_endpoint,exact_best_rank,lower,128,2.1015625,7.9140625,-5.8125,favors_transform,true
random_orthogonal,current_pca,frozen-pca,-1,accurate_prefix_1,accurate_prefix_1,accurate_prefix_1,matched_intermediate_family_and_bytes,mean_per_query_candidate_rmse,lower,128,0.35848181582,0.083347049178,0.275134766642,favors_pca,true
random_orthogonal,current_pca,frozen-pca,-1,accurate_prefix_1,accurate_prefix_1,accurate_prefix_1,matched_intermediate_family_and_bytes,pooled_candidate_rmse,lower,128,0.357453186296,0.0881312006375,0.269321985658,favors_pca,true
random_orthogonal,current_pca,frozen-pca,-1,accurate_prefix_1,accurate_prefix_1,accurate_prefix_1,matched_intermediate_family_and_bytes,candidate_mae,lower,128,0.349884412259,0.075026318327,0.274858093932,favors_pca,true
random_orthogonal,current_pca,frozen-pca,-1,accurate_prefix_1,accurate_prefix_1,accurate_prefix_1,matched_intermediate_family_and_bytes,topk_agreement,higher,128,0.826171875,0.900234375,-0.0740625,favors_pca,true
random_orthogonal,current_pca,frozen-pca,-1,accurate_prefix_1,accurate_prefix_1,accurate_prefix_1,matched_intermediate_family_and_bytes,boundary_inversion_rate,lower,128,0.00313514134448,0.0011019548401,0.00203318650437,favors_pca,true
random_orthogonal,current_pca,frozen-pca,-1,accurate_prefix_1,accurate_prefix_1,accurate_prefix_1,matched_intermediate_family_and_bytes,exact_best_rank,lower,128,1.890625,1.3046875,0.5859375,favors_pca,true
random_orthogonal,current_pca,frozen-pca,0,accurate_prefix_1,accurate_prefix_1,accurate_prefix_1,matched_intermediate_family_and_bytes,mean_per_query_candidate_rmse,lower,128,0.358481509991,0.0818507213882,0.276630788602,favors_pca,true
random_orthogonal,current_pca,frozen-pca,1,accurate_prefix_1,accurate_prefix_1,accurate_prefix_1,matched_intermediate_family_and_bytes,mean_per_query_candidate_rmse,lower,128,0.358569219912,0.0817794194902,0.276789800422,favors_pca,true
random_orthogonal,current_pca,frozen-pca,2,accurate_prefix_1,accurate_prefix_1,accurate_prefix_1,matched_intermediate_family_and_bytes,mean_per_query_candidate_rmse,lower,128,0.358488041716,0.081821884752,0.276666156964,favors_pca,true
random_orthogonal,current_pca,frozen-pca,3,accurate_prefix_1,accurate_prefix_1,accurate_prefix_1,matched_intermediate_family_and_bytes,mean_per_query_candidate_rmse,lower,128,0.358656410966,0.0817397918273,0.276916619138,favors_pca,true
random_orthogonal,current_pca,frozen-pca,4,accurate_prefix_1,accurate_prefix_1,accurate_prefix_1,matched_intermediate_family_and_bytes,mean_per_query_candidate_rmse,lower,128,0.358465595922,0.0818263854587,0.276639210463,favors_pca,true
random_orthogonal,current_pca,frozen-pca,5,accurate_prefix_1,accurate_prefix_1,accurate_prefix_1,matched_intermediate_family_and_bytes,mean_per_query_candidate_rmse,lower,128,0.358178658676,0.0818562957766,0.276322362899,favors_pca,true
random_orthogonal,current_pca,frozen-pca,6,accurate_prefix_1,accurate_prefix_1,accurate_prefix_1,matched_intermediate_family_and_bytes,mean_per_query_candidate_rmse,lower,128,0.358365014063,0.0818174886596,0.276547525404,favors_pca,true
random_orthogonal,current_pca,frozen-pca,7,accurate_prefix_1,accurate_prefix_1,accurate_prefix_1,matched_intermediate_family_and_bytes,mean_per_query_candidate_rmse,lower,128,0.358639961373,0.0818061557312,0.276833805641,favors_pca,true
random_orthogonal,current_pca,frozen-pca,8,accurate_prefix_1,accurate_prefix_1,accurate_prefix_1,matched_intermediate_family_and_bytes,mean_per_query_candidate_rmse,lower,128,0.358719069132,0.0818376062301,0.276881462902,favors_pca,true
random_orthogonal,current_pca,frozen-pca,9,accurate_prefix_1,accurate_prefix_1,accurate_prefix_1,matched_intermediate_family_and_bytes,mean_per_query_candidate_rmse,lower,128,0.358474946287,0.0817718819924,0.276703064294,favors_pca,true
random_orthogonal,current_pca,frozen-pca,0,accurate_prefix_1,accurate_prefix_1,accurate_prefix_1,matched_intermediate_family_and_bytes,pooled_candidate_rmse,lower,128,0.357467257667,0.0866542929084,0.270812964759,favors_pca,true
random_orthogonal,current_pca,frozen-pca,1,accurate_prefix_1,accurate_prefix_1,accurate_prefix_1,matched_intermediate_family_and_bytes,pooled_candidate_rmse,lower,128,0.357532850239,0.0865420590038,0.270990791235,favors_pca,true
random_orthogonal,current_pca,frozen-pca,2,accurate_prefix_1,accurate_prefix_1,accurate_prefix_1,matched_intermediate_family_and_bytes,pooled_candidate_rmse,lower,128,0.357489547748,0.0865846645808,0.270904883167,favors_pca,true
random_orthogonal,current_pca,frozen-pca,3,accurate_prefix_1,accurate_prefix_1,accurate_prefix_1,matched_intermediate_family_and_bytes,pooled_candidate_rmse,lower,128,0.357640466865,0.0865195834826,0.271120883383,favors_pca,true
random_orthogonal,current_pca,frozen-pca,4,accurate_prefix_1,accurate_prefix_1,accurate_prefix_1,matched_intermediate_family_and_bytes,pooled_candidate_rmse,lower,128,0.357453824389,0.0866439777187,0.270809846671,favors_pca,true
random_orthogonal,current_pca,frozen-pca,5,accurate_prefix_1,accurate_prefix_1,accurate_prefix_1,matched_intermediate_family_and_bytes,pooled_candidate_rmse,lower,128,0.357184621235,0.0866486720936,0.270535949142,favors_pca,true
random_orthogonal,current_pca,frozen-pca,6,accurate_prefix_1,accurate_prefix_1,accurate_prefix_1,matched_intermediate_family_and_bytes,pooled_candidate_rmse,lower,128,0.35734982301,0.0865658400666,0.270783982943,favors_pca,true
random_orthogonal,current_pca,frozen-pca,7,accurate_prefix_1,accurate_prefix_1,accurate_prefix_1,matched_intermediate_family_and_bytes,pooled_candidate_rmse,lower,128,0.357602757176,0.0866150619589,0.270987695218,favors_pca,true
random_orthogonal,current_pca,frozen-pca,8,accurate_prefix_1,accurate_prefix_1,accurate_prefix_1,matched_intermediate_family_and_bytes,pooled_candidate_rmse,lower,128,0.357713628477,0.0866228906078,0.271090737869,favors_pca,true
random_orthogonal,current_pca,frozen-pca,9,accurate_prefix_1,accurate_prefix_1,accurate_prefix_1,matched_intermediate_family_and_bytes,pooled_candidate_rmse,lower,128,0.357442376639,0.0865625178586,0.27087985878,favors_pca,true
random_orthogonal,current_pca,frozen-pca,0,accurate_prefix_1,accurate_prefix_1,accurate_prefix_1,matched_intermediate_family_and_bytes,candidate_mae,lower,128,0.349862910638,0.0746649305944,0.275197980043,favors_pca,true
random_orthogonal,current_pca,frozen-pca,1,accurate_prefix_1,accurate_prefix_1,accurate_prefix_1,matched_intermediate_family_and_bytes,candidate_mae,lower,128,0.349942353087,0.074591720416,0.275350632671,favors_pca,true
random_orthogonal,current_pca,frozen-pca,2,accurate_prefix_1,accurate_prefix_1,accurate_prefix_1,matched_intermediate_family_and_bytes,candidate_mae,lower,128,0.349911075131,0.0746459645517,0.27526511058,favors_pca,true
random_orthogonal,current_pca,frozen-pca,3,accurate_prefix_1,accurate_prefix_1,accurate_prefix_1,matched_intermediate_family_and_bytes,candidate_mae,lower,128,0.350023263148,0.0746138917002,0.275409371448,favors_pca,true
random_orthogonal,current_pca,frozen-pca,4,accurate_prefix_1,accurate_prefix_1,accurate_prefix_1,matched_intermediate_family_and_bytes,candidate_mae,lower,128,0.349852616138,0.0746194498961,0.275233166241,favors_pca,true
random_orthogonal,current_pca,frozen-pca,5,accurate_prefix_1,accurate_prefix_1,accurate_prefix_1,matched_intermediate_family_and_bytes,candidate_mae,lower,128,0.349591375071,0.0746716439769,0.274919731094,favors_pca,true
random_orthogonal,current_pca,frozen-pca,6,accurate_prefix_1,accurate_prefix_1,accurate_prefix_1,matched_intermediate_family_and_bytes,candidate_mae,lower,128,0.349720544935,0.0746536325069,0.275066912428,favors_pca,true
random_orthogonal,current_pca,frozen-pca,7,accurate_prefix_1,accurate_prefix_1,accurate_prefix_1,matched_intermediate_family_and_bytes,candidate_mae,lower,128,0.349980511298,0.0746460906608,0.275334420637,favors_pca,true
random_orthogonal,current_pca,frozen-pca,8,accurate_prefix_1,accurate_prefix_1,accurate_prefix_1,matched_intermediate_family_and_bytes,candidate_mae,lower,128,0.350038832486,0.0746467182542,0.275392114232,favors_pca,true
random_orthogonal,current_pca,frozen-pca,9,accurate_prefix_1,accurate_prefix_1,accurate_prefix_1,matched_intermediate_family_and_bytes,candidate_mae,lower,128,0.349816030474,0.0745929075898,0.275223122884,favors_pca,true
random_orthogonal,current_pca,frozen-pca,0,accurate_prefix_1,accurate_prefix_1,accurate_prefix_1,matched_intermediate_family_and_bytes,topk_agreement,higher,128,0.826875,0.906328125,-0.079453125,favors_pca,true
random_orthogonal,current_pca,frozen-pca,1,accurate_prefix_1,accurate_prefix_1,accurate_prefix_1,matched_intermediate_family_and_bytes,topk_agreement,higher,128,0.82328125,0.903984375,-0.080703125,favors_pca,true
random_orthogonal,current_pca,frozen-pca,2,accurate_prefix_1,accurate_prefix_1,accurate_prefix_1,matched_intermediate_family_and_bytes,topk_agreement,higher,128,0.82578125,0.906484375,-0.080703125,favors_pca,true
random_orthogonal,current_pca,frozen-pca,3,accurate_prefix_1,accurate_prefix_1,accurate_prefix_1,matched_intermediate_family_and_bytes,topk_agreement,higher,128,0.83046875,0.906015625,-0.075546875,favors_pca,true
random_orthogonal,current_pca,frozen-pca,4,accurate_prefix_1,accurate_prefix_1,accurate_prefix_1,matched_intermediate_family_and_bytes,topk_agreement,higher,128,0.825703125,0.9040625,-0.078359375,favors_pca,true
random_orthogonal,current_pca,frozen-pca,5,accurate_prefix_1,accurate_prefix_1,accurate_prefix_1,matched_intermediate_family_and_bytes,topk_agreement,higher,128,0.8259375,0.906640625,-0.080703125,favors_pca,true
random_orthogonal,current_pca,frozen-pca,6,accurate_prefix_1,accurate_prefix_1,accurate_prefix_1,matched_intermediate_family_and_bytes,topk_agreement,higher,128,0.82671875,0.9021875,-0.07546875,favors_pca,true
random_orthogonal,current_pca,frozen-pca,7,accurate_prefix_1,accurate_prefix_1,accurate_prefix_1,matched_intermediate_family_and_bytes,topk_agreement,higher,128,0.823828125,0.90453125,-0.080703125,favors_pca,true
random_orthogonal,current_pca,frozen-pca,8,accurate_prefix_1,accurate_prefix_1,accurate_prefix_1,matched_intermediate_family_and_bytes,topk_agreement,higher,128,0.825625,0.905625,-0.08,favors_pca,true
random_orthogonal,current_pca,frozen-pca,9,accurate_prefix_1,accurate_prefix_1,accurate_prefix_1,matched_intermediate_family_and_bytes,topk_agreement,higher,128,0.824453125,0.9034375,-0.078984375,favors_pca,true
random_orthogonal,current_pca,frozen-pca,0,accurate_prefix_1,accurate_prefix_1,accurate_prefix_1,matched_intermediate_family_and_bytes,boundary_inversion_rate,lower,128,0.00325607529022,0.000925058293133,0.00233101699709,favors_pca,true
random_orthogonal,current_pca,frozen-pca,1,accurate_prefix_1,accurate_prefix_1,accurate_prefix_1,matched_intermediate_family_and_bytes,boundary_inversion_rate,lower,128,0.00324779595079,0.000957864972122,0.00228993097867,favors_pca,true
random_orthogonal,current_pca,frozen-pca,2,accurate_prefix_1,accurate_prefix_1,accurate_prefix_1,matched_intermediate_family_and_bytes,boundary_inversion_rate,lower,128,0.00322552857328,0.000941350906275,0.00228417766701,favors_pca,true
random_orthogonal,current_pca,frozen-pca,3,accurate_prefix_1,accurate_prefix_1,accurate_prefix_1,matched_intermediate_family_and_bytes,boundary_inversion_rate,lower,128,0.00308292352821,0.00094366616919,0.00213925735902,favors_pca,true
random_orthogonal,current_pca,frozen-pca,4,accurate_prefix_1,accurate_prefix_1,accurate_prefix_1,matched_intermediate_family_and_bytes,boundary_inversion_rate,lower,128,0.00321081511235,0.000973713744481,0.00223710136787,favors_pca,true
random_orthogonal,current_pca,frozen-pca,5,accurate_prefix_1,accurate_prefix_1,accurate_prefix_1,matched_intermediate_family_and_bytes,boundary_inversion_rate,lower,128,0.00316614071842,0.000945517392744,0.00222062332568,favors_pca,true
random_orthogonal,current_pca,frozen-pca,6,accurate_prefix_1,accurate_prefix_1,accurate_prefix_1,matched_intermediate_family_and_bytes,boundary_inversion_rate,lower,128,0.00322367234512,0.000991391403444,0.00223228094167,favors_pca,true
random_orthogonal,current_pca,frozen-pca,7,accurate_prefix_1,accurate_prefix_1,accurate_prefix_1,matched_intermediate_family_and_bytes,boundary_inversion_rate,lower,128,0.0032132291861,0.000953192795177,0.00226003639092,favors_pca,true
random_orthogonal,current_pca,frozen-pca,8,accurate_prefix_1,accurate_prefix_1,accurate_prefix_1,matched_intermediate_family_and_bytes,boundary_inversion_rate,lower,128,0.00327344095518,0.000946753261622,0.00232668769356,favors_pca,true
random_orthogonal,current_pca,frozen-pca,9,accurate_prefix_1,accurate_prefix_1,accurate_prefix_1,matched_intermediate_family_and_bytes,boundary_inversion_rate,lower,128,0.00323122744255,0.000975892357107,0.00225533508544,favors_pca,true
random_orthogonal,current_pca,frozen-pca,0,accurate_prefix_1,accurate_prefix_1,accurate_prefix_1,matched_intermediate_family_and_bytes,exact_best_rank,lower,128,2.25,1.375,0.875,favors_pca,true
random_orthogonal,current_pca,frozen-pca,1,accurate_prefix_1,accurate_prefix_1,accurate_prefix_1,matched_intermediate_family_and_bytes,exact_best_rank,lower,128,2.203125,1.4921875,0.7109375,favors_pca,true
random_orthogonal,current_pca,frozen-pca,2,accurate_prefix_1,accurate_prefix_1,accurate_prefix_1,matched_intermediate_family_and_bytes,exact_best_rank,lower,128,1.78125,1.5,0.28125,favors_pca,true
random_orthogonal,current_pca,frozen-pca,3,accurate_prefix_1,accurate_prefix_1,accurate_prefix_1,matched_intermediate_family_and_bytes,exact_best_rank,lower,128,1.875,1.453125,0.421875,favors_pca,true
random_orthogonal,current_pca,frozen-pca,4,accurate_prefix_1,accurate_prefix_1,accurate_prefix_1,matched_intermediate_family_and_bytes,exact_best_rank,lower,128,1.8828125,1.453125,0.4296875,favors_pca,true
random_orthogonal,current_pca,frozen-pca,5,accurate_prefix_1,accurate_prefix_1,accurate_prefix_1,matched_intermediate_family_and_bytes,exact_best_rank,lower,128,2.15625,1.46875,0.6875,favors_pca,true
random_orthogonal,current_pca,frozen-pca,6,accurate_prefix_1,accurate_prefix_1,accurate_prefix_1,matched_intermediate_family_and_bytes,exact_best_rank,lower,128,1.90625,1.453125,0.453125,favors_pca,true
random_orthogonal,current_pca,frozen-pca,7,accurate_prefix_1,accurate_prefix_1,accurate_prefix_1,matched_intermediate_family_and_bytes,exact_best_rank,lower,128,2.546875,1.40625,1.140625,favors_pca,true
random_orthogonal,current_pca,frozen-pca,8,accurate_prefix_1,accurate_prefix_1,accurate_prefix_1,matched_intermediate_family_and_bytes,exact_best_rank,lower,128,2.0390625,1.3203125,0.71875,favors_pca,true
random_orthogonal,current_pca,frozen-pca,9,accurate_prefix_1,accurate_prefix_1,accurate_prefix_1,matched_intermediate_family_and_bytes,exact_best_rank,lower,128,2.0859375,1.4375,0.6484375,favors_pca,true
random_orthogonal,current_pca,frozen-pca,-1,accurate_prefix_2,accurate_prefix_2,accurate_prefix_2,matched_intermediate_family_and_bytes,mean_per_query_candidate_rmse,lower,128,0.310109875455,0.0194689879851,0.29064088747,favors_pca,true
random_orthogonal,current_pca,frozen-pca,-1,accurate_prefix_2,accurate_prefix_2,accurate_prefix_2,matched_intermediate_family_and_bytes,pooled_candidate_rmse,lower,128,0.308931833351,0.0215690642973,0.287362769053,favors_pca,true
random_orthogonal,current_pca,frozen-pca,-1,accurate_prefix_2,accurate_prefix_2,accurate_prefix_2,matched_intermediate_family_and_bytes,candidate_mae,lower,128,0.302112171619,0.0174223897505,0.284689781868,favors_pca,true
random_orthogonal,current_pca,frozen-pca,-1,accurate_prefix_2,accurate_prefix_2,accurate_prefix_2,matched_intermediate_family_and_bytes,topk_agreement,higher,128,0.844453125,0.9753125,-0.130859375,favors_pca,true
random_orthogonal,current_pca,frozen-pca,-1,accurate_prefix_2,accurate_prefix_2,accurate_prefix_2,matched_intermediate_family_and_bytes,boundary_inversion_rate,lower,128,0.00258899937986,6.86119429142e-05,0.00252038743694,favors_pca,true
random_orthogonal,current_pca,frozen-pca,-1,accurate_prefix_2,accurate_prefix_2,accurate_prefix_2,matched_intermediate_family_and_bytes,exact_best_rank,lower,128,1.7578125,1.0625,0.6953125,favors_pca,true
random_orthogonal,current_pca,frozen-pca,0,accurate_prefix_2,accurate_prefix_2,accurate_prefix_2,matched_intermediate_family_and_bytes,mean_per_query_candidate_rmse,lower,128,0.310057718761,0.0191923108634,0.290865407898,favors_pca,true
random_orthogonal,current_pca,frozen-pca,1,accurate_prefix_2,accurate_prefix_2,accurate_prefix_2,matched_intermediate_family_and_bytes,mean_per_query_candidate_rmse,lower,128,0.31029318138,0.01919704572,0.29109613566,favors_pca,true
random_orthogonal,current_pca,frozen-pca,2,accurate_prefix_2,accurate_prefix_2,accurate_prefix_2,matched_intermediate_family_and_bytes,mean_per_query_candidate_rmse,lower,128,0.31011570143,0.0192107917352,0.290904909695,favors_pca,true
random_orthogonal,current_pca,frozen-pca,3,accurate_prefix_2,accurate_prefix_2,accurate_prefix_2,matched_intermediate_family_and_bytes,mean_per_query_candidate_rmse,lower,128,0.310236975266,0.0192236558909,0.291013319375,favors_pca,true
random_orthogonal,current_pca,frozen-pca,4,accurate_prefix_2,accurate_prefix_2,accurate_prefix_2,matched_intermediate_family_and_bytes,mean_per_query_candidate_rmse,lower,128,0.310128360587,0.0192194735732,0.290908887014,favors_pca,true
random_orthogonal,current_pca,frozen-pca,5,accurate_prefix_2,accurate_prefix_2,accurate_prefix_2,matched_intermediate_family_and_bytes,mean_per_query_candidate_rmse,lower,128,0.309895030899,0.0191724472292,0.29072258367,favors_pca,true
random_orthogonal,current_pca,frozen-pca,6,accurate_prefix_2,accurate_prefix_2,accurate_prefix_2,matched_intermediate_family_and_bytes,mean_per_query_candidate_rmse,lower,128,0.310052165501,0.0192064969079,0.290845668593,favors_pca,true
random_orthogonal,current_pca,frozen-pca,7,accurate_prefix_2,accurate_prefix_2,accurate_prefix_2,matched_intermediate_family_and_bytes,mean_per_query_candidate_rmse,lower,128,0.31023477502,0.0191916652504,0.291043109769,favors_pca,true
random_orthogonal,current_pca,frozen-pca,8,accurate_prefix_2,accurate_prefix_2,accurate_prefix_2,matched_intermediate_family_and_bytes,mean_per_query_candidate_rmse,lower,128,0.310282146281,0.0192141968312,0.29106794945,favors_pca,true
random_orthogonal,current_pca,frozen-pca,9,accurate_prefix_2,accurate_prefix_2,accurate_prefix_2,matched_intermediate_family_and_bytes,mean_per_query_candidate_rmse,lower,128,0.310050355183,0.0192165033109,0.290833851872,favors_pca,true
random_orthogonal,current_pca,frozen-pca,0,accurate_prefix_2,accurate_prefix_2,accurate_prefix_2,matched_intermediate_family_and_bytes,pooled_candidate_rmse,lower,128,0.308890818023,0.0212736623307,0.287617155692,favors_pca,true
random_orthogonal,current_pca,frozen-pca,1,accurate_prefix_2,accurate_prefix_2,accurate_prefix_2,matched_intermediate_family_and_bytes,pooled_candidate_rmse,lower,128,0.309098175964,0.0212940792474,0.287804096716,favors_pca,true
random_orthogonal,current_pca,frozen-pca,2,accurate_prefix_2,accurate_prefix_2,accurate_prefix_2,matched_intermediate_family_and_bytes,pooled_candidate_rmse,lower,128,0.308957419436,0.0212957503501,0.287661669086,favors_pca,true
random_orthogonal,current_pca,frozen-pca,3,accurate_prefix_2,accurate_prefix_2,accurate_prefix_2,matched_intermediate_family_and_bytes,pooled_candidate_rmse,lower,128,0.309080087469,0.021323048801,0.287757038667,favors_pca,true
random_orthogonal,current_pca,frozen-pca,4,accurate_prefix_2,accurate_prefix_2,accurate_prefix_2,matched_intermediate_family_and_bytes,pooled_candidate_rmse,lower,128,0.308962307942,0.0213088736538,0.287653434288,favors_pca,true
random_orthogonal,current_pca,frozen-pca,5,accurate_prefix_2,accurate_prefix_2,accurate_prefix_2,matched_intermediate_family_and_bytes,pooled_candidate_rmse,lower,128,0.308744626387,0.0212503932292,0.287494233158,favors_pca,true
random_orthogonal,current_pca,frozen-pca,6,accurate_prefix_2,accurate_prefix_2,accurate_prefix_2,matched_intermediate_family_and_bytes,pooled_candidate_rmse,lower,128,0.308874530537,0.021289467523,0.287585063014,favors_pca,true
random_orthogonal,current_pca,frozen-pca,7,accurate_prefix_2,accurate_prefix_2,accurate_prefix_2,matched_intermediate_family_and_bytes,pooled_candidate_rmse,lower,128,0.309059711052,0.0212533622453,0.287806348807,favors_pca,true
random_orthogonal,current_pca,frozen-pca,8,accurate_prefix_2,accurate_prefix_2,accurate_prefix_2,matched_intermediate_family_and_bytes,pooled_candidate_rmse,lower,128,0.309106992152,0.0212976387761,0.287809353376,favors_pca,true
random_orthogonal,current_pca,frozen-pca,9,accurate_prefix_2,accurate_prefix_2,accurate_prefix_2,matched_intermediate_family_and_bytes,pooled_candidate_rmse,lower,128,0.308862520888,0.0213047922199,0.287557728668,favors_pca,true
random_orthogonal,current_pca,frozen-pca,0,accurate_prefix_2,accurate_prefix_2,accurate_prefix_2,matched_intermediate_family_and_bytes,candidate_mae,lower,128,0.3020556417,0.0173238162104,0.28473182549,favors_pca,true
random_orthogonal,current_pca,frozen-pca,1,accurate_prefix_2,accurate_prefix_2,accurate_prefix_2,matched_intermediate_family_and_bytes,candidate_mae,lower,128,0.302277015555,0.017330026365,0.28494698919,favors_pca,true
random_orthogonal,current_pca,frozen-pca,2,accurate_prefix_2,accurate_prefix_2,accurate_prefix_2,matched_intermediate_family_and_bytes,candidate_mae,lower,128,0.302161434463,0.017350364233,0.28481107023,favors_pca,true
random_orthogonal,current_pca,frozen-pca,3,accurate_prefix_2,accurate_prefix_2,accurate_prefix_2,matched_intermediate_family_and_bytes,candidate_mae,lower,128,0.302223647934,0.0173545195722,0.284869128361,favors_pca,true
random_orthogonal,current_pca,frozen-pca,4,accurate_prefix_2,accurate_prefix_2,accurate_prefix_2,matched_intermediate_family_and_bytes,candidate_mae,lower,128,0.302098942874,0.0173469905275,0.284751952347,favors_pca,true
random_orthogonal,current_pca,frozen-pca,5,accurate_prefix_2,accurate_prefix_2,accurate_prefix_2,matched_intermediate_family_and_bytes,candidate_mae,lower,128,0.301923507317,0.0173158708343,0.284607636483,favors_pca,true
random_orthogonal,current_pca,frozen-pca,6,accurate_prefix_2,accurate_prefix_2,accurate_prefix_2,matched_intermediate_family_and_bytes,candidate_mae,lower,128,0.302031194241,0.0173352208827,0.284695973359,favors_pca,true
random_orthogonal,current_pca,frozen-pca,7,accurate_prefix_2,accurate_prefix_2,accurate_prefix_2,matched_intermediate_family_and_bytes,candidate_mae,lower,128,0.302183936162,0.0173299585842,0.284853977578,favors_pca,true
random_orthogonal,current_pca,frozen-pca,8,accurate_prefix_2,accurate_prefix_2,accurate_prefix_2,matched_intermediate_family_and_bytes,candidate_mae,lower,128,0.302256450578,0.0173511963969,0.284905254181,favors_pca,true
random_orthogonal,current_pca,frozen-pca,9,accurate_prefix_2,accurate_prefix_2,accurate_prefix_2,matched_intermediate_family_and_bytes,candidate_mae,lower,128,0.302014051881,0.0173415780247,0.284672473857,favors_pca,true
random_orthogonal,current_pca,frozen-pca,0,accurate_prefix_2,accurate_prefix_2,accurate_prefix_2,matched_intermediate_family_and_bytes,topk_agreement,higher,128,0.84234375,0.97765625,-0.1353125,favors_pca,true
random_orthogonal,current_pca,frozen-pca,1,accurate_prefix_2,accurate_prefix_2,accurate_prefix_2,matched_intermediate_family_and_bytes,topk_agreement,higher,128,0.84234375,0.97625,-0.13390625,favors_pca,true
random_orthogonal,current_pca,frozen-pca,2,accurate_prefix_2,accurate_prefix_2,accurate_prefix_2,matched_intermediate_family_and_bytes,topk_agreement,higher,128,0.84140625,0.97609375,-0.1346875,favors_pca,true
random_orthogonal,current_pca,frozen-pca,3,accurate_prefix_2,accurate_prefix_2,accurate_prefix_2,matched_intermediate_family_and_bytes,topk_agreement,higher,128,0.845390625,0.97640625,-0.131015625,favors_pca,true
random_orthogonal,current_pca,frozen-pca,4,accurate_prefix_2,accurate_prefix_2,accurate_prefix_2,matched_intermediate_family_and_bytes,topk_agreement,higher,128,0.8421875,0.97671875,-0.13453125,favors_pca,true
random_orthogonal,current_pca,frozen-pca,5,accurate_prefix_2,accurate_prefix_2,accurate_prefix_2,matched_intermediate_family_and_bytes,topk_agreement,higher,128,0.843515625,0.9759375,-0.132421875,favors_pca,true
random_orthogonal,current_pca,frozen-pca,6,accurate_prefix_2,accurate_prefix_2,accurate_prefix_2,matched_intermediate_family_and_bytes,topk_agreement,higher,128,0.841015625,0.9759375,-0.134921875,favors_pca,true
random_orthogonal,current_pca,frozen-pca,7,accurate_prefix_2,accurate_prefix_2,accurate_prefix_2,matched_intermediate_family_and_bytes,topk_agreement,higher,128,0.84375,0.9765625,-0.1328125,favors_pca,true
random_orthogonal,current_pca,frozen-pca,8,accurate_prefix_2,accurate_prefix_2,accurate_prefix_2,matched_intermediate_family_and_bytes,topk_agreement,higher,128,0.84203125,0.97640625,-0.134375,favors_pca,true
random_orthogonal,current_pca,frozen-pca,9,accurate_prefix_2,accurate_prefix_2,accurate_prefix_2,matched_intermediate_family_and_bytes,topk_agreement,higher,128,0.8396875,0.97625,-0.1365625,favors_pca,true
random_orthogonal,current_pca,frozen-pca,0,accurate_prefix_2,accurate_prefix_2,accurate_prefix_2,matched_intermediate_family_and_bytes,boundary_inversion_rate,lower,128,0.00266818415182,5.76745042802e-05,0.00261050964754,favors_pca,true
random_orthogonal,current_pca,frozen-pca,1,accurate_prefix_2,accurate_prefix_2,accurate_prefix_2,matched_intermediate_family_and_bytes,boundary_inversion_rate,lower,128,0.00268290159825,6.41589597061e-05,0.00261874263854,favors_pca,true
random_orthogonal,current_pca,frozen-pca,2,accurate_prefix_2,accurate_prefix_2,accurate_prefix_2,matched_intermediate_family_and_bytes,boundary_inversion_rate,lower,128,0.00266708515547,6.78803602136e-05,0.00259920479526,favors_pca,true
random_orthogonal,current_pca,frozen-pca,3,accurate_prefix_2,accurate_prefix_2,accurate_prefix_2,matched_intermediate_family_and_bytes,boundary_inversion_rate,lower,128,0.00256487696903,6.12539349986e-05,0.00250362303403,favors_pca,true
random_orthogonal,current_pca,frozen-pca,4,accurate_prefix_2,accurate_prefix_2,accurate_prefix_2,matched_intermediate_family_and_bytes,boundary_inversion_rate,lower,128,0.0026941827327,6.48347442368e-05,0.00262934798846,favors_pca,true
random_orthogonal,current_pca,frozen-pca,5,accurate_prefix_2,accurate_prefix_2,accurate_prefix_2,matched_intermediate_family_and_bytes,boundary_inversion_rate,lower,128,0.00265655981505,6.15423383569e-05,0.00259501747669,favors_pca,true
random_orthogonal,current_pca,frozen-pca,6,accurate_prefix_2,accurate_prefix_2,accurate_prefix_2,matched_intermediate_family_and_bytes,boundary_inversion_rate,lower,128,0.00269242082559,6.38335891699e-05,0.00262858723642,favors_pca,true
random_orthogonal,current_pca,frozen-pca,7,accurate_prefix_2,accurate_prefix_2,accurate_prefix_2,matched_intermediate_family_and_bytes,boundary_inversion_rate,lower,128,0.00266892760424,6.06161887874e-05,0.00260831141545,favors_pca,true
random_orthogonal,current_pca,frozen-pca,8,accurate_prefix_2,accurate_prefix_2,accurate_prefix_2,matched_intermediate_family_and_bytes,boundary_inversion_rate,lower,128,0.00265711402545,6.25693865841e-05,0.00259454463887,favors_pca,true
random_orthogonal,current_pca,frozen-pca,9,accurate_prefix_2,accurate_prefix_2,accurate_prefix_2,matched_intermediate_family_and_bytes,boundary_inversion_rate,lower,128,0.00269036433509,6.05278597547e-05,0.00262983647533,favors_pca,true
random_orthogonal,current_pca,frozen-pca,0,accurate_prefix_2,accurate_prefix_2,accurate_prefix_2,matched_intermediate_family_and_bytes,exact_best_rank,lower,128,1.9140625,1.078125,0.8359375,favors_pca,true
random_orthogonal,current_pca,frozen-pca,1,accurate_prefix_2,accurate_prefix_2,accurate_prefix_2,matched_intermediate_family_and_bytes,exact_best_rank,lower,128,2.015625,1.046875,0.96875,favors_pca,true
random_orthogonal,current_pca,frozen-pca,2,accurate_prefix_2,accurate_prefix_2,accurate_prefix_2,matched_intermediate_family_and_bytes,exact_best_rank,lower,128,1.75,1.0859375,0.6640625,favors_pca,true
random_orthogonal,current_pca,frozen-pca,3,accurate_prefix_2,accurate_prefix_2,accurate_prefix_2,matched_intermediate_family_and_bytes,exact_best_rank,lower,128,1.703125,1.0703125,0.6328125,favors_pca,true
random_orthogonal,current_pca,frozen-pca,4,accurate_prefix_2,accurate_prefix_2,accurate_prefix_2,matched_intermediate_family_and_bytes,exact_best_rank,lower,128,1.8203125,1.125,0.6953125,favors_pca,true
random_orthogonal,current_pca,frozen-pca,5,accurate_prefix_2,accurate_prefix_2,accurate_prefix_2,matched_intermediate_family_and_bytes,exact_best_rank,lower,128,1.96875,1.0546875,0.9140625,favors_pca,true
random_orthogonal,current_pca,frozen-pca,6,accurate_prefix_2,accurate_prefix_2,accurate_prefix_2,matched_intermediate_family_and_bytes,exact_best_rank,lower,128,1.78125,1.0703125,0.7109375,favors_pca,true
random_orthogonal,current_pca,frozen-pca,7,accurate_prefix_2,accurate_prefix_2,accurate_prefix_2,matched_intermediate_family_and_bytes,exact_best_rank,lower,128,2.234375,1.0859375,1.1484375,favors_pca,true
random_orthogonal,current_pca,frozen-pca,8,accurate_prefix_2,accurate_prefix_2,accurate_prefix_2,matched_intermediate_family_and_bytes,exact_best_rank,lower,128,1.9296875,1.078125,0.8515625,favors_pca,true
random_orthogonal,current_pca,frozen-pca,9,accurate_prefix_2,accurate_prefix_2,accurate_prefix_2,matched_intermediate_family_and_bytes,exact_best_rank,lower,128,1.8671875,1.0703125,0.796875,favors_pca,true
random_orthogonal,current_pca,frozen-pca,-1,accurate_prefix_3,accurate_prefix_3,accurate_prefix_3,matched_intermediate_family_and_bytes,mean_per_query_candidate_rmse,lower,128,0.247741232611,0.00488378357943,0.242857449032,favors_pca,true
random_orthogonal,current_pca,frozen-pca,-1,accurate_prefix_3,accurate_prefix_3,accurate_prefix_3,matched_intermediate_family_and_bytes,pooled_candidate_rmse,lower,128,0.246511028761,0.00557274079267,0.240938287969,favors_pca,true
random_orthogonal,current_pca,frozen-pca,-1,accurate_prefix_3,accurate_prefix_3,accurate_prefix_3,matched_intermediate_family_and_bytes,candidate_mae,lower,128,0.240858596821,0.00423853770025,0.236620059121,favors_pca,true
random_orthogonal,current_pca,frozen-pca,-1,accurate_prefix_3,accurate_prefix_3,accurate_prefix_3,matched_intermediate_family_and_bytes,topk_agreement,higher,128,0.867265625,0.99234375,-0.125078125,favors_pca,true
random_orthogonal,current_pca,frozen-pca,-1,accurate_prefix_3,accurate_prefix_3,accurate_prefix_3,matched_intermediate_family_and_bytes,boundary_inversion_rate,lower,128,0.00191150828343,7.58636330213e-06,0.00190392192013,favors_pca,true
random_orthogonal,current_pca,frozen-pca,-1,accurate_prefix_3,accurate_prefix_3,accurate_prefix_3,matched_intermediate_family_and_bytes,exact_best_rank,lower,128,1.703125,1.0234375,0.6796875,favors_pca,true
random_orthogonal,current_pca,frozen-pca,0,accurate_prefix_3,accurate_prefix_3,accurate_prefix_3,matched_intermediate_family_and_bytes,mean_per_query_candidate_rmse,lower,128,0.247712947446,0.00472995046428,0.242982996982,favors_pca,true
random_orthogonal,current_pca,frozen-pca,1,accurate_prefix_3,accurate_prefix_3,accurate_prefix_3,matched_intermediate_family_and_bytes,mean_per_query_candidate_rmse,lower,128,0.24777090538,0.00473330705085,0.243037598329,favors_pca,true
random_orthogonal,current_pca,frozen-pca,2,accurate_prefix_3,accurate_prefix_3,accurate_prefix_3,matched_intermediate_family_and_bytes,mean_per_query_candidate_rmse,lower,128,0.247704668264,0.00473319563485,0.242971472629,favors_pca,true
random_orthogonal,current_pca,frozen-pca,3,accurate_prefix_3,accurate_prefix_3,accurate_prefix_3,matched_intermediate_family_and_bytes,mean_per_query_candidate_rmse,lower,128,0.247819320271,0.00473847557427,0.243080844697,favors_pca,true
random_orthogonal,current_pca,frozen-pca,4,accurate_prefix_3,accurate_prefix_3,accurate_prefix_3,matched_intermediate_family_and_bytes,mean_per_query_candidate_rmse,lower,128,0.247837828046,0.00474094175475,0.243096886291,favors_pca,true
random_orthogonal,current_pca,frozen-pca,5,accurate_prefix_3,accurate_prefix_3,accurate_prefix_3,matched_intermediate_family_and_bytes,mean_per_query_candidate_rmse,lower,128,0.247611510125,0.00473484030426,0.242876669821,favors_pca,true
random_orthogonal,current_pca,frozen-pca,6,accurate_prefix_3,accurate_prefix_3,accurate_prefix_3,matched_intermediate_family_and_bytes,mean_per_query_candidate_rmse,lower,128,0.247658647209,0.00474245218847,0.242916195021,favors_pca,true
random_orthogonal,current_pca,frozen-pca,7,accurate_prefix_3,accurate_prefix_3,accurate_prefix_3,matched_intermediate_family_and_bytes,mean_per_query_candidate_rmse,lower,128,0.24787331061,0.00473187272745,0.243141437883,favors_pca,true
random_orthogonal,current_pca,frozen-pca,8,accurate_prefix_3,accurate_prefix_3,accurate_prefix_3,matched_intermediate_family_and_bytes,mean_per_query_candidate_rmse,lower,128,0.247808781186,0.00474419396802,0.243064587218,favors_pca,true
random_orthogonal,current_pca,frozen-pca,9,accurate_prefix_3,accurate_prefix_3,accurate_prefix_3,matched_intermediate_family_and_bytes,mean_per_query_candidate_rmse,lower,128,0.247667439156,0.00472905819277,0.242938380963,favors_pca,true
random_orthogonal,current_pca,frozen-pca,0,accurate_prefix_3,accurate_prefix_3,accurate_prefix_3,matched_intermediate_family_and_bytes,pooled_candidate_rmse,lower,128,0.246492999906,0.00543015963452,0.241062840272,favors_pca,true
random_orthogonal,current_pca,frozen-pca,1,accurate_prefix_3,accurate_prefix_3,accurate_prefix_3,matched_intermediate_family_and_bytes,pooled_candidate_rmse,lower,128,0.246538588022,0.00544013077991,0.241098457242,favors_pca,true
random_orthogonal,current_pca,frozen-pca,2,accurate_prefix_3,accurate_prefix_3,accurate_prefix_3,matched_intermediate_family_and_bytes,pooled_candidate_rmse,lower,128,0.246492127296,0.0054350439619,0.241057083334,favors_pca,true
random_orthogonal,current_pca,frozen-pca,3,accurate_prefix_3,accurate_prefix_3,accurate_prefix_3,matched_intermediate_family_and_bytes,pooled_candidate_rmse,lower,128,0.246605777816,0.0054437468964,0.24116203092,favors_pca,true
random_orthogonal,current_pca,frozen-pca,4,accurate_prefix_3,accurate_prefix_3,accurate_prefix_3,matched_intermediate_family_and_bytes,pooled_candidate_rmse,lower,128,0.24661923736,0.00545319723469,0.241166040125,favors_pca,true
random_orthogonal,current_pca,frozen-pca,5,accurate_prefix_3,accurate_prefix_3,accurate_prefix_3,matched_intermediate_family_and_bytes,pooled_candidate_rmse,lower,128,0.246389237077,0.00543666712843,0.240952569949,favors_pca,true
random_orthogonal,current_pca,frozen-pca,6,accurate_prefix_3,accurate_prefix_3,accurate_prefix_3,matched_intermediate_family_and_bytes,pooled_candidate_rmse,lower,128,0.246441071371,0.00545493299417,0.240986138376,favors_pca,true
random_orthogonal,current_pca,frozen-pca,7,accurate_prefix_3,accurate_prefix_3,accurate_prefix_3,matched_intermediate_family_and_bytes,pooled_candidate_rmse,lower,128,0.246647238129,0.00543380062332,0.241213437506,favors_pca,true
random_orthogonal,current_pca,frozen-pca,8,accurate_prefix_3,accurate_prefix_3,accurate_prefix_3,matched_intermediate_family_and_bytes,pooled_candidate_rmse,lower,128,0.246577862128,0.00545449341593,0.241123368712,favors_pca,true
random_orthogonal,current_pca,frozen-pca,9,accurate_prefix_3,accurate_prefix_3,accurate_prefix_3,matched_intermediate_family_and_bytes,pooled_candidate_rmse,lower,128,0.246444420222,0.00543847590211,0.24100594432,favors_pca,true
random_orthogonal,current_pca,frozen-pca,0,accurate_prefix_3,accurate_prefix_3,accurate_prefix_3,matched_intermediate_family_and_bytes,candidate_mae,lower,128,0.240831122708,0.00416715498058,0.236663967727,favors_pca,true
random_orthogonal,current_pca,frozen-pca,1,accurate_prefix_3,accurate_prefix_3,accurate_prefix_3,matched_intermediate_family_and_bytes,candidate_mae,lower,128,0.240876214075,0.00417294735401,0.236703266721,favors_pca,true
random_orthogonal,current_pca,frozen-pca,2,accurate_prefix_3,accurate_prefix_3,accurate_prefix_3,matched_intermediate_family_and_bytes,candidate_mae,lower,128,0.240840767019,0.00417055552044,0.236670211498,favors_pca,true
random_orthogonal,current_pca,frozen-pca,3,accurate_prefix_3,accurate_prefix_3,accurate_prefix_3,matched_intermediate_family_and_bytes,candidate_mae,lower,128,0.240928944572,0.00417750048603,0.236751444086,favors_pca,true
random_orthogonal,current_pca,frozen-pca,4,accurate_prefix_3,accurate_prefix_3,accurate_prefix_3,matched_intermediate_family_and_bytes,candidate_mae,lower,128,0.240915131189,0.00417832469477,0.236736806494,favors_pca,true
random_orthogonal,current_pca,frozen-pca,5,accurate_prefix_3,accurate_prefix_3,accurate_prefix_3,matched_intermediate_family_and_bytes,candidate_mae,lower,128,0.240789501335,0.00417276607455,0.236616735261,favors_pca,true
random_orthogonal,current_pca,frozen-pca,6,accurate_prefix_3,accurate_prefix_3,accurate_prefix_3,matched_intermediate_family_and_bytes,candidate_mae,lower,128,0.240764812294,0.00418003120628,0.236584781087,favors_pca,true
random_orthogonal,current_pca,frozen-pca,7,accurate_prefix_3,accurate_prefix_3,accurate_prefix_3,matched_intermediate_family_and_bytes,candidate_mae,lower,128,0.240988971398,0.00417216629675,0.236816805101,favors_pca,true
random_orthogonal,current_pca,frozen-pca,8,accurate_prefix_3,accurate_prefix_3,accurate_prefix_3,matched_intermediate_family_and_bytes,candidate_mae,lower,128,0.24092287533,0.00418188886629,0.236740986464,favors_pca,true
random_orthogonal,current_pca,frozen-pca,9,accurate_prefix_3,accurate_prefix_3,accurate_prefix_3,matched_intermediate_family_and_bytes,candidate_mae,lower,128,0.240752242048,0.00416968544527,0.236582556603,favors_pca,true
random_orthogonal,current_pca,frozen-pca,0,accurate_prefix_3,accurate_prefix_3,accurate_prefix_3,matched_intermediate_family_and_bytes,topk_agreement,higher,128,0.868203125,0.993828125,-0.125625,favors_pca,true
random_orthogonal,current_pca,frozen-pca,1,accurate_prefix_3,accurate_prefix_3,accurate_prefix_3,matched_intermediate_family_and_bytes,topk_agreement,higher,128,0.865859375,0.992734375,-0.126875,favors_pca,true
random_orthogonal,current_pca,frozen-pca,2,accurate_prefix_3,accurate_prefix_3,accurate_prefix_3,matched_intermediate_family_and_bytes,topk_agreement,higher,128,0.86421875,0.992265625,-0.128046875,favors_pca,true
random_orthogonal,current_pca,frozen-pca,3,accurate_prefix_3,accurate_prefix_3,accurate_prefix_3,matched_intermediate_family_and_bytes,topk_agreement,higher,128,0.869296875,0.99328125,-0.123984375,favors_pca,true
random_orthogonal,current_pca,frozen-pca,4,accurate_prefix_3,accurate_prefix_3,accurate_prefix_3,matched_intermediate_family_and_bytes,topk_agreement,higher,128,0.86640625,0.992734375,-0.126328125,favors_pca,true
random_orthogonal,current_pca,frozen-pca,5,accurate_prefix_3,accurate_prefix_3,accurate_prefix_3,matched_intermediate_family_and_bytes,topk_agreement,higher,128,0.8678125,0.993828125,-0.126015625,favors_pca,true
random_orthogonal,current_pca,frozen-pca,6,accurate_prefix_3,accurate_prefix_3,accurate_prefix_3,matched_intermediate_family_and_bytes,topk_agreement,higher,128,0.86609375,0.9928125,-0.12671875,favors_pca,true
random_orthogonal,current_pca,frozen-pca,7,accurate_prefix_3,accurate_prefix_3,accurate_prefix_3,matched_intermediate_family_and_bytes,topk_agreement,higher,128,0.865625,0.992734375,-0.127109375,favors_pca,true
random_orthogonal,current_pca,frozen-pca,8,accurate_prefix_3,accurate_prefix_3,accurate_prefix_3,matched_intermediate_family_and_bytes,topk_agreement,higher,128,0.867734375,0.993203125,-0.12546875,favors_pca,true
random_orthogonal,current_pca,frozen-pca,9,accurate_prefix_3,accurate_prefix_3,accurate_prefix_3,matched_intermediate_family_and_bytes,topk_agreement,higher,128,0.86828125,0.99375,-0.12546875,favors_pca,true
random_orthogonal,current_pca,frozen-pca,0,accurate_prefix_3,accurate_prefix_3,accurate_prefix_3,matched_intermediate_family_and_bytes,boundary_inversion_rate,lower,128,0.00187541352957,5.72020315998e-06,0.00186969332641,favors_pca,true
random_orthogonal,current_pca,frozen-pca,1,accurate_prefix_3,accurate_prefix_3,accurate_prefix_3,matched_intermediate_family_and_bytes,boundary_inversion_rate,lower,128,0.00194515566951,7.29668006813e-06,0.00193785898944,favors_pca,true
random_orthogonal,current_pca,frozen-pca,2,accurate_prefix_3,accurate_prefix_3,accurate_prefix_3,matched_intermediate_family_and_bytes,boundary_inversion_rate,lower,128,0.0019049343128,6.61357044389e-06,0.00189832074235,favors_pca,true
random_orthogonal,current_pca,frozen-pca,3,accurate_prefix_3,accurate_prefix_3,accurate_prefix_3,matched_intermediate_family_and_bytes,boundary_inversion_rate,lower,128,0.00189014835917,6.26248515383e-06,0.00188388587401,favors_pca,true
random_orthogonal,current_pca,frozen-pca,4,accurate_prefix_3,accurate_prefix_3,accurate_prefix_3,matched_intermediate_family_and_bytes,boundary_inversion_rate,lower,128,0.00196440887371,6.79062047252e-06,0.00195761825324,favors_pca,true
random_orthogonal,current_pca,frozen-pca,5,accurate_prefix_3,accurate_prefix_3,accurate_prefix_3,matched_intermediate_family_and_bytes,boundary_inversion_rate,lower,128,0.00190287068851,5.64006970985e-06,0.0018972306188,favors_pca,true
random_orthogonal,current_pca,frozen-pca,6,accurate_prefix_3,accurate_prefix_3,accurate_prefix_3,matched_intermediate_family_and_bytes,boundary_inversion_rate,lower,128,0.00192942553017,6.38434326972e-06,0.0019230411869,favors_pca,true
random_orthogonal,current_pca,frozen-pca,7,accurate_prefix_3,accurate_prefix_3,accurate_prefix_3,matched_intermediate_family_and_bytes,boundary_inversion_rate,lower,128,0.00189940129999,7.08263278189e-06,0.00189231866721,favors_pca,true
random_orthogonal,current_pca,frozen-pca,8,accurate_prefix_3,accurate_prefix_3,accurate_prefix_3,matched_intermediate_family_and_bytes,boundary_inversion_rate,lower,128,0.00190831822817,6.61360746377e-06,0.00190170462071,favors_pca,true
random_orthogonal,current_pca,frozen-pca,9,accurate_prefix_3,accurate_prefix_3,accurate_prefix_3,matched_intermediate_family_and_bytes,boundary_inversion_rate,lower,128,0.00191722223641,5.41989955791e-06,0.00191180233685,favors_pca,true
random_orthogonal,current_pca,frozen-pca,0,accurate_prefix_3,accurate_prefix_3,accurate_prefix_3,matched_intermediate_family_and_bytes,exact_best_rank,lower,128,1.7421875,1.0078125,0.734375,favors_pca,true
random_orthogonal,current_pca,frozen-pca,1,accurate_prefix_3,accurate_prefix_3,accurate_prefix_3,matched_intermediate_family_and_bytes,exact_best_rank,lower,128,1.6328125,1.0390625,0.59375,favors_pca,true
random_orthogonal,current_pca,frozen-pca,2,accurate_prefix_3,accurate_prefix_3,accurate_prefix_3,matched_intermediate_family_and_bytes,exact_best_rank,lower,128,1.6796875,1.015625,0.6640625,favors_pca,true
random_orthogonal,current_pca,frozen-pca,3,accurate_prefix_3,accurate_prefix_3,accurate_prefix_3,matched_intermediate_family_and_bytes,exact_best_rank,lower,128,1.6328125,1.03125,0.6015625,favors_pca,true
random_orthogonal,current_pca,frozen-pca,4,accurate_prefix_3,accurate_prefix_3,accurate_prefix_3,matched_intermediate_family_and_bytes,exact_best_rank,lower,128,1.65625,1.0078125,0.6484375,favors_pca,true
random_orthogonal,current_pca,frozen-pca,5,accurate_prefix_3,accurate_prefix_3,accurate_prefix_3,matched_intermediate_family_and_bytes,exact_best_rank,lower,128,1.84375,1.0234375,0.8203125,favors_pca,true
random_orthogonal,current_pca,frozen-pca,6,accurate_prefix_3,accurate_prefix_3,accurate_prefix_3,matched_intermediate_family_and_bytes,exact_best_rank,lower,128,1.59375,1.015625,0.578125,favors_pca,true
random_orthogonal,current_pca,frozen-pca,7,accurate_prefix_3,accurate_prefix_3,accurate_prefix_3,matched_intermediate_family_and_bytes,exact_best_rank,lower,128,1.8046875,1.0625,0.7421875,favors_pca,true
random_orthogonal,current_pca,frozen-pca,8,accurate_prefix_3,accurate_prefix_3,accurate_prefix_3,matched_intermediate_family_and_bytes,exact_best_rank,lower,128,1.7109375,1.0078125,0.703125,favors_pca,true
random_orthogonal,current_pca,frozen-pca,9,accurate_prefix_3,accurate_prefix_3,accurate_prefix_3,matched_intermediate_family_and_bytes,exact_best_rank,lower,128,1.7109375,1.0234375,0.6875,favors_pca,true
random_orthogonal,current_pca,frozen-pca,-1,accurate_prefix_4,accurate_prefix_4,accurate_prefix_4,matched_intermediate_family_and_bytes,mean_per_query_candidate_rmse,lower,128,0.192425148945,0.00269007878008,0.189735070164,favors_pca,true
random_orthogonal,current_pca,frozen-pca,-1,accurate_prefix_4,accurate_prefix_4,accurate_prefix_4,matched_intermediate_family_and_bytes,pooled_candidate_rmse,lower,128,0.191368637748,0.00290753558569,0.188461102162,favors_pca,true
random_orthogonal,current_pca,frozen-pca,-1,accurate_prefix_4,accurate_prefix_4,accurate_prefix_4,matched_intermediate_family_and_bytes,candidate_mae,lower,128,0.185874926063,0.00220287540445,0.183672050659,favors_pca,true
random_orthogonal,current_pca,frozen-pca,-1,accurate_prefix_4,accurate_prefix_4,accurate_prefix_4,matched_intermediate_family_and_bytes,topk_agreement,higher,128,0.881796875,0.994296875,-0.1125,favors_pca,true
random_orthogonal,current_pca,frozen-pca,-1,accurate_prefix_4,accurate_prefix_4,accurate_prefix_4,matched_intermediate_family_and_bytes,boundary_inversion_rate,lower,128,0.00159605443487,4.15958540416e-06,0.00159189484947,favors_pca,true
random_orthogonal,current_pca,frozen-pca,-1,accurate_prefix_4,accurate_prefix_4,accurate_prefix_4,matched_intermediate_family_and_bytes,exact_best_rank,lower,128,1.6015625,1.015625,0.5859375,favors_pca,true
random_orthogonal,current_pca,frozen-pca,0,accurate_prefix_4,accurate_prefix_4,accurate_prefix_4,matched_intermediate_family_and_bytes,mean_per_query_candidate_rmse,lower,128,0.192441735473,0.00244211497055,0.189999620503,favors_pca,true
random_orthogonal,current_pca,frozen-pca,1,accurate_prefix_4,accurate_prefix_4,accurate_prefix_4,matched_intermediate_family_and_bytes,mean_per_query_candidate_rmse,lower,128,0.192521169863,0.0024422674044,0.190078902458,favors_pca,true
random_orthogonal,current_pca,frozen-pca,2,accurate_prefix_4,accurate_prefix_4,accurate_prefix_4,matched_intermediate_family_and_bytes,mean_per_query_candidate_rmse,lower,128,0.192422901291,0.0024438148867,0.189979086404,favors_pca,true
random_orthogonal,current_pca,frozen-pca,3,accurate_prefix_4,accurate_prefix_4,accurate_prefix_4,matched_intermediate_family_and_bytes,mean_per_query_candidate_rmse,lower,128,0.192506961119,0.00244437268607,0.190062588433,favors_pca,true
random_orthogonal,current_pca,frozen-pca,4,accurate_prefix_4,accurate_prefix_4,accurate_prefix_4,matched_intermediate_family_and_bytes,mean_per_query_candidate_rmse,lower,128,0.192512364962,0.0024478697263,0.190064495235,favors_pca,true
random_orthogonal,current_pca,frozen-pca,5,accurate_prefix_4,accurate_prefix_4,accurate_prefix_4,matched_intermediate_family_and_bytes,mean_per_query_candidate_rmse,lower,128,0.192437985812,0.00244241410161,0.189995571711,favors_pca,true
random_orthogonal,current_pca,frozen-pca,6,accurate_prefix_4,accurate_prefix_4,accurate_prefix_4,matched_intermediate_family_and_bytes,mean_per_query_candidate_rmse,lower,128,0.192476188269,0.00244496670502,0.190031221564,favors_pca,true
random_orthogonal,current_pca,frozen-pca,7,accurate_prefix_4,accurate_prefix_4,accurate_prefix_4,matched_intermediate_family_and_bytes,mean_per_query_candidate_rmse,lower,128,0.192536926929,0.00244291550375,0.190094011425,favors_pca,true
random_orthogonal,current_pca,frozen-pca,8,accurate_prefix_4,accurate_prefix_4,accurate_prefix_4,matched_intermediate_family_and_bytes,mean_per_query_candidate_rmse,lower,128,0.192496951636,0.00244849893488,0.190048452701,favors_pca,true
random_orthogonal,current_pca,frozen-pca,9,accurate_prefix_4,accurate_prefix_4,accurate_prefix_4,matched_intermediate_family_and_bytes,mean_per_query_candidate_rmse,lower,128,0.192461576597,0.0024420571086,0.190019519488,favors_pca,true
random_orthogonal,current_pca,frozen-pca,0,accurate_prefix_4,accurate_prefix_4,accurate_prefix_4,matched_intermediate_family_and_bytes,pooled_candidate_rmse,lower,128,0.19138638671,0.00266275484365,0.188723631866,favors_pca,true
random_orthogonal,current_pca,frozen-pca,1,accurate_prefix_4,accurate_prefix_4,accurate_prefix_4,matched_intermediate_family_and_bytes,pooled_candidate_rmse,lower,128,0.191465618798,0.00266479669858,0.1888008221,favors_pca,true
random_orthogonal,current_pca,frozen-pca,2,accurate_prefix_4,accurate_prefix_4,accurate_prefix_4,matched_intermediate_family_and_bytes,pooled_candidate_rmse,lower,128,0.191372705134,0.00266628166629,0.188706423468,favors_pca,true
random_orthogonal,current_pca,frozen-pca,3,accurate_prefix_4,accurate_prefix_4,accurate_prefix_4,matched_intermediate_family_and_bytes,pooled_candidate_rmse,lower,128,0.191455895696,0.00266391315787,0.188791982539,favors_pca,true
random_orthogonal,current_pca,frozen-pca,4,accurate_prefix_4,accurate_prefix_4,accurate_prefix_4,matched_intermediate_family_and_bytes,pooled_candidate_rmse,lower,128,0.191464371523,0.00267185296547,0.188792518558,favors_pca,true
random_orthogonal,current_pca,frozen-pca,5,accurate_prefix_4,accurate_prefix_4,accurate_prefix_4,matched_intermediate_family_and_bytes,pooled_candidate_rmse,lower,128,0.191391365972,0.00266340175431,0.188727964218,favors_pca,true
random_orthogonal,current_pca,frozen-pca,6,accurate_prefix_4,accurate_prefix_4,accurate_prefix_4,matched_intermediate_family_and_bytes,pooled_candidate_rmse,lower,128,0.191429310854,0.00266973465839,0.188759576196,favors_pca,true
random_orthogonal,current_pca,frozen-pca,7,accurate_prefix_4,accurate_prefix_4,accurate_prefix_4,matched_intermediate_family_and_bytes,pooled_candidate_rmse,lower,128,0.191475676487,0.00266374514755,0.18881193134,favors_pca,true
random_orthogonal,current_pca,frozen-pca,8,accurate_prefix_4,accurate_prefix_4,accurate_prefix_4,matched_intermediate_family_and_bytes,pooled_candidate_rmse,lower,128,0.19145370855,0.00267168911949,0.18878201943,favors_pca,true
random_orthogonal,current_pca,frozen-pca,9,accurate_prefix_4,accurate_prefix_4,accurate_prefix_4,matched_intermediate_family_and_bytes,pooled_candidate_rmse,lower,128,0.191417224622,0.00266605429537,0.188751170327,favors_pca,true
random_orthogonal,current_pca,frozen-pca,0,accurate_prefix_4,accurate_prefix_4,accurate_prefix_4,matched_intermediate_family_and_bytes,candidate_mae,lower,128,0.18589871971,0.00203418968944,0.18386453002,favors_pca,true
random_orthogonal,current_pca,frozen-pca,1,accurate_prefix_4,accurate_prefix_4,accurate_prefix_4,matched_intermediate_family_and_bytes,candidate_mae,lower,128,0.185960296184,0.00203479154771,0.183925504637,favors_pca,true
random_orthogonal,current_pca,frozen-pca,2,accurate_prefix_4,accurate_prefix_4,accurate_prefix_4,matched_intermediate_family_and_bytes,candidate_mae,lower,128,0.185869427221,0.00203502153411,0.183834405687,favors_pca,true
random_orthogonal,current_pca,frozen-pca,3,accurate_prefix_4,accurate_prefix_4,accurate_prefix_4,matched_intermediate_family_and_bytes,candidate_mae,lower,128,0.185958270164,0.00203623999912,0.183922030165,favors_pca,true
random_orthogonal,current_pca,frozen-pca,4,accurate_prefix_4,accurate_prefix_4,accurate_prefix_4,matched_intermediate_family_and_bytes,candidate_mae,lower,128,0.185947517967,0.00203885358553,0.183908664382,favors_pca,true
random_orthogonal,current_pca,frozen-pca,5,accurate_prefix_4,accurate_prefix_4,accurate_prefix_4,matched_intermediate_family_and_bytes,candidate_mae,lower,128,0.185892950641,0.00203365243936,0.183859298202,favors_pca,true
random_orthogonal,current_pca,frozen-pca,6,accurate_prefix_4,accurate_prefix_4,accurate_prefix_4,matched_intermediate_family_and_bytes,candidate_mae,lower,128,0.185923186242,0.00203669075431,0.183886495488,favors_pca,true
random_orthogonal,current_pca,frozen-pca,7,accurate_prefix_4,accurate_prefix_4,accurate_prefix_4,matched_intermediate_family_and_bytes,candidate_mae,lower,128,0.18597151687,0.00203512987674,0.183936386993,favors_pca,true
random_orthogonal,current_pca,frozen-pca,8,accurate_prefix_4,accurate_prefix_4,accurate_prefix_4,matched_intermediate_family_and_bytes,candidate_mae,lower,128,0.185928117864,0.00203999416825,0.183888123695,favors_pca,true
random_orthogonal,current_pca,frozen-pca,9,accurate_prefix_4,accurate_prefix_4,accurate_prefix_4,matched_intermediate_family_and_bytes,candidate_mae,lower,128,0.185899835272,0.00203442485293,0.183865410419,favors_pca,true
random_orthogonal,current_pca,frozen-pca,0,accurate_prefix_4,accurate_prefix_4,accurate_prefix_4,matched_intermediate_family_and_bytes,topk_agreement,higher,128,0.880625,0.994609375,-0.113984375,favors_pca,true
random_orthogonal,current_pca,frozen-pca,1,accurate_prefix_4,accurate_prefix_4,accurate_prefix_4,matched_intermediate_family_and_bytes,topk_agreement,higher,128,0.879609375,0.9940625,-0.114453125,favors_pca,true
random_orthogonal,current_pca,frozen-pca,2,accurate_prefix_4,accurate_prefix_4,accurate_prefix_4,matched_intermediate_family_and_bytes,topk_agreement,higher,128,0.87984375,0.994375,-0.11453125,favors_pca,true
random_orthogonal,current_pca,frozen-pca,3,accurate_prefix_4,accurate_prefix_4,accurate_prefix_4,matched_intermediate_family_and_bytes,topk_agreement,higher,128,0.880546875,0.99515625,-0.114609375,favors_pca,true
random_orthogonal,current_pca,frozen-pca,4,accurate_prefix_4,accurate_prefix_4,accurate_prefix_4,matched_intermediate_family_and_bytes,topk_agreement,higher,128,0.882265625,0.99421875,-0.111953125,favors_pca,true
random_orthogonal,current_pca,frozen-pca,5,accurate_prefix_4,accurate_prefix_4,accurate_prefix_4,matched_intermediate_family_and_bytes,topk_agreement,higher,128,0.88015625,0.995625,-0.11546875,favors_pca,true
random_orthogonal,current_pca,frozen-pca,6,accurate_prefix_4,accurate_prefix_4,accurate_prefix_4,matched_intermediate_family_and_bytes,topk_agreement,higher,128,0.879609375,0.994296875,-0.1146875,favors_pca,true
random_orthogonal,current_pca,frozen-pca,7,accurate_prefix_4,accurate_prefix_4,accurate_prefix_4,matched_intermediate_family_and_bytes,topk_agreement,higher,128,0.881015625,0.994765625,-0.11375,favors_pca,true
random_orthogonal,current_pca,frozen-pca,8,accurate_prefix_4,accurate_prefix_4,accurate_prefix_4,matched_intermediate_family_and_bytes,topk_agreement,higher,128,0.881015625,0.994453125,-0.1134375,favors_pca,true
random_orthogonal,current_pca,frozen-pca,9,accurate_prefix_4,accurate_prefix_4,accurate_prefix_4,matched_intermediate_family_and_bytes,topk_agreement,higher,128,0.880546875,0.994453125,-0.11390625,favors_pca,true
random_orthogonal,current_pca,frozen-pca,0,accurate_prefix_4,accurate_prefix_4,accurate_prefix_4,matched_intermediate_family_and_bytes,boundary_inversion_rate,lower,128,0.00160038938048,4.05424584845e-06,0.00159633513463,favors_pca,true
random_orthogonal,current_pca,frozen-pca,1,accurate_prefix_4,accurate_prefix_4,accurate_prefix_4,matched_intermediate_family_and_bytes,boundary_inversion_rate,lower,128,0.00159529252732,4.67398093214e-06,0.00159061854639,favors_pca,true
random_orthogonal,current_pca,frozen-pca,2,accurate_prefix_4,accurate_prefix_4,accurate_prefix_4,matched_intermediate_family_and_bytes,boundary_inversion_rate,lower,128,0.0015925037248,3.76384127674e-06,0.00158873988352,favors_pca,true
random_orthogonal,current_pca,frozen-pca,3,accurate_prefix_4,accurate_prefix_4,accurate_prefix_4,matched_intermediate_family_and_bytes,boundary_inversion_rate,lower,128,0.00159930314374,3.92528506575e-06,0.00159537785867,favors_pca,true
random_orthogonal,current_pca,frozen-pca,4,accurate_prefix_4,accurate_prefix_4,accurate_prefix_4,matched_intermediate_family_and_bytes,boundary_inversion_rate,lower,128,0.00160580302897,4.35498374312e-06,0.00160144804522,favors_pca,true
random_orthogonal,current_pca,frozen-pca,5,accurate_prefix_4,accurate_prefix_4,accurate_prefix_4,matched_intermediate_family_and_bytes,boundary_inversion_rate,lower,128,0.00160215770482,3.5133151395e-06,0.00159864438968,favors_pca,true
random_orthogonal,current_pca,frozen-pca,6,accurate_prefix_4,accurate_prefix_4,accurate_prefix_4,matched_intermediate_family_and_bytes,boundary_inversion_rate,lower,128,0.0015995648576,4.34336004598e-06,0.00159522149755,favors_pca,true
random_orthogonal,current_pca,frozen-pca,7,accurate_prefix_4,accurate_prefix_4,accurate_prefix_4,matched_intermediate_family_and_bytes,boundary_inversion_rate,lower,128,0.00158914125876,4.45411390077e-06,0.00158468714486,favors_pca,true
random_orthogonal,current_pca,frozen-pca,8,accurate_prefix_4,accurate_prefix_4,accurate_prefix_4,matched_intermediate_family_and_bytes,boundary_inversion_rate,lower,128,0.00158768749862,4.44326752219e-06,0.0015832442311,favors_pca,true
random_orthogonal,current_pca,frozen-pca,9,accurate_prefix_4,accurate_prefix_4,accurate_prefix_4,matched_intermediate_family_and_bytes,boundary_inversion_rate,lower,128,0.00160017506883,3.4413205774e-06,0.00159673374826,favors_pca,true
random_orthogonal,current_pca,frozen-pca,0,accurate_prefix_4,accurate_prefix_4,accurate_prefix_4,matched_intermediate_family_and_bytes,exact_best_rank,lower,128,1.6640625,1.0078125,0.65625,favors_pca,true
random_orthogonal,current_pca,frozen-pca,1,accurate_prefix_4,accurate_prefix_4,accurate_prefix_4,matched_intermediate_family_and_bytes,exact_best_rank,lower,128,1.6328125,1.0234375,0.609375,favors_pca,true
random_orthogonal,current_pca,frozen-pca,2,accurate_prefix_4,accurate_prefix_4,accurate_prefix_4,matched_intermediate_family_and_bytes,exact_best_rank,lower,128,1.640625,1.015625,0.625,favors_pca,true
random_orthogonal,current_pca,frozen-pca,3,accurate_prefix_4,accurate_prefix_4,accurate_prefix_4,matched_intermediate_family_and_bytes,exact_best_rank,lower,128,1.59375,1.015625,0.578125,favors_pca,true
random_orthogonal,current_pca,frozen-pca,4,accurate_prefix_4,accurate_prefix_4,accurate_prefix_4,matched_intermediate_family_and_bytes,exact_best_rank,lower,128,1.6640625,1.0078125,0.65625,favors_pca,true
random_orthogonal,current_pca,frozen-pca,5,accurate_prefix_4,accurate_prefix_4,accurate_prefix_4,matched_intermediate_family_and_bytes,exact_best_rank,lower,128,1.6015625,1,0.6015625,favors_pca,true
random_orthogonal,current_pca,frozen-pca,6,accurate_prefix_4,accurate_prefix_4,accurate_prefix_4,matched_intermediate_family_and_bytes,exact_best_rank,lower,128,1.6796875,1.0078125,0.671875,favors_pca,true
random_orthogonal,current_pca,frozen-pca,7,accurate_prefix_4,accurate_prefix_4,accurate_prefix_4,matched_intermediate_family_and_bytes,exact_best_rank,lower,128,1.5859375,1.03125,0.5546875,favors_pca,true
random_orthogonal,current_pca,frozen-pca,8,accurate_prefix_4,accurate_prefix_4,accurate_prefix_4,matched_intermediate_family_and_bytes,exact_best_rank,lower,128,1.6171875,1,0.6171875,favors_pca,true
random_orthogonal,current_pca,frozen-pca,9,accurate_prefix_4,accurate_prefix_4,accurate_prefix_4,matched_intermediate_family_and_bytes,exact_best_rank,lower,128,1.6015625,1.0078125,0.59375,favors_pca,true
random_orthogonal,current_pca,frozen-pca,-1,full,full,full,common_endpoint,mean_per_query_candidate_rmse,lower,128,0.047991280506,0.0020083822172,0.0459828982888,favors_pca,true
random_orthogonal,current_pca,frozen-pca,-1,full,full,full,common_endpoint,pooled_candidate_rmse,lower,128,0.0479031582614,0.00216407267195,0.0457390855894,favors_pca,true
random_orthogonal,current_pca,frozen-pca,-1,full,full,full,common_endpoint,candidate_mae,lower,128,0.0375835474285,0.00156023058121,0.0360233168473,favors_pca,true
random_orthogonal,current_pca,frozen-pca,-1,full,full,full,common_endpoint,topk_agreement,higher,128,0.87703125,0.994296875,-0.117265625,favors_pca,true
random_orthogonal,current_pca,frozen-pca,-1,full,full,full,common_endpoint,boundary_inversion_rate,lower,128,0.00168871675645,4.15158251342e-06,0.00168456517394,favors_pca,true
random_orthogonal,current_pca,frozen-pca,-1,full,full,full,common_endpoint,exact_best_rank,lower,128,1.640625,1.015625,0.625,favors_pca,true
random_orthogonal,current_pca,frozen-pca,0,full,full,full,common_endpoint,mean_per_query_candidate_rmse,lower,128,0.0479622177162,0.00168236720952,0.0462798505066,favors_pca,true
random_orthogonal,current_pca,frozen-pca,1,full,full,full,common_endpoint,mean_per_query_candidate_rmse,lower,128,0.0480309701377,0.00167930590519,0.0463516642325,favors_pca,true
random_orthogonal,current_pca,frozen-pca,2,full,full,full,common_endpoint,mean_per_query_candidate_rmse,lower,128,0.047997812764,0.00168400632866,0.0463138064353,favors_pca,true
random_orthogonal,current_pca,frozen-pca,3,full,full,full,common_endpoint,mean_per_query_candidate_rmse,lower,128,0.0479950845952,0.00167933435596,0.0463157502393,favors_pca,true
random_orthogonal,current_pca,frozen-pca,4,full,full,full,common_endpoint,mean_per_query_candidate_rmse,lower,128,0.0480546036014,0.00168471465923,0.0463698889422,favors_pca,true
random_orthogonal,current_pca,frozen-pca,5,full,full,full,common_endpoint,mean_per_query_candidate_rmse,lower,128,0.0479590709549,0.0016801213046,0.0462789496503,favors_pca,true
random_orthogonal,current_pca,frozen-pca,6,full,full,full,common_endpoint,mean_per_query_candidate_rmse,lower,128,0.0479974967897,0.00167954922156,0.0463179475681,favors_pca,true
random_orthogonal,current_pca,frozen-pca,7,full,full,full,common_endpoint,mean_per_query_candidate_rmse,lower,128,0.0480505177963,0.00167743477012,0.0463730830262,favors_pca,true
random_orthogonal,current_pca,frozen-pca,8,full,full,full,common_endpoint,mean_per_query_candidate_rmse,lower,128,0.0480680009178,0.00168227518321,0.0463857257346,favors_pca,true
random_orthogonal,current_pca,frozen-pca,9,full,full,full,common_endpoint,mean_per_query_candidate_rmse,lower,128,0.0480327688081,0.00167964673165,0.0463531220765,favors_pca,true
random_orthogonal,current_pca,frozen-pca,0,full,full,full,common_endpoint,pooled_candidate_rmse,lower,128,0.0478648582492,0.00183249958282,0.0460323586663,favors_pca,true
random_orthogonal,current_pca,frozen-pca,1,full,full,full,common_endpoint,pooled_candidate_rmse,lower,128,0.0479461041997,0.00183065470791,0.0461154494918,favors_pca,true
random_orthogonal,current_pca,frozen-pca,2,full,full,full,common_endpoint,pooled_candidate_rmse,lower,128,0.0479006792559,0.00183602177274,0.0460646574831,favors_pca,true
random_orthogonal,current_pca,frozen-pca,3,full,full,full,common_endpoint,pooled_candidate_rmse,lower,128,0.047906978837,0.00182814147249,0.0460788373645,favors_pca,true
random_orthogonal,current_pca,frozen-pca,4,full,full,full,common_endpoint,pooled_candidate_rmse,lower,128,0.0479597752803,0.00183631541026,0.04612345987,favors_pca,true
random_orthogonal,current_pca,frozen-pca,5,full,full,full,common_endpoint,pooled_candidate_rmse,lower,128,0.0478741331539,0.00182871234365,0.0460454208102,favors_pca,true
random_orthogonal,current_pca,frozen-pca,6,full,full,full,common_endpoint,pooled_candidate_rmse,lower,128,0.0479238429351,0.00183130131386,0.0460925416212,favors_pca,true
random_orthogonal,current_pca,frozen-pca,7,full,full,full,common_endpoint,pooled_candidate_rmse,lower,128,0.0479557794138,0.0018281419111,0.0461276375027,favors_pca,true
random_orthogonal,current_pca,frozen-pca,8,full,full,full,common_endpoint,pooled_candidate_rmse,lower,128,0.0479836041352,0.00183285952627,0.0461507446089,favors_pca,true
random_orthogonal,current_pca,frozen-pca,9,full,full,full,common_endpoint,pooled_candidate_rmse,lower,128,0.0479438519975,0.00183239344865,0.0461114585488,favors_pca,true
random_orthogonal,current_pca,frozen-pca,0,full,full,full,common_endpoint,candidate_mae,lower,128,0.0375826436735,0.00130683640922,0.0362758072643,favors_pca,true
random_orthogonal,current_pca,frozen-pca,1,full,full,full,common_endpoint,candidate_mae,lower,128,0.0376296237709,0.0013040441677,0.0363255796032,favors_pca,true
random_orthogonal,current_pca,frozen-pca,2,full,full,full,common_endpoint,candidate_mae,lower,128,0.0375859417628,0.00130747509357,0.0362784666692,favors_pca,true
random_orthogonal,current_pca,frozen-pca,3,full,full,full,common_endpoint,candidate_mae,lower,128,0.0375743602934,0.00130411957543,0.0362702407179,favors_pca,true
random_orthogonal,current_pca,frozen-pca,4,full,full,full,common_endpoint,candidate_mae,lower,128,0.0376244838344,0.0013080513056,0.0363164325288,favors_pca,true
random_orthogonal,current_pca,frozen-pca,5,full,full,full,common_endpoint,candidate_mae,lower,128,0.037574916382,0.00130527082511,0.0362696455569,favors_pca,true
random_orthogonal,current_pca,frozen-pca,6,full,full,full,common_endpoint,candidate_mae,lower,128,0.037616861633,0.00130427124599,0.036312590387,favors_pca,true
random_orthogonal,current_pca,frozen-pca,7,full,full,full,common_endpoint,candidate_mae,lower,128,0.0376208502,0.00130499981273,0.0363158503873,favors_pca,true
random_orthogonal,current_pca,frozen-pca,8,full,full,full,common_endpoint,candidate_mae,lower,128,0.0376312335752,0.00130620664457,0.0363250269307,favors_pca,true
random_orthogonal,current_pca,frozen-pca,9,full,full,full,common_endpoint,candidate_mae,lower,128,0.0376068772745,0.00130488843246,0.0363019888421,favors_pca,true
random_orthogonal,current_pca,frozen-pca,0,full,full,full,common_endpoint,topk_agreement,higher,128,0.87453125,0.99453125,-0.12,favors_pca,true
random_orthogonal,current_pca,frozen-pca,1,full,full,full,common_endpoint,topk_agreement,higher,128,0.874765625,0.9940625,-0.119296875,favors_pca,true
random_orthogonal,current_pca,frozen-pca,2,full,full,full,common_endpoint,topk_agreement,higher,128,0.8746875,0.994453125,-0.119765625,favors_pca,true
random_orthogonal,current_pca,frozen-pca,3,full,full,full,common_endpoint,topk_agreement,higher,128,0.875859375,0.995078125,-0.11921875,favors_pca,true
random_orthogonal,current_pca,frozen-pca,4,full,full,full,common_endpoint,topk_agreement,higher,128,0.876953125,0.994140625,-0.1171875,favors_pca,true
random_orthogonal,current_pca,frozen-pca,5,full,full,full,common_endpoint,topk_agreement,higher,128,0.874921875,0.995625,-0.120703125,favors_pca,true
random_orthogonal,current_pca,frozen-pca,6,full,full,full,common_endpoint,topk_agreement,higher,128,0.875234375,0.994296875,-0.1190625,favors_pca,true
random_orthogonal,current_pca,frozen-pca,7,full,full,full,common_endpoint,topk_agreement,higher,128,0.876015625,0.99484375,-0.118828125,favors_pca,true
random_orthogonal,current_pca,frozen-pca,8,full,full,full,common_endpoint,topk_agreement,higher,128,0.876796875,0.994453125,-0.11765625,favors_pca,true
random_orthogonal,current_pca,frozen-pca,9,full,full,full,common_endpoint,topk_agreement,higher,128,0.87515625,0.9946875,-0.11953125,favors_pca,true
random_orthogonal,current_pca,frozen-pca,0,full,full,full,common_endpoint,boundary_inversion_rate,lower,128,0.00169493122834,4.05613163891e-06,0.00169087509671,favors_pca,true
random_orthogonal,current_pca,frozen-pca,1,full,full,full,common_endpoint,boundary_inversion_rate,lower,128,0.00168626712933,4.67970124623e-06,0.00168158742809,favors_pca,true
random_orthogonal,current_pca,frozen-pca,2,full,full,full,common_endpoint,boundary_inversion_rate,lower,128,0.00168757983153,3.68082250264e-06,0.00168389900902,favors_pca,true
random_orthogonal,current_pca,frozen-pca,3,full,full,full,common_endpoint,boundary_inversion_rate,lower,128,0.00169608200643,3.94345560148e-06,0.00169213855083,favors_pca,true
random_orthogonal,current_pca,frozen-pca,4,full,full,full,common_endpoint,boundary_inversion_rate,lower,128,0.00170240111463,4.37602283955e-06,0.00169802509179,favors_pca,true
random_orthogonal,current_pca,frozen-pca,5,full,full,full,common_endpoint,boundary_inversion_rate,lower,128,0.00169264046109,3.53275710973e-06,0.00168910770398,favors_pca,true
random_orthogonal,current_pca,frozen-pca,6,full,full,full,common_endpoint,boundary_inversion_rate,lower,128,0.00169224937245,4.3822572932e-06,0.00168786711516,favors_pca,true
random_orthogonal,current_pca,frozen-pca,7,full,full,full,common_endpoint,boundary_inversion_rate,lower,128,0.00168479438682,4.39630281862e-06,0.001680398084,favors_pca,true
random_orthogonal,current_pca,frozen-pca,8,full,full,full,common_endpoint,boundary_inversion_rate,lower,128,0.00168225078504,4.41832978755e-06,0.00167783245525,favors_pca,true
random_orthogonal,current_pca,frozen-pca,9,full,full,full,common_endpoint,boundary_inversion_rate,lower,128,0.0016968034331,3.40292867537e-06,0.00169340050443,favors_pca,true
random_orthogonal,current_pca,frozen-pca,0,full,full,full,common_endpoint,exact_best_rank,lower,128,1.6796875,1.0078125,0.671875,favors_pca,true
random_orthogonal,current_pca,frozen-pca,1,full,full,full,common_endpoint,exact_best_rank,lower,128,1.6484375,1.0234375,0.625,favors_pca,true
random_orthogonal,current_pca,frozen-pca,2,full,full,full,common_endpoint,exact_best_rank,lower,128,1.7265625,1.015625,0.7109375,favors_pca,true
random_orthogonal,current_pca,frozen-pca,3,full,full,full,common_endpoint,exact_best_rank,lower,128,1.625,1.015625,0.609375,favors_pca,true
random_orthogonal,current_pca,frozen-pca,4,full,full,full,common_endpoint,exact_best_rank,lower,128,1.7265625,1.0078125,0.71875,favors_pca,true
random_orthogonal,current_pca,frozen-pca,5,full,full,full,common_endpoint,exact_best_rank,lower,128,1.6484375,1,0.6484375,favors_pca,true
random_orthogonal,current_pca,frozen-pca,6,full,full,full,common_endpoint,exact_best_rank,lower,128,1.703125,1.0078125,0.6953125,favors_pca,true
random_orthogonal,current_pca,frozen-pca,7,full,full,full,common_endpoint,exact_best_rank,lower,128,1.6171875,1.03125,0.5859375,favors_pca,true
random_orthogonal,current_pca,frozen-pca,8,full,full,full,common_endpoint,exact_best_rank,lower,128,1.6484375,1,0.6484375,favors_pca,true
random_orthogonal,current_pca,frozen-pca,9,full,full,full,common_endpoint,exact_best_rank,lower,128,1.640625,1.0078125,0.6328125,favors_pca,true
random_orthogonal,current_pca,uniform,-1,vars_conservative_lower_bound_all,vars_conservative_lower_bound_all,vars_conservative_lower_bound_all,common_endpoint,mean_per_query_candidate_rmse,lower,128,0.586730824534,2.20363868302,-1.61690785848,favors_transform,true
random_orthogonal,current_pca,uniform,-1,vars_conservative_lower_bound_all,vars_conservative_lower_bound_all,vars_conservative_lower_bound_all,common_endpoint,pooled_candidate_rmse,lower,128,0.581501370889,2.22850738419,-1.6470060133,favors_transform,true
random_orthogonal,current_pca,uniform,-1,vars_conservative_lower_bound_all,vars_conservative_lower_bound_all,vars_conservative_lower_bound_all,common_endpoint,candidate_mae,lower,128,0.525597286715,2.166058715,-1.64046142828,favors_transform,true
random_orthogonal,current_pca,uniform,-1,vars_conservative_lower_bound_all,vars_conservative_lower_bound_all,vars_conservative_lower_bound_all,common_endpoint,topk_agreement,higher,128,0.248984375,0.078125,0.170859375,favors_transform,true
random_orthogonal,current_pca,uniform,-1,vars_conservative_lower_bound_all,vars_conservative_lower_bound_all,vars_conservative_lower_bound_all,common_endpoint,boundary_inversion_rate,lower,128,0.144464594539,0.0480350630758,0.0964295314628,favors_pca,true
random_orthogonal,current_pca,uniform,-1,vars_conservative_lower_bound_all,vars_conservative_lower_bound_all,vars_conservative_lower_bound_all,common_endpoint,exact_best_rank,lower,128,513.84375,1159.2265625,-645.3828125,favors_transform,true
random_orthogonal,current_pca,uniform,0,vars_conservative_lower_bound_all,vars_conservative_lower_bound_all,vars_conservative_lower_bound_all,common_endpoint,mean_per_query_candidate_rmse,lower,128,0.586730850187,2.20363867114,-1.61690782096,favors_transform,true
random_orthogonal,current_pca,uniform,1,vars_conservative_lower_bound_all,vars_conservative_lower_bound_all,vars_conservative_lower_bound_all,common_endpoint,mean_per_query_candidate_rmse,lower,128,0.586730824761,2.20363868746,-1.61690786269,favors_transform,true
random_orthogonal,current_pca,uniform,2,vars_conservative_lower_bound_all,vars_conservative_lower_bound_all,vars_conservative_lower_bound_all,common_endpoint,mean_per_query_candidate_rmse,lower,128,0.58673079527,2.20363866189,-1.61690786662,favors_transform,true
random_orthogonal,current_pca,uniform,3,vars_conservative_lower_bound_all,vars_conservative_lower_bound_all,vars_conservative_lower_bound_all,common_endpoint,mean_per_query_candidate_rmse,lower,128,0.58673081581,2.20363867757,-1.61690786176,favors_transform,true
random_orthogonal,current_pca,uniform,4,vars_conservative_lower_bound_all,vars_conservative_lower_bound_all,vars_conservative_lower_bound_all,common_endpoint,mean_per_query_candidate_rmse,lower,128,0.586730798588,2.20363865393,-1.61690785534,favors_transform,true
random_orthogonal,current_pca,uniform,5,vars_conservative_lower_bound_all,vars_conservative_lower_bound_all,vars_conservative_lower_bound_all,common_endpoint,mean_per_query_candidate_rmse,lower,128,0.586730827037,2.20363868031,-1.61690785327,favors_transform,true
random_orthogonal,current_pca,uniform,6,vars_conservative_lower_bound_all,vars_conservative_lower_bound_all,vars_conservative_lower_bound_all,common_endpoint,mean_per_query_candidate_rmse,lower,128,0.586730792167,2.20363866995,-1.61690787778,favors_transform,true
random_orthogonal,current_pca,uniform,7,vars_conservative_lower_bound_all,vars_conservative_lower_bound_all,vars_conservative_lower_bound_all,common_endpoint,mean_per_query_candidate_rmse,lower,128,0.586730784326,2.20363865128,-1.61690786695,favors_transform,true
random_orthogonal,current_pca,uniform,8,vars_conservative_lower_bound_all,vars_conservative_lower_bound_all,vars_conservative_lower_bound_all,common_endpoint,mean_per_query_candidate_rmse,lower,128,0.586730787911,2.20363865866,-1.61690787075,favors_transform,true
random_orthogonal,current_pca,uniform,9,vars_conservative_lower_bound_all,vars_conservative_lower_bound_all,vars_conservative_lower_bound_all,common_endpoint,mean_per_query_candidate_rmse,lower,128,0.586730849114,2.20363868266,-1.61690783354,favors_transform,true
random_orthogonal,current_pca,uniform,0,vars_conservative_lower_bound_all,vars_conservative_lower_bound_all,vars_conservative_lower_bound_all,common_endpoint,pooled_candidate_rmse,lower,128,0.581501394017,2.22850737383,-1.64700597982,favors_transform,true
random_orthogonal,current_pca,uniform,1,vars_conservative_lower_bound_all,vars_conservative_lower_bound_all,vars_conservative_lower_bound_all,common_endpoint,pooled_candidate_rmse,lower,128,0.581501370137,2.22850739023,-1.64700602009,favors_transform,true
random_orthogonal,current_pca,uniform,2,vars_conservative_lower_bound_all,vars_conservative_lower_bound_all,vars_conservative_lower_bound_all,common_endpoint,pooled_candidate_rmse,lower,128,0.581501341372,2.22850736535,-1.64700602398,favors_transform,true
random_orthogonal,current_pca,uniform,3,vars_conservative_lower_bound_all,vars_conservative_lower_bound_all,vars_conservative_lower_bound_all,common_endpoint,pooled_candidate_rmse,lower,128,0.581501361666,2.22850737952,-1.64700601786,favors_transform,true
random_orthogonal,current_pca,uniform,4,vars_conservative_lower_bound_all,vars_conservative_lower_bound_all,vars_conservative_lower_bound_all,common_endpoint,pooled_candidate_rmse,lower,128,0.581501343983,2.22850735798,-1.647006014,favors_transform,true
random_orthogonal,current_pca,uniform,5,vars_conservative_lower_bound_all,vars_conservative_lower_bound_all,vars_conservative_lower_bound_all,common_endpoint,pooled_candidate_rmse,lower,128,0.581501373008,2.22850738077,-1.64700600776,favors_transform,true
random_orthogonal,current_pca,uniform,6,vars_conservative_lower_bound_all,vars_conservative_lower_bound_all,vars_conservative_lower_bound_all,common_endpoint,pooled_candidate_rmse,lower,128,0.581501337992,2.22850737229,-1.6470060343,favors_transform,true
random_orthogonal,current_pca,uniform,7,vars_conservative_lower_bound_all,vars_conservative_lower_bound_all,vars_conservative_lower_bound_all,common_endpoint,pooled_candidate_rmse,lower,128,0.581501330243,2.22850735502,-1.64700602477,favors_transform,true
random_orthogonal,current_pca,uniform,8,vars_conservative_lower_bound_all,vars_conservative_lower_bound_all,vars_conservative_lower_bound_all,common_endpoint,pooled_candidate_rmse,lower,128,0.58150133476,2.22850736222,-1.64700602746,favors_transform,true
random_orthogonal,current_pca,uniform,9,vars_conservative_lower_bound_all,vars_conservative_lower_bound_all,vars_conservative_lower_bound_all,common_endpoint,pooled_candidate_rmse,lower,128,0.581501394914,2.22850738387,-1.64700598896,favors_transform,true
random_orthogonal,current_pca,uniform,0,vars_conservative_lower_bound_all,vars_conservative_lower_bound_all,vars_conservative_lower_bound_all,common_endpoint,candidate_mae,lower,128,0.525597313538,2.16605870339,-1.64046138985,favors_transform,true
random_orthogonal,current_pca,uniform,1,vars_conservative_lower_bound_all,vars_conservative_lower_bound_all,vars_conservative_lower_bound_all,common_endpoint,candidate_mae,lower,128,0.52559728712,2.16605871925,-1.64046143213,favors_transform,true
random_orthogonal,current_pca,uniform,2,vars_conservative_lower_bound_all,vars_conservative_lower_bound_all,vars_conservative_lower_bound_all,common_endpoint,candidate_mae,lower,128,0.525597256201,2.16605869408,-1.64046143788,favors_transform,true
random_orthogonal,current_pca,uniform,3,vars_conservative_lower_bound_all,vars_conservative_lower_bound_all,vars_conservative_lower_bound_all,common_endpoint,candidate_mae,lower,128,0.525597277567,2.16605870934,-1.64046143177,favors_transform,true
random_orthogonal,current_pca,uniform,4,vars_conservative_lower_bound_all,vars_conservative_lower_bound_all,vars_conservative_lower_bound_all,common_endpoint,candidate_mae,lower,128,0.525597259998,2.16605868635,-1.64046142635,favors_transform,true
random_orthogonal,current_pca,uniform,5,vars_conservative_lower_bound_all,vars_conservative_lower_bound_all,vars_conservative_lower_bound_all,common_endpoint,candidate_mae,lower,128,0.525597289255,2.16605871214,-1.64046142288,favors_transform,true
random_orthogonal,current_pca,uniform,6,vars_conservative_lower_bound_all,vars_conservative_lower_bound_all,vars_conservative_lower_bound_all,common_endpoint,candidate_mae,lower,128,0.525597253035,2.16605870239,-1.64046144935,favors_transform,true
random_orthogonal,current_pca,uniform,7,vars_conservative_lower_bound_all,vars_conservative_lower_bound_all,vars_conservative_lower_bound_all,common_endpoint,candidate_mae,lower,128,0.525597245025,2.16605868401,-1.64046143899,favors_transform,true
random_orthogonal,current_pca,uniform,8,vars_conservative_lower_bound_all,vars_conservative_lower_bound_all,vars_conservative_lower_bound_all,common_endpoint,candidate_mae,lower,128,0.525597248682,2.16605869137,-1.64046144269,favors_transform,true
random_orthogonal,current_pca,uniform,9,vars_conservative_lower_bound_all,vars_conservative_lower_bound_all,vars_conservative_lower_bound_all,common_endpoint,candidate_mae,lower,128,0.525597312614,2.16605871463,-1.64046140201,favors_transform,true
random_orthogonal,current_pca,uniform,0,vars_conservative_lower_bound_all,vars_conservative_lower_bound_all,vars_conservative_lower_bound_all,common_endpoint,topk_agreement,higher,128,0.248984375,0.078125,0.170859375,favors_transform,true
random_orthogonal,current_pca,uniform,1,vars_conservative_lower_bound_all,vars_conservative_lower_bound_all,vars_conservative_lower_bound_all,common_endpoint,topk_agreement,higher,128,0.248984375,0.078125,0.170859375,favors_transform,true
random_orthogonal,current_pca,uniform,2,vars_conservative_lower_bound_all,vars_conservative_lower_bound_all,vars_conservative_lower_bound_all,common_endpoint,topk_agreement,higher,128,0.248984375,0.078125,0.170859375,favors_transform,true
random_orthogonal,current_pca,uniform,3,vars_conservative_lower_bound_all,vars_conservative_lower_bound_all,vars_conservative_lower_bound_all,common_endpoint,topk_agreement,higher,128,0.248984375,0.078125,0.170859375,favors_transform,true
random_orthogonal,current_pca,uniform,4,vars_conservative_lower_bound_all,vars_conservative_lower_bound_all,vars_conservative_lower_bound_all,common_endpoint,topk_agreement,higher,128,0.248984375,0.078125,0.170859375,favors_transform,true
random_orthogonal,current_pca,uniform,5,vars_conservative_lower_bound_all,vars_conservative_lower_bound_all,vars_conservative_lower_bound_all,common_endpoint,topk_agreement,higher,128,0.248984375,0.078125,0.170859375,favors_transform,true
random_orthogonal,current_pca,uniform,6,vars_conservative_lower_bound_all,vars_conservative_lower_bound_all,vars_conservative_lower_bound_all,common_endpoint,topk_agreement,higher,128,0.248984375,0.078125,0.170859375,favors_transform,true
random_orthogonal,current_pca,uniform,7,vars_conservative_lower_bound_all,vars_conservative_lower_bound_all,vars_conservative_lower_bound_all,common_endpoint,topk_agreement,higher,128,0.248984375,0.078125,0.170859375,favors_transform,true
random_orthogonal,current_pca,uniform,8,vars_conservative_lower_bound_all,vars_conservative_lower_bound_all,vars_conservative_lower_bound_all,common_endpoint,topk_agreement,higher,128,0.248984375,0.078125,0.170859375,favors_transform,true
random_orthogonal,current_pca,uniform,9,vars_conservative_lower_bound_all,vars_conservative_lower_bound_all,vars_conservative_lower_bound_all,common_endpoint,topk_agreement,higher,128,0.248984375,0.078125,0.170859375,favors_transform,true
random_orthogonal,current_pca,uniform,0,vars_conservative_lower_bound_all,vars_conservative_lower_bound_all,vars_conservative_lower_bound_all,common_endpoint,boundary_inversion_rate,lower,128,0.144464597667,0.0480350630758,0.0964295345908,favors_pca,true
random_orthogonal,current_pca,uniform,1,vars_conservative_lower_bound_all,vars_conservative_lower_bound_all,vars_conservative_lower_bound_all,common_endpoint,boundary_inversion_rate,lower,128,0.144464667241,0.0480350630758,0.096429604165,favors_pca,true
random_orthogonal,current_pca,uniform,2,vars_conservative_lower_bound_all,vars_conservative_lower_bound_all,vars_conservative_lower_bound_all,common_endpoint,boundary_inversion_rate,lower,128,0.144464635203,0.0480350460071,0.0964295891956,favors_pca,true
random_orthogonal,current_pca,uniform,3,vars_conservative_lower_bound_all,vars_conservative_lower_bound_all,vars_conservative_lower_bound_all,common_endpoint,boundary_inversion_rate,lower,128,0.144464601918,0.0480350630758,0.0964295388424,favors_pca,true
random_orthogonal,current_pca,uniform,4,vars_conservative_lower_bound_all,vars_conservative_lower_bound_all,vars_conservative_lower_bound_all,common_endpoint,boundary_inversion_rate,lower,128,0.144464701662,0.0480350630758,0.0964296385861,favors_pca,true
random_orthogonal,current_pca,uniform,5,vars_conservative_lower_bound_all,vars_conservative_lower_bound_all,vars_conservative_lower_bound_all,common_endpoint,boundary_inversion_rate,lower,128,0.144464617787,0.0480350460071,0.0964295717799,favors_pca,true
random_orthogonal,current_pca,uniform,6,vars_conservative_lower_bound_all,vars_conservative_lower_bound_all,vars_conservative_lower_bound_all,common_endpoint,boundary_inversion_rate,lower,128,0.144464642792,0.0480350630758,0.0964295797167,favors_pca,true
random_orthogonal,current_pca,uniform,7,vars_conservative_lower_bound_all,vars_conservative_lower_bound_all,vars_conservative_lower_bound_all,common_endpoint,boundary_inversion_rate,lower,128,0.144464631528,0.0480350630758,0.0964295684525,favors_pca,true
random_orthogonal,current_pca,uniform,8,vars_conservative_lower_bound_all,vars_conservative_lower_bound_all,vars_conservative_lower_bound_all,common_endpoint,boundary_inversion_rate,lower,128,0.144464676053,0.0480350460071,0.0964296300455,favors_pca,true
random_orthogonal,current_pca,uniform,9,vars_conservative_lower_bound_all,vars_conservative_lower_bound_all,vars_conservative_lower_bound_all,common_endpoint,boundary_inversion_rate,lower,128,0.144464670053,0.0480350460071,0.0964296240455,favors_pca,true
random_orthogonal,current_pca,uniform,0,vars_conservative_lower_bound_all,vars_conservative_lower_bound_all,vars_conservative_lower_bound_all,common_endpoint,exact_best_rank,lower,128,513.84375,1159.2265625,-645.3828125,favors_transform,true
random_orthogonal,current_pca,uniform,1,vars_conservative_lower_bound_all,vars_conservative_lower_bound_all,vars_conservative_lower_bound_all,common_endpoint,exact_best_rank,lower,128,513.84375,1159.2265625,-645.3828125,favors_transform,true
random_orthogonal,current_pca,uniform,2,vars_conservative_lower_bound_all,vars_conservative_lower_bound_all,vars_conservative_lower_bound_all,common_endpoint,exact_best_rank,lower,128,513.84375,1159.2265625,-645.3828125,favors_transform,true
random_orthogonal,current_pca,uniform,3,vars_conservative_lower_bound_all,vars_conservative_lower_bound_all,vars_conservative_lower_bound_all,common_endpoint,exact_best_rank,lower,128,513.84375,1159.2265625,-645.3828125,favors_transform,true
random_orthogonal,current_pca,uniform,4,vars_conservative_lower_bound_all,vars_conservative_lower_bound_all,vars_conservative_lower_bound_all,common_endpoint,exact_best_rank,lower,128,513.84375,1159.2265625,-645.3828125,favors_transform,true
random_orthogonal,current_pca,uniform,5,vars_conservative_lower_bound_all,vars_conservative_lower_bound_all,vars_conservative_lower_bound_all,common_endpoint,exact_best_rank,lower,128,513.84375,1159.2265625,-645.3828125,favors_transform,true
random_orthogonal,current_pca,uniform,6,vars_conservative_lower_bound_all,vars_conservative_lower_bound_all,vars_conservative_lower_bound_all,common_endpoint,exact_best_rank,lower,128,513.84375,1159.2265625,-645.3828125,favors_transform,true
random_orthogonal,current_pca,uniform,7,vars_conservative_lower_bound_all,vars_conservative_lower_bound_all,vars_conservative_lower_bound_all,common_endpoint,exact_best_rank,lower,128,513.84375,1159.2265625,-645.3828125,favors_transform,true
random_orthogonal,current_pca,uniform,8,vars_conservative_lower_bound_all,vars_conservative_lower_bound_all,vars_conservative_lower_bound_all,common_endpoint,exact_best_rank,lower,128,513.84375,1159.2265625,-645.3828125,favors_transform,true
random_orthogonal,current_pca,uniform,9,vars_conservative_lower_bound_all,vars_conservative_lower_bound_all,vars_conservative_lower_bound_all,common_endpoint,exact_best_rank,lower,128,513.84375,1159.2265625,-645.3828125,favors_transform,true
random_orthogonal,current_pca,uniform,-1,fast_all,fast_all,fast_all,common_endpoint,mean_per_query_candidate_rmse,lower,128,0.122654411169,0.23945511177,-0.116800700602,favors_transform,true
random_orthogonal,current_pca,uniform,-1,fast_all,fast_all,fast_all,common_endpoint,pooled_candidate_rmse,lower,128,0.123755933343,0.237536004948,-0.113780071605,favors_transform,true
random_orthogonal,current_pca,uniform,-1,fast_all,fast_all,fast_all,common_endpoint,candidate_mae,lower,128,0.108185885925,0.187654651703,-0.079468765778,favors_transform,true
random_orthogonal,current_pca,uniform,-1,fast_all,fast_all,fast_all,common_endpoint,topk_agreement,higher,128,0.84390625,0.43671875,0.4071875,favors_transform,true
random_orthogonal,current_pca,uniform,-1,fast_all,fast_all,fast_all,common_endpoint,boundary_inversion_rate,lower,128,0.00246515757602,0.062087886395,-0.059622728819,favors_transform,true
random_orthogonal,current_pca,uniform,-1,fast_all,fast_all,fast_all,common_endpoint,exact_best_rank,lower,128,1.6015625,105,-103.3984375,favors_transform,true
random_orthogonal,current_pca,uniform,0,fast_all,fast_all,fast_all,common_endpoint,mean_per_query_candidate_rmse,lower,128,0.122721519032,0.122662836572,5.86824600781e-05,favors_pca,true
random_orthogonal,current_pca,uniform,1,fast_all,fast_all,fast_all,common_endpoint,mean_per_query_candidate_rmse,lower,128,0.122887199173,0.122554084853,0.000333114320234,favors_pca,true
random_orthogonal,current_pca,uniform,2,fast_all,fast_all,fast_all,common_endpoint,mean_per_query_candidate_rmse,lower,128,0.122480907098,0.12245419485,2.67122475e-05,favors_pca,true
random_orthogonal,current_pca,uniform,3,fast_all,fast_all,fast_all,common_endpoint,mean_per_query_candidate_rmse,lower,128,0.122663183089,0.122297355926,0.000365827163125,favors_pca,true
random_orthogonal,current_pca,uniform,4,fast_all,fast_all,fast_all,common_endpoint,mean_per_query_candidate_rmse,lower,128,0.12253440055,0.122890881265,-0.000356480715391,favors_transform,true
random_orthogonal,current_pca,uniform,5,fast_all,fast_all,fast_all,common_endpoint,mean_per_query_candidate_rmse,lower,128,0.122517250177,0.12258125563,-6.40054532031e-05,favors_transform,true
random_orthogonal,current_pca,uniform,6,fast_all,fast_all,fast_all,common_endpoint,mean_per_query_candidate_rmse,lower,128,0.122835347961,0.122576120725,0.000259227236484,favors_pca,true
random_orthogonal,current_pca,uniform,7,fast_all,fast_all,fast_all,common_endpoint,mean_per_query_candidate_rmse,lower,128,0.122715801432,0.122616766645,9.90347872656e-05,favors_pca,true
random_orthogonal,current_pca,uniform,8,fast_all,fast_all,fast_all,common_endpoint,mean_per_query_candidate_rmse,lower,128,0.122638344734,0.122673554551,-3.52098169531e-05,favors_transform,true
random_orthogonal,current_pca,uniform,9,fast_all,fast_all,fast_all,common_endpoint,mean_per_query_candidate_rmse,lower,128,0.12257080139,0.122601830524,-3.10291340625e-05,favors_transform,true
random_orthogonal,current_pca,uniform,0,fast_all,fast_all,fast_all,common_endpoint,pooled_candidate_rmse,lower,128,0.123824316556,0.123772039177,5.22773784456e-05,favors_pca,true
random_orthogonal,current_pca,uniform,1,fast_all,fast_all,fast_all,common_endpoint,pooled_candidate_rmse,lower,128,0.12406567549,0.123658829093,0.00040684639683,favors_pca,true
random_orthogonal,current_pca,uniform,2,fast_all,fast_all,fast_all,common_endpoint,pooled_candidate_rmse,lower,128,0.123563102058,0.123604264135,-4.1162077761e-05,favors_transform,true
random_orthogonal,current_pca,uniform,3,fast_all,fast_all,fast_all,common_endpoint,pooled_candidate_rmse,lower,128,0.123820787047,0.123437981912,0.00038280513515,favors_pca,true
random_orthogonal,current_pca,uniform,4,fast_all,fast_all,fast_all,common_endpoint,pooled_candidate_rmse,lower,128,0.123631480148,0.12405957458,-0.000428094432398,favors_transform,true
random_orthogonal,current_pca,uniform,5,fast_all,fast_all,fast_all,common_endpoint,pooled_candidate_rmse,lower,128,0.123644338977,0.123640332956,4.00602068748e-06,favors_pca,true
random_orthogonal,current_pca,uniform,6,fast_all,fast_all,fast_all,common_endpoint,pooled_candidate_rmse,lower,128,0.123953714187,0.123656180974,0.00029753321293,favors_pca,true
random_orthogonal,current_pca,uniform,7,fast_all,fast_all,fast_all,common_endpoint,pooled_candidate_rmse,lower,128,0.12388645016,0.123704445369,0.000182004790984,favors_pca,true
random_orthogonal,current_pca,uniform,8,fast_all,fast_all,fast_all,common_endpoint,pooled_candidate_rmse,lower,128,0.123749715051,0.123791158856,-4.1443804746e-05,favors_transform,true
random_orthogonal,current_pca,uniform,9,fast_all,fast_all,fast_all,common_endpoint,pooled_candidate_rmse,lower,128,0.12368057398,0.123708755888,-2.81819083182e-05,favors_transform,true
random_orthogonal,current_pca,uniform,0,fast_all,fast_all,fast_all,common_endpoint,candidate_mae,lower,128,0.108312108831,0.108211309829,0.000100799002656,favors_pca,true
random_orthogonal,current_pca,uniform,1,fast_all,fast_all,fast_all,common_endpoint,candidate_mae,lower,128,0.108418887838,0.108086067733,0.000332820105547,favors_pca,true
random_orthogonal,current_pca,uniform,2,fast_all,fast_all,fast_all,common_endpoint,candidate_mae,lower,128,0.10805605707,0.108021350011,3.47070594531e-05,favors_pca,true
random_orthogonal,current_pca,uniform,3,fast_all,fast_all,fast_all,common_endpoint,candidate_mae,lower,128,0.108236370818,0.107861075581,0.000375295237344,favors_pca,true
random_orthogonal,current_pca,uniform,4,fast_all,fast_all,fast_all,common_endpoint,candidate_mae,lower,128,0.108094871486,0.108466643837,-0.000371772350469,favors_transform,true
random_orthogonal,current_pca,uniform,5,fast_all,fast_all,fast_all,common_endpoint,candidate_mae,lower,128,0.108105659466,0.108179997481,-7.43380148437e-05,favors_transform,true
random_orthogonal,current_pca,uniform,6,fast_all,fast_all,fast_all,common_endpoint,candidate_mae,lower,128,0.108394469686,0.108105476665,0.000288993021016,favors_pca,true
random_orthogonal,current_pca,uniform,7,fast_all,fast_all,fast_all,common_endpoint,candidate_mae,lower,128,0.10824639073,0.108257467332,-1.10766020312e-05,favors_transform,true
random_orthogonal,current_pca,uniform,8,fast_all,fast_all,fast_all,common_endpoint,candidate_mae,lower,128,0.108212596223,0.108230275238,-1.76790150781e-05,favors_transform,true
random_orthogonal,current_pca,uniform,9,fast_all,fast_all,fast_all,common_endpoint,candidate_mae,lower,128,0.10811937333,0.10814127786,-2.19045296094e-05,favors_transform,true
random_orthogonal,current_pca,uniform,0,fast_all,fast_all,fast_all,common_endpoint,topk_agreement,higher,128,0.83765625,0.84359375,-0.0059375,favors_pca,true
random_orthogonal,current_pca,uniform,1,fast_all,fast_all,fast_all,common_endpoint,topk_agreement,higher,128,0.84140625,0.845546875,-0.004140625,favors_pca,true
random_orthogonal,current_pca,uniform,2,fast_all,fast_all,fast_all,common_endpoint,topk_agreement,higher,128,0.844375,0.843359375,0.001015625,favors_transform,true
random_orthogonal,current_pca,uniform,3,fast_all,fast_all,fast_all,common_endpoint,topk_agreement,higher,128,0.844921875,0.84140625,0.003515625,favors_transform,true
random_orthogonal,current_pca,uniform,4,fast_all,fast_all,fast_all,common_endpoint,topk_agreement,higher,128,0.84265625,0.8378125,0.00484375,favors_transform,true
random_orthogonal,current_pca,uniform,5,fast_all,fast_all,fast_all,common_endpoint,topk_agreement,higher,128,0.845703125,0.842890625,0.0028125,favors_transform,true
random_orthogonal,current_pca,uniform,6,fast_all,fast_all,fast_all,common_endpoint,topk_agreement,higher,128,0.84328125,0.842890625,0.000390625,favors_transform,true
random_orthogonal,current_pca,uniform,7,fast_all,fast_all,fast_all,common_endpoint,topk_agreement,higher,128,0.843125,0.8409375,0.0021875,favors_transform,true
random_orthogonal,current_pca,uniform,8,fast_all,fast_all,fast_all,common_endpoint,topk_agreement,higher,128,0.84375,0.846640625,-0.002890625,favors_pca,true
random_orthogonal,current_pca,uniform,9,fast_all,fast_all,fast_all,common_endpoint,topk_agreement,higher,128,0.8440625,0.84296875,0.00109375,favors_transform,true
random_orthogonal,current_pca,uniform,0,fast_all,fast_all,fast_all,common_endpoint,boundary_inversion_rate,lower,128,0.00261183263767,0.00250482898075,0.00010700365692,favors_pca,true
random_orthogonal,current_pca,uniform,1,fast_all,fast_all,fast_all,common_endpoint,boundary_inversion_rate,lower,128,0.00252557077774,0.00250359173926,2.19790384836e-05,favors_pca,true
random_orthogonal,current_pca,uniform,2,fast_all,fast_all,fast_all,common_endpoint,boundary_inversion_rate,lower,128,0.00249549301719,0.00256575644428,-7.02634270875e-05,favors_transform,true
random_orthogonal,current_pca,uniform,3,fast_all,fast_all,fast_all,common_endpoint,boundary_inversion_rate,lower,128,0.00246297881826,0.00255487354373,-9.18947254789e-05,favors_transform,true
random_orthogonal,current_pca,uniform,4,fast_all,fast_all,fast_all,common_endpoint,boundary_inversion_rate,lower,128,0.00250650191936,0.00255409133854,-4.75894191875e-05,favors_transform,true
random_orthogonal,current_pca,uniform,5,fast_all,fast_all,fast_all,common_endpoint,boundary_inversion_rate,lower,128,0.00256559165603,0.00253470557217,3.08860838625e-05,favors_pca,true
random_orthogonal,current_pca,uniform,6,fast_all,fast_all,fast_all,common_endpoint,boundary_inversion_rate,lower,128,0.00251937193814,0.00253091401397,-1.15420758289e-05,favors_transform,true
random_orthogonal,current_pca,uniform,7,fast_all,fast_all,fast_all,common_endpoint,boundary_inversion_rate,lower,128,0.00263123871085,0.00258566158582,4.55771250328e-05,favors_pca,true
random_orthogonal,current_pca,uniform,8,fast_all,fast_all,fast_all,common_endpoint,boundary_inversion_rate,lower,128,0.00252766195419,0.00251190021388,1.57617403031e-05,favors_pca,true
random_orthogonal,current_pca,uniform,9,fast_all,fast_all,fast_all,common_endpoint,boundary_inversion_rate,lower,128,0.00249611257237,0.00251539693588,-1.92843635062e-05,favors_transform,true
random_orthogonal,current_pca,uniform,0,fast_all,fast_all,fast_all,common_endpoint,exact_best_rank,lower,128,1.7734375,1.984375,-0.2109375,favors_transform,true
random_orthogonal,current_pca,uniform,1,fast_all,fast_all,fast_all,common_endpoint,exact_best_rank,lower,128,1.78125,1.875,-0.09375,favors_transform,true
random_orthogonal,current_pca,uniform,2,fast_all,fast_all,fast_all,common_endpoint,exact_best_rank,lower,128,1.90625,1.7265625,0.1796875,favors_pca,true
random_orthogonal,current_pca,uniform,3,fast_all,fast_all,fast_all,common_endpoint,exact_best_rank,lower,128,1.828125,1.6953125,0.1328125,favors_pca,true
random_orthogonal,current_pca,uniform,4,fast_all,fast_all,fast_all,common_endpoint,exact_best_rank,lower,128,1.5546875,1.7109375,-0.15625,favors_transform,true
random_orthogonal,current_pca,uniform,5,fast_all,fast_all,fast_all,common_endpoint,exact_best_rank,lower,128,1.9453125,1.796875,0.1484375,favors_pca,true
random_orthogonal,current_pca,uniform,6,fast_all,fast_all,fast_all,common_endpoint,exact_best_rank,lower,128,1.828125,1.5625,0.265625,favors_pca,true
random_orthogonal,current_pca,uniform,7,fast_all,fast_all,fast_all,common_endpoint,exact_best_rank,lower,128,1.7265625,1.7734375,-0.046875,favors_transform,true
random_orthogonal,current_pca,uniform,8,fast_all,fast_all,fast_all,common_endpoint,exact_best_rank,lower,128,1.8671875,1.7421875,0.125,favors_pca,true
random_orthogonal,current_pca,uniform,9,fast_all,fast_all,fast_all,common_endpoint,exact_best_rank,lower,128,1.7109375,1.5390625,0.171875,favors_pca,true
random_orthogonal,current_pca,uniform,-1,full,full,full,common_endpoint,mean_per_query_candidate_rmse,lower,128,0.00836536526384,0.0634132599903,-0.0550478947265,favors_transform,true
random_orthogonal,current_pca,uniform,-1,full,full,full,common_endpoint,pooled_candidate_rmse,lower,128,0.00844370913833,0.0626253775347,-0.0541816683964,favors_transform,true
random_orthogonal,current_pca,uniform,-1,full,full,full,common_endpoint,candidate_mae,lower,128,0.00654237433311,0.04755523592,-0.0410128615869,favors_transform,true
random_orthogonal,current_pca,uniform,-1,full,full,full,common_endpoint,topk_agreement,higher,128,0.97625,0.836953125,0.139296875,favors_transform,true
random_orthogonal,current_pca,uniform,-1,full,full,full,common_endpoint,boundary_inversion_rate,lower,128,5.73198548954e-05,0.00315867303019,-0.0031013531753,favors_transform,true
random_orthogonal,current_pca,uniform,-1,full,full,full,common_endpoint,exact_best_rank,lower,128,1.09375,2.03125,-0.9375,favors_transform,true
random_orthogonal,current_pca,uniform,0,full,full,full,common_endpoint,mean_per_query_candidate_rmse,lower,128,0.00836877220901,0.00830452424618,6.42479628281e-05,favors_pca,true
random_orthogonal,current_pca,uniform,1,full,full,full,common_endpoint,mean_per_query_candidate_rmse,lower,128,0.00835963253587,0.00828513517018,7.44973656953e-05,favors_pca,true
random_orthogonal,current_pca,uniform,2,full,full,full,common_endpoint,mean_per_query_candidate_rmse,lower,128,0.00839003314465,0.00828870738895,0.000101325755695,favors_pca,true
random_orthogonal,current_pca,uniform,3,full,full,full,common_endpoint,mean_per_query_candidate_rmse,lower,128,0.00837506429502,0.00830492750129,7.01367937266e-05,favors_pca,true
random_orthogonal,current_pca,uniform,4,full,full,full,common_endpoint,mean_per_query_candidate_rmse,lower,128,0.00841887617358,0.00830232439759,0.000116551775984,favors_pca,true
random_orthogonal,current_pca,uniform,5,full,full,full,common_endpoint,mean_per_query_candidate_rmse,lower,128,0.008385895688,0.00827857073156,0.000107324956437,favors_pca,true
random_orthogonal,current_pca,uniform,6,full,full,full,common_endpoint,mean_per_query_candidate_rmse,lower,128,0.00834820507941,0.00830442134884,4.37837305703e-05,favors_pca,true
random_orthogonal,current_pca,uniform,7,full,full,full,common_endpoint,mean_per_query_candidate_rmse,lower,128,0.00837119550252,0.00828435598852,8.6839514e-05,favors_pca,true
random_orthogonal,current_pca,uniform,8,full,full,full,common_endpoint,mean_per_query_candidate_rmse,lower,128,0.00835993345759,0.0082877282592,7.22051983906e-05,favors_pca,true
random_orthogonal,current_pca,uniform,9,full,full,full,common_endpoint,mean_per_query_candidate_rmse,lower,128,0.00838935664837,0.00829483794809,9.45187002812e-05,favors_pca,true
random_orthogonal,current_pca,uniform,0,full,full,full,common_endpoint,pooled_candidate_rmse,lower,128,0.00845311267159,0.00839079598946,6.23166821332e-05,favors_pca,true
random_orthogonal,current_pca,uniform,1,full,full,full,common_endpoint,pooled_candidate_rmse,lower,128,0.0084366928018,0.00837333537853,6.33574232678e-05,favors_pca,true
random_orthogonal,current_pca,uniform,2,full,full,full,common_endpoint,pooled_candidate_rmse,lower,128,0.00846797407721,0.00837556448169,9.24095955223e-05,favors_pca,true
random_orthogonal,current_pca,uniform,3,full,full,full,common_endpoint,pooled_candidate_rmse,lower,128,0.0084576284177,0.00839071162677,6.69167909342e-05,favors_pca,true
random_orthogonal,current_pca,uniform,4,full,full,full,common_endpoint,pooled_candidate_rmse,lower,128,0.00850257029004,0.00838480690286,0.000117763387186,favors_pca,true
random_orthogonal,current_pca,uniform,5,full,full,full,common_endpoint,pooled_candidate_rmse,lower,128,0.00847109031897,0.00836744084496,0.000103649474008,favors_pca,true
random_orthogonal,current_pca,uniform,6,full,full,full,common_endpoint,pooled_candidate_rmse,lower,128,0.00842999436591,0.00838345782169,4.65365442152e-05,favors_pca,true
random_orthogonal,current_pca,uniform,7,full,full,full,common_endpoint,pooled_candidate_rmse,lower,128,0.00845089390808,0.0083642970289,8.65968791838e-05,favors_pca,true
random_orthogonal,current_pca,uniform,8,full,full,full,common_endpoint,pooled_candidate_rmse,lower,128,0.0084434731004,0.00837361363495,6.98594654559e-05,favors_pca,true
random_orthogonal,current_pca,uniform,9,full,full,full,common_endpoint,pooled_candidate_rmse,lower,128,0.00847082530937,0.00837738053764,9.34447717244e-05,favors_pca,true
random_orthogonal,current_pca,uniform,0,full,full,full,common_endpoint,candidate_mae,lower,128,0.00654163077105,0.00649815443233,4.34763387188e-05,favors_pca,true
random_orthogonal,current_pca,uniform,1,full,full,full,common_endpoint,candidate_mae,lower,128,0.00653867989443,0.00648124631547,5.74335789609e-05,favors_pca,true
random_orthogonal,current_pca,uniform,2,full,full,full,common_endpoint,candidate_mae,lower,128,0.00656083914566,0.0064845046789,7.63344667656e-05,favors_pca,true
random_orthogonal,current_pca,uniform,3,full,full,full,common_endpoint,candidate_mae,lower,128,0.00655393899,0.00649695939786,5.69795921406e-05,favors_pca,true
random_orthogonal,current_pca,uniform,4,full,full,full,common_endpoint,candidate_mae,lower,128,0.00658115774459,0.0064920616942,8.90960503906e-05,favors_pca,true
random_orthogonal,current_pca,uniform,5,full,full,full,common_endpoint,candidate_mae,lower,128,0.00656465368259,0.00647648305554,8.81706270547e-05,favors_pca,true
random_orthogonal,current_pca,uniform,6,full,full,full,common_endpoint,candidate_mae,lower,128,0.00653303762415,0.00650350869259,2.95289315547e-05,favors_pca,true
random_orthogonal,current_pca,uniform,7,full,full,full,common_endpoint,candidate_mae,lower,128,0.00654366287385,0.00648348238785,6.0180486e-05,favors_pca,true
random_orthogonal,current_pca,uniform,8,full,full,full,common_endpoint,candidate_mae,lower,128,0.00653871248341,0.00648382598334,5.48865000781e-05,favors_pca,true
random_orthogonal,current_pca,uniform,9,full,full,full,common_endpoint,candidate_mae,lower,128,0.00655987020786,0.0064840267588,7.58434490547e-05,favors_pca,true
random_orthogonal,current_pca,uniform,0,full,full,full,common_endpoint,topk_agreement,higher,128,0.976640625,0.97609375,0.000546875,favors_transform,true
random_orthogonal,current_pca,uniform,1,full,full,full,common_endpoint,topk_agreement,higher,128,0.9765625,0.9778125,-0.00125,favors_pca,true
random_orthogonal,current_pca,uniform,2,full,full,full,common_endpoint,topk_agreement,higher,128,0.97578125,0.975546875,0.000234375,favors_transform,true
random_orthogonal,current_pca,uniform,3,full,full,full,common_endpoint,topk_agreement,higher,128,0.976328125,0.975703125,0.000625,favors_transform,true
random_orthogonal,current_pca,uniform,4,full,full,full,common_endpoint,topk_agreement,higher,128,0.977109375,0.97796875,-0.000859375,favors_pca,true
random_orthogonal,current_pca,uniform,5,full,full,full,common_endpoint,topk_agreement,higher,128,0.97578125,0.977109375,-0.001328125,favors_pca,true
random_orthogonal,current_pca,uniform,6,full,full,full,common_endpoint,topk_agreement,higher,128,0.97609375,0.976328125,-0.000234375,favors_pca,true
random_orthogonal,current_pca,uniform,7,full,full,full,common_endpoint,topk_agreement,higher,128,0.977890625,0.978046875,-0.00015625,favors_pca,true
random_orthogonal,current_pca,uniform,8,full,full,full,common_endpoint,topk_agreement,higher,128,0.97671875,0.976171875,0.000546875,favors_transform,true
random_orthogonal,current_pca,uniform,9,full,full,full,common_endpoint,topk_agreement,higher,128,0.97546875,0.976953125,-0.001484375,favors_pca,true
random_orthogonal,current_pca,uniform,0,full,full,full,common_endpoint,boundary_inversion_rate,lower,128,5.89983175884e-05,5.75649285794e-05,1.43338900898e-06,favors_pca,true
random_orthogonal,current_pca,uniform,1,full,full,full,common_endpoint,boundary_inversion_rate,lower,128,5.85229920677e-05,5.6659410518e-05,1.86358154968e-06,favors_pca,true
random_orthogonal,current_pca,uniform,2,full,full,full,common_endpoint,boundary_inversion_rate,lower,128,5.77322167959e-05,5.84796886231e-05,-7.47471827227e-07,favors_transform,true
random_orthogonal,current_pca,uniform,3,full,full,full,common_endpoint,boundary_inversion_rate,lower,128,6.05060655431e-05,6.46039395665e-05,-4.09787402345e-06,favors_transform,true
random_orthogonal,current_pca,uniform,4,full,full,full,common_endpoint,boundary_inversion_rate,lower,128,5.50292610039e-05,5.44333167517e-05,5.95944252156e-07,favors_pca,true
random_orthogonal,current_pca,uniform,5,full,full,full,common_endpoint,boundary_inversion_rate,lower,128,5.95045557341e-05,5.43750497506e-05,5.12950598351e-06,favors_pca,true
random_orthogonal,current_pca,uniform,6,full,full,full,common_endpoint,boundary_inversion_rate,lower,128,6.13518074562e-05,5.82586445598e-05,3.09316289635e-06,favors_pca,true
random_orthogonal,current_pca,uniform,7,full,full,full,common_endpoint,boundary_inversion_rate,lower,128,5.25435063247e-05,5.41974476455e-05,-1.65394132085e-06,favors_transform,true
random_orthogonal,current_pca,uniform,8,full,full,full,common_endpoint,boundary_inversion_rate,lower,128,5.74075793452e-05,5.52817868558e-05,2.12579248948e-06,favors_pca,true
random_orthogonal,current_pca,uniform,9,full,full,full,common_endpoint,boundary_inversion_rate,lower,128,6.15983094471e-05,5.30888079447e-05,8.50950150238e-06,favors_pca,true
random_orthogonal,current_pca,uniform,0,full,full,full,common_endpoint,exact_best_rank,lower,128,1.078125,1.0546875,0.0234375,favors_pca,true
random_orthogonal,current_pca,uniform,1,full,full,full,common_endpoint,exact_best_rank,lower,128,1.0859375,1.0390625,0.046875,favors_pca,true
random_orthogonal,current_pca,uniform,2,full,full,full,common_endpoint,exact_best_rank,lower,128,1.140625,1.125,0.015625,favors_pca,true
random_orthogonal,current_pca,uniform,3,full,full,full,common_endpoint,exact_best_rank,lower,128,1.1171875,1.0703125,0.046875,favors_pca,true
random_orthogonal,current_pca,uniform,4,full,full,full,common_endpoint,exact_best_rank,lower,128,1.0625,1.0546875,0.0078125,favors_pca,true
random_orthogonal,current_pca,uniform,5,full,full,full,common_endpoint,exact_best_rank,lower,128,1.0546875,1.0703125,-0.015625,favors_transform,true
random_orthogonal,current_pca,uniform,6,full,full,full,common_endpoint,exact_best_rank,lower,128,1.1484375,1.0390625,0.109375,favors_pca,true
random_orthogonal,current_pca,uniform,7,full,full,full,common_endpoint,exact_best_rank,lower,128,1.109375,1.0703125,0.0390625,favors_pca,true
random_orthogonal,current_pca,uniform,8,full,full,full,common_endpoint,exact_best_rank,lower,128,1.0859375,1.03125,0.0546875,favors_pca,true
random_orthogonal,current_pca,uniform,9,full,full,full,common_endpoint,exact_best_rank,lower,128,1.0390625,1.046875,-0.0078125,favors_transform,true
