transform,baseline,plan_control,rotation_group,stage,transform_stage,pca_stage,stage_match_type,stage_semantics,transform_query_count,pca_query_count,paired_query_count,bootstrap_replicates,bootstrap_seed,transform_logical_bytes_per_candidate,pca_logical_bytes_per_candidate,transform_actual_serialized_index_bytes,pca_actual_serialized_index_bytes,matched_plan,matched_logical_bytes,matched_serialized_bytes,matched_budget,dominance_scope,mean_per_query_candidate_rmse_better_direction,mean_per_query_candidate_rmse_paired_query_count,mean_per_query_candidate_rmse_transform_mean,mean_per_query_candidate_rmse_pca_mean,mean_per_query_candidate_rmse_transform_minus_pca,mean_per_query_candidate_rmse_ci95_low,mean_per_query_candidate_rmse_ci95_high,mean_per_query_candidate_rmse_ci_excludes_zero,mean_per_query_candidate_rmse_ci_evidence,mean_per_query_candidate_rmse_seed_effect_min,mean_per_query_candidate_rmse_seed_effect_median,mean_per_query_candidate_rmse_seed_effect_max,mean_per_query_candidate_rmse_seeds_favoring_transform,mean_per_query_candidate_rmse_seeds_favoring_pca,mean_per_query_candidate_rmse_seeds_tied,mean_per_query_candidate_rmse_seeds_unavailable,pooled_candidate_rmse_better_direction,pooled_candidate_rmse_paired_query_count,pooled_candidate_rmse_transform_mean,pooled_candidate_rmse_pca_mean,pooled_candidate_rmse_transform_minus_pca,pooled_candidate_rmse_ci95_low,pooled_candidate_rmse_ci95_high,pooled_candidate_rmse_ci_excludes_zero,pooled_candidate_rmse_ci_evidence,pooled_candidate_rmse_seed_effect_min,pooled_candidate_rmse_seed_effect_median,pooled_candidate_rmse_seed_effect_max,pooled_candidate_rmse_seeds_favoring_transform,pooled_candidate_rmse_seeds_favoring_pca,pooled_candidate_rmse_seeds_tied,pooled_candidate_rmse_seeds_unavailable,candidate_mae_better_direction,candidate_mae_paired_query_count,candidate_mae_transform_mean,candidate_mae_pca_mean,candidate_mae_transform_minus_pca,candidate_mae_ci95_low,candidate_mae_ci95_high,candidate_mae_ci_excludes_zero,candidate_mae_ci_evidence,candidate_mae_seed_effect_min,candidate_mae_seed_effect_median,candidate_mae_seed_effect_max,candidate_mae_seeds_favoring_transform,candidate_mae_seeds_favoring_pca,candidate_mae_seeds_tied,candidate_mae_seeds_unavailable,topk_agreement_better_direction,topk_agreement_paired_query_count,topk_agreement_transform_mean,topk_agreement_pca_mean,topk_agreement_transform_minus_pca,topk_agreement_ci95_low,topk_agreement_ci95_high,topk_agreement_ci_excludes_zero,topk_agreement_ci_evidence,topk_agreement_seed_effect_min,topk_agreement_seed_effect_median,topk_agreement_seed_effect_max,topk_agreement_seeds_favoring_transform,topk_agreement_seeds_favoring_pca,topk_agreement_seeds_tied,topk_agreement_seeds_unavailable,boundary_inversion_rate_better_direction,boundary_inversion_rate_paired_query_count,boundary_inversion_rate_transform_mean,boundary_inversion_rate_pca_mean,boundary_inversion_rate_transform_minus_pca,boundary_inversion_rate_ci95_low,boundary_inversion_rate_ci95_high,boundary_inversion_rate_ci_excludes_zero,boundary_inversion_rate_ci_evidence,boundary_inversion_rate_seed_effect_min,boundary_inversion_rate_seed_effect_median,boundary_inversion_rate_seed_effect_max,boundary_inversion_rate_seeds_favoring_transform,boundary_inversion_rate_seeds_favoring_pca,boundary_inversion_rate_seeds_tied,boundary_inversion_rate_seeds_unavailable,exact_best_rank_better_direction,exact_best_rank_paired_query_count,exact_best_rank_transform_mean,exact_best_rank_pca_mean,exact_best_rank_transform_minus_pca,exact_best_rank_ci95_low,exact_best_rank_ci95_high,exact_best_rank_ci_excludes_zero,exact_best_rank_ci_evidence,exact_best_rank_seed_effect_min,exact_best_rank_seed_effect_median,exact_best_rank_seed_effect_max,exact_best_rank_seeds_favoring_transform,exact_best_rank_seeds_favoring_pca,exact_best_rank_seeds_tied,exact_best_rank_seeds_unavailable,descriptive_mean_rate_quality_relation,ci_metrics_favoring_transform,ci_metrics_favoring_pca,ci_metrics_including_zero,all_metric_cis_favor_transform,all_metric_cis_favor_pca
identity,current_pca,native,seed_average,vars_conservative_lower_bound_all,vars_conservative_lower_bound_all,vars_conservative_lower_bound_all,common_endpoint,conservative_lower_bound_not_ordinary_distance_estimator,128,128,128,10000,20260710,4,20,34013109,34201289,false,false,false,false,partial_diagnostic_index_serialization_plus_logical_requested_bytes,lower,128,0.592424937652,1.89500070343,-1.30257576578,-1.37756097984,-1.22813569589,true,favors_transform,-1.30257580037,-1.30257576995,-1.30257572511,10,0,0,0,lower,128,0.585854845016,1.89126918809,-1.30541434307,-1.37842651325,-1.23464732965,true,favors_transform,-1.30541437794,-1.30541434702,-1.30541430117,10,0,0,0,lower,128,0.531693304151,1.85269561243,-1.32100230828,-1.40021123549,-1.2449691898,true,favors_transform,-1.32100234425,-1.32100231284,-1.3210022655,10,0,0,0,higher,128,0.25015625,0.0844453125,0.1657109375,0.15046875,0.1812578125,true,favors_transform,0.165703125,0.165703125,0.16578125,10,0,0,0,lower,128,0.144625788212,0.234920580162,-0.0902947919502,-0.100522478556,-0.0805001888947,true,favors_transform,-0.0902948832805,-0.0902947826072,-0.0902947033907,10,0,0,0,lower,128,508.578125,737.2734375,-228.6953125,-322.687695313,-132.40625,true,favors_transform,-228.6953125,-228.6953125,-228.6953125,10,0,0,0,not_applicable_conservative_bound,6,0,0,true,false
identity,current_pca,native,seed_average,fast_all,fast_all,fast_all,common_endpoint,progressive_distance_estimate,128,128,128,10000,20260710,124,124,34013109,34201289,false,true,false,false,partial_diagnostic_index_serialization_plus_logical_requested_bytes,lower,128,0.122593175906,0.38634741424,-0.263754238334,-0.277192288439,-0.251134645553,true,favors_transform,-0.264250633881,-0.263789798822,-0.262920982264,10,0,0,0,lower,128,0.123726127308,0.387437102171,-0.263710974863,-0.276127734013,-0.251836525959,true,favors_transform,-0.26424430216,-0.263717871454,-0.262846135415,10,0,0,0,lower,128,0.108150222018,0.350873785253,-0.242723563235,-0.25492954892,-0.230630709222,true,favors_transform,-0.243434014705,-0.242734189659,-0.242135146166,10,0,0,0,higher,128,0.8423515625,0.5931328125,0.24921875,0.244265429687,0.254265625,true,favors_transform,0.240078125,0.25,0.254609375,10,0,0,0,lower,128,0.00256901945497,0.0192939781485,-0.0167249586935,-0.0174620359831,-0.0159694346755,true,favors_transform,-0.0172070705966,-0.0166727692815,-0.0164155536824,10,0,0,0,lower,128,1.78984375,7.646875,-5.85703125,-6.88595703125,-4.8703125,true,favors_transform,-6.9140625,-5.984375,-4.078125,10,0,0,0,transform_partially_dominates_pca,6,0,0,true,false
identity,current_pca,native,seed_average,full,full,full,common_endpoint,progressive_distance_estimate,128,128,128,10000,20260710,492,508,34013109,34201289,false,false,false,false,partial_diagnostic_index_serialization_plus_logical_requested_bytes,lower,128,0.00838137359575,0.00168087556697,0.00670049802878,0.00638230615006,0.00702715353694,true,favors_pca,0.00667929323357,0.00669710759457,0.00671850967895,0,10,0,0,lower,128,0.00846256152777,0.00183170627664,0.00663085525113,0.00633367200616,0.00693440437416,true,favors_pca,0.00660494141945,0.00662712265369,0.00665280426931,0,10,0,0,lower,128,0.00655428702069,0.00130561635124,0.00524867066945,0.0050004280365,0.00551595122981,true,favors_pca,0.00523174567873,0.00524424016105,0.00526374589434,0,10,0,0,higher,128,0.9765859375,0.9946171875,-0.01803125,-0.0189921875,-0.0170546875,true,favors_pca,-0.019140625,-0.0180859375,-0.016953125,0,10,0,0,lower,128,5.83871243503e-05,4.08687095133e-06,5.4300253399e-05,4.95600457687e-05,5.91177391791e-05,true,favors_pca,4.84668616258e-05,5.51127215426e-05,5.86205392674e-05,0,10,0,0,lower,128,1.0671875,1.01171875,0.05546875,0.03435546875,0.08046875,true,favors_pca,0.03125,0.05859375,0.0859375,0,10,0,0,tradeoff,0,6,0,false,true
identity,current_pca,native,off,vars_conservative_lower_bound_all,vars_conservative_lower_bound_all,vars_conservative_lower_bound_all,common_endpoint,conservative_lower_bound_not_ordinary_distance_estimator,128,128,128,10000,20260710,4,20,30326709,33300169,false,false,false,false,partial_diagnostic_index_serialization_plus_logical_requested_bytes,lower,128,0.592424943522,1.89500071019,-1.30257576667,-1.3785252766,-1.22960956091,true,favors_transform,-1.30257576667,-1.30257576667,-1.30257576667,1,0,0,0,lower,128,0.585854850795,1.89126919556,-1.30541434476,-1.37720279857,-1.23697786634,true,favors_transform,-1.30541434476,-1.30541434476,-1.30541434476,1,0,0,0,lower,128,0.531693310209,1.8526956189,-1.32100230869,-1.39976927762,-1.24493371404,true,favors_transform,-1.32100230869,-1.32100230869,-1.32100230869,1,0,0,0,higher,128,0.25015625,0.084453125,0.165703125,0.1503125,0.181408203125,true,favors_transform,0.165703125,0.165703125,0.165703125,1,0,0,0,lower,128,0.144625757377,0.234920553691,-0.0902947963142,-0.100384778214,-0.0803722249881,true,favors_transform,-0.0902947963142,-0.0902947963142,-0.0902947963142,1,0,0,0,lower,128,508.578125,737.2734375,-228.6953125,-325.368945313,-133.177929688,true,favors_transform,-228.6953125,-228.6953125,-228.6953125,1,0,0,0,not_applicable_conservative_bound,6,0,0,true,false
identity,current_pca,native,off,fast_all,fast_all,fast_all,common_endpoint,progressive_distance_estimate,128,128,128,10000,20260710,124,124,30326709,33300169,false,true,false,false,partial_diagnostic_index_serialization_plus_logical_requested_bytes,lower,128,0.184787203956,0.398880779159,-0.214093575202,-0.228920193134,-0.199337793186,true,favors_transform,-0.214093575202,-0.214093575202,-0.214093575202,1,0,0,0,lower,128,0.183891627626,0.399542946907,-0.215651319281,-0.230494406987,-0.201460805665,true,favors_transform,-0.215651319281,-0.215651319281,-0.215651319281,1,0,0,0,lower,128,0.144102515197,0.354421751874,-0.210319236678,-0.224658864828,-0.196259123368,true,favors_transform,-0.210319236678,-0.210319236678,-0.210319236678,1,0,0,0,higher,128,0.67046875,0.54890625,0.1215625,0.10953125,0.133205078125,true,favors_transform,0.1215625,0.1215625,0.1215625,1,0,0,0,lower,128,0.0135511909895,0.0270983357513,-0.0135471447618,-0.0149485458617,-0.0121407099476,true,favors_transform,-0.0135471447618,-0.0135471447618,-0.0135471447618,1,0,0,0,lower,128,4.8125,11.625,-6.8125,-10.5158203125,-3.6169921875,true,favors_transform,-6.8125,-6.8125,-6.8125,1,0,0,0,transform_partially_dominates_pca,6,0,0,true,false
identity,current_pca,native,off,full,full,full,common_endpoint,progressive_distance_estimate,128,128,128,10000,20260710,492,508,30326709,33300169,false,false,false,false,partial_diagnostic_index_serialization_plus_logical_requested_bytes,lower,128,0.0135507644989,0.0020083822172,0.0115423822817,0.0109754596654,0.0121568431095,true,favors_pca,0.0115423822817,0.0115423822817,0.0115423822817,0,1,0,0,lower,128,0.01352823774,0.00216407267195,0.011364165068,0.0108263992828,0.0119709328995,true,favors_pca,0.011364165068,0.011364165068,0.011364165068,0,1,0,0,lower,128,0.010126635597,0.00156023058121,0.00856640501582,0.00814482513218,0.00902209239829,true,favors_pca,0.00856640501582,0.00856640501582,0.00856640501582,0,1,0,0,higher,128,0.9653125,0.994296875,-0.028984375,-0.031484375,-0.026484375,true,favors_pca,-0.028984375,-0.028984375,-0.028984375,0,1,0,0,lower,128,0.000135743757002,4.15158251342e-06,0.000131592174488,0.000114530551426,0.000150059590149,true,favors_pca,0.000131592174488,0.000131592174488,0.000131592174488,0,1,0,0,lower,128,1.0625,1.015625,0.046875,0.0078125,0.09375,true,favors_pca,0.046875,0.046875,0.046875,0,1,0,0,tradeoff,0,6,0,false,true
identity,current_pca,frozen-pca,seed_average,vars_conservative_lower_bound_all,vars_conservative_lower_bound_all,vars_conservative_lower_bound_all,common_endpoint,conservative_lower_bound_not_ordinary_distance_estimator,128,128,128,10000,20260710,20,20,34201289,34201289,true,true,true,true,partial_diagnostic_index_serialization_plus_logical_requested_bytes,lower,128,1.11970495655,1.89500070343,-0.775295746886,-0.838083483064,-0.717416798732,true,favors_transform,-0.775295763066,-0.775295745034,-0.775295734856,10,0,0,0,lower,128,1.10739178558,1.89126918809,-0.783877402505,-0.843713982149,-0.726693948321,true,favors_transform,-0.783877418399,-0.783877401156,-0.783877390651,10,0,0,0,lower,128,1.0828131775,1.85269561243,-0.769882434924,-0.831761682637,-0.710386188456,true,favors_transform,-0.769882451945,-0.769882432927,-0.769882423121,10,0,0,0,higher,128,0.24671875,0.0844453125,0.1622734375,0.146639257813,0.178296875,true,favors_transform,0.162265625,0.162265625,0.16234375,10,0,0,0,lower,128,0.148473839909,0.234920580162,-0.0864467402528,-0.096634322899,-0.0765827918412,true,favors_transform,-0.0864468064383,-0.0864467344238,-0.086446666357,10,0,0,0,lower,128,577.5390625,737.2734375,-159.734375,-264.366601562,-54.24609375,true,favors_transform,-159.734375,-159.734375,-159.734375,10,0,0,0,not_applicable_conservative_bound,6,0,0,true,false
identity,current_pca,frozen-pca,seed_average,fast_prefix_1,fast_prefix_1,fast_prefix_1,matched_intermediate_family_and_bytes,progressive_distance_estimate,128,128,128,10000,20260710,28,28,34201289,34201289,true,true,true,true,partial_diagnostic_index_serialization_plus_logical_requested_bytes,lower,128,1.03471133312,0.554414683511,0.480296649614,0.459439327071,0.502276404864,true,favors_pca,0.479859981613,0.480232729138,0.480894628248,0,10,0,0,lower,128,1.02320726911,0.555192699346,0.468014569767,0.448101700544,0.488242968425,true,favors_pca,0.467514595402,0.467971841582,0.468574485201,0,10,0,0,lower,128,0.999140027709,0.528970620481,0.470169407228,0.449486197267,0.491130804588,true,favors_pca,0.469579187266,0.470153892955,0.470639788566,0,10,0,0,higher,128,0.2835078125,0.57096875,-0.2874609375,-0.302250390625,-0.2720625,true,favors_pca,-0.290625,-0.2876171875,-0.283515625,0,10,0,0,lower,128,0.13030074762,0.0225554984273,0.107745249193,0.099189462836,0.116869209409,true,favors_pca,0.10733401144,0.107760524795,0.108269388295,0,10,0,0,lower,128,404.1515625,11.909375,392.2421875,291.342460938,503.155527344,true,favors_pca,387.3515625,391.91796875,397.0625,0,10,0,0,pca_partially_dominates_transform,0,6,0,false,true
identity,current_pca,frozen-pca,seed_average,fast_prefix_2,fast_prefix_2,fast_prefix_2,matched_intermediate_family_and_bytes,progressive_distance_estimate,128,128,128,10000,20260710,52,52,34201289,34201289,true,true,true,true,partial_diagnostic_index_serialization_plus_logical_requested_bytes,lower,128,0.839397521603,0.421489875291,0.417907646312,0.401244016916,0.434214562753,true,favors_pca,0.417480909372,0.417852550121,0.418574385613,0,10,0,0,lower,128,0.831795400419,0.42274264998,0.409052750439,0.392990741065,0.425472545433,true,favors_pca,0.408584088792,0.409049417037,0.409689023429,0,10,0,0,lower,128,0.80951585547,0.389078297658,0.420437557812,0.404460754806,0.436968101775,true,favors_pca,0.419796903667,0.420437494224,0.42093640953,0,10,0,0,higher,128,0.41159375,0.59240625,-0.1808125,-0.19709375,-0.164320117188,true,favors_pca,-0.1884375,-0.179609375,-0.174921875,0,10,0,0,lower,128,0.0734842950813,0.0193595023943,0.054124792687,0.0479920417859,0.0608054648437,true,favors_pca,0.0535862908283,0.0541026292338,0.0545922463775,0,10,0,0,lower,128,205.0390625,7.75234375,197.28671875,131.6953125,269.362207031,true,favors_pca,193.1953125,197.421875,201.8671875,0,10,0,0,pca_partially_dominates_transform,0,6,0,false,true
identity,current_pca,frozen-pca,seed_average,fast_prefix_3,fast_prefix_3,fast_prefix_3,matched_intermediate_family_and_bytes,progressive_distance_estimate,128,128,128,10000,20260710,92,92,34201289,34201289,true,true,true,true,partial_diagnostic_index_serialization_plus_logical_requested_bytes,lower,128,0.619812845532,0.391979503855,0.227833341677,0.215171852119,0.241035194387,true,favors_pca,0.227428520714,0.227839005394,0.228436670292,0,10,0,0,lower,128,0.616624985572,0.393128842639,0.223496142933,0.21026160711,0.237669197055,true,favors_pca,0.223102562239,0.223532002269,0.224066957603,0,10,0,0,lower,128,0.598926729663,0.357048697424,0.241878032239,0.229448695376,0.254646972817,true,favors_pca,0.241250569049,0.241872738904,0.242305648669,0,10,0,0,higher,128,0.605921875,0.593328125,0.01259375,-0.0060708984375,0.030648828125,false,includes_zero,0.00484375,0.0134765625,0.018984375,10,0,0,0,lower,128,0.0282900909039,0.0192756998162,0.00901439108765,0.00517508548634,0.0132971115347,true,favors_pca,0.0084931290101,0.00898237470104,0.00943111176302,0,10,0,0,lower,128,43.11328125,7.6375,35.47578125,15.663359375,60.9138476562,true,favors_pca,31.90625,35.39453125,38.4921875,0,10,0,0,tradeoff,0,5,1,false,false
identity,current_pca,frozen-pca,seed_average,fast_prefix_4,fast_prefix_4,fast_prefix_4,matched_intermediate_family_and_bytes,progressive_distance_estimate,128,128,128,10000,20260710,124,124,34201289,34201289,true,true,true,true,partial_diagnostic_index_serialization_plus_logical_requested_bytes,lower,128,0.38894913968,0.38634741424,0.00260172543977,-0.00520968193526,0.0104753250315,false,includes_zero,0.00214179211484,0.00258221744023,0.00318000323906,0,10,0,0,lower,128,0.387930479353,0.387437102171,0.000493377182498,-0.00729637267676,0.0086015064917,false,includes_zero,3.86312842215e-05,0.000504219106975,0.00106688855147,0,10,0,0,lower,128,0.376580677455,0.350873785253,0.0257068922021,0.0185777127917,0.0329150071541,true,favors_pca,0.0250404601781,0.0256809903078,0.0261719458891,0,10,0,0,higher,128,0.7615625,0.5931328125,0.1684296875,0.156031054687,0.179750585938,true,favors_transform,0.16171875,0.1683203125,0.175,10,0,0,0,lower,128,0.00733566462198,0.0192939781485,-0.0119583135265,-0.0131859809001,-0.0106335115493,true,favors_transform,-0.0125455835344,-0.0118954745637,-0.0115880857889,10,0,0,0,lower,128,3.66171875,7.646875,-3.98515625,-5.4140625,-2.48513671875,true,favors_transform,-4.984375,-4.08984375,-2.546875,10,0,0,0,tradeoff,3,1,2,false,false
identity,current_pca,frozen-pca,seed_average,fast_all,fast_all,fast_all,common_endpoint,progressive_distance_estimate,128,128,128,10000,20260710,124,124,34201289,34201289,true,true,true,true,partial_diagnostic_index_serialization_plus_logical_requested_bytes,lower,128,0.38894913968,0.38634741424,0.00260172543977,-0.00519942055309,0.0106980367077,false,includes_zero,0.00214179211484,0.00258221744023,0.00318000323906,0,10,0,0,lower,128,0.387930479353,0.387437102171,0.000493377182498,-0.00734159879237,0.00868230805403,false,includes_zero,3.86312842215e-05,0.000504219106975,0.00106688855147,0,10,0,0,lower,128,0.376580677455,0.350873785253,0.0257068922021,0.0186154224603,0.0329675246836,true,favors_pca,0.0250404601781,0.0256809903078,0.0261719458891,0,10,0,0,higher,128,0.7615625,0.5931328125,0.1684296875,0.156233398438,0.1798125,true,favors_transform,0.16171875,0.1683203125,0.175,10,0,0,0,lower,128,0.00733566462198,0.0192939781485,-0.0119583135265,-0.0132029885317,-0.0106138880063,true,favors_transform,-0.0125455835344,-0.0118954745637,-0.0115880857889,10,0,0,0,lower,128,3.66171875,7.646875,-3.98515625,-5.3984375,-2.460859375,true,favors_transform,-4.984375,-4.08984375,-2.546875,10,0,0,0,tradeoff,3,1,2,false,false
identity,current_pca,frozen-pca,seed_average,accurate_prefix_1,accurate_prefix_1,accurate_prefix_1,matched_intermediate_family_and_bytes,progressive_distance_estimate,128,128,128,10000,20260710,212,212,34201289,34201289,true,true,true,true,partial_diagnostic_index_serialization_plus_logical_requested_bytes,lower,128,0.364905814877,0.0818107631306,0.283095051746,0.271607381645,0.295170358746,true,favors_pca,0.282941315956,0.28309076632,0.283217708683,0,10,0,0,lower,128,0.364192089947,0.0865959678467,0.2775961221,0.266178761312,0.290211769417,true,favors_pca,0.277430804887,0.277598518281,0.277707825879,0,10,0,0,lower,128,0.352576374607,0.0746346950147,0.277941679592,0.266588959905,0.289885368539,true,favors_pca,0.277834588659,0.277924072908,0.27807829452,0,10,0,0,higher,128,0.7672109375,0.9049296875,-0.13771875,-0.149329101562,-0.126874609375,true,favors_pca,-0.142890625,-0.136875,-0.134140625,0,10,0,0,lower,128,0.00699921337071,0.00095544012953,0.00604377324118,0.0050850646013,0.00709987852858,true,favors_pca,0.00597184264957,0.00602842060844,0.00614279853235,0,10,0,0,lower,128,3.590625,1.4359375,2.1546875,1.30078125,3.23208984375,true,favors_pca,1.8671875,2.1640625,2.453125,0,10,0,0,pca_partially_dominates_transform,0,6,0,false,true
identity,current_pca,frozen-pca,seed_average,accurate_prefix_2,accurate_prefix_2,accurate_prefix_2,matched_intermediate_family_and_bytes,progressive_distance_estimate,128,128,128,10000,20260710,340,340,34201289,34201289,true,true,true,true,partial_diagnostic_index_serialization_plus_logical_requested_bytes,lower,128,0.315144956605,0.0192044587312,0.295940497873,0.283814594576,0.308748005771,true,favors_pca,0.295824287647,0.295940840793,0.296089914896,0,10,0,0,lower,128,0.316106458057,0.0212891184529,0.294817339604,0.281835710693,0.30816346713,true,favors_pca,0.294713401936,0.294833797807,0.295013986862,0,10,0,0,lower,128,0.303080480501,0.0173379541631,0.285742526338,0.273639258786,0.29833749613,true,favors_pca,0.285598282513,0.285747162904,0.28586527627,0,10,0,0,higher,128,0.7849140625,0.976421875,-0.1915078125,-0.203125195313,-0.180749414062,true,favors_pca,-0.194375,-0.1912109375,-0.188359375,0,10,0,0,lower,128,0.00621600525582,6.24891866088e-05,0.00615351606921,0.00521501619748,0.00721790668607,true,favors_pca,0.00606908278256,0.00616324207204,0.00623496620297,0,10,0,0,lower,128,3.29375,1.0765625,2.2171875,1.415625,3.2078125,true,favors_pca,2.078125,2.203125,2.4296875,0,10,0,0,pca_partially_dominates_transform,0,6,0,false,true
identity,current_pca,frozen-pca,seed_average,accurate_prefix_3,accurate_prefix_3,accurate_prefix_3,matched_intermediate_family_and_bytes,progressive_distance_estimate,128,128,128,10000,20260710,468,468,34201289,34201289,true,true,true,true,partial_diagnostic_index_serialization_plus_logical_requested_bytes,lower,128,0.259554197961,0.004735828786,0.254818369175,0.24300120595,0.267244135348,true,favors_pca,0.254727983004,0.254812670271,0.254921131184,0,10,0,0,lower,128,0.262128658486,0.00544207176534,0.25668658672,0.243768681022,0.270341980814,true,favors_pca,0.256603164165,0.256676511653,0.256827966561,0,10,0,0,lower,128,0.247613300434,0.0041743020925,0.243438998341,0.232084613734,0.255481333884,true,favors_pca,0.243382198151,0.243421912483,0.243542752386,0,10,0,0,higher,128,0.8056796875,0.9931171875,-0.1874375,-0.2007890625,-0.175116796875,true,favors_pca,-0.18859375,-0.1874609375,-0.186328125,0,10,0,0,lower,128,0.00542984045176,6.38241120815e-06,0.00542345804056,0.00444222020247,0.00653405353799,true,favors_pca,0.00534440381791,0.00541923446067,0.00551423577754,0,10,0,0,lower,128,3.09140625,1.0234375,2.06796875,1.2944921875,3.0336328125,true,favors_pca,1.8046875,2.11328125,2.234375,0,10,0,0,pca_partially_dominates_transform,0,6,0,false,true
identity,current_pca,frozen-pca,seed_average,accurate_prefix_4,accurate_prefix_4,accurate_prefix_4,matched_intermediate_family_and_bytes,progressive_distance_estimate,128,128,128,10000,20260710,508,508,34201289,34201289,true,true,true,true,partial_diagnostic_index_serialization_plus_logical_requested_bytes,lower,128,0.203327727826,0.00244412920279,0.200883598623,0.191109882032,0.211458602332,true,favors_pca,0.200820837336,0.200887683459,0.20093640706,0,10,0,0,lower,128,0.205862604466,0.00266642443784,0.203196180028,0.192436088748,0.215114752627,true,favors_pca,0.203120717126,0.203199673123,0.203259605275,0,10,0,0,lower,128,0.191158796434,0.00203589884475,0.18912289759,0.17995893849,0.199057151084,true,favors_pca,0.189060541803,0.189120141266,0.189172019978,0,10,0,0,higher,128,0.817421875,0.9946015625,-0.1771796875,-0.191219140625,-0.1640390625,true,favors_pca,-0.180078125,-0.17703125,-0.174609375,0,10,0,0,lower,128,0.00509830228385,4.0967714052e-06,0.00509420551245,0.00409539826918,0.00621807804901,true,favors_pca,0.00506681639095,0.00508560918131,0.00514748489942,0,10,0,0,lower,128,3.096875,1.01171875,2.08515625,1.24296875,3.11408203125,true,favors_pca,1.9296875,2.08984375,2.21875,0,10,0,0,pca_partially_dominates_transform,0,6,0,false,true
identity,current_pca,frozen-pca,seed_average,full,full,full,common_endpoint,progressive_distance_estimate,128,128,128,10000,20260710,508,508,34201289,34201289,true,true,true,true,partial_diagnostic_index_serialization_plus_logical_requested_bytes,lower,128,0.0676450975182,0.00168087556697,0.0659642219512,0.0620571248803,0.0702600640407,true,favors_pca,0.0658927572083,0.0659619144795,0.0660264433304,0,10,0,0,lower,128,0.0694236047253,0.00183170627664,0.0675918984487,0.0630128752351,0.07262937466,true,favors_pca,0.0675194254665,0.0675892939673,0.0676614784006,0,10,0,0,lower,128,0.0511156169922,0.00130561635124,0.049810000641,0.046715016279,0.0531764836538,true,favors_pca,0.0497329100018,0.0498151109133,0.0498525423533,0,10,0,0,higher,128,0.816828125,0.9946171875,-0.1777890625,-0.1918203125,-0.164609375,true,favors_pca,-0.180703125,-0.177578125,-0.175625,0,10,0,0,lower,128,0.00518738688551,4.08687095133e-06,0.00518330001456,0.00420706344537,0.00632336452964,true,favors_pca,0.00515603392204,0.00517528405703,0.00523888394104,0,10,0,0,lower,128,3.1359375,1.01171875,2.12421875,1.28515625,3.1515625,true,favors_pca,1.953125,2.140625,2.2421875,0,10,0,0,pca_partially_dominates_transform,0,6,0,false,true
identity,current_pca,frozen-pca,off,vars_conservative_lower_bound_all,vars_conservative_lower_bound_all,vars_conservative_lower_bound_all,common_endpoint,conservative_lower_bound_not_ordinary_distance_estimator,128,128,128,10000,20260710,20,20,33300169,33300169,true,true,true,true,partial_diagnostic_index_serialization_plus_logical_requested_bytes,lower,128,1.11970495975,1.89500071019,-0.775295750439,-0.835033277989,-0.716751084825,true,favors_transform,-0.775295750439,-0.775295750439,-0.775295750439,1,0,0,0,lower,128,1.10739178895,1.89126919556,-0.783877406605,-0.842322560096,-0.726784008365,true,favors_transform,-0.783877406605,-0.783877406605,-0.783877406605,1,0,0,0,lower,128,1.08281318074,1.8526956189,-0.76988243816,-0.832010580579,-0.710299731058,true,favors_transform,-0.76988243816,-0.76988243816,-0.76988243816,1,0,0,0,higher,128,0.24671875,0.084453125,0.162265625,0.146484375,0.178203125,true,favors_transform,0.162265625,0.162265625,0.162265625,1,0,0,0,lower,128,0.148473856811,0.234920553691,-0.0864466968805,-0.0966473071951,-0.0764202516958,true,favors_transform,-0.0864466968805,-0.0864466968805,-0.0864466968805,1,0,0,0,lower,128,577.5390625,737.2734375,-159.734375,-266.925,-54.64921875,true,favors_transform,-159.734375,-159.734375,-159.734375,1,0,0,0,not_applicable_conservative_bound,6,0,0,true,false
identity,current_pca,frozen-pca,off,fast_prefix_1,fast_prefix_1,fast_prefix_1,matched_intermediate_family_and_bytes,progressive_distance_estimate,128,128,128,10000,20260710,28,28,33300169,33300169,true,true,true,true,partial_diagnostic_index_serialization_plus_logical_requested_bytes,lower,128,1.03493595977,0.563567108634,0.471368851134,0.450813801094,0.493011437143,true,favors_pca,0.471368851134,0.471368851134,0.471368851134,0,1,0,0,lower,128,1.02343929492,0.564099399985,0.459339894938,0.438644450457,0.480136283028,true,favors_pca,0.459339894938,0.459339894938,0.459339894938,0,1,0,0,lower,128,0.999272173499,0.530952945849,0.46831922765,0.447077000911,0.489454491786,true,favors_pca,0.46831922765,0.46831922765,0.46831922765,0,1,0,0,higher,128,0.2815625,0.521953125,-0.240390625,-0.2546875,-0.22609375,true,favors_pca,-0.240390625,-0.240390625,-0.240390625,0,1,0,0,lower,128,0.131281360217,0.0311723875546,0.100108972662,0.0917922645727,0.108785900096,true,favors_pca,0.100108972662,0.100108972662,0.100108972662,0,1,0,0,lower,128,407.5234375,16.2109375,391.3125,293.766015625,497.966015625,true,favors_pca,391.3125,391.3125,391.3125,0,1,0,0,pca_partially_dominates_transform,0,6,0,false,true
identity,current_pca,frozen-pca,off,fast_prefix_2,fast_prefix_2,fast_prefix_2,matched_intermediate_family_and_bytes,progressive_distance_estimate,128,128,128,10000,20260710,52,52,33300169,33300169,true,true,true,true,partial_diagnostic_index_serialization_plus_logical_requested_bytes,lower,128,0.840593221798,0.433125271783,0.407467950015,0.389405877732,0.42569500946,true,favors_pca,0.407467950015,0.407467950015,0.407467950015,0,1,0,0,lower,128,0.833813010367,0.433984054961,0.399828955406,0.381594726431,0.418547240701,true,favors_pca,0.399828955406,0.399828955406,0.399828955406,0,1,0,0,lower,128,0.808619672377,0.391971701347,0.41664797103,0.398781469705,0.435069270045,true,favors_pca,0.41664797103,0.41664797103,0.41664797103,0,1,0,0,higher,128,0.397265625,0.546953125,-0.1496875,-0.16640625,-0.133201171875,true,favors_pca,-0.1496875,-0.1496875,-0.1496875,0,1,0,0,lower,128,0.0790084066635,0.0272567540348,0.0517516526287,0.0455158829022,0.0583360734974,true,favors_pca,0.0517516526287,0.0517516526287,0.0517516526287,0,1,0,0,lower,128,220.4765625,11.6484375,208.828125,141.101367187,286.098046875,true,favors_pca,208.828125,208.828125,208.828125,0,1,0,0,pca_partially_dominates_transform,0,6,0,false,true
identity,current_pca,frozen-pca,off,fast_prefix_3,fast_prefix_3,fast_prefix_3,matched_intermediate_family_and_bytes,progressive_distance_estimate,128,128,128,10000,20260710,92,92,33300169,33300169,true,true,true,true,partial_diagnostic_index_serialization_plus_logical_requested_bytes,lower,128,0.630153412408,0.404365577707,0.225787834701,0.208739933915,0.243445327002,true,favors_pca,0.225787834701,0.225787834701,0.225787834701,0,1,0,0,lower,128,0.628320637578,0.405092888116,0.223227749462,0.205721106951,0.241433264124,true,favors_pca,0.223227749462,0.223227749462,0.223227749462,0,1,0,0,lower,128,0.60240201733,0.360475636859,0.241926380472,0.225157611944,0.259181088471,true,favors_pca,0.241926380472,0.241926380472,0.241926380472,0,1,0,0,higher,128,0.550859375,0.548359375,0.0025,-0.016171875,0.020703125,false,includes_zero,0.0025,0.0025,0.0025,1,0,0,0,lower,128,0.0383107618972,0.0270919274798,0.0112188344174,0.00680632692388,0.0159349171385,true,favors_pca,0.0112188344174,0.0112188344174,0.0112188344174,0,1,0,0,lower,128,66.78125,11.6953125,55.0859375,24.1482421875,92.2736328125,true,favors_pca,55.0859375,55.0859375,55.0859375,0,1,0,0,tradeoff,0,5,1,false,false
identity,current_pca,frozen-pca,off,fast_prefix_4,fast_prefix_4,fast_prefix_4,matched_intermediate_family_and_bytes,progressive_distance_estimate,128,128,128,10000,20260710,124,124,33300169,33300169,true,true,true,true,partial_diagnostic_index_serialization_plus_logical_requested_bytes,lower,128,0.411041559856,0.398880779159,0.0121607806977,8.93301144727e-05,0.0240477408744,true,favors_pca,0.0121607806977,0.0121607806977,0.0121607806977,0,1,0,0,lower,128,0.408839646944,0.399542946907,0.00929670003741,-0.00347037989539,0.0219450734785,false,includes_zero,0.00929670003741,0.00929670003741,0.00929670003741,0,1,0,0,lower,128,0.381430927989,0.354421751874,0.0270091761148,0.0150750011793,0.0391641816691,true,favors_pca,0.0270091761148,0.0270091761148,0.0270091761148,0,1,0,0,higher,128,0.641875,0.54890625,0.09296875,0.07796875,0.10734375,true,favors_transform,0.09296875,0.09296875,0.09296875,1,0,0,0,lower,128,0.0181080415063,0.0270983357513,-0.00899029424494,-0.0109833635495,-0.00687826704798,true,favors_transform,-0.00899029424494,-0.00899029424494,-0.00899029424494,1,0,0,0,lower,128,8.8125,11.625,-2.8125,-6.9453125,1.2189453125,false,includes_zero,-2.8125,-2.8125,-2.8125,1,0,0,0,tradeoff,2,2,2,false,false
identity,current_pca,frozen-pca,off,fast_all,fast_all,fast_all,common_endpoint,progressive_distance_estimate,128,128,128,10000,20260710,124,124,33300169,33300169,true,true,true,true,partial_diagnostic_index_serialization_plus_logical_requested_bytes,lower,128,0.411041559856,0.398880779159,0.0121607806977,-7.2696366875e-05,0.0242786666367,false,includes_zero,0.0121607806977,0.0121607806977,0.0121607806977,0,1,0,0,lower,128,0.408839646944,0.399542946907,0.00929670003741,-0.00326623782587,0.0219266839129,false,includes_zero,0.00929670003741,0.00929670003741,0.00929670003741,0,1,0,0,lower,128,0.381430927989,0.354421751874,0.0270091761148,0.0152427879597,0.0390972923803,true,favors_pca,0.0270091761148,0.0270091761148,0.0270091761148,0,1,0,0,higher,128,0.641875,0.54890625,0.09296875,0.078279296875,0.107189453125,true,favors_transform,0.09296875,0.09296875,0.09296875,1,0,0,0,lower,128,0.0181080415063,0.0270983357513,-0.00899029424494,-0.0109542062332,-0.00691491544663,true,favors_transform,-0.00899029424494,-0.00899029424494,-0.00899029424494,1,0,0,0,lower,128,8.8125,11.625,-2.8125,-7.03125,1.1564453125,false,includes_zero,-2.8125,-2.8125,-2.8125,1,0,0,0,tradeoff,2,1,3,false,false
identity,current_pca,frozen-pca,off,accurate_prefix_1,accurate_prefix_1,accurate_prefix_1,matched_intermediate_family_and_bytes,progressive_distance_estimate,128,128,128,10000,20260710,212,212,33300169,33300169,true,true,true,true,partial_diagnostic_index_serialization_plus_logical_requested_bytes,lower,128,0.385363695934,0.083347049178,0.302016646756,0.289271923363,0.31615293716,true,favors_pca,0.302016646756,0.302016646756,0.302016646756,0,1,0,0,lower,128,0.383858835065,0.0881312006375,0.295727634428,0.282127652995,0.310429182218,true,favors_pca,0.295727634428,0.295727634428,0.295727634428,0,1,0,0,lower,128,0.357331795958,0.075026318327,0.282305477631,0.269482995521,0.295860030059,true,favors_pca,0.282305477631,0.282305477631,0.282305477631,0,1,0,0,higher,128,0.6615625,0.900234375,-0.238671875,-0.251953125,-0.22515625,true,favors_pca,-0.238671875,-0.238671875,-0.238671875,0,1,0,0,lower,128,0.0162750985796,0.0011019548401,0.0151731437395,0.0136282755685,0.0168720662184,true,favors_pca,0.0151731437395,0.0151731437395,0.0151731437395,0,1,0,0,lower,128,8.015625,1.3046875,6.7109375,4.3125,9.46875,true,favors_pca,6.7109375,6.7109375,6.7109375,0,1,0,0,pca_partially_dominates_transform,0,6,0,false,true
identity,current_pca,frozen-pca,off,accurate_prefix_2,accurate_prefix_2,accurate_prefix_2,matched_intermediate_family_and_bytes,progressive_distance_estimate,128,128,128,10000,20260710,340,340,33300169,33300169,true,true,true,true,partial_diagnostic_index_serialization_plus_logical_requested_bytes,lower,128,0.331331557241,0.0194689879851,0.311862569256,0.299259914693,0.325566185534,true,favors_pca,0.311862569256,0.311862569256,0.311862569256,0,1,0,0,lower,128,0.331261781297,0.0215690642973,0.309692717,0.296435073001,0.323667081946,true,favors_pca,0.309692717,0.309692717,0.309692717,0,1,0,0,lower,128,0.308693054548,0.0174223897505,0.291270664797,0.278921519861,0.304561203247,true,favors_pca,0.291270664797,0.291270664797,0.291270664797,0,1,0,0,higher,128,0.713984375,0.9753125,-0.261328125,-0.27421875,-0.249453125,true,favors_pca,-0.261328125,-0.261328125,-0.261328125,0,1,0,0,lower,128,0.0114213348018,6.86119429142e-05,0.0113527228589,0.010005360596,0.0129043561295,true,favors_pca,0.0113527228589,0.0113527228589,0.0113527228589,0,1,0,0,lower,128,5.8125,1.0625,4.75,3.109375,6.7109375,true,favors_pca,4.75,4.75,4.75,0,1,0,0,pca_partially_dominates_transform,0,6,0,false,true
identity,current_pca,frozen-pca,off,accurate_prefix_3,accurate_prefix_3,accurate_prefix_3,matched_intermediate_family_and_bytes,progressive_distance_estimate,128,128,128,10000,20260710,468,468,33300169,33300169,true,true,true,true,partial_diagnostic_index_serialization_plus_logical_requested_bytes,lower,128,0.265210650998,0.00488378357943,0.260326867419,0.249560941326,0.272512802483,true,favors_pca,0.260326867419,0.260326867419,0.260326867419,0,1,0,0,lower,128,0.26634795735,0.00557274079267,0.260775216557,0.248952870711,0.274219055361,true,favors_pca,0.260775216557,0.260775216557,0.260775216557,0,1,0,0,lower,128,0.24893218716,0.00423853770025,0.24469364946,0.234068848467,0.255952021126,true,favors_pca,0.24469364946,0.24469364946,0.24469364946,0,1,0,0,higher,128,0.7815625,0.99234375,-0.21078125,-0.224296875,-0.198046875,true,favors_pca,-0.21078125,-0.21078125,-0.21078125,0,1,0,0,lower,128,0.00698514056171,7.58636330213e-06,0.00697755419841,0.00574978441158,0.00835686421013,true,favors_pca,0.00697755419841,0.00697755419841,0.00697755419841,0,1,0,0,lower,128,3.9296875,1.0234375,2.90625,1.6328125,4.4609375,true,favors_pca,2.90625,2.90625,2.90625,0,1,0,0,pca_partially_dominates_transform,0,6,0,false,true
identity,current_pca,frozen-pca,off,accurate_prefix_4,accurate_prefix_4,accurate_prefix_4,matched_intermediate_family_and_bytes,progressive_distance_estimate,128,128,128,10000,20260710,508,508,33300169,33300169,true,true,true,true,partial_diagnostic_index_serialization_plus_logical_requested_bytes,lower,128,0.204919142459,0.00269007878008,0.202229063679,0.192836892669,0.212574498115,true,favors_pca,0.202229063679,0.202229063679,0.202229063679,0,1,0,0,lower,128,0.207227520403,0.00290753558569,0.204319984818,0.193656293995,0.215920302882,true,favors_pca,0.204319984818,0.204319984818,0.204319984818,0,1,0,0,lower,128,0.192141804852,0.00220287540445,0.189938929448,0.180993964952,0.199723929719,true,favors_pca,0.189938929448,0.189938929448,0.189938929448,0,1,0,0,higher,128,0.81078125,0.994296875,-0.183515625,-0.197265625,-0.1703125,true,favors_pca,-0.183515625,-0.183515625,-0.183515625,0,1,0,0,lower,128,0.00532299318466,4.15958540416e-06,0.00531883359925,0.00430494145038,0.00645803156721,true,favors_pca,0.00531883359925,0.00531883359925,0.00531883359925,0,1,0,0,lower,128,3.3125,1.015625,2.296875,1.2498046875,3.6171875,true,favors_pca,2.296875,2.296875,2.296875,0,1,0,0,pca_partially_dominates_transform,0,6,0,false,true
identity,current_pca,frozen-pca,off,full,full,full,common_endpoint,progressive_distance_estimate,128,128,128,10000,20260710,508,508,33300169,33300169,true,true,true,true,partial_diagnostic_index_serialization_plus_logical_requested_bytes,lower,128,0.069697301628,0.0020083822172,0.0676889194108,0.0635895173247,0.0721504375694,true,favors_pca,0.0676889194108,0.0676889194108,0.0676889194108,0,1,0,0,lower,128,0.0714567858481,0.00216407267195,0.0692927131762,0.0645957139284,0.0744296132149,true,favors_pca,0.0692927131762,0.0692927131762,0.0692927131762,0,1,0,0,lower,128,0.0524574458622,0.00156023058121,0.050897215281,0.047769227322,0.0543509014002,true,favors_pca,0.050897215281,0.050897215281,0.050897215281,0,1,0,0,higher,128,0.811328125,0.994296875,-0.18296875,-0.197189453125,-0.169609375,true,favors_pca,-0.18296875,-0.18296875,-0.18296875,0,1,0,0,lower,128,0.00538482131664,4.15158251342e-06,0.00538066973412,0.00435818187299,0.00652844893416,true,favors_pca,0.00538066973412,0.00538066973412,0.00538066973412,0,1,0,0,lower,128,3.3125,1.015625,2.296875,1.2265625,3.6015625,true,favors_pca,2.296875,2.296875,2.296875,0,1,0,0,pca_partially_dominates_transform,0,6,0,false,true
identity,current_pca,uniform,seed_average,vars_conservative_lower_bound_all,vars_conservative_lower_bound_all,vars_conservative_lower_bound_all,common_endpoint,conservative_lower_bound_not_ordinary_distance_estimator,128,128,128,10000,20260710,4,4,34013109,34013109,true,true,true,true,partial_diagnostic_index_serialization_plus_logical_requested_bytes,lower,128,0.592424937652,2.20363866948,-1.61121373183,-1.7223630064,-1.50643330552,true,favors_transform,-1.61121375886,-1.61121373484,-1.61121369751,10,0,0,0,lower,128,0.585854845016,2.22850737211,-1.64265252709,-1.75321178864,-1.53287558984,true,favors_transform,-1.64265255569,-1.64265253012,-1.6426524931,10,0,0,0,lower,128,0.531693304151,2.16605870169,-1.63436539754,-1.74397699889,-1.52492610403,true,favors_transform,-1.63436542672,-1.63436540052,-1.63436536159,10,0,0,0,higher,128,0.25015625,0.078125,0.17203125,0.14953125,0.194689453125,true,favors_transform,0.17203125,0.17203125,0.17203125,10,0,0,0,lower,128,0.144625788212,0.0480350562483,0.0965907319633,0.0840324093031,0.109446582211,true,favors_pca,0.0965906593185,0.0965907237744,0.0965908473561,0,10,0,0,lower,128,508.578125,1159.2265625,-650.6484375,-825.290234375,-481.677539063,true,favors_transform,-650.6484375,-650.6484375,-650.6484375,10,0,0,0,not_applicable_conservative_bound,5,1,0,false,false
identity,current_pca,uniform,seed_average,fast_all,fast_all,fast_all,common_endpoint,progressive_distance_estimate,128,128,128,10000,20260710,124,124,34013109,34013109,true,true,true,true,partial_diagnostic_index_serialization_plus_logical_requested_bytes,lower,128,0.122593175906,0.122590888154,2.28775235938e-06,-9.56386731059e-05,9.52289100578e-05,false,includes_zero,-0.000218542315781,-1.49409526953e-05,0.000404445657031,5,5,0,0,lower,128,0.123726127308,0.123703448358,2.2678949915e-05,-7.2892823119e-05,0.000116492977991,false,includes_zero,-0.000272183137566,2.73699453628e-05,0.000462106282106,4,6,0,0,lower,128,0.108150222018,0.108156094157,-5.87213847656e-06,-9.56152210734e-05,8.14233114895e-05,false,includes_zero,-0.000245789570703,-5.16240699219e-06,0.000336425049062,5,5,0,0,higher,128,0.8423515625,0.8428046875,-0.000453125,-0.0023751953125,0.001453125,false,includes_zero,-0.0059375,-0.000703125,0.003125,4,6,0,0,lower,128,0.00256901945497,0.00253617203683,3.28474181453e-05,-1.3131510574e-05,7.84477992094e-05,false,includes_zero,-3.92924377031e-05,2.02899523543e-05,0.000124436996077,2,8,0,0,lower,128,1.78984375,1.740625,0.04921875,-0.05703125,0.16796875,false,includes_zero,-0.25,0.03515625,0.2734375,4,6,0,0,tradeoff,0,0,6,false,false
identity,current_pca,uniform,seed_average,full,full,full,common_endpoint,progressive_distance_estimate,128,128,128,10000,20260710,492,492,34013109,34013109,true,true,true,true,partial_diagnostic_index_serialization_plus_logical_requested_bytes,lower,128,0.00838137359575,0.00829355329804,8.78202977109e-05,7.90425666126e-05,9.67755988678e-05,true,favors_pca,5.96444128906e-05,8.48973718633e-05,0.000117364736594,0,10,0,0,lower,128,0.00846256152777,0.00837814488772,8.44166400459e-05,7.52662167199e-05,9.36782579782e-05,true,favors_pca,6.16981643811e-05,8.1896807856e-05,0.000112050160631,0,10,0,0,lower,128,0.00655428702069,0.00648842533969,6.58616810047e-05,5.88216466366e-05,7.29397636134e-05,true,favors_pca,4.00083275313e-05,6.59310464375e-05,8.79464216328e-05,0,10,0,0,higher,128,0.9765859375,0.9767734375,-0.0001875,-0.0008203125,0.000453125,false,includes_zero,-0.001953125,-0.0002734375,0.00203125,5,5,0,0,lower,128,5.83871243503e-05,5.66943020795e-05,1.69282227082e-06,-5.79861258031e-07,4.04090864596e-06,false,includes_zero,-1.21936223393e-05,2.80572646918e-06,7.73593496729e-06,2,8,0,0,lower,128,1.0671875,1.06015625,0.00703125,-0.009375,0.0234375,false,includes_zero,-0.078125,0.0078125,0.0546875,2,7,1,0,pca_partially_dominates_transform,0,3,3,false,false
identity,current_pca,uniform,off,vars_conservative_lower_bound_all,vars_conservative_lower_bound_all,vars_conservative_lower_bound_all,common_endpoint,conservative_lower_bound_not_ordinary_distance_estimator,128,128,128,10000,20260710,4,4,30326709,30326709,true,true,true,true,partial_diagnostic_index_serialization_plus_logical_requested_bytes,lower,128,0.592424943522,2.20363868302,-1.6112137395,-1.72370627109,-1.50679038194,true,favors_transform,-1.6112137395,-1.6112137395,-1.6112137395,1,0,0,0,lower,128,0.585854850795,2.22850738419,-1.6426525334,-1.75765824394,-1.53279422515,true,favors_transform,-1.6426525334,-1.6426525334,-1.6426525334,1,0,0,0,lower,128,0.531693310209,2.166058715,-1.63436540479,-1.74761017315,-1.52626433323,true,favors_transform,-1.63436540479,-1.63436540479,-1.63436540479,1,0,0,0,higher,128,0.25015625,0.078125,0.17203125,0.1496875,0.195234375,true,favors_transform,0.17203125,0.17203125,0.17203125,1,0,0,0,lower,128,0.144625757377,0.0480350630758,0.0965906943014,0.0837503825591,0.109475909668,true,favors_pca,0.0965906943014,0.0965906943014,0.0965906943014,0,1,0,0,lower,128,508.578125,1159.2265625,-650.6484375,-824.250976562,-476.504101563,true,favors_transform,-650.6484375,-650.6484375,-650.6484375,1,0,0,0,not_applicable_conservative_bound,5,1,0,false,false
identity,current_pca,uniform,off,fast_all,fast_all,fast_all,common_endpoint,progressive_distance_estimate,128,128,128,10000,20260710,124,124,30326709,30326709,true,true,true,true,partial_diagnostic_index_serialization_plus_logical_requested_bytes,lower,128,0.184787203956,0.23945511177,-0.0546679078141,-0.06065903584,-0.0487344771823,true,favors_transform,-0.0546679078141,-0.0546679078141,-0.0546679078141,1,0,0,0,lower,128,0.183891627626,0.237536004948,-0.0536443773225,-0.059497643817,-0.0479582851609,true,favors_transform,-0.0536443773225,-0.0536443773225,-0.0536443773225,1,0,0,0,lower,128,0.144102515197,0.187654651703,-0.0435521365064,-0.0485627485601,-0.0385531095341,true,favors_transform,-0.0435521365064,-0.0435521365064,-0.0435521365064,1,0,0,0,higher,128,0.67046875,0.43671875,0.23375,0.22078125,0.246328125,true,favors_transform,0.23375,0.23375,0.23375,1,0,0,0,lower,128,0.0135511909895,0.062087886395,-0.0485366954055,-0.0525226895193,-0.044811364971,true,favors_transform,-0.0485366954055,-0.0485366954055,-0.0485366954055,1,0,0,0,lower,128,4.8125,105,-100.1875,-141.8765625,-65.1796875,true,favors_transform,-100.1875,-100.1875,-100.1875,1,0,0,0,transform_partially_dominates_pca,6,0,0,true,false
identity,current_pca,uniform,off,full,full,full,common_endpoint,progressive_distance_estimate,128,128,128,10000,20260710,492,492,30326709,30326709,true,true,true,true,partial_diagnostic_index_serialization_plus_logical_requested_bytes,lower,128,0.0135507644989,0.0634132599903,-0.0498624954914,-0.0522933466928,-0.0475708012342,true,favors_transform,-0.0498624954914,-0.0498624954914,-0.0498624954914,1,0,0,0,lower,128,0.01352823774,0.0626253775347,-0.0490971397947,-0.0513239295859,-0.0469781736181,true,favors_transform,-0.0490971397947,-0.0490971397947,-0.0490971397947,1,0,0,0,lower,128,0.010126635597,0.04755523592,-0.037428600323,-0.0392402166651,-0.0357037261087,true,favors_transform,-0.037428600323,-0.037428600323,-0.037428600323,1,0,0,0,higher,128,0.9653125,0.836953125,0.128359375,0.122109375,0.134453125,true,favors_transform,0.128359375,0.128359375,0.128359375,1,0,0,0,lower,128,0.000135743757002,0.00315867303019,-0.00302292927319,-0.00325526883007,-0.00279579276348,true,favors_transform,-0.00302292927319,-0.00302292927319,-0.00302292927319,1,0,0,0,lower,128,1.0625,2.03125,-0.96875,-1.3671875,-0.625,true,favors_transform,-0.96875,-0.96875,-0.96875,1,0,0,0,transform_partially_dominates_pca,6,0,0,true,false
residual_pca,current_pca,native,seed_average,vars_conservative_lower_bound_all,vars_conservative_lower_bound_all,vars_conservative_lower_bound_all,common_endpoint,conservative_lower_bound_not_ordinary_distance_estimator,128,128,128,10000,20260710,20,20,34201289,34201289,true,true,true,true,partial_diagnostic_index_serialization_plus_logical_requested_bytes,lower,128,1.90040077152,1.89500070343,0.00540006808344,0.00190724551522,0.00959974706308,true,favors_pca,0.00540006424844,0.00540006757383,0.00540007544609,0,10,0,0,lower,128,1.89671754593,1.89126918809,0.00544835783712,0.00150654810857,0.0101736307422,true,favors_pca,0.00544835436972,0.00544835727958,0.00544836629819,0,10,0,0,lower,128,1.85851089663,1.85269561243,0.00581528419953,0.00244928398038,0.00989766278075,true,favors_pca,0.0058152802875,0.00581528375703,0.00581529156875,0,10,0,0,higher,128,0.083984375,0.0844453125,-0.0004609375,-0.0022580078125,0.00134375,false,includes_zero,-0.00046875,-0.00046875,-0.000390625,0,10,0,0,lower,128,0.235326690243,0.234920580162,0.000406110080781,-0.000499659050209,0.00135068506666,false,includes_zero,0.000405992416016,0.00040612189375,0.000406186784766,0,10,0,0,lower,128,744.92890625,737.2734375,7.65546875,-0.11720703125,15.7484570313,false,includes_zero,7.6484375,7.65625,7.65625,0,10,0,0,not_applicable_conservative_bound,0,3,3,false,false
residual_pca,current_pca,native,seed_average,fast_prefix_1,fast_prefix_1,fast_prefix_1,matched_intermediate_family_and_bytes,progressive_distance_estimate,128,128,128,10000,20260710,28,28,34201289,34201289,true,true,true,true,partial_diagnostic_index_serialization_plus_logical_requested_bytes,lower,128,0.555029752963,0.554414683511,0.000615069451875,-0.000215065858992,0.00143812267075,false,includes_zero,-0.000299552367969,0.000487522084766,0.00144688438984,2,8,0,0,lower,128,0.555823575304,0.555192699346,0.000630875957941,-0.000179744090353,0.00145945159538,false,includes_zero,-0.000301834021633,0.000561989237831,0.00141971494987,2,8,0,0,lower,128,0.529540203587,0.528970620481,0.000569583106328,-0.000289846158436,0.00144898374009,false,includes_zero,-0.000222558683594,0.000483591486328,0.00139763326016,2,8,0,0,higher,128,0.5682109375,0.57096875,-0.0027578125,-0.0055236328125,3.125e-05,false,includes_zero,-0.0103125,-0.0019921875,0.002265625,2,8,0,0,lower,128,0.0227354550142,0.0225554984273,0.000179956586917,-6.43447910021e-05,0.00043188029021,false,includes_zero,-0.000397738557742,0.000164798527926,0.000762804569734,3,7,0,0,lower,128,12.13203125,11.909375,0.22265625,-1.49845703125,1.84220703125,false,includes_zero,-3.5703125,0.04296875,3.3203125,4,6,0,0,pca_partially_dominates_transform,0,0,6,false,false
residual_pca,current_pca,native,seed_average,fast_prefix_2,fast_prefix_2,fast_prefix_2,matched_intermediate_family_and_bytes,progressive_distance_estimate,128,128,128,10000,20260710,52,52,34201289,34201289,true,true,true,true,partial_diagnostic_index_serialization_plus_logical_requested_bytes,lower,128,0.422248466074,0.421489875291,0.000758590783828,0.000521813671646,0.000999161851236,true,favors_pca,-0.000196717582031,0.000661036339844,0.00161383646172,1,9,0,0,lower,128,0.423525715484,0.42274264998,0.000783065504232,0.000553583689091,0.00101526851369,true,favors_pca,-0.00022131193032,0.000773879647038,0.00155014450573,1,9,0,0,lower,128,0.389758201427,0.389078297658,0.000679903768828,0.000458542035354,0.000906580008723,true,favors_pca,-0.000185181989844,0.000566060660156,0.00147962425469,2,8,0,0,higher,128,0.5892265625,0.59240625,-0.0031796875,-0.0062736328125,-0.0001640625,true,favors_pca,-0.01109375,-0.00421875,0.0059375,2,8,0,0,lower,128,0.0196020532113,0.0193595023943,0.000242550817035,1.34277721072e-05,0.000471440367593,true,favors_pca,-0.000299642309383,0.000272586414625,0.000892436602164,3,7,0,0,lower,128,8.2203125,7.75234375,0.46796875,-0.60390625,1.54220703125,false,includes_zero,-2.125,0.328125,3.578125,4,6,0,0,pca_partially_dominates_transform,0,5,1,false,false
residual_pca,current_pca,native,seed_average,fast_prefix_3,fast_prefix_3,fast_prefix_3,matched_intermediate_family_and_bytes,progressive_distance_estimate,128,128,128,10000,20260710,92,92,34201289,34201289,true,true,true,true,partial_diagnostic_index_serialization_plus_logical_requested_bytes,lower,128,0.392639468104,0.391979503855,0.000659964248984,0.000430880730879,0.0008987984889,true,favors_pca,-0.000285788795312,0.000558042282422,0.00151109209531,2,8,0,0,lower,128,0.393819261823,0.393128842639,0.000690419183769,0.000461067522582,0.000929640020075,true,favors_pca,-0.000307444110876,0.000681481566501,0.00144990618518,2,8,0,0,lower,128,0.35762857671,0.357048697424,0.000579879286016,0.000364984312355,0.000797837856838,true,favors_pca,-0.000291728428125,0.000474064267969,0.00134308062187,2,8,0,0,higher,128,0.58959375,0.593328125,-0.003734375,-0.0067421875,-0.0007029296875,true,favors_pca,-0.01,-0.00390625,0.004921875,2,8,0,0,lower,128,0.0195132142677,0.0192756998162,0.000237514451452,1.7627176843e-05,0.000464550296401,true,favors_pca,-0.000332069855859,0.000253507019043,0.000944302789719,3,7,0,0,lower,128,8.1578125,7.6375,0.5203125,-0.54767578125,1.62427734375,false,includes_zero,-2.0703125,0.29296875,3.8359375,4,6,0,0,pca_partially_dominates_transform,0,5,1,false,false
residual_pca,current_pca,native,seed_average,fast_prefix_4,fast_prefix_4,fast_prefix_4,matched_intermediate_family_and_bytes,progressive_distance_estimate,128,128,128,10000,20260710,124,124,34201289,34201289,true,true,true,true,partial_diagnostic_index_serialization_plus_logical_requested_bytes,lower,128,0.386987173916,0.38634741424,0.000639759676016,0.000408004685387,0.000881256662398,true,favors_pca,-0.000311529108594,0.000548902227734,0.00149434860859,2,8,0,0,lower,128,0.38810623578,0.387437102171,0.000669133608833,0.000439866129192,0.00090399368329,true,favors_pca,-0.000336073190418,0.00066592384482,0.00143286130736,2,8,0,0,lower,128,0.351432952665,0.350873785253,0.000559167412266,0.000344992699727,0.000775368132207,true,favors_pca,-0.000318400064062,0.000453595016797,0.00131993007422,2,8,0,0,higher,128,0.5898125,0.5931328125,-0.0033203125,-0.0062580078125,-0.0003515625,true,favors_pca,-0.009453125,-0.003203125,0.004921875,2,8,0,0,lower,128,0.0195221174448,0.0192939781485,0.000228139296345,4.00158067395e-06,0.000458927127331,true,favors_pca,-0.000325181213617,0.000239127780676,0.000928156712391,3,7,0,0,lower,128,8.16015625,7.646875,0.51328125,-0.5570703125,1.58515625,false,includes_zero,-2.0078125,0.29296875,3.7109375,4,6,0,0,pca_partially_dominates_transform,0,5,1,false,false
residual_pca,current_pca,native,seed_average,fast_all,fast_all,fast_all,common_endpoint,progressive_distance_estimate,128,128,128,10000,20260710,124,124,34201289,34201289,true,true,true,true,partial_diagnostic_index_serialization_plus_logical_requested_bytes,lower,128,0.386987173916,0.38634741424,0.000639759676016,0.00040933073598,0.000877721606311,true,favors_pca,-0.000311529108594,0.000548902227734,0.00149434860859,2,8,0,0,lower,128,0.38810623578,0.387437102171,0.000669133608833,0.00043606089526,0.000905780917234,true,favors_pca,-0.000336073190418,0.00066592384482,0.00143286130736,2,8,0,0,lower,128,0.351432952665,0.350873785253,0.000559167412266,0.00034467912726,0.000774322767332,true,favors_pca,-0.000318400064062,0.000453595016797,0.00131993007422,2,8,0,0,higher,128,0.5898125,0.5931328125,-0.0033203125,-0.0062814453125,-0.0004060546875,true,favors_pca,-0.009453125,-0.003203125,0.004921875,2,8,0,0,lower,128,0.0195221174448,0.0192939781485,0.000228139296345,4.16212547729e-06,0.000452785428653,true,favors_pca,-0.000325181213617,0.000239127780676,0.000928156712391,3,7,0,0,lower,128,8.16015625,7.646875,0.51328125,-0.57423828125,1.59064453125,false,includes_zero,-2.0078125,0.29296875,3.7109375,4,6,0,0,pca_partially_dominates_transform,0,5,1,false,false
residual_pca,current_pca,native,seed_average,accurate_prefix_1,accurate_prefix_1,accurate_prefix_1,matched_intermediate_family_and_bytes,progressive_distance_estimate,128,128,128,10000,20260710,212,212,34201289,34201289,true,true,true,true,partial_diagnostic_index_serialization_plus_logical_requested_bytes,lower,128,0.0813185231608,0.0818107631306,-0.000492239969805,-0.000688206076475,-0.000292001977579,true,favors_transform,-0.000582802344062,-0.000505565028242,-0.000396732246719,10,0,0,0,lower,128,0.0860617838885,0.0865959678467,-0.00053418395819,-0.000750738807547,-0.000306721325915,true,favors_transform,-0.000609727203884,-0.00053427805282,-0.000434175978665,10,0,0,0,lower,128,0.0741756644518,0.0746346950147,-0.000459030562953,-0.000641841009588,-0.0002838541271,true,favors_transform,-0.000536344658594,-0.000451372269687,-0.000356107896484,10,0,0,0,higher,128,0.9061875,0.9049296875,0.0012578125,-6.25e-05,0.0026015625,false,includes_zero,-0.001015625,0.0006640625,0.00375,7,3,0,0,lower,128,0.000938067966194,0.00095544012953,-1.73721633353e-05,-3.7060099698e-05,1.30351642917e-06,false,includes_zero,-5.12192194317e-05,-2.08151580417e-05,1.43651420017e-05,8,2,0,0,lower,128,1.3953125,1.4359375,-0.040625,-0.10390625,0.0140625,false,includes_zero,-0.1484375,-0.07421875,0.1484375,7,3,0,0,transform_partially_dominates_pca,3,0,3,false,false
residual_pca,current_pca,native,seed_average,accurate_prefix_2,accurate_prefix_2,accurate_prefix_2,matched_intermediate_family_and_bytes,progressive_distance_estimate,128,128,128,10000,20260710,340,340,34201289,34201289,true,true,true,true,partial_diagnostic_index_serialization_plus_logical_requested_bytes,lower,128,0.0191839378487,0.0192044587312,-2.05208825516e-05,-4.27692350088e-05,2.49861828037e-06,false,includes_zero,-5.42849064063e-05,-2.67822867773e-05,2.84113490859e-05,8,2,0,0,lower,128,0.0212601666856,0.0212891184529,-2.89517672864e-05,-5.75711851505e-05,-8.08923867268e-07,true,favors_transform,-8.06538926087e-05,-4.55140683007e-05,4.14745457476e-05,8,2,0,0,lower,128,0.0173167992415,0.0173379541631,-2.11549216406e-05,-4.19865681938e-05,-2.20899033769e-07,true,favors_transform,-6.36083302031e-05,-2.45586444844e-05,1.83603402656e-05,8,2,0,0,higher,128,0.97675,0.976421875,0.000328125,-0.000296875,0.00096875,false,includes_zero,-0.001015625,0.000546875,0.001171875,6,4,0,0,lower,128,6.27340334103e-05,6.24891866088e-05,2.44846801513e-07,-2.04741026292e-06,2.59987357375e-06,false,includes_zero,-5.26027384065e-06,7.07847573098e-07,7.31216324727e-06,4,6,0,0,lower,128,1.0796875,1.0765625,0.003125,-0.01484375,0.02265625,false,includes_zero,-0.015625,0,0.03125,5,5,0,0,tradeoff,2,0,4,false,false
residual_pca,current_pca,native,seed_average,accurate_prefix_3,accurate_prefix_3,accurate_prefix_3,matched_intermediate_family_and_bytes,progressive_distance_estimate,128,128,128,10000,20260710,468,468,34201289,34201289,true,true,true,true,partial_diagnostic_index_serialization_plus_logical_requested_bytes,lower,128,0.00473345667337,0.004735828786,-2.37211262219e-06,-7.71834035688e-06,3.05507089986e-06,false,includes_zero,-1.55771236711e-05,-1.66170749258e-06,6.54250672891e-06,6,4,0,0,lower,128,0.00543862869222,0.00544207176534,-3.44307312552e-06,-1.07596806004e-05,4.50422942143e-06,false,includes_zero,-2.84529043864e-05,-2.08744155825e-06,1.45179171792e-05,5,5,0,0,lower,128,0.00417296297378,0.0041743020925,-1.33911871648e-06,-6.29602086571e-06,3.6916458062e-06,false,includes_zero,-1.12200998805e-05,-1.20293196211e-06,1.02983895172e-05,5,5,0,0,higher,128,0.9933515625,0.9931171875,0.000234375,-0.0001953125,0.0006640625,false,includes_zero,-0.001171875,0.0003125,0.001484375,6,4,0,0,lower,128,6.31877993082e-06,6.38241120815e-06,-6.36312773297e-08,-5.64889080425e-07,4.57809309269e-07,false,includes_zero,-1.56716068537e-06,-2.98035271773e-07,1.8727828693e-06,6,4,0,0,lower,128,1.028125,1.0234375,0.0046875,-0.00234375,0.0125,false,includes_zero,-0.0390625,0.0078125,0.03125,4,6,0,0,tradeoff,0,0,6,false,false
residual_pca,current_pca,native,seed_average,accurate_prefix_4,accurate_prefix_4,accurate_prefix_4,matched_intermediate_family_and_bytes,progressive_distance_estimate,128,128,128,10000,20260710,508,508,34201289,34201289,true,true,true,true,partial_diagnostic_index_serialization_plus_logical_requested_bytes,lower,128,0.00244128757523,0.00244412920279,-2.8416275532e-06,-6.66789430761e-06,9.27230675541e-07,false,includes_zero,-5.32213469375e-06,-2.47235174609e-06,1.01022340625e-07,9,1,0,0,lower,128,0.0026634684193,0.00266642443784,-2.95601853526e-06,-7.13219505353e-06,1.31508675224e-06,false,includes_zero,-8.46782760303e-06,-3.64984070344e-06,3.98235938728e-06,8,2,0,0,lower,128,0.00203430865252,0.00203589884475,-1.59019222992e-06,-4.88278453481e-06,1.75707224934e-06,false,includes_zero,-3.47780181484e-06,-1.88753774922e-06,1.38342926484e-06,8,2,0,0,higher,128,0.994796875,0.9946015625,0.0001953125,-0.0001640625,0.0005625,false,includes_zero,-0.000546875,0.0003125,0.001015625,6,4,0,0,lower,128,4.11904473316e-06,4.0967714052e-06,2.22733279602e-08,-2.70125334729e-07,3.26792072185e-07,false,includes_zero,-9.59075175453e-07,2.85184843984e-08,7.52716474375e-07,5,5,0,0,lower,128,1.01875,1.01171875,0.00703125,0,0.01640625,false,includes_zero,-0.015625,0.0078125,0.0234375,2,6,2,0,tradeoff,0,0,6,false,false
residual_pca,current_pca,native,seed_average,full,full,full,common_endpoint,progressive_distance_estimate,128,128,128,10000,20260710,508,508,34201289,34201289,true,true,true,true,partial_diagnostic_index_serialization_plus_logical_requested_bytes,lower,128,0.00167530360091,0.00168087556697,-5.57196606391e-06,-8.55242709754e-06,-2.6753744386e-06,true,favors_transform,-9.60848258203e-06,-4.92771715586e-06,-1.9814856875e-07,10,0,0,0,lower,128,0.00182622760208,0.00183170627664,-5.478674558e-06,-8.81370190736e-06,-2.09430334051e-06,true,favors_transform,-1.0985265719e-05,-6.04823655997e-06,-1.7862612871e-07,10,0,0,0,lower,128,0.00130054326573,0.00130561635124,-5.07308551172e-06,-7.47278568359e-06,-2.70141042733e-06,true,favors_transform,-7.30476240781e-06,-4.51163267266e-06,-2.81445827109e-06,10,0,0,0,higher,128,0.9947578125,0.9946171875,0.000140625,-0.00021875,0.0004921875,false,includes_zero,-0.000546875,7.8125e-05,0.001171875,5,5,0,0,lower,128,4.13227648055e-06,4.08687095133e-06,4.54055292188e-08,-2.41621943787e-07,3.44865276807e-07,false,includes_zero,-8.6537364482e-07,1.24338399035e-07,7.70991103766e-07,5,5,0,0,lower,128,1.02109375,1.01171875,0.009375,0.0015625,0.01953125,true,favors_pca,-0.015625,0.0078125,0.03125,1,7,2,0,tradeoff,3,1,2,false,false
residual_pca,current_pca,native,off,vars_conservative_lower_bound_all,vars_conservative_lower_bound_all,vars_conservative_lower_bound_all,common_endpoint,conservative_lower_bound_not_ordinary_distance_estimator,128,128,128,10000,20260710,20,20,33300169,33300169,true,true,true,true,partial_diagnostic_index_serialization_plus_logical_requested_bytes,lower,128,1.90040077576,1.89500071019,0.00540006556484,0.00190460671377,0.00966678310883,true,favors_pca,0.00540006556484,0.00540006556484,0.00540006556484,0,1,0,0,lower,128,1.89671755006,1.89126919556,0.00544835450333,0.00153123538119,0.0100086400336,true,favors_pca,0.00544835450333,0.00544835450333,0.00544835450333,0,1,0,0,lower,128,1.85851090064,1.8526956189,0.00581528174687,0.00235203211289,0.00989069068041,true,favors_pca,0.00581528174688,0.00581528174688,0.00581528174688,0,1,0,0,higher,128,0.083984375,0.084453125,-0.00046875,-0.002265625,0.001328125,false,includes_zero,-0.00046875,-0.00046875,-0.00046875,0,1,0,0,lower,128,0.235326717208,0.234920553691,0.000406163516797,-0.000499049168641,0.00134811222867,false,includes_zero,0.000406163516797,0.000406163516797,0.000406163516797,0,1,0,0,lower,128,744.9296875,737.2734375,7.65625,-0.40625,15.7580078125,false,includes_zero,7.65625,7.65625,7.65625,0,1,0,0,not_applicable_conservative_bound,0,3,3,false,false
residual_pca,current_pca,native,off,fast_prefix_1,fast_prefix_1,fast_prefix_1,matched_intermediate_family_and_bytes,progressive_distance_estimate,128,128,128,10000,20260710,28,28,33300169,33300169,true,true,true,true,partial_diagnostic_index_serialization_plus_logical_requested_bytes,lower,128,0.563800489606,0.563567108634,0.000233380972656,-0.00124446736293,0.00158434583143,false,includes_zero,0.000233380972656,0.000233380972656,0.000233380972656,0,1,0,0,lower,128,0.564068256871,0.564099399985,-3.1143113526e-05,-0.00150342653431,0.00132364743262,false,includes_zero,-3.11431135261e-05,-3.11431135261e-05,-3.11431135261e-05,1,0,0,0,lower,128,0.531144762539,0.530952945849,0.000191816689844,-0.00122824380625,0.001547597475,false,includes_zero,0.000191816689844,0.000191816689844,0.000191816689844,0,1,0,0,higher,128,0.524453125,0.521953125,0.0025,-0.00546875,0.010546875,false,includes_zero,0.0025,0.0025,0.0025,1,0,0,0,lower,128,0.031890687643,0.0311723875546,0.000718300088359,-0.000307604575215,0.00177176431123,false,includes_zero,0.000718300088359,0.000718300088359,0.000718300088359,0,1,0,0,lower,128,23.515625,16.2109375,7.3046875,1.4294921875,13.6564453125,true,favors_pca,7.3046875,7.3046875,7.3046875,0,1,0,0,tradeoff,0,1,5,false,false
residual_pca,current_pca,native,off,fast_prefix_2,fast_prefix_2,fast_prefix_2,matched_intermediate_family_and_bytes,progressive_distance_estimate,128,128,128,10000,20260710,52,52,33300169,33300169,true,true,true,true,partial_diagnostic_index_serialization_plus_logical_requested_bytes,lower,128,0.433512993211,0.433125271783,0.000387721428125,-0.000730913724414,0.00140233826896,false,includes_zero,0.000387721428125,0.000387721428125,0.000387721428125,0,1,0,0,lower,128,0.434125735309,0.433984054961,0.000141680348423,-0.00100443363917,0.0012466674107,false,includes_zero,0.000141680348423,0.000141680348423,0.000141680348423,0,1,0,0,lower,128,0.392282548379,0.391971701347,0.000310847032031,-0.000677556014297,0.00129899436406,false,includes_zero,0.000310847032031,0.000310847032031,0.000310847032031,0,1,0,0,higher,128,0.54625,0.546953125,-0.000703125,-0.008359375,0.00703125,false,includes_zero,-0.000703125,-0.000703125,-0.000703125,0,1,0,0,lower,128,0.0282267965559,0.0272567540348,0.00097004252107,-2.65832775357e-05,0.00198734154734,false,includes_zero,0.00097004252107,0.00097004252107,0.00097004252107,0,1,0,0,lower,128,15.6171875,11.6484375,3.96875,-0.0390625,8.4845703125,false,includes_zero,3.96875,3.96875,3.96875,0,1,0,0,pca_partially_dominates_transform,0,0,6,false,false
residual_pca,current_pca,native,off,fast_prefix_3,fast_prefix_3,fast_prefix_3,matched_intermediate_family_and_bytes,progressive_distance_estimate,128,128,128,10000,20260710,92,92,33300169,33300169,true,true,true,true,partial_diagnostic_index_serialization_plus_logical_requested_bytes,lower,128,0.40464855762,0.404365577707,0.000282979913281,-0.000786235428184,0.00129778017279,false,includes_zero,0.000282979913281,0.000282979913281,0.000282979913281,0,1,0,0,lower,128,0.405127204069,0.405092888116,3.43159527463e-05,-0.00110736041394,0.00113786730888,false,includes_zero,3.43159527463e-05,3.43159527463e-05,3.43159527463e-05,0,1,0,0,lower,128,0.360695449623,0.360475636859,0.000219812764844,-0.000770804540352,0.00115993456598,false,includes_zero,0.000219812764844,0.000219812764844,0.000219812764844,0,1,0,0,higher,128,0.545078125,0.548359375,-0.00328125,-0.011015625,0.004609375,false,includes_zero,-0.00328125,-0.00328125,-0.00328125,0,1,0,0,lower,128,0.0280757192216,0.0270919274798,0.000983791741883,-1.5383636541e-05,0.00199063466747,false,includes_zero,0.000983791741883,0.000983791741883,0.000983791741883,0,1,0,0,lower,128,15.1796875,11.6953125,3.484375,-0.578125,7.921875,false,includes_zero,3.484375,3.484375,3.484375,0,1,0,0,pca_partially_dominates_transform,0,0,6,false,false
residual_pca,current_pca,native,off,fast_prefix_4,fast_prefix_4,fast_prefix_4,matched_intermediate_family_and_bytes,progressive_distance_estimate,128,128,128,10000,20260710,124,124,33300169,33300169,true,true,true,true,partial_diagnostic_index_serialization_plus_logical_requested_bytes,lower,128,0.39914346212,0.398880779159,0.000262682960938,-0.000823240522617,0.00130784123838,false,includes_zero,0.000262682960938,0.000262682960938,0.000262682960938,0,1,0,0,lower,128,0.399555180647,0.399542946907,1.22337395232e-05,-0.00112334959149,0.00108789258704,false,includes_zero,1.22337395232e-05,1.22337395232e-05,1.22337395232e-05,0,1,0,0,lower,128,0.354629463212,0.354421751874,0.0002077113375,-0.000775556619668,0.00116866622383,false,includes_zero,0.0002077113375,0.0002077113375,0.0002077113375,0,1,0,0,higher,128,0.544375,0.54890625,-0.00453125,-0.012265625,0.003515625,false,includes_zero,-0.00453125,-0.00453125,-0.00453125,0,1,0,0,lower,128,0.0280758350547,0.0270983357513,0.000977499303453,-1.79249569164e-05,0.00199486537925,false,includes_zero,0.000977499303453,0.000977499303453,0.000977499303453,0,1,0,0,lower,128,15.140625,11.625,3.515625,-0.59375,8.0314453125,false,includes_zero,3.515625,3.515625,3.515625,0,1,0,0,pca_partially_dominates_transform,0,0,6,false,false
residual_pca,current_pca,native,off,fast_all,fast_all,fast_all,common_endpoint,progressive_distance_estimate,128,128,128,10000,20260710,124,124,33300169,33300169,true,true,true,true,partial_diagnostic_index_serialization_plus_logical_requested_bytes,lower,128,0.39914346212,0.398880779159,0.000262682960938,-0.000804871070664,0.00129566552979,false,includes_zero,0.000262682960938,0.000262682960938,0.000262682960938,0,1,0,0,lower,128,0.399555180647,0.399542946907,1.22337395232e-05,-0.00112556466405,0.00111062650845,false,includes_zero,1.22337395232e-05,1.22337395232e-05,1.22337395232e-05,0,1,0,0,lower,128,0.354629463212,0.354421751874,0.0002077113375,-0.000785629015488,0.00115016142748,false,includes_zero,0.0002077113375,0.0002077113375,0.0002077113375,0,1,0,0,higher,128,0.544375,0.54890625,-0.00453125,-0.0121875,0.003359375,false,includes_zero,-0.00453125,-0.00453125,-0.00453125,0,1,0,0,lower,128,0.0280758350547,0.0270983357513,0.000977499303453,-8.75324369258e-06,0.00198752647117,false,includes_zero,0.000977499303453,0.000977499303453,0.000977499303453,0,1,0,0,lower,128,15.140625,11.625,3.515625,-0.5546875,7.9533203125,false,includes_zero,3.515625,3.515625,3.515625,0,1,0,0,pca_partially_dominates_transform,0,0,6,false,false
residual_pca,current_pca,native,off,accurate_prefix_1,accurate_prefix_1,accurate_prefix_1,matched_intermediate_family_and_bytes,progressive_distance_estimate,128,128,128,10000,20260710,212,212,33300169,33300169,true,true,true,true,partial_diagnostic_index_serialization_plus_logical_requested_bytes,lower,128,0.0827859383185,0.083347049178,-0.000561110859453,-0.00082037173724,-0.000293187328377,true,favors_transform,-0.000561110859453,-0.000561110859453,-0.000561110859453,1,0,0,0,lower,128,0.0875495923532,0.0881312006375,-0.000581608284333,-0.000890371560838,-0.000242882989271,true,favors_transform,-0.000581608284333,-0.000581608284333,-0.000581608284333,1,0,0,0,lower,128,0.0745712946309,0.075026318327,-0.000455023696016,-0.000692114786318,-0.000202611516596,true,favors_transform,-0.000455023696016,-0.000455023696016,-0.000455023696016,1,0,0,0,higher,128,0.899375,0.900234375,-0.000859375,-0.0046875,0.00296875,false,includes_zero,-0.000859375,-0.000859375,-0.000859375,0,1,0,0,lower,128,0.00107732096308,0.0011019548401,-2.46338770274e-05,-8.57032805059e-05,3.42642697475e-05,false,includes_zero,-2.46338770274e-05,-2.46338770274e-05,-2.46338770274e-05,1,0,0,0,lower,128,1.390625,1.3046875,0.0859375,-0.0859375,0.265625,false,includes_zero,0.0859375,0.0859375,0.0859375,0,1,0,0,tradeoff,3,0,3,false,false
residual_pca,current_pca,native,off,accurate_prefix_2,accurate_prefix_2,accurate_prefix_2,matched_intermediate_family_and_bytes,progressive_distance_estimate,128,128,128,10000,20260710,340,340,33300169,33300169,true,true,true,true,partial_diagnostic_index_serialization_plus_logical_requested_bytes,lower,128,0.019424999593,0.0194689879851,-4.39883920625e-05,-8.40292532471e-05,-5.99925557168e-06,true,favors_transform,-4.39883920625e-05,-4.39883920625e-05,-4.39883920625e-05,1,0,0,0,lower,128,0.021498739838,0.0215690642973,-7.03244593159e-05,-0.000114897129847,-2.58505263482e-05,true,favors_transform,-7.03244593159e-05,-7.03244593159e-05,-7.03244593159e-05,1,0,0,0,lower,128,0.0173878917251,0.0174223897505,-3.44980253828e-05,-6.78906282369e-05,-1.98122443457e-06,true,favors_transform,-3.44980253828e-05,-3.44980253828e-05,-3.44980253828e-05,1,0,0,0,higher,128,0.97609375,0.9753125,0.00078125,-0.001015625,0.002578125,false,includes_zero,0.00078125,0.00078125,0.00078125,1,0,0,0,lower,128,7.0359227887e-05,6.86119429142e-05,1.74728497277e-06,-4.77795659e-06,8.43534442273e-06,false,includes_zero,1.74728497277e-06,1.74728497277e-06,1.74728497277e-06,0,1,0,0,lower,128,1.046875,1.0625,-0.015625,-0.0625,0.0234375,false,includes_zero,-0.015625,-0.015625,-0.015625,1,0,0,0,tradeoff,3,0,3,false,false
residual_pca,current_pca,native,off,accurate_prefix_3,accurate_prefix_3,accurate_prefix_3,matched_intermediate_family_and_bytes,progressive_distance_estimate,128,128,128,10000,20260710,468,468,33300169,33300169,true,true,true,true,partial_diagnostic_index_serialization_plus_logical_requested_bytes,lower,128,0.00488813185428,0.00488378357943,4.34827484609e-06,-9.77276880426e-06,1.91714578875e-05,false,includes_zero,4.34827484609e-06,4.34827484609e-06,4.34827484609e-06,0,1,0,0,lower,128,0.00557514117692,0.00557274079267,2.40038424947e-06,-1.8758176518e-05,2.40577791137e-05,false,includes_zero,2.40038424947e-06,2.40038424947e-06,2.40038424947e-06,0,1,0,0,lower,128,0.00424156771401,0.00423853770025,3.03001376016e-06,-1.01559431906e-05,1.6503012674e-05,false,includes_zero,3.03001376016e-06,3.03001376016e-06,3.03001376016e-06,0,1,0,0,higher,128,0.991640625,0.99234375,-0.000703125,-0.002189453125,0.00078125,false,includes_zero,-0.000703125,-0.000703125,-0.000703125,0,1,0,0,lower,128,8.86909740317e-06,7.58636330213e-06,1.28273410104e-06,-4.63847527235e-07,3.05495239974e-06,false,includes_zero,1.28273410104e-06,1.28273410104e-06,1.28273410104e-06,0,1,0,0,lower,128,1.0234375,1.0234375,0,-0.0390625,0.0390625,false,includes_zero,0,0,0,0,0,1,0,pca_partially_dominates_transform,0,0,6,false,false
residual_pca,current_pca,native,off,accurate_prefix_4,accurate_prefix_4,accurate_prefix_4,matched_intermediate_family_and_bytes,progressive_distance_estimate,128,128,128,10000,20260710,508,508,33300169,33300169,true,true,true,true,partial_diagnostic_index_serialization_plus_logical_requested_bytes,lower,128,0.00269211945997,0.00269007878008,2.04067989453e-06,-7.06268779422e-06,1.10532279068e-05,false,includes_zero,2.04067989453e-06,2.04067989453e-06,2.04067989453e-06,0,1,0,0,lower,128,0.00291099037324,0.00290753558569,3.45478755596e-06,-8.48967875777e-06,1.5234101739e-05,false,includes_zero,3.45478755596e-06,3.45478755596e-06,3.45478755596e-06,0,1,0,0,lower,128,0.00220288445901,0.00220287540445,9.05456484376e-09,-8.03982677373e-06,7.9564079709e-06,false,includes_zero,9.05456484356e-09,9.05456484356e-09,9.05456484356e-09,0,1,0,0,higher,128,0.993515625,0.994296875,-0.00078125,-0.00203125,0.00046875,false,includes_zero,-0.00078125,-0.00078125,-0.00078125,0,1,0,0,lower,128,5.9247835098e-06,4.15958540416e-06,1.76519810564e-06,3.98405265996e-07,3.12292437825e-06,true,favors_pca,1.76519810564e-06,1.76519810564e-06,1.76519810564e-06,0,1,0,0,lower,128,1.015625,1.015625,0,-0.03125,0.03125,false,includes_zero,0,0,0,0,0,1,0,pca_partially_dominates_transform,0,1,5,false,false
residual_pca,current_pca,native,off,full,full,full,common_endpoint,progressive_distance_estimate,128,128,128,10000,20260710,508,508,33300169,33300169,true,true,true,true,partial_diagnostic_index_serialization_plus_logical_requested_bytes,lower,128,0.00200728525416,0.0020083822172,-1.09696303516e-06,-9.26394012311e-06,6.74557348619e-06,false,includes_zero,-1.09696303516e-06,-1.09696303516e-06,-1.09696303516e-06,1,0,0,0,lower,128,0.00216441470194,0.00216407267195,3.42029985988e-07,-9.36570636458e-06,1.00234990391e-05,false,includes_zero,3.42029985988e-07,3.42029985988e-07,3.42029985988e-07,0,1,0,0,lower,128,0.00155874818926,0.00156023058121,-1.48239194375e-06,-7.40754753658e-06,4.6831407199e-06,false,includes_zero,-1.48239194375e-06,-1.48239194375e-06,-1.48239194375e-06,1,0,0,0,higher,128,0.993359375,0.994296875,-0.0009375,-0.0021875,0.0003125,false,includes_zero,-0.0009375,-0.0009375,-0.0009375,0,1,0,0,lower,128,6.00707131823e-06,4.15158251342e-06,1.85548880481e-06,4.73279047167e-07,3.24615500954e-06,true,favors_pca,1.85548880481e-06,1.85548880481e-06,1.85548880481e-06,0,1,0,0,lower,128,1.015625,1.015625,0,-0.03125,0.03125,false,includes_zero,0,0,0,0,0,1,0,tradeoff,0,1,5,false,false
residual_pca,current_pca,frozen-pca,seed_average,vars_conservative_lower_bound_all,vars_conservative_lower_bound_all,vars_conservative_lower_bound_all,common_endpoint,conservative_lower_bound_not_ordinary_distance_estimator,128,128,128,10000,20260710,20,20,34201289,34201289,true,true,true,true,partial_diagnostic_index_serialization_plus_logical_requested_bytes,lower,128,1.90040077152,1.89500070343,0.00540006808344,0.00193076714323,0.0095435342921,true,favors_pca,0.00540006424844,0.00540006757383,0.00540007544609,0,10,0,0,lower,128,1.89671754593,1.89126918809,0.00544835783712,0.00149543746939,0.0102848035616,true,favors_pca,0.00544835436972,0.00544835727958,0.00544836629819,0,10,0,0,lower,128,1.85851089663,1.85269561243,0.00581528419953,0.00246231680133,0.00992281529792,true,favors_pca,0.0058152802875,0.00581528375703,0.00581529156875,0,10,0,0,higher,128,0.083984375,0.0844453125,-0.0004609375,-0.0022578125,0.0013359375,false,includes_zero,-0.00046875,-0.00046875,-0.000390625,0,10,0,0,lower,128,0.235326690243,0.234920580162,0.000406110080781,-0.000485425841305,0.00133697562475,false,includes_zero,0.000405992416016,0.00040612189375,0.000406186784766,0,10,0,0,lower,128,744.92890625,737.2734375,7.65546875,-0.4220703125,15.8043164062,false,includes_zero,7.6484375,7.65625,7.65625,0,10,0,0,not_applicable_conservative_bound,0,3,3,false,false
residual_pca,current_pca,frozen-pca,seed_average,fast_prefix_1,fast_prefix_1,fast_prefix_1,matched_intermediate_family_and_bytes,progressive_distance_estimate,128,128,128,10000,20260710,28,28,34201289,34201289,true,true,true,true,partial_diagnostic_index_serialization_plus_logical_requested_bytes,lower,128,0.555029752963,0.554414683511,0.000615069451875,-0.00022434231241,0.00142935149654,false,includes_zero,-0.000299552367969,0.000487522084766,0.00144688438984,2,8,0,0,lower,128,0.555823575304,0.555192699346,0.000630875957941,-0.000212798006295,0.00142708795586,false,includes_zero,-0.000301834021633,0.000561989237831,0.00141971494987,2,8,0,0,lower,128,0.529540203587,0.528970620481,0.000569583106328,-0.000289161788855,0.00144598414241,false,includes_zero,-0.000222558683594,0.000483591486328,0.00139763326016,2,8,0,0,higher,128,0.5682109375,0.57096875,-0.0027578125,-0.0055625,3.90625e-05,false,includes_zero,-0.0103125,-0.0019921875,0.002265625,2,8,0,0,lower,128,0.0227354550142,0.0225554984273,0.000179956586917,-6.53620158285e-05,0.000433232782686,false,includes_zero,-0.000397738557742,0.000164798527926,0.000762804569734,3,7,0,0,lower,128,12.13203125,11.909375,0.22265625,-1.44533203125,1.84767578125,false,includes_zero,-3.5703125,0.04296875,3.3203125,4,6,0,0,pca_partially_dominates_transform,0,0,6,false,false
residual_pca,current_pca,frozen-pca,seed_average,fast_prefix_2,fast_prefix_2,fast_prefix_2,matched_intermediate_family_and_bytes,progressive_distance_estimate,128,128,128,10000,20260710,52,52,34201289,34201289,true,true,true,true,partial_diagnostic_index_serialization_plus_logical_requested_bytes,lower,128,0.422248466074,0.421489875291,0.000758590783828,0.000525210234412,0.0010020692375,true,favors_pca,-0.000196717582031,0.000661036339844,0.00161383646172,1,9,0,0,lower,128,0.423525715484,0.42274264998,0.000783065504232,0.000552309003956,0.00102229084628,true,favors_pca,-0.00022131193032,0.000773879647038,0.00155014450573,1,9,0,0,lower,128,0.389758201427,0.389078297658,0.000679903768828,0.000462360545086,0.000902279275771,true,favors_pca,-0.000185181989844,0.000566060660156,0.00147962425469,2,8,0,0,higher,128,0.5892265625,0.59240625,-0.0031796875,-0.0062423828125,-0.000125,true,favors_pca,-0.01109375,-0.00421875,0.0059375,2,8,0,0,lower,128,0.0196020532113,0.0193595023943,0.000242550817035,1.32781914177e-05,0.00047831589807,true,favors_pca,-0.000299642309383,0.000272586414625,0.000892436602164,3,7,0,0,lower,128,8.2203125,7.75234375,0.46796875,-0.6328515625,1.5187890625,false,includes_zero,-2.125,0.328125,3.578125,4,6,0,0,pca_partially_dominates_transform,0,5,1,false,false
residual_pca,current_pca,frozen-pca,seed_average,fast_prefix_3,fast_prefix_3,fast_prefix_3,matched_intermediate_family_and_bytes,progressive_distance_estimate,128,128,128,10000,20260710,92,92,34201289,34201289,true,true,true,true,partial_diagnostic_index_serialization_plus_logical_requested_bytes,lower,128,0.392639468104,0.391979503855,0.000659964248984,0.000428773693561,0.000895832581451,true,favors_pca,-0.000285788795312,0.000558042282422,0.00151109209531,2,8,0,0,lower,128,0.393819261823,0.393128842639,0.000690419183769,0.00046300732724,0.000923368455079,true,favors_pca,-0.000307444110876,0.000681481566501,0.00144990618518,2,8,0,0,lower,128,0.35762857671,0.357048697424,0.000579879286016,0.000370335595207,0.000796663721045,true,favors_pca,-0.000291728428125,0.000474064267969,0.00134308062187,2,8,0,0,higher,128,0.58959375,0.593328125,-0.003734375,-0.0067265625,-0.0006875,true,favors_pca,-0.01,-0.00390625,0.004921875,2,8,0,0,lower,128,0.0195132142677,0.0192756998162,0.000237514451452,1.94442371246e-05,0.000458981715968,true,favors_pca,-0.000332069855859,0.000253507019043,0.000944302789719,3,7,0,0,lower,128,8.1578125,7.6375,0.5203125,-0.54142578125,1.6328515625,false,includes_zero,-2.0703125,0.29296875,3.8359375,4,6,0,0,pca_partially_dominates_transform,0,5,1,false,false
residual_pca,current_pca,frozen-pca,seed_average,fast_prefix_4,fast_prefix_4,fast_prefix_4,matched_intermediate_family_and_bytes,progressive_distance_estimate,128,128,128,10000,20260710,124,124,34201289,34201289,true,true,true,true,partial_diagnostic_index_serialization_plus_logical_requested_bytes,lower,128,0.386987173916,0.38634741424,0.000639759676016,0.000404106328088,0.000878176317332,true,favors_pca,-0.000311529108594,0.000548902227734,0.00149434860859,2,8,0,0,lower,128,0.38810623578,0.387437102171,0.000669133608833,0.000436633522273,0.000910435068404,true,favors_pca,-0.000336073190418,0.00066592384482,0.00143286130736,2,8,0,0,lower,128,0.351432952665,0.350873785253,0.000559167412266,0.000343533274592,0.0007730835841,true,favors_pca,-0.000318400064062,0.000453595016797,0.00131993007422,2,8,0,0,higher,128,0.5898125,0.5931328125,-0.0033203125,-0.0062970703125,-0.000453125,true,favors_pca,-0.009453125,-0.003203125,0.004921875,2,8,0,0,lower,128,0.0195221174448,0.0192939781485,0.000228139296345,1.48211867371e-06,0.000455574547595,true,favors_pca,-0.000325181213617,0.000239127780676,0.000928156712391,3,7,0,0,lower,128,8.16015625,7.646875,0.51328125,-0.56095703125,1.60158203125,false,includes_zero,-2.0078125,0.29296875,3.7109375,4,6,0,0,pca_partially_dominates_transform,0,5,1,false,false
residual_pca,current_pca,frozen-pca,seed_average,fast_all,fast_all,fast_all,common_endpoint,progressive_distance_estimate,128,128,128,10000,20260710,124,124,34201289,34201289,true,true,true,true,partial_diagnostic_index_serialization_plus_logical_requested_bytes,lower,128,0.386987173916,0.38634741424,0.000639759676016,0.000409616795035,0.00088150869475,true,favors_pca,-0.000311529108594,0.000548902227734,0.00149434860859,2,8,0,0,lower,128,0.38810623578,0.387437102171,0.000669133608833,0.000438033777064,0.000905337815767,true,favors_pca,-0.000336073190418,0.00066592384482,0.00143286130736,2,8,0,0,lower,128,0.351432952665,0.350873785253,0.000559167412266,0.000342948953643,0.000777849921211,true,favors_pca,-0.000318400064062,0.000453595016797,0.00131993007422,2,8,0,0,higher,128,0.5898125,0.5931328125,-0.0033203125,-0.006265625,-0.0004140625,true,favors_pca,-0.009453125,-0.003203125,0.004921875,2,8,0,0,lower,128,0.0195221174448,0.0192939781485,0.000228139296345,5.08226811123e-06,0.000458679560069,true,favors_pca,-0.000325181213617,0.000239127780676,0.000928156712391,3,7,0,0,lower,128,8.16015625,7.646875,0.51328125,-0.56251953125,1.59923828125,false,includes_zero,-2.0078125,0.29296875,3.7109375,4,6,0,0,pca_partially_dominates_transform,0,5,1,false,false
residual_pca,current_pca,frozen-pca,seed_average,accurate_prefix_1,accurate_prefix_1,accurate_prefix_1,matched_intermediate_family_and_bytes,progressive_distance_estimate,128,128,128,10000,20260710,212,212,34201289,34201289,true,true,true,true,partial_diagnostic_index_serialization_plus_logical_requested_bytes,lower,128,0.0813185231608,0.0818107631306,-0.000492239969805,-0.000689700173636,-0.000292760676254,true,favors_transform,-0.000582802344062,-0.000505565028242,-0.000396732246719,10,0,0,0,lower,128,0.0860617838885,0.0865959678467,-0.00053418395819,-0.000751514719515,-0.000303383053335,true,favors_transform,-0.000609727203884,-0.00053427805282,-0.000434175978665,10,0,0,0,lower,128,0.0741756644518,0.0746346950147,-0.000459030562953,-0.000638942989324,-0.000277030065178,true,favors_transform,-0.000536344658594,-0.000451372269687,-0.000356107896484,10,0,0,0,higher,128,0.9061875,0.9049296875,0.0012578125,-7.8125e-05,0.0026171875,false,includes_zero,-0.001015625,0.0006640625,0.00375,7,3,0,0,lower,128,0.000938067966194,0.00095544012953,-1.73721633353e-05,-3.70728735801e-05,1.5914829928e-06,false,includes_zero,-5.12192194317e-05,-2.08151580417e-05,1.43651420017e-05,8,2,0,0,lower,128,1.3953125,1.4359375,-0.040625,-0.10390625,0.015625,false,includes_zero,-0.1484375,-0.07421875,0.1484375,7,3,0,0,transform_partially_dominates_pca,3,0,3,false,false
residual_pca,current_pca,frozen-pca,seed_average,accurate_prefix_2,accurate_prefix_2,accurate_prefix_2,matched_intermediate_family_and_bytes,progressive_distance_estimate,128,128,128,10000,20260710,340,340,34201289,34201289,true,true,true,true,partial_diagnostic_index_serialization_plus_logical_requested_bytes,lower,128,0.0191839378487,0.0192044587312,-2.05208825516e-05,-4.33741252507e-05,1.70599131771e-06,false,includes_zero,-5.42849064063e-05,-2.67822867773e-05,2.84113490859e-05,8,2,0,0,lower,128,0.0212601666856,0.0212891184529,-2.89517672864e-05,-5.73551291369e-05,-1.44320369922e-06,true,favors_transform,-8.06538926087e-05,-4.55140683007e-05,4.14745457476e-05,8,2,0,0,lower,128,0.0173167992415,0.0173379541631,-2.11549216406e-05,-4.21846877838e-05,-4.97896791132e-07,true,favors_transform,-6.36083302031e-05,-2.45586444844e-05,1.83603402656e-05,8,2,0,0,higher,128,0.97675,0.976421875,0.000328125,-0.0003046875,0.00096875,false,includes_zero,-0.001015625,0.000546875,0.001171875,6,4,0,0,lower,128,6.27340334103e-05,6.24891866088e-05,2.44846801513e-07,-2.13913785538e-06,2.57080637414e-06,false,includes_zero,-5.26027384065e-06,7.07847573098e-07,7.31216324727e-06,4,6,0,0,lower,128,1.0796875,1.0765625,0.003125,-0.015625,0.02265625,false,includes_zero,-0.015625,0,0.03125,5,5,0,0,tradeoff,2,0,4,false,false
residual_pca,current_pca,frozen-pca,seed_average,accurate_prefix_3,accurate_prefix_3,accurate_prefix_3,matched_intermediate_family_and_bytes,progressive_distance_estimate,128,128,128,10000,20260710,468,468,34201289,34201289,true,true,true,true,partial_diagnostic_index_serialization_plus_logical_requested_bytes,lower,128,0.00473345667337,0.004735828786,-2.37211262219e-06,-7.76095297732e-06,2.93723769937e-06,false,includes_zero,-1.55771236711e-05,-1.66170749258e-06,6.54250672891e-06,6,4,0,0,lower,128,0.00543862869222,0.00544207176534,-3.44307312552e-06,-1.07328286098e-05,4.67590367782e-06,false,includes_zero,-2.84529043864e-05,-2.08744155825e-06,1.45179171792e-05,5,5,0,0,lower,128,0.00417296297378,0.0041743020925,-1.33911871648e-06,-6.35879554641e-06,3.72651964072e-06,false,includes_zero,-1.12200998805e-05,-1.20293196211e-06,1.02983895172e-05,5,5,0,0,higher,128,0.9933515625,0.9931171875,0.000234375,-0.000203125,0.000671875,false,includes_zero,-0.001171875,0.0003125,0.001484375,6,4,0,0,lower,128,6.31877993082e-06,6.38241120815e-06,-6.36312773297e-08,-5.54031124818e-07,4.40105783575e-07,false,includes_zero,-1.56716068537e-06,-2.98035271773e-07,1.8727828693e-06,6,4,0,0,lower,128,1.028125,1.0234375,0.0046875,-0.00234375,0.0125,false,includes_zero,-0.0390625,0.0078125,0.03125,4,6,0,0,tradeoff,0,0,6,false,false
residual_pca,current_pca,frozen-pca,seed_average,accurate_prefix_4,accurate_prefix_4,accurate_prefix_4,matched_intermediate_family_and_bytes,progressive_distance_estimate,128,128,128,10000,20260710,508,508,34201289,34201289,true,true,true,true,partial_diagnostic_index_serialization_plus_logical_requested_bytes,lower,128,0.00244128757523,0.00244412920279,-2.8416275532e-06,-6.60480989573e-06,9.71086754076e-07,false,includes_zero,-5.32213469375e-06,-2.47235174609e-06,1.01022340625e-07,9,1,0,0,lower,128,0.0026634684193,0.00266642443784,-2.95601853526e-06,-7.08548407949e-06,1.32170214361e-06,false,includes_zero,-8.46782760303e-06,-3.64984070344e-06,3.98235938728e-06,8,2,0,0,lower,128,0.00203430865252,0.00203589884475,-1.59019222992e-06,-5.00316678849e-06,1.83866653015e-06,false,includes_zero,-3.47780181484e-06,-1.88753774922e-06,1.38342926484e-06,8,2,0,0,higher,128,0.994796875,0.9946015625,0.0001953125,-0.000171875,0.0005548828125,false,includes_zero,-0.000546875,0.0003125,0.001015625,6,4,0,0,lower,128,4.11904473316e-06,4.0967714052e-06,2.22733279602e-08,-2.68328690812e-07,3.20183762139e-07,false,includes_zero,-9.59075175453e-07,2.85184843984e-08,7.52716474375e-07,5,5,0,0,lower,128,1.01875,1.01171875,0.00703125,0,0.015625,false,includes_zero,-0.015625,0.0078125,0.0234375,2,6,2,0,tradeoff,0,0,6,false,false
residual_pca,current_pca,frozen-pca,seed_average,full,full,full,common_endpoint,progressive_distance_estimate,128,128,128,10000,20260710,508,508,34201289,34201289,true,true,true,true,partial_diagnostic_index_serialization_plus_logical_requested_bytes,lower,128,0.00167530360091,0.00168087556697,-5.57196606391e-06,-8.44610284723e-06,-2.68481169146e-06,true,favors_transform,-9.60848258203e-06,-4.92771715586e-06,-1.9814856875e-07,10,0,0,0,lower,128,0.00182622760208,0.00183170627664,-5.478674558e-06,-8.79967492883e-06,-2.13888059073e-06,true,favors_transform,-1.0985265719e-05,-6.04823655997e-06,-1.7862612871e-07,10,0,0,0,lower,128,0.00130054326573,0.00130561635124,-5.07308551172e-06,-7.39515470624e-06,-2.75328398476e-06,true,favors_transform,-7.30476240781e-06,-4.51163267266e-06,-2.81445827109e-06,10,0,0,0,higher,128,0.9947578125,0.9946171875,0.000140625,-0.0002109375,0.0004921875,false,includes_zero,-0.000546875,7.8125e-05,0.001171875,5,5,0,0,lower,128,4.13227648055e-06,4.08687095133e-06,4.54055292188e-08,-2.45149221495e-07,3.41888888669e-07,false,includes_zero,-8.6537364482e-07,1.24338399035e-07,7.70991103766e-07,5,5,0,0,lower,128,1.02109375,1.01171875,0.009375,0.0015625,0.01953125,true,favors_pca,-0.015625,0.0078125,0.03125,1,7,2,0,tradeoff,3,1,2,false,false
residual_pca,current_pca,frozen-pca,off,vars_conservative_lower_bound_all,vars_conservative_lower_bound_all,vars_conservative_lower_bound_all,common_endpoint,conservative_lower_bound_not_ordinary_distance_estimator,128,128,128,10000,20260710,20,20,33300169,33300169,true,true,true,true,partial_diagnostic_index_serialization_plus_logical_requested_bytes,lower,128,1.90040077576,1.89500071019,0.00540006556484,0.00202495304896,0.00946472724533,true,favors_pca,0.00540006556484,0.00540006556484,0.00540006556484,0,1,0,0,lower,128,1.89671755006,1.89126919556,0.00544835450333,0.00147753991026,0.0100991360349,true,favors_pca,0.00544835450333,0.00544835450333,0.00544835450333,0,1,0,0,lower,128,1.85851090064,1.8526956189,0.00581528174687,0.00241246745879,0.010013975158,true,favors_pca,0.00581528174688,0.00581528174688,0.00581528174688,0,1,0,0,higher,128,0.083984375,0.084453125,-0.00046875,-0.002265625,0.001328125,false,includes_zero,-0.00046875,-0.00046875,-0.00046875,0,1,0,0,lower,128,0.235326717208,0.234920553691,0.000406163516797,-0.000484226696221,0.00134783889941,false,includes_zero,0.000406163516797,0.000406163516797,0.000406163516797,0,1,0,0,lower,128,744.9296875,737.2734375,7.65625,-0.3673828125,15.703125,false,includes_zero,7.65625,7.65625,7.65625,0,1,0,0,not_applicable_conservative_bound,0,3,3,false,false
residual_pca,current_pca,frozen-pca,off,fast_prefix_1,fast_prefix_1,fast_prefix_1,matched_intermediate_family_and_bytes,progressive_distance_estimate,128,128,128,10000,20260710,28,28,33300169,33300169,true,true,true,true,partial_diagnostic_index_serialization_plus_logical_requested_bytes,lower,128,0.563800489606,0.563567108634,0.000233380972656,-0.00119975120602,0.00158809546242,false,includes_zero,0.000233380972656,0.000233380972656,0.000233380972656,0,1,0,0,lower,128,0.564068256871,0.564099399985,-3.1143113526e-05,-0.00143190460373,0.00137164441862,false,includes_zero,-3.11431135261e-05,-3.11431135261e-05,-3.11431135261e-05,1,0,0,0,lower,128,0.531144762539,0.530952945849,0.000191816689844,-0.00118347037898,0.00152863235311,false,includes_zero,0.000191816689844,0.000191816689844,0.000191816689844,0,1,0,0,higher,128,0.524453125,0.521953125,0.0025,-0.005390625,0.010625,false,includes_zero,0.0025,0.0025,0.0025,1,0,0,0,lower,128,0.031890687643,0.0311723875546,0.000718300088359,-0.000315213630277,0.00177812437319,false,includes_zero,0.000718300088359,0.000718300088359,0.000718300088359,0,1,0,0,lower,128,23.515625,16.2109375,7.3046875,1.5154296875,13.6328125,true,favors_pca,7.3046875,7.3046875,7.3046875,0,1,0,0,tradeoff,0,1,5,false,false
residual_pca,current_pca,frozen-pca,off,fast_prefix_2,fast_prefix_2,fast_prefix_2,matched_intermediate_family_and_bytes,progressive_distance_estimate,128,128,128,10000,20260710,52,52,33300169,33300169,true,true,true,true,partial_diagnostic_index_serialization_plus_logical_requested_bytes,lower,128,0.433512993211,0.433125271783,0.000387721428125,-0.000696484828027,0.00142249450809,false,includes_zero,0.000387721428125,0.000387721428125,0.000387721428125,0,1,0,0,lower,128,0.434125735309,0.433984054961,0.000141680348423,-0.00100047529341,0.00122373774416,false,includes_zero,0.000141680348423,0.000141680348423,0.000141680348423,0,1,0,0,lower,128,0.392282548379,0.391971701347,0.000310847032031,-0.000679885887188,0.00126804623895,false,includes_zero,0.000310847032031,0.000310847032031,0.000310847032031,0,1,0,0,higher,128,0.54625,0.546953125,-0.000703125,-0.008205078125,0.006953125,false,includes_zero,-0.000703125,-0.000703125,-0.000703125,0,1,0,0,lower,128,0.0282267965559,0.0272567540348,0.00097004252107,-2.19687603953e-05,0.00203178149662,false,includes_zero,0.00097004252107,0.00097004252107,0.00097004252107,0,1,0,0,lower,128,15.6171875,11.6484375,3.96875,-0.0234375,8.3830078125,false,includes_zero,3.96875,3.96875,3.96875,0,1,0,0,pca_partially_dominates_transform,0,0,6,false,false
residual_pca,current_pca,frozen-pca,off,fast_prefix_3,fast_prefix_3,fast_prefix_3,matched_intermediate_family_and_bytes,progressive_distance_estimate,128,128,128,10000,20260710,92,92,33300169,33300169,true,true,true,true,partial_diagnostic_index_serialization_plus_logical_requested_bytes,lower,128,0.40464855762,0.404365577707,0.000282979913281,-0.000811784753984,0.00131962908717,false,includes_zero,0.000282979913281,0.000282979913281,0.000282979913281,0,1,0,0,lower,128,0.405127204069,0.405092888116,3.43159527463e-05,-0.00109881893492,0.00111420097902,false,includes_zero,3.43159527463e-05,3.43159527463e-05,3.43159527463e-05,0,1,0,0,lower,128,0.360695449623,0.360475636859,0.000219812764844,-0.000797169368848,0.00118693255352,false,includes_zero,0.000219812764844,0.000219812764844,0.000219812764844,0,1,0,0,higher,128,0.545078125,0.548359375,-0.00328125,-0.01109375,0.0046875,false,includes_zero,-0.00328125,-0.00328125,-0.00328125,0,1,0,0,lower,128,0.0280757192216,0.0270919274798,0.000983791741883,-1.2923809625e-05,0.00198029642966,false,includes_zero,0.000983791741883,0.000983791741883,0.000983791741883,0,1,0,0,lower,128,15.1796875,11.6953125,3.484375,-0.609375,8.0626953125,false,includes_zero,3.484375,3.484375,3.484375,0,1,0,0,pca_partially_dominates_transform,0,0,6,false,false
residual_pca,current_pca,frozen-pca,off,fast_prefix_4,fast_prefix_4,fast_prefix_4,matched_intermediate_family_and_bytes,progressive_distance_estimate,128,128,128,10000,20260710,124,124,33300169,33300169,true,true,true,true,partial_diagnostic_index_serialization_plus_logical_requested_bytes,lower,128,0.39914346212,0.398880779159,0.000262682960938,-0.000807377739219,0.00129484429324,false,includes_zero,0.000262682960938,0.000262682960938,0.000262682960938,0,1,0,0,lower,128,0.399555180647,0.399542946907,1.22337395232e-05,-0.00112737801827,0.00108770580435,false,includes_zero,1.22337395232e-05,1.22337395232e-05,1.22337395232e-05,0,1,0,0,lower,128,0.354629463212,0.354421751874,0.0002077113375,-0.000785352848359,0.00116144252469,false,includes_zero,0.0002077113375,0.0002077113375,0.0002077113375,0,1,0,0,higher,128,0.544375,0.54890625,-0.00453125,-0.01234375,0.0034375,false,includes_zero,-0.00453125,-0.00453125,-0.00453125,0,1,0,0,lower,128,0.0280758350547,0.0270983357513,0.000977499303453,2.88888968359e-06,0.00198548779429,true,favors_pca,0.000977499303453,0.000977499303453,0.000977499303453,0,1,0,0,lower,128,15.140625,11.625,3.515625,-0.5548828125,8,false,includes_zero,3.515625,3.515625,3.515625,0,1,0,0,pca_partially_dominates_transform,0,1,5,false,false
residual_pca,current_pca,frozen-pca,off,fast_all,fast_all,fast_all,common_endpoint,progressive_distance_estimate,128,128,128,10000,20260710,124,124,33300169,33300169,true,true,true,true,partial_diagnostic_index_serialization_plus_logical_requested_bytes,lower,128,0.39914346212,0.398880779159,0.000262682960938,-0.000816782050996,0.00126207581104,false,includes_zero,0.000262682960938,0.000262682960938,0.000262682960938,0,1,0,0,lower,128,0.399555180647,0.399542946907,1.22337395232e-05,-0.00113130319626,0.00109199869567,false,includes_zero,1.22337395232e-05,1.22337395232e-05,1.22337395232e-05,0,1,0,0,lower,128,0.354629463212,0.354421751874,0.0002077113375,-0.000786324193242,0.00115544095373,false,includes_zero,0.0002077113375,0.0002077113375,0.0002077113375,0,1,0,0,higher,128,0.544375,0.54890625,-0.00453125,-0.012421875,0.00328125,false,includes_zero,-0.00453125,-0.00453125,-0.00453125,0,1,0,0,lower,128,0.0280758350547,0.0270983357513,0.000977499303453,7.01116667617e-06,0.00198982690727,true,favors_pca,0.000977499303453,0.000977499303453,0.000977499303453,0,1,0,0,lower,128,15.140625,11.625,3.515625,-0.5625,8.101953125,false,includes_zero,3.515625,3.515625,3.515625,0,1,0,0,pca_partially_dominates_transform,0,1,5,false,false
residual_pca,current_pca,frozen-pca,off,accurate_prefix_1,accurate_prefix_1,accurate_prefix_1,matched_intermediate_family_and_bytes,progressive_distance_estimate,128,128,128,10000,20260710,212,212,33300169,33300169,true,true,true,true,partial_diagnostic_index_serialization_plus_logical_requested_bytes,lower,128,0.0827859383185,0.083347049178,-0.000561110859453,-0.000829075347342,-0.000278399571457,true,favors_transform,-0.000561110859453,-0.000561110859453,-0.000561110859453,1,0,0,0,lower,128,0.0875495923532,0.0881312006375,-0.000581608284333,-0.00089014132354,-0.000239752252962,true,favors_transform,-0.000581608284333,-0.000581608284333,-0.000581608284333,1,0,0,0,lower,128,0.0745712946309,0.075026318327,-0.000455023696016,-0.00069054846185,-0.000205551163553,true,favors_transform,-0.000455023696016,-0.000455023696016,-0.000455023696016,1,0,0,0,higher,128,0.899375,0.900234375,-0.000859375,-0.0046875,0.002890625,false,includes_zero,-0.000859375,-0.000859375,-0.000859375,0,1,0,0,lower,128,0.00107732096308,0.0011019548401,-2.46338770274e-05,-8.43743514472e-05,3.48978407559e-05,false,includes_zero,-2.46338770274e-05,-2.46338770274e-05,-2.46338770274e-05,1,0,0,0,lower,128,1.390625,1.3046875,0.0859375,-0.0861328125,0.265625,false,includes_zero,0.0859375,0.0859375,0.0859375,0,1,0,0,tradeoff,3,0,3,false,false
residual_pca,current_pca,frozen-pca,off,accurate_prefix_2,accurate_prefix_2,accurate_prefix_2,matched_intermediate_family_and_bytes,progressive_distance_estimate,128,128,128,10000,20260710,340,340,33300169,33300169,true,true,true,true,partial_diagnostic_index_serialization_plus_logical_requested_bytes,lower,128,0.019424999593,0.0194689879851,-4.39883920625e-05,-8.4687448683e-05,-4.92154463594e-06,true,favors_transform,-4.39883920625e-05,-4.39883920625e-05,-4.39883920625e-05,1,0,0,0,lower,128,0.021498739838,0.0215690642973,-7.03244593159e-05,-0.000115250360872,-2.65582051771e-05,true,favors_transform,-7.03244593159e-05,-7.03244593159e-05,-7.03244593159e-05,1,0,0,0,lower,128,0.0173878917251,0.0174223897505,-3.44980253828e-05,-6.729605545e-05,-1.17683947891e-06,true,favors_transform,-3.44980253828e-05,-3.44980253828e-05,-3.44980253828e-05,1,0,0,0,higher,128,0.97609375,0.9753125,0.00078125,-0.001015625,0.00265625,false,includes_zero,0.00078125,0.00078125,0.00078125,1,0,0,0,lower,128,7.0359227887e-05,6.86119429142e-05,1.74728497277e-06,-4.84307801895e-06,8.54361656468e-06,false,includes_zero,1.74728497277e-06,1.74728497277e-06,1.74728497277e-06,0,1,0,0,lower,128,1.046875,1.0625,-0.015625,-0.0546875,0.0234375,false,includes_zero,-0.015625,-0.015625,-0.015625,1,0,0,0,tradeoff,3,0,3,false,false
residual_pca,current_pca,frozen-pca,off,accurate_prefix_3,accurate_prefix_3,accurate_prefix_3,matched_intermediate_family_and_bytes,progressive_distance_estimate,128,128,128,10000,20260710,468,468,33300169,33300169,true,true,true,true,partial_diagnostic_index_serialization_plus_logical_requested_bytes,lower,128,0.00488813185428,0.00488378357943,4.34827484609e-06,-9.82706003316e-06,1.90524986255e-05,false,includes_zero,4.34827484609e-06,4.34827484609e-06,4.34827484609e-06,0,1,0,0,lower,128,0.00557514117692,0.00557274079267,2.40038424947e-06,-1.94367147517e-05,2.4203911145e-05,false,includes_zero,2.40038424947e-06,2.40038424947e-06,2.40038424947e-06,0,1,0,0,lower,128,0.00424156771401,0.00423853770025,3.03001376016e-06,-1.01242870418e-05,1.66371642211e-05,false,includes_zero,3.03001376016e-06,3.03001376016e-06,3.03001376016e-06,0,1,0,0,higher,128,0.991640625,0.99234375,-0.000703125,-0.002265625,0.00078125,false,includes_zero,-0.000703125,-0.000703125,-0.000703125,0,1,0,0,lower,128,8.86909740317e-06,7.58636330213e-06,1.28273410104e-06,-4.18257053459e-07,3.07019152862e-06,false,includes_zero,1.28273410104e-06,1.28273410104e-06,1.28273410104e-06,0,1,0,0,lower,128,1.0234375,1.0234375,0,-0.0390625,0.0390625,false,includes_zero,0,0,0,0,0,1,0,pca_partially_dominates_transform,0,0,6,false,false
residual_pca,current_pca,frozen-pca,off,accurate_prefix_4,accurate_prefix_4,accurate_prefix_4,matched_intermediate_family_and_bytes,progressive_distance_estimate,128,128,128,10000,20260710,508,508,33300169,33300169,true,true,true,true,partial_diagnostic_index_serialization_plus_logical_requested_bytes,lower,128,0.00269211945997,0.00269007878008,2.04067989453e-06,-6.99310230318e-06,1.10109097612e-05,false,includes_zero,2.04067989453e-06,2.04067989453e-06,2.04067989453e-06,0,1,0,0,lower,128,0.00291099037324,0.00290753558569,3.45478755596e-06,-8.49797102782e-06,1.50044412643e-05,false,includes_zero,3.45478755596e-06,3.45478755596e-06,3.45478755596e-06,0,1,0,0,lower,128,0.00220288445901,0.00220287540445,9.05456484376e-09,-8.18616151305e-06,7.70936400061e-06,false,includes_zero,9.05456484356e-09,9.05456484356e-09,9.05456484356e-09,0,1,0,0,higher,128,0.993515625,0.994296875,-0.00078125,-0.00203125,0.00046875,false,includes_zero,-0.00078125,-0.00078125,-0.00078125,0,1,0,0,lower,128,5.9247835098e-06,4.15958540416e-06,1.76519810564e-06,4.26742075181e-07,3.13719473261e-06,true,favors_pca,1.76519810564e-06,1.76519810564e-06,1.76519810564e-06,0,1,0,0,lower,128,1.015625,1.015625,0,-0.03125,0.03125,false,includes_zero,0,0,0,0,0,1,0,pca_partially_dominates_transform,0,1,5,false,false
residual_pca,current_pca,frozen-pca,off,full,full,full,common_endpoint,progressive_distance_estimate,128,128,128,10000,20260710,508,508,33300169,33300169,true,true,true,true,partial_diagnostic_index_serialization_plus_logical_requested_bytes,lower,128,0.00200728525416,0.0020083822172,-1.09696303516e-06,-9.14825967455e-06,7.03159201164e-06,false,includes_zero,-1.09696303516e-06,-1.09696303516e-06,-1.09696303516e-06,1,0,0,0,lower,128,0.00216441470194,0.00216407267195,3.42029985988e-07,-9.39802676085e-06,1.02374237973e-05,false,includes_zero,3.42029985988e-07,3.42029985988e-07,3.42029985988e-07,0,1,0,0,lower,128,0.00155874818926,0.00156023058121,-1.48239194375e-06,-7.50927562611e-06,4.71367782807e-06,false,includes_zero,-1.48239194375e-06,-1.48239194375e-06,-1.48239194375e-06,1,0,0,0,higher,128,0.993359375,0.994296875,-0.0009375,-0.0021875,0.0003125,false,includes_zero,-0.0009375,-0.0009375,-0.0009375,0,1,0,0,lower,128,6.00707131823e-06,4.15158251342e-06,1.85548880481e-06,4.95140974319e-07,3.24238321019e-06,true,favors_pca,1.85548880481e-06,1.85548880481e-06,1.85548880481e-06,0,1,0,0,lower,128,1.015625,1.015625,0,-0.03125,0.03125,false,includes_zero,0,0,0,0,0,1,0,tradeoff,0,1,5,false,false
residual_pca,current_pca,uniform,seed_average,vars_conservative_lower_bound_all,vars_conservative_lower_bound_all,vars_conservative_lower_bound_all,common_endpoint,conservative_lower_bound_not_ordinary_distance_estimator,128,128,128,10000,20260710,4,4,34013109,34013109,true,true,true,true,partial_diagnostic_index_serialization_plus_logical_requested_bytes,lower,128,2.19907846124,2.20363866948,-0.00456020824063,-0.014172033064,0.00457530782051,false,includes_zero,-0.00456021917266,-0.00456020815312,-0.00456019993047,10,0,0,0,lower,128,2.22294971965,2.22850737211,-0.005557652454,-0.014869179708,0.00354802510982,false,includes_zero,-0.00555766158815,-0.00555765264573,-0.00555764377908,10,0,0,0,lower,128,2.1623373573,2.16605870169,-0.00372134439375,-0.0130038430112,0.00554818470461,false,includes_zero,-0.00372135532031,-0.00372134434375,-0.00372133596875,10,0,0,0,higher,128,0.078984375,0.078125,0.000859375,-0.002890625,0.004453125,false,includes_zero,0.000859375,0.000859375,0.000859375,10,0,0,0,lower,128,0.0483892341275,0.0480350562483,0.000354177879188,-0.00154867068962,0.00226383796863,false,includes_zero,0.000354160342883,0.000354177411633,0.000354194480383,0,10,0,0,lower,128,1154.0546875,1159.2265625,-5.171875,-20.4927734375,11.4140625,false,includes_zero,-5.171875,-5.171875,-5.171875,10,0,0,0,not_applicable_conservative_bound,0,0,6,false,false
residual_pca,current_pca,uniform,seed_average,fast_all,fast_all,fast_all,common_endpoint,progressive_distance_estimate,128,128,128,10000,20260710,124,124,34013109,34013109,true,true,true,true,partial_diagnostic_index_serialization_plus_logical_requested_bytes,lower,128,0.122514721631,0.122590888154,-7.61665233984e-05,-0.00016519659513,7.65359982988e-06,false,includes_zero,-0.000487730915703,-2.76437046484e-05,9.17874491406e-05,7,3,0,0,lower,128,0.123646578498,0.123703448358,-5.68698601227e-05,-0.000144784455768,2.93487071965e-05,false,includes_zero,-0.000519595656539,-7.00900692029e-06,0.000104135049739,5,5,0,0,lower,128,0.108092555017,0.108156094157,-6.35391400156e-05,-0.000147173595245,2.01884225709e-05,false,includes_zero,-0.0004695491,-8.5623315625e-06,0.000126201413516,5,5,0,0,higher,128,0.8426796875,0.8428046875,-0.000125,-0.002,0.0017265625,false,includes_zero,-0.00625,-0.00015625,0.009296875,4,6,0,0,lower,128,0.00253527745285,0.00253617203683,-8.94583976641e-07,-4.48099529422e-05,4.28788722735e-05,false,includes_zero,-8.78517649953e-05,8.76336278359e-06,4.99989822898e-05,5,5,0,0,lower,128,1.76171875,1.740625,0.02109375,-0.0890625,0.14375,false,includes_zero,-0.234375,0.07421875,0.28125,4,6,0,0,tradeoff,0,0,6,false,false
residual_pca,current_pca,uniform,seed_average,full,full,full,common_endpoint,progressive_distance_estimate,128,128,128,10000,20260710,492,492,34013109,34013109,true,true,true,true,partial_diagnostic_index_serialization_plus_logical_requested_bytes,lower,128,0.00829410139913,0.00829355329804,5.4810109375e-07,-9.05849127914e-06,9.79337597291e-06,false,includes_zero,-1.30506000547e-05,-1.7251661875e-06,1.97921749219e-05,7,3,0,0,lower,128,0.00837777828546,0.00837814488772,-3.66602262651e-07,-1.03696359939e-05,9.78249761121e-06,false,includes_zero,-1.89494772614e-05,-2.45840093216e-06,2.15200382536e-05,6,4,0,0,lower,128,0.00648899335651,0.00648842533969,5.68016825781e-07,-7.65927222703e-06,8.51507848924e-06,false,includes_zero,-8.7391776875e-06,9.68909542969e-07,1.37361093125e-05,4,6,0,0,higher,128,0.9765625,0.9767734375,-0.0002109375,-0.0009845703125,0.0005546875,false,includes_zero,-0.001875,-0.0001171875,0.001328125,5,5,0,0,lower,128,5.77937940351e-05,5.66943020795e-05,1.09949195553e-06,-1.76070292763e-06,3.90514355171e-06,false,includes_zero,-6.94349768808e-06,1.13780365632e-06,9.37324160948e-06,3,7,0,0,lower,128,1.06953125,1.06015625,0.009375,-0.01015625,0.0296875,false,includes_zero,-0.0390625,0.00390625,0.0703125,3,5,2,0,tradeoff,0,0,6,false,false
residual_pca,current_pca,uniform,off,vars_conservative_lower_bound_all,vars_conservative_lower_bound_all,vars_conservative_lower_bound_all,common_endpoint,conservative_lower_bound_not_ordinary_distance_estimator,128,128,128,10000,20260710,4,4,30326709,30326709,true,true,true,true,partial_diagnostic_index_serialization_plus_logical_requested_bytes,lower,128,2.1990784756,2.20363868302,-0.00456020742266,-0.013975058131,0.00458116672371,false,includes_zero,-0.00456020742266,-0.00456020742266,-0.00456020742266,1,0,0,0,lower,128,2.22294973289,2.22850738419,-0.00555765130438,-0.0150576911282,0.00361636227401,false,includes_zero,-0.00555765130438,-0.00555765130438,-0.00555765130438,1,0,0,0,lower,128,2.16233737136,2.166058715,-0.00372134363281,-0.0133045137579,0.00554767499043,false,includes_zero,-0.00372134363281,-0.00372134363281,-0.00372134363281,1,0,0,0,higher,128,0.078984375,0.078125,0.000859375,-0.002890625,0.00453125,false,includes_zero,0.000859375,0.000859375,0.000859375,1,0,0,0,lower,128,0.0483892404875,0.0480350630758,0.000354177411633,-0.00155646956782,0.0022650602017,false,includes_zero,0.000354177411633,0.000354177411633,0.000354177411633,0,1,0,0,lower,128,1154.0546875,1159.2265625,-5.171875,-20.117578125,11.39140625,false,includes_zero,-5.171875,-5.171875,-5.171875,1,0,0,0,not_applicable_conservative_bound,0,0,6,false,false
residual_pca,current_pca,uniform,off,fast_all,fast_all,fast_all,common_endpoint,progressive_distance_estimate,128,128,128,10000,20260710,124,124,30326709,30326709,true,true,true,true,partial_diagnostic_index_serialization_plus_logical_requested_bytes,lower,128,0.239342162046,0.23945511177,-0.000112949724219,-0.000473485529844,0.000209879984121,false,includes_zero,-0.000112949724219,-0.000112949724219,-0.000112949724219,1,0,0,0,lower,128,0.237359497614,0.237536004948,-0.00017650733458,-0.000570369461696,0.000182833683595,false,includes_zero,-0.00017650733458,-0.00017650733458,-0.00017650733458,1,0,0,0,lower,128,0.187616071446,0.187654651703,-3.85802567969e-05,-0.000338984926945,0.000240399661955,false,includes_zero,-3.85802567969e-05,-3.85802567969e-05,-3.85802567969e-05,1,0,0,0,higher,128,0.432734375,0.43671875,-0.003984375,-0.00890625,0.000939453125,false,includes_zero,-0.003984375,-0.003984375,-0.003984375,0,1,0,0,lower,128,0.0629111137959,0.062087886395,0.000823227400937,8.49312915547e-05,0.0015800649265,true,favors_pca,0.000823227400938,0.000823227400938,0.000823227400938,0,1,0,0,lower,128,113.03125,105,8.03125,-7.328515625,22.6876953125,false,includes_zero,8.03125,8.03125,8.03125,0,1,0,0,tradeoff,0,1,5,false,false
residual_pca,current_pca,uniform,off,full,full,full,common_endpoint,progressive_distance_estimate,128,128,128,10000,20260710,492,492,30326709,30326709,true,true,true,true,partial_diagnostic_index_serialization_plus_logical_requested_bytes,lower,128,0.0641509442789,0.0634132599903,0.000737684288594,0.000410416170074,0.00108913585433,true,favors_pca,0.000737684288594,0.000737684288594,0.000737684288594,0,1,0,0,lower,128,0.0633878406893,0.0626253775347,0.000762463154654,0.000423775142252,0.00112242938433,true,favors_pca,0.000762463154654,0.000762463154654,0.000762463154654,0,1,0,0,lower,128,0.0479149887465,0.04755523592,0.000359752826484,0.000130590102717,0.000588398464797,true,favors_pca,0.000359752826484,0.000359752826484,0.000359752826484,0,1,0,0,higher,128,0.831328125,0.836953125,-0.005625,-0.010078125,-0.001015625,true,favors_pca,-0.005625,-0.005625,-0.005625,0,1,0,0,lower,128,0.00350133480643,0.00315867303019,0.000342661776238,0.000162061056152,0.000533416513709,true,favors_pca,0.000342661776238,0.000342661776238,0.000342661776238,0,1,0,0,lower,128,2.109375,2.03125,0.078125,-0.328125,0.4609375,false,includes_zero,0.078125,0.078125,0.078125,0,1,0,0,pca_partially_dominates_transform,0,5,1,false,false
random_orthogonal,current_pca,native,seed_average,vars_conservative_lower_bound_all,vars_conservative_lower_bound_all,vars_conservative_lower_bound_all,common_endpoint,conservative_lower_bound_not_ordinary_distance_estimator,128,128,128,10000,20260710,4,20,34013109,34201289,false,false,false,false,partial_diagnostic_index_serialization_plus_logical_requested_bytes,lower,128,0.586730812517,1.89500070343,-1.30826989092,-1.38563160782,-1.2330871085,true,favors_transform,-1.30826992796,-1.30826989501,-1.30826984855,10,0,0,0,lower,128,0.581501358209,1.89126918809,-1.30976782988,-1.38266113486,-1.23709569351,true,favors_transform,-1.30976786694,-1.30976783334,-1.30976778788,10,0,0,0,lower,128,0.525597274303,1.85269561243,-1.32709833812,-1.40563687711,-1.24785663072,true,favors_transform,-1.32709837678,-1.32709834239,-1.32709829376,10,0,0,0,higher,128,0.248984375,0.0844453125,0.1645390625,0.1490703125,0.1803125,true,favors_transform,0.16453125,0.16453125,0.164609375,10,0,0,0,lower,128,0.14446464419,0.234920580162,-0.0904559359715,-0.100503648406,-0.0804432511991,true,favors_transform,-0.0904560024107,-0.0904559375435,-0.0904558580326,10,0,0,0,lower,128,513.84375,737.2734375,-223.4296875,-320.471875,-126.429296875,true,favors_transform,-223.4296875,-223.4296875,-223.4296875,10,0,0,0,not_applicable_conservative_bound,6,0,0,true,false
random_orthogonal,current_pca,native,seed_average,fast_all,fast_all,fast_all,common_endpoint,progressive_distance_estimate,128,128,128,10000,20260710,124,124,34013109,34201289,false,true,false,false,partial_diagnostic_index_serialization_plus_logical_requested_bytes,lower,128,0.122656475464,0.38634741424,-0.263690938777,-0.276933709572,-0.250791050674,true,favors_transform,-0.263941328878,-0.263802292388,-0.262959600757,10,0,0,0,lower,128,0.123782106257,0.387437102171,-0.263654995914,-0.275870533357,-0.251658865988,true,favors_transform,-0.263926048498,-0.263750763974,-0.262925436562,10,0,0,0,lower,128,0.108219678548,0.350873785253,-0.242654106705,-0.255086850615,-0.230767757021,true,favors_transform,-0.243106853103,-0.24275377873,-0.242099711866,10,0,0,0,higher,128,0.84309375,0.5931328125,0.2499609375,0.2448046875,0.2552109375,true,favors_transform,0.235859375,0.2510546875,0.255390625,10,0,0,0,lower,128,0.00253423540018,0.0192939781485,-0.0167597427483,-0.017530961124,-0.0159855065608,true,favors_transform,-0.017305765899,-0.0167398553301,-0.0163659207915,10,0,0,0,lower,128,1.7921875,7.646875,-5.8546875,-6.88912109375,-4.89060546875,true,favors_transform,-6.796875,-6.125,-4.203125,10,0,0,0,transform_partially_dominates_pca,6,0,0,true,false
random_orthogonal,current_pca,native,seed_average,full,full,full,common_endpoint,progressive_distance_estimate,128,128,128,10000,20260710,492,508,34013109,34201289,false,false,false,false,partial_diagnostic_index_serialization_plus_logical_requested_bytes,lower,128,0.0083766964734,0.00168087556697,0.00669582090643,0.00637221182308,0.00703342962301,true,favors_pca,0.00666865585786,0.00669474533573,0.00673416151435,0,10,0,0,lower,128,0.00845844883946,0.00183170627664,0.00662674256282,0.00634293499677,0.00692997187558,true,favors_pca,0.00659869305205,0.00662611947109,0.00666625487978,0,10,0,0,lower,128,0.00655161834176,0.00130561635124,0.00524600199052,0.00498940309688,0.0055045630414,true,favors_pca,0.00522876637816,0.00524424123785,0.00527310643899,0,10,0,0,higher,128,0.9764375,0.9946171875,-0.0181796875,-0.01915625,-0.0171953125,true,favors_pca,-0.01984375,-0.018046875,-0.016953125,0,10,0,0,lower,128,5.83194611306e-05,4.08687095133e-06,5.42325901793e-05,4.92071772294e-05,5.94174535201e-05,true,favors_pca,4.81472035061e-05,5.44967901214e-05,5.81953807718e-05,0,10,0,0,lower,128,1.0921875,1.01171875,0.08046875,0.05234375,0.1125,true,favors_pca,0.03125,0.07421875,0.140625,0,10,0,0,tradeoff,0,6,0,false,true
random_orthogonal,current_pca,native,off,vars_conservative_lower_bound_all,vars_conservative_lower_bound_all,vars_conservative_lower_bound_all,common_endpoint,conservative_lower_bound_not_ordinary_distance_estimator,128,128,128,10000,20260710,4,20,30326709,33300169,false,false,false,false,partial_diagnostic_index_serialization_plus_logical_requested_bytes,lower,128,0.586730824534,1.89500071019,-1.30826988566,-1.38638868488,-1.23333128039,true,favors_transform,-1.30826988566,-1.30826988566,-1.30826988566,1,0,0,0,lower,128,0.581501370889,1.89126919556,-1.30976782467,-1.38279857166,-1.23901502045,true,favors_transform,-1.30976782467,-1.30976782467,-1.30976782467,1,0,0,0,lower,128,0.525597286715,1.8526956189,-1.32709833218,-1.40715872771,-1.25166038076,true,favors_transform,-1.32709833218,-1.32709833218,-1.32709833218,1,0,0,0,higher,128,0.248984375,0.084453125,0.16453125,0.14921875,0.180234375,true,favors_transform,0.16453125,0.16453125,0.16453125,1,0,0,0,lower,128,0.144464594539,0.234920553691,-0.0904559591528,-0.100651096527,-0.0803539592546,true,favors_transform,-0.0904559591528,-0.0904559591528,-0.0904559591528,1,0,0,0,lower,128,513.84375,737.2734375,-223.4296875,-319.213671875,-128.431835938,true,favors_transform,-223.4296875,-223.4296875,-223.4296875,1,0,0,0,not_applicable_conservative_bound,6,0,0,true,false
random_orthogonal,current_pca,native,off,fast_all,fast_all,fast_all,common_endpoint,progressive_distance_estimate,128,128,128,10000,20260710,124,124,30326709,33300169,false,true,false,false,partial_diagnostic_index_serialization_plus_logical_requested_bytes,lower,128,0.122654411169,0.398880779159,-0.27622636799,-0.290041905976,-0.263322773674,true,favors_transform,-0.27622636799,-0.27622636799,-0.27622636799,1,0,0,0,lower,128,0.123755933343,0.399542946907,-0.275787013564,-0.288816838627,-0.263314463275,true,favors_transform,-0.275787013564,-0.275787013564,-0.275787013564,1,0,0,0,lower,128,0.108185885925,0.354421751874,-0.246235865949,-0.259267873888,-0.234032944226,true,favors_transform,-0.246235865949,-0.246235865949,-0.246235865949,1,0,0,0,higher,128,0.84390625,0.54890625,0.295,0.283984375,0.305626953125,true,favors_transform,0.295,0.295,0.295,1,0,0,0,lower,128,0.00246515757602,0.0270983357513,-0.0246331781752,-0.025934369069,-0.0233648571726,true,favors_transform,-0.0246331781752,-0.0246331781752,-0.0246331781752,1,0,0,0,lower,128,1.6015625,11.625,-10.0234375,-13.5470703125,-6.9998046875,true,favors_transform,-10.0234375,-10.0234375,-10.0234375,1,0,0,0,transform_partially_dominates_pca,6,0,0,true,false
random_orthogonal,current_pca,native,off,full,full,full,common_endpoint,progressive_distance_estimate,128,128,128,10000,20260710,492,508,30326709,33300169,false,false,false,false,partial_diagnostic_index_serialization_plus_logical_requested_bytes,lower,128,0.00836536526384,0.0020083822172,0.00635698304664,0.0060560535576,0.00666671851155,true,favors_pca,0.00635698304664,0.00635698304664,0.00635698304664,0,1,0,0,lower,128,0.00844370913833,0.00216407267195,0.00627963646638,0.00600691704133,0.00656692632873,true,favors_pca,0.00627963646638,0.00627963646638,0.00627963646638,0,1,0,0,lower,128,0.00654237433311,0.00156023058121,0.0049821437519,0.00474180120871,0.00522957619907,true,favors_pca,0.0049821437519,0.0049821437519,0.0049821437519,0,1,0,0,higher,128,0.97625,0.994296875,-0.018046875,-0.02,-0.016171875,true,favors_pca,-0.018046875,-0.018046875,-0.018046875,0,1,0,0,lower,128,5.73198548954e-05,4.15158251342e-06,5.31682723819e-05,4.67578708228e-05,5.9787191913e-05,true,favors_pca,5.31682723819e-05,5.31682723819e-05,5.31682723819e-05,0,1,0,0,lower,128,1.09375,1.015625,0.078125,0.03125,0.1328125,true,favors_pca,0.078125,0.078125,0.078125,0,1,0,0,tradeoff,0,6,0,false,true
random_orthogonal,current_pca,frozen-pca,seed_average,vars_conservative_lower_bound_all,vars_conservative_lower_bound_all,vars_conservative_lower_bound_all,common_endpoint,conservative_lower_bound_not_ordinary_distance_estimator,128,128,128,10000,20260710,20,20,34201289,34201289,true,true,true,true,partial_diagnostic_index_serialization_plus_logical_requested_bytes,lower,128,1.12895879181,1.89500070343,-0.766041911625,-0.827372616846,-0.706602744603,true,favors_transform,-0.766041928501,-0.76604190952,-0.766041899527,10,0,0,0,lower,128,1.12014729519,1.89126918809,-0.771121892898,-0.829494650375,-0.713950624648,true,favors_transform,-0.77112190905,-0.771121891296,-0.771121881011,10,0,0,0,lower,128,1.0922239434,1.85269561243,-0.760471669026,-0.820988409559,-0.700527405312,true,favors_transform,-0.760471686836,-0.760471666885,-0.760471656921,10,0,0,0,higher,128,0.2459375,0.0844453125,0.1614921875,0.146023242188,0.176804882813,true,favors_transform,0.161484375,0.161484375,0.1615625,10,0,0,0,lower,128,0.144259432543,0.234920580162,-0.0906611476192,-0.101026772236,-0.0806176164196,true,favors_transform,-0.0906612220447,-0.0906611422638,-0.0906610726869,10,0,0,0,lower,128,555.390625,737.2734375,-181.8828125,-286.883789062,-76.9197265625,true,favors_transform,-181.8828125,-181.8828125,-181.8828125,10,0,0,0,not_applicable_conservative_bound,6,0,0,true,false
random_orthogonal,current_pca,frozen-pca,seed_average,fast_prefix_1,fast_prefix_1,fast_prefix_1,matched_intermediate_family_and_bytes,progressive_distance_estimate,128,128,128,10000,20260710,28,28,34201289,34201289,true,true,true,true,partial_diagnostic_index_serialization_plus_logical_requested_bytes,lower,128,1.03134352804,0.554414683511,0.47692884453,0.454707335466,0.499009374797,true,favors_pca,0.476489204059,0.476868067535,0.477579528569,0,10,0,0,lower,128,1.02321667725,0.555192699346,0.468023977908,0.446220532721,0.49025847729,true,favors_pca,0.467523575863,0.46800328012,0.468627956248,0,10,0,0,lower,128,0.995960002882,0.528970620481,0.466989382401,0.445137589812,0.489159505725,true,favors_pca,0.46639223331,0.466942206826,0.467499203696,0,10,0,0,higher,128,0.2959921875,0.57096875,-0.2749765625,-0.289054882812,-0.26072578125,true,favors_pca,-0.278203125,-0.275546875,-0.271953125,0,10,0,0,lower,128,0.122587475863,0.0225554984273,0.100031977436,0.0920526610502,0.108321028469,true,favors_pca,0.0997169867916,0.100017267621,0.100357022236,0,10,0,0,lower,128,377.6671875,11.909375,365.7578125,271.673046875,469.178046875,true,favors_pca,361.59375,365.359375,369.6171875,0,10,0,0,pca_partially_dominates_transform,0,6,0,false,true
random_orthogonal,current_pca,frozen-pca,seed_average,fast_prefix_2,fast_prefix_2,fast_prefix_2,matched_intermediate_family_and_bytes,progressive_distance_estimate,128,128,128,10000,20260710,52,52,34201289,34201289,true,true,true,true,partial_diagnostic_index_serialization_plus_logical_requested_bytes,lower,128,0.845495688135,0.421489875291,0.424005812845,0.407053208572,0.441537097877,true,favors_pca,0.423498800112,0.424036906476,0.424798426412,0,10,0,0,lower,128,0.838885626301,0.42274264998,0.416142976321,0.399792736647,0.433206114248,true,favors_pca,0.415601699128,0.416208717813,0.416891375708,0,10,0,0,lower,128,0.81754523552,0.389078297658,0.428466937862,0.411580495089,0.445970278088,true,favors_pca,0.427768527222,0.428442661141,0.429066939022,0,10,0,0,higher,128,0.4345078125,0.59240625,-0.1578984375,-0.172156445313,-0.143515429687,true,favors_pca,-0.164921875,-0.1581640625,-0.151328125,0,10,0,0,lower,128,0.0629424647418,0.0193595023943,0.0435829623475,0.0395681637013,0.0476834204221,true,favors_pca,0.0428625409846,0.0435997567906,0.0439608988728,0,10,0,0,lower,128,124.8703125,7.75234375,117.11796875,77.9130078125,162.668652344,true,favors_pca,110.1796875,116.6953125,124.765625,0,10,0,0,pca_partially_dominates_transform,0,6,0,false,true
random_orthogonal,current_pca,frozen-pca,seed_average,fast_prefix_3,fast_prefix_3,fast_prefix_3,matched_intermediate_family_and_bytes,progressive_distance_estimate,128,128,128,10000,20260710,92,92,34201289,34201289,true,true,true,true,partial_diagnostic_index_serialization_plus_logical_requested_bytes,lower,128,0.600277379787,0.391979503855,0.208297875933,0.198516787817,0.218295561544,true,favors_pca,0.207830446077,0.208302777241,0.209084536572,0,10,0,0,lower,128,0.596390005041,0.393128842639,0.203261162402,0.194151397685,0.212809680106,true,favors_pca,0.20276294236,0.203282460125,0.204005892225,0,10,0,0,lower,128,0.58517828718,0.357048697424,0.228129589756,0.218126882466,0.238493137577,true,favors_pca,0.227430726731,0.228120321861,0.228749391781,0,10,0,0,higher,128,0.6889296875,0.593328125,0.0956015625,0.086554296875,0.104609375,true,favors_transform,0.086796875,0.0953125,0.10296875,10,0,0,0,lower,128,0.0126926148742,0.0192756998162,-0.006583084942,-0.00734075019849,-0.00581347306416,true,favors_transform,-0.00710465810735,-0.00661043475723,-0.00623033471013,10,0,0,0,lower,128,8.01953125,7.6375,0.38203125,-2.66173828125,3.94142578125,false,includes_zero,-0.9609375,0.015625,3.0703125,5,5,0,0,tradeoff,2,3,1,false,false
random_orthogonal,current_pca,frozen-pca,seed_average,fast_prefix_4,fast_prefix_4,fast_prefix_4,matched_intermediate_family_and_bytes,progressive_distance_estimate,128,128,128,10000,20260710,124,124,34201289,34201289,true,true,true,true,partial_diagnostic_index_serialization_plus_logical_requested_bytes,lower,128,0.386719447935,0.38634741424,0.000372033694297,-0.00492227788949,0.00574191956254,false,includes_zero,-0.000196585080469,0.000304696473047,0.00125209107812,1,9,0,0,lower,128,0.385840150908,0.387437102171,-0.00159695126281,-0.00635487690867,0.00330059546805,false,includes_zero,-0.00219261943096,-0.00164325493841,-0.000764287323244,10,0,0,0,lower,128,0.377898896188,0.350873785253,0.0270251109348,0.0223841510613,0.0317541163991,true,favors_pca,0.0262306722945,0.0270083167352,0.0277128151008,0,10,0,0,higher,128,0.8191875,0.5931328125,0.2260546875,0.220671875,0.231422070313,true,favors_transform,0.218203125,0.226875,0.231328125,10,0,0,0,lower,128,0.00344171605373,0.0192939781485,-0.0158522620947,-0.0165805935391,-0.0151104841031,true,favors_transform,-0.0163970889849,-0.0158440944059,-0.0155312245585,10,0,0,0,lower,128,2.10390625,7.646875,-5.54296875,-6.67423828125,-4.45544921875,true,favors_transform,-6.734375,-5.78125,-3.7421875,10,0,0,0,tradeoff,3,1,2,false,false
random_orthogonal,current_pca,frozen-pca,seed_average,fast_all,fast_all,fast_all,common_endpoint,progressive_distance_estimate,128,128,128,10000,20260710,124,124,34201289,34201289,true,true,true,true,partial_diagnostic_index_serialization_plus_logical_requested_bytes,lower,128,0.386719447935,0.38634741424,0.000372033694297,-0.00485203193982,0.00570612087496,false,includes_zero,-0.000196585080469,0.000304696473047,0.00125209107812,1,9,0,0,lower,128,0.385840150908,0.387437102171,-0.00159695126281,-0.0063055614715,0.00332024762552,false,includes_zero,-0.00219261943096,-0.00164325493841,-0.000764287323244,10,0,0,0,lower,128,0.377898896188,0.350873785253,0.0270251109348,0.0223812503531,0.0317884582938,true,favors_pca,0.0262306722945,0.0270083167352,0.0277128151008,0,10,0,0,higher,128,0.8191875,0.5931328125,0.2260546875,0.2206875,0.231375390625,true,favors_transform,0.218203125,0.226875,0.231328125,10,0,0,0,lower,128,0.00344171605373,0.0192939781485,-0.0158522620947,-0.0165972968589,-0.015112789577,true,favors_transform,-0.0163970889849,-0.0158440944059,-0.0155312245585,10,0,0,0,lower,128,2.10390625,7.646875,-5.54296875,-6.69296875,-4.45388671875,true,favors_transform,-6.734375,-5.78125,-3.7421875,10,0,0,0,tradeoff,3,1,2,false,false
random_orthogonal,current_pca,frozen-pca,seed_average,accurate_prefix_1,accurate_prefix_1,accurate_prefix_1,matched_intermediate_family_and_bytes,progressive_distance_estimate,128,128,128,10000,20260710,212,212,34201289,34201289,true,true,true,true,partial_diagnostic_index_serialization_plus_logical_requested_bytes,lower,128,0.358503842804,0.0818107631306,0.276693079673,0.266826365905,0.287291506956,true,favors_pca,0.276322362899,0.276684610629,0.276916619138,0,10,0,0,lower,128,0.357487743898,0.0865959678467,0.270891776051,0.261377496128,0.280796390367,true,favors_pca,0.270535949142,0.270892370974,0.271120883383,0,10,0,0,lower,128,0.349873951241,0.0746346950147,0.275239256226,0.264872947671,0.286118241552,true,favors_pca,0.274919731094,0.27524913841,0.275409371448,0,10,0,0,higher,128,0.8258671875,0.9049296875,-0.0790625,-0.0826642578125,-0.07553125,true,favors_pca,-0.080703125,-0.0797265625,-0.07546875,0,10,0,0,lower,128,0.00321308491022,0.00095544012953,0.00225764478069,0.00213460131531,0.00238528160263,true,favors_pca,0.00213925735902,0.00225768573818,0.00233101699709,0,10,0,0,lower,128,2.07265625,1.4359375,0.63671875,0.34921875,1.05236328125,true,favors_pca,0.28125,0.66796875,1.140625,0,10,0,0,pca_partially_dominates_transform,0,6,0,false,true
random_orthogonal,current_pca,frozen-pca,seed_average,accurate_prefix_2,accurate_prefix_2,accurate_prefix_2,matched_intermediate_family_and_bytes,progressive_distance_estimate,128,128,128,10000,20260710,340,340,34201289,34201289,true,true,true,true,partial_diagnostic_index_serialization_plus_logical_requested_bytes,lower,128,0.310134641031,0.0192044587312,0.290930182299,0.279916455871,0.302434535135,true,favors_pca,0.29072258367,0.290906898354,0.29109613566,0,10,0,0,lower,128,0.308963740495,0.0212891184529,0.287674622042,0.277505284224,0.298627735974,true,favors_pca,0.287494233158,0.287657551687,0.287809353376,0,10,0,0,lower,128,0.302122582271,0.0173379541631,0.284784628108,0.273744131745,0.295950417332,true,favors_pca,0.284607636483,0.284781511288,0.28494698919,0,10,0,0,higher,128,0.8423671875,0.976421875,-0.1340546875,-0.13846875,-0.129538671875,true,favors_pca,-0.1365625,-0.134453125,-0.131015625,0,10,0,0,lower,128,0.00266426172127,6.24891866088e-05,0.00260177253466,0.0024341225362,0.00276710182425,true,favors_pca,0.00250362303403,0.0026094105315,0.00262983647533,0,10,0,0,lower,128,1.8984375,1.0765625,0.821875,0.54451171875,1.2125,true,favors_pca,0.6328125,0.81640625,1.1484375,0,10,0,0,pca_partially_dominates_transform,0,6,0,false,true
random_orthogonal,current_pca,frozen-pca,seed_average,accurate_prefix_3,accurate_prefix_3,accurate_prefix_3,matched_intermediate_family_and_bytes,progressive_distance_estimate,128,128,128,10000,20260710,468,468,34201289,34201289,true,true,true,true,partial_diagnostic_index_serialization_plus_logical_requested_bytes,lower,128,0.247746535769,0.004735828786,0.243010706983,0.233959176428,0.25243349023,true,favors_pca,0.242876669821,0.243010297655,0.243141437883,0,10,0,0,lower,128,0.246524869603,0.00544207176534,0.241082797837,0.23244209724,0.249946041785,true,favors_pca,0.240952569949,0.241080648757,0.241213437506,0,10,0,0,lower,128,0.240861058197,0.0041743020925,0.236686756104,0.227874038346,0.245753069875,true,favors_pca,0.236582556603,0.23668673911,0.236816805101,0,10,0,0,higher,128,0.866953125,0.9931171875,-0.1261640625,-0.131000195312,-0.1213046875,true,favors_pca,-0.128046875,-0.126171875,-0.123984375,0,10,0,0,lower,128,0.0019137298728,6.38241120815e-06,0.00190734746159,0.00177357470753,0.00204245330516,true,favors_pca,0.00186969332641,0.00190001268153,0.00195761825324,0,10,0,0,lower,128,1.70078125,1.0234375,0.67734375,0.4390625,0.98125,true,favors_pca,0.578125,0.67578125,0.8203125,0,10,0,0,pca_partially_dominates_transform,0,6,0,false,true
random_orthogonal,current_pca,frozen-pca,seed_average,accurate_prefix_4,accurate_prefix_4,accurate_prefix_4,matched_intermediate_family_and_bytes,progressive_distance_estimate,128,128,128,10000,20260710,508,508,34201289,34201289,true,true,true,true,partial_diagnostic_index_serialization_plus_logical_requested_bytes,lower,128,0.192481476195,0.00244412920279,0.190037346992,0.183420049256,0.197040649536,true,favors_pca,0.189979086404,0.190039837132,0.190094011425,0,10,0,0,lower,128,0.191431229725,0.00266642443784,0.188764805287,0.182354972194,0.195621771674,true,favors_pca,0.188706423468,0.188770797813,0.18881193134,0,10,0,0,lower,128,0.185924983813,0.00203589884475,0.183889084969,0.177306196461,0.190660395974,true,favors_pca,0.183834405687,0.183887309592,0.183936386993,0,10,0,0,higher,128,0.8805234375,0.9946015625,-0.114078125,-0.119109375,-0.109046484375,true,favors_pca,-0.11546875,-0.11421875,-0.111953125,0,10,0,0,lower,128,0.00159720181939,4.0967714052e-06,0.00159310504799,0.0014671833358,0.00171637391648,true,favors_pca,0.0015832442311,0.00159529967811,0.00160144804522,0,10,0,0,lower,128,1.628125,1.01171875,0.61640625,0.3578125,0.953125,true,favors_pca,0.5546875,0.61328125,0.671875,0,10,0,0,pca_partially_dominates_transform,0,6,0,false,true
random_orthogonal,current_pca,frozen-pca,seed_average,full,full,full,common_endpoint,progressive_distance_estimate,128,128,128,10000,20260710,508,508,34201289,34201289,true,true,true,true,partial_diagnostic_index_serialization_plus_logical_requested_bytes,lower,128,0.0480148544081,0.00168087556697,0.0463339788412,0.0440714917714,0.0486690881565,true,favors_pca,0.0462789496503,0.0463348059003,0.0463857257346,0,10,0,0,lower,128,0.0479259748349,0.00183170627664,0.0460942685583,0.043955904903,0.0483368572502,true,favors_pca,0.0460323586663,0.046102000085,0.0461507446089,0,10,0,0,lower,128,0.03760477924,0.00130561635124,0.0362991628887,0.0345560176585,0.0381844761535,true,favors_pca,0.0362696455569,0.0363072896145,0.0363255796032,0,10,0,0,higher,128,0.8754921875,0.9946171875,-0.119125,-0.1232421875,-0.115054492188,true,favors_pca,-0.120703125,-0.1192578125,-0.1171875,0,10,0,0,lower,128,0.00169159997488,4.08687095133e-06,0.00168751310392,0.00158099220227,0.00179721094879,true,favors_pca,0.00167783245525,0.00168848740957,0.00169802509179,0,10,0,0,lower,128,1.66640625,1.01171875,0.6546875,0.38828125,0.98984375,true,favors_pca,0.5859375,0.6484375,0.71875,0,10,0,0,pca_partially_dominates_transform,0,6,0,false,true
random_orthogonal,current_pca,frozen-pca,off,vars_conservative_lower_bound_all,vars_conservative_lower_bound_all,vars_conservative_lower_bound_all,common_endpoint,conservative_lower_bound_not_ordinary_distance_estimator,128,128,128,10000,20260710,20,20,33300169,33300169,true,true,true,true,partial_diagnostic_index_serialization_plus_logical_requested_bytes,lower,128,1.12895879935,1.89500071019,-0.766041910844,-0.825951905444,-0.707702406371,true,favors_transform,-0.766041910844,-0.766041910844,-0.766041910844,1,0,0,0,lower,128,1.12014730288,1.89126919556,-0.77112189268,-0.831436988527,-0.716355490214,true,favors_transform,-0.77112189268,-0.77112189268,-0.77112189268,1,0,0,0,lower,128,1.09222395111,1.8526956189,-0.760471667783,-0.823138423401,-0.699625489831,true,favors_transform,-0.760471667783,-0.760471667783,-0.760471667783,1,0,0,0,higher,128,0.2459375,0.084453125,0.161484375,0.1465625,0.177109375,true,favors_transform,0.161484375,0.161484375,0.161484375,1,0,0,0,lower,128,0.144259445904,0.234920553691,-0.0906611077877,-0.101023277863,-0.0806599865672,true,favors_transform,-0.0906611077877,-0.0906611077877,-0.0906611077877,1,0,0,0,lower,128,555.390625,737.2734375,-181.8828125,-285.313867187,-76.80390625,true,favors_transform,-181.8828125,-181.8828125,-181.8828125,1,0,0,0,not_applicable_conservative_bound,6,0,0,true,false
random_orthogonal,current_pca,frozen-pca,off,fast_prefix_1,fast_prefix_1,fast_prefix_1,matched_intermediate_family_and_bytes,progressive_distance_estimate,128,128,128,10000,20260710,28,28,33300169,33300169,true,true,true,true,partial_diagnostic_index_serialization_plus_logical_requested_bytes,lower,128,1.03134560431,0.563567108634,0.467778495674,0.446043900753,0.490206014428,true,favors_pca,0.467778495674,0.467778495674,0.467778495674,0,1,0,0,lower,128,1.0232126213,0.564099399985,0.459113221314,0.437594997957,0.48079513471,true,favors_pca,0.459113221314,0.459113221314,0.459113221314,0,1,0,0,lower,128,0.995960546215,0.530952945849,0.465007600366,0.443411192609,0.487583925483,true,favors_pca,0.465007600366,0.465007600366,0.465007600366,0,1,0,0,higher,128,0.296015625,0.521953125,-0.2259375,-0.2396875,-0.211875,true,favors_pca,-0.2259375,-0.2259375,-0.2259375,0,1,0,0,lower,128,0.122555436755,0.0311723875546,0.0913830492002,0.0838732893264,0.0992850869347,true,favors_pca,0.0913830492002,0.0913830492002,0.0913830492002,0,1,0,0,lower,128,380.8671875,16.2109375,364.65625,271.483398438,466.586328125,true,favors_pca,364.65625,364.65625,364.65625,0,1,0,0,pca_partially_dominates_transform,0,6,0,false,true
random_orthogonal,current_pca,frozen-pca,off,fast_prefix_2,fast_prefix_2,fast_prefix_2,matched_intermediate_family_and_bytes,progressive_distance_estimate,128,128,128,10000,20260710,52,52,33300169,33300169,true,true,true,true,partial_diagnostic_index_serialization_plus_logical_requested_bytes,lower,128,0.845504785379,0.433125271783,0.412379513596,0.395683709452,0.429386042139,true,favors_pca,0.412379513596,0.412379513596,0.412379513596,0,1,0,0,lower,128,0.838888388739,0.433984054961,0.404904333778,0.388641877043,0.421494328731,true,favors_pca,0.404904333778,0.404904333778,0.404904333778,0,1,0,0,lower,128,0.8175641489,0.391971701347,0.425592447553,0.408582633446,0.442526427881,true,favors_pca,0.425592447553,0.425592447553,0.425592447553,0,1,0,0,higher,128,0.435,0.546953125,-0.111953125,-0.125470703125,-0.09765625,true,favors_pca,-0.111953125,-0.111953125,-0.111953125,0,1,0,0,lower,128,0.0628742034774,0.0272567540348,0.0356174494425,0.0318578315644,0.0394656143832,true,favors_pca,0.0356174494425,0.0356174494425,0.0356174494425,0,1,0,0,lower,128,126.4453125,11.6484375,114.796875,75.202734375,159.203515625,true,favors_pca,114.796875,114.796875,114.796875,0,1,0,0,pca_partially_dominates_transform,0,6,0,false,true
random_orthogonal,current_pca,frozen-pca,off,fast_prefix_3,fast_prefix_3,fast_prefix_3,matched_intermediate_family_and_bytes,progressive_distance_estimate,128,128,128,10000,20260710,92,92,33300169,33300169,true,true,true,true,partial_diagnostic_index_serialization_plus_logical_requested_bytes,lower,128,0.600250069389,0.404365577707,0.195884491682,0.186474646918,0.205466992616,true,favors_pca,0.195884491682,0.195884491682,0.195884491682,0,1,0,0,lower,128,0.59635585428,0.405092888116,0.191262966163,0.182221182183,0.200702713673,true,favors_pca,0.191262966163,0.191262966163,0.191262966163,0,1,0,0,lower,128,0.585186886109,0.360475636859,0.224711249251,0.214751914106,0.234722553397,true,favors_pca,0.224711249251,0.224711249251,0.224711249251,0,1,0,0,higher,128,0.69171875,0.548359375,0.143359375,0.131953125,0.15484375,true,favors_transform,0.143359375,0.143359375,0.143359375,1,0,0,0,lower,128,0.0124350927686,0.0270919274798,-0.0146568347112,-0.0158013963893,-0.0135462048688,true,favors_transform,-0.0146568347112,-0.0146568347112,-0.0146568347112,1,0,0,0,lower,128,7.3671875,11.6953125,-4.328125,-8.3205078125,-0.2421875,true,favors_transform,-4.328125,-4.328125,-4.328125,1,0,0,0,tradeoff,3,3,0,false,false
random_orthogonal,current_pca,frozen-pca,off,fast_prefix_4,fast_prefix_4,fast_prefix_4,matched_intermediate_family_and_bytes,progressive_distance_estimate,128,128,128,10000,20260710,124,124,33300169,33300169,true,true,true,true,partial_diagnostic_index_serialization_plus_logical_requested_bytes,lower,128,0.386698631583,0.398880779159,-0.0121821475758,-0.0177197046786,-0.00673841110398,true,favors_transform,-0.0121821475758,-0.0121821475758,-0.0121821475758,1,0,0,0,lower,128,0.385800300368,0.399542946907,-0.0137426465387,-0.0188679876987,-0.00861530721748,true,favors_transform,-0.0137426465387,-0.0137426465387,-0.0137426465387,1,0,0,0,lower,128,0.377907625034,0.354421751874,0.0234858731594,0.0188466090192,0.0282682562111,true,favors_pca,0.0234858731594,0.0234858731594,0.0234858731594,0,1,0,0,higher,128,0.82234375,0.54890625,0.2734375,0.263203125,0.283517578125,true,favors_transform,0.2734375,0.2734375,0.2734375,1,0,0,0,lower,128,0.00333400201262,0.0270983357513,-0.0237643337386,-0.0250288543343,-0.0225256025891,true,favors_transform,-0.0237643337386,-0.0237643337386,-0.0237643337386,1,0,0,0,lower,128,1.796875,11.625,-9.828125,-13.3203125,-6.8201171875,true,favors_transform,-9.828125,-9.828125,-9.828125,1,0,0,0,tradeoff,5,1,0,false,false
random_orthogonal,current_pca,frozen-pca,off,fast_all,fast_all,fast_all,common_endpoint,progressive_distance_estimate,128,128,128,10000,20260710,124,124,33300169,33300169,true,true,true,true,partial_diagnostic_index_serialization_plus_logical_requested_bytes,lower,128,0.386698631583,0.398880779159,-0.0121821475758,-0.0174921887577,-0.0066405320182,true,favors_transform,-0.0121821475758,-0.0121821475758,-0.0121821475758,1,0,0,0,lower,128,0.385800300368,0.399542946907,-0.0137426465387,-0.0188384097663,-0.0087263737564,true,favors_transform,-0.0137426465387,-0.0137426465387,-0.0137426465387,1,0,0,0,lower,128,0.377907625034,0.354421751874,0.0234858731594,0.0189012941423,0.0282533355087,true,favors_pca,0.0234858731594,0.0234858731594,0.0234858731594,0,1,0,0,higher,128,0.82234375,0.54890625,0.2734375,0.26328125,0.28359375,true,favors_transform,0.2734375,0.2734375,0.2734375,1,0,0,0,lower,128,0.00333400201262,0.0270983357513,-0.0237643337386,-0.0250458581571,-0.0225235523987,true,favors_transform,-0.0237643337386,-0.0237643337386,-0.0237643337386,1,0,0,0,lower,128,1.796875,11.625,-9.828125,-13.3439453125,-6.7578125,true,favors_transform,-9.828125,-9.828125,-9.828125,1,0,0,0,tradeoff,5,1,0,false,false
random_orthogonal,current_pca,frozen-pca,off,accurate_prefix_1,accurate_prefix_1,accurate_prefix_1,matched_intermediate_family_and_bytes,progressive_distance_estimate,128,128,128,10000,20260710,212,212,33300169,33300169,true,true,true,true,partial_diagnostic_index_serialization_plus_logical_requested_bytes,lower,128,0.35848181582,0.083347049178,0.275134766642,0.26524110574,0.285169042112,true,favors_pca,0.275134766642,0.275134766642,0.275134766642,0,1,0,0,lower,128,0.357453186296,0.0881312006375,0.269321985658,0.259952706647,0.279169425814,true,favors_pca,0.269321985658,0.269321985658,0.269321985658,0,1,0,0,lower,128,0.349884412259,0.075026318327,0.274858093932,0.264710873785,0.285370255837,true,favors_pca,0.274858093932,0.274858093932,0.274858093932,0,1,0,0,higher,128,0.826171875,0.900234375,-0.0740625,-0.079765625,-0.06828125,true,favors_pca,-0.0740625,-0.0740625,-0.0740625,0,1,0,0,lower,128,0.00313514134448,0.0011019548401,0.00203318650437,0.00187521870966,0.00219605154305,true,favors_pca,0.00203318650437,0.00203318650437,0.00203318650437,0,1,0,0,lower,128,1.890625,1.3046875,0.5859375,0.28125,0.921875,true,favors_pca,0.5859375,0.5859375,0.5859375,0,1,0,0,pca_partially_dominates_transform,0,6,0,false,true
random_orthogonal,current_pca,frozen-pca,off,accurate_prefix_2,accurate_prefix_2,accurate_prefix_2,matched_intermediate_family_and_bytes,progressive_distance_estimate,128,128,128,10000,20260710,340,340,33300169,33300169,true,true,true,true,partial_diagnostic_index_serialization_plus_logical_requested_bytes,lower,128,0.310109875455,0.0194689879851,0.29064088747,0.279797373127,0.302064763869,true,favors_pca,0.29064088747,0.29064088747,0.29064088747,0,1,0,0,lower,128,0.308931833351,0.0215690642973,0.287362769053,0.277346660131,0.297972254141,true,favors_pca,0.287362769053,0.287362769053,0.287362769053,0,1,0,0,lower,128,0.302112171619,0.0174223897505,0.284689781868,0.273822791398,0.29590954116,true,favors_pca,0.284689781868,0.284689781868,0.284689781868,0,1,0,0,higher,128,0.844453125,0.9753125,-0.130859375,-0.136796875,-0.125,true,favors_pca,-0.130859375,-0.130859375,-0.130859375,0,1,0,0,lower,128,0.00258899937986,6.86119429142e-05,0.00252038743694,0.00234023542498,0.00270190269021,true,favors_pca,0.00252038743694,0.00252038743694,0.00252038743694,0,1,0,0,lower,128,1.7578125,1.0625,0.6953125,0.4296875,1.015625,true,favors_pca,0.6953125,0.6953125,0.6953125,0,1,0,0,pca_partially_dominates_transform,0,6,0,false,true
random_orthogonal,current_pca,frozen-pca,off,accurate_prefix_3,accurate_prefix_3,accurate_prefix_3,matched_intermediate_family_and_bytes,progressive_distance_estimate,128,128,128,10000,20260710,468,468,33300169,33300169,true,true,true,true,partial_diagnostic_index_serialization_plus_logical_requested_bytes,lower,128,0.247741232611,0.00488378357943,0.242857449032,0.233737145753,0.252050475983,true,favors_pca,0.242857449032,0.242857449032,0.242857449032,0,1,0,0,lower,128,0.246511028761,0.00557274079267,0.240938287969,0.232460203139,0.249965774911,true,favors_pca,0.240938287969,0.240938287969,0.240938287969,0,1,0,0,lower,128,0.240858596821,0.00423853770025,0.236620059121,0.227856276168,0.245427381823,true,favors_pca,0.236620059121,0.236620059121,0.236620059121,0,1,0,0,higher,128,0.867265625,0.99234375,-0.125078125,-0.1309375,-0.119140625,true,favors_pca,-0.125078125,-0.125078125,-0.125078125,0,1,0,0,lower,128,0.00191150828343,7.58636330213e-06,0.00190392192013,0.00174917759143,0.002060739853,true,favors_pca,0.00190392192013,0.00190392192013,0.00190392192013,0,1,0,0,lower,128,1.703125,1.0234375,0.6796875,0.375,1.0625,true,favors_pca,0.6796875,0.6796875,0.6796875,0,1,0,0,pca_partially_dominates_transform,0,6,0,false,true
random_orthogonal,current_pca,frozen-pca,off,accurate_prefix_4,accurate_prefix_4,accurate_prefix_4,matched_intermediate_family_and_bytes,progressive_distance_estimate,128,128,128,10000,20260710,508,508,33300169,33300169,true,true,true,true,partial_diagnostic_index_serialization_plus_logical_requested_bytes,lower,128,0.192425148945,0.00269007878008,0.189735070164,0.182978289686,0.196817858372,true,favors_pca,0.189735070164,0.189735070164,0.189735070164,0,1,0,0,lower,128,0.191368637748,0.00290753558569,0.188461102162,0.182107185768,0.195213027682,true,favors_pca,0.188461102162,0.188461102162,0.188461102162,0,1,0,0,lower,128,0.185874926063,0.00220287540445,0.183672050659,0.17729257707,0.190264825549,true,favors_pca,0.183672050659,0.183672050659,0.183672050659,0,1,0,0,higher,128,0.881796875,0.994296875,-0.1125,-0.11765625,-0.107265625,true,favors_pca,-0.1125,-0.1125,-0.1125,0,1,0,0,lower,128,0.00159605443487,4.15958540416e-06,0.00159189484947,0.00146341633857,0.00172055429701,true,favors_pca,0.00159189484947,0.00159189484947,0.00159189484947,0,1,0,0,lower,128,1.6015625,1.015625,0.5859375,0.3203125,0.9140625,true,favors_pca,0.5859375,0.5859375,0.5859375,0,1,0,0,pca_partially_dominates_transform,0,6,0,false,true
random_orthogonal,current_pca,frozen-pca,off,full,full,full,common_endpoint,progressive_distance_estimate,128,128,128,10000,20260710,508,508,33300169,33300169,true,true,true,true,partial_diagnostic_index_serialization_plus_logical_requested_bytes,lower,128,0.047991280506,0.0020083822172,0.0459828982888,0.0437730223197,0.0483453611871,true,favors_pca,0.0459828982888,0.0459828982888,0.0459828982888,0,1,0,0,lower,128,0.0479031582614,0.00216407267195,0.0457390855894,0.0436600922402,0.047977133576,true,favors_pca,0.0457390855894,0.0457390855894,0.0457390855894,0,1,0,0,lower,128,0.0375835474285,0.00156023058121,0.0360233168473,0.0342671272838,0.0378385638211,true,favors_pca,0.0360233168473,0.0360233168473,0.0360233168473,0,1,0,0,higher,128,0.87703125,0.994296875,-0.117265625,-0.121640625,-0.112966796875,true,favors_pca,-0.117265625,-0.117265625,-0.117265625,0,1,0,0,lower,128,0.00168871675645,4.15158251342e-06,0.00168456517394,0.00157679521666,0.00179768480481,true,favors_pca,0.00168456517394,0.00168456517394,0.00168456517394,0,1,0,0,lower,128,1.640625,1.015625,0.625,0.359375,0.953125,true,favors_pca,0.625,0.625,0.625,0,1,0,0,pca_partially_dominates_transform,0,6,0,false,true
random_orthogonal,current_pca,uniform,seed_average,vars_conservative_lower_bound_all,vars_conservative_lower_bound_all,vars_conservative_lower_bound_all,common_endpoint,conservative_lower_bound_not_ordinary_distance_estimator,128,128,128,10000,20260710,4,4,34013109,34013109,true,true,true,true,partial_diagnostic_index_serialization_plus_logical_requested_bytes,lower,128,0.586730812517,2.20363866948,-1.61690785697,-1.72369779712,-1.51159915797,true,favors_transform,-1.61690787778,-1.61690786223,-1.61690782096,10,0,0,0,lower,128,0.581501358209,2.22850737211,-1.6470060139,-1.75737101727,-1.53943697888,true,favors_transform,-1.6470060343,-1.64700601897,-1.64700597982,10,0,0,0,lower,128,0.525597274303,2.16605870169,-1.64046142739,-1.75587035103,-1.53154067009,true,favors_transform,-1.64046144935,-1.64046143195,-1.64046138985,10,0,0,0,higher,128,0.248984375,0.078125,0.170859375,0.14859375,0.193671875,true,favors_transform,0.170859375,0.170859375,0.170859375,10,0,0,0,lower,128,0.14446464419,0.0480350562483,0.096429587942,0.0834177138424,0.109270866905,true,favors_pca,0.0964295345908,0.0964295844561,0.0964296385861,0,10,0,0,lower,128,513.84375,1159.2265625,-645.3828125,-820.206835938,-473.635546875,true,favors_transform,-645.3828125,-645.3828125,-645.3828125,10,0,0,0,not_applicable_conservative_bound,5,1,0,false,false
random_orthogonal,current_pca,uniform,seed_average,fast_all,fast_all,fast_all,common_endpoint,progressive_distance_estimate,128,128,128,10000,20260710,124,124,34013109,34013109,true,true,true,true,partial_diagnostic_index_serialization_plus_logical_requested_bytes,lower,128,0.122656475464,0.122590888154,6.55873095078e-05,-1.6718150018e-05,0.000145340747185,false,includes_zero,-0.000356480715391,4.26973537891e-05,0.000365827163125,4,6,0,0,lower,128,0.123782106257,0.123703448358,7.86578993394e-05,-6.6447479995e-06,0.000160694515109,false,includes_zero,-0.000428094432398,2.81416995666e-05,0.00040684639683,4,6,0,0,lower,128,0.108219678548,0.108156094157,6.35843913984e-05,-1.19135594645e-05,0.000137667853635,false,includes_zero,-0.000371772350469,1.18152287109e-05,0.000375295237344,5,5,0,0,higher,128,0.84309375,0.8428046875,0.0002890625,-0.0015314453125,0.0021330078125,false,includes_zero,-0.0059375,0.0010546875,0.00484375,7,3,0,0,lower,128,0.00253423540018,0.00253617203683,-1.93663664867e-06,-4.83606797386e-05,4.56381265521e-05,false,includes_zero,-9.18947254789e-05,2.10983223711e-06,0.00010700365692,5,5,0,0,lower,128,1.7921875,1.740625,0.0515625,-0.07421875,0.17734375,false,includes_zero,-0.2109375,0.12890625,0.265625,4,6,0,0,tradeoff,0,0,6,false,false
random_orthogonal,current_pca,uniform,seed_average,full,full,full,common_endpoint,progressive_distance_estimate,128,128,128,10000,20260710,492,492,34013109,34013109,true,true,true,true,partial_diagnostic_index_serialization_plus_logical_requested_bytes,lower,128,0.0083766964734,0.00829355329804,8.31431753609e-05,7.34313483915e-05,9.3225202366e-05,true,favors_pca,4.37837305703e-05,8.06684398477e-05,0.000116551775984,0,10,0,0,lower,128,0.00845844883946,0.00837814488772,8.03039517422e-05,7.08465940266e-05,9.02735878233e-05,true,favors_pca,4.65365442152e-05,7.82281723199e-05,0.000117763387186,0,10,0,0,lower,128,0.00655161834176,0.00648842533969,6.31930020719e-05,5.52152622268e-05,7.14277108555e-05,true,favors_pca,2.95289315547e-05,5.88070324805e-05,8.90960503906e-05,0,10,0,0,higher,128,0.9764375,0.9767734375,-0.0003359375,-0.001015625,0.0003671875,false,includes_zero,-0.001484375,-0.0001953125,0.000625,4,6,0,0,lower,128,5.83194611306e-05,5.66943020795e-05,1.6251590511e-06,-9.10697752982e-07,4.33790637963e-06,false,includes_zero,-4.09787402345e-06,1.64848527933e-06,8.50950150238e-06,3,7,0,0,lower,128,1.0921875,1.06015625,0.03203125,0.01171875,0.05390625,true,favors_pca,-0.015625,0.03125,0.109375,2,8,0,0,pca_partially_dominates_transform,0,4,2,false,false
random_orthogonal,current_pca,uniform,off,vars_conservative_lower_bound_all,vars_conservative_lower_bound_all,vars_conservative_lower_bound_all,common_endpoint,conservative_lower_bound_not_ordinary_distance_estimator,128,128,128,10000,20260710,4,4,30326709,30326709,true,true,true,true,partial_diagnostic_index_serialization_plus_logical_requested_bytes,lower,128,0.586730824534,2.20363868302,-1.61690785848,-1.7293200107,-1.50657204944,true,favors_transform,-1.61690785848,-1.61690785848,-1.61690785848,1,0,0,0,lower,128,0.581501370889,2.22850738419,-1.6470060133,-1.76011253613,-1.54014047352,true,favors_transform,-1.6470060133,-1.6470060133,-1.6470060133,1,0,0,0,lower,128,0.525597286715,2.166058715,-1.64046142828,-1.75273206521,-1.52958973332,true,favors_transform,-1.64046142828,-1.64046142828,-1.64046142828,1,0,0,0,higher,128,0.248984375,0.078125,0.170859375,0.148515625,0.193671875,true,favors_transform,0.170859375,0.170859375,0.170859375,1,0,0,0,lower,128,0.144464594539,0.0480350630758,0.0964295314628,0.083994580655,0.109281719539,true,favors_pca,0.0964295314628,0.0964295314628,0.0964295314628,0,1,0,0,lower,128,513.84375,1159.2265625,-645.3828125,-822.556640625,-475.341992188,true,favors_transform,-645.3828125,-645.3828125,-645.3828125,1,0,0,0,not_applicable_conservative_bound,5,1,0,false,false
random_orthogonal,current_pca,uniform,off,fast_all,fast_all,fast_all,common_endpoint,progressive_distance_estimate,128,128,128,10000,20260710,124,124,30326709,30326709,true,true,true,true,partial_diagnostic_index_serialization_plus_logical_requested_bytes,lower,128,0.122654411169,0.23945511177,-0.116800700602,-0.123285592483,-0.110860222139,true,favors_transform,-0.116800700602,-0.116800700602,-0.116800700602,1,0,0,0,lower,128,0.123755933343,0.237536004948,-0.113780071605,-0.119783117676,-0.108230162746,true,favors_transform,-0.113780071605,-0.113780071605,-0.113780071605,1,0,0,0,lower,128,0.108185885925,0.187654651703,-0.079468765778,-0.084301054467,-0.0750415402208,true,favors_transform,-0.079468765778,-0.079468765778,-0.079468765778,1,0,0,0,higher,128,0.84390625,0.43671875,0.4071875,0.3921875,0.42265625,true,favors_transform,0.4071875,0.4071875,0.4071875,1,0,0,0,lower,128,0.00246515757602,0.062087886395,-0.059622728819,-0.0639312437462,-0.0554695640306,true,favors_transform,-0.059622728819,-0.059622728819,-0.059622728819,1,0,0,0,lower,128,1.6015625,105,-103.3984375,-144.3359375,-67.9607421875,true,favors_transform,-103.3984375,-103.3984375,-103.3984375,1,0,0,0,transform_partially_dominates_pca,6,0,0,true,false
random_orthogonal,current_pca,uniform,off,full,full,full,common_endpoint,progressive_distance_estimate,128,128,128,10000,20260710,492,492,30326709,30326709,true,true,true,true,partial_diagnostic_index_serialization_plus_logical_requested_bytes,lower,128,0.00836536526384,0.0634132599903,-0.0550478947265,-0.0578117051117,-0.0524069350506,true,favors_transform,-0.0550478947265,-0.0550478947265,-0.0550478947265,1,0,0,0,lower,128,0.00844370913833,0.0626253775347,-0.0541816683964,-0.056714792913,-0.0517955484226,true,favors_transform,-0.0541816683964,-0.0541816683964,-0.0541816683964,1,0,0,0,lower,128,0.00654237433311,0.04755523592,-0.0410128615869,-0.0430345779997,-0.0390764477088,true,favors_transform,-0.0410128615869,-0.0410128615869,-0.0410128615869,1,0,0,0,higher,128,0.97625,0.836953125,0.139296875,0.133359375,0.145234375,true,favors_transform,0.139296875,0.139296875,0.139296875,1,0,0,0,lower,128,5.73198548954e-05,0.00315867303019,-0.0031013531753,-0.00333242629551,-0.00287546727165,true,favors_transform,-0.0031013531753,-0.0031013531753,-0.0031013531753,1,0,0,0,lower,128,1.09375,2.03125,-0.9375,-1.3203125,-0.6015625,true,favors_transform,-0.9375,-0.9375,-0.9375,1,0,0,0,transform_partially_dominates_pca,6,0,0,true,false
