query,candidate_count,candidate_ids_fnv1a64,exact_id_distance_fnv1a64,exact_best_id,exact_topk_used,exact_topk_ids,exact_topk_boundary_distance,exact_first_outside_distance,exact_boundary_gap,exact_reference_scope
0,2064,3d01112108f4e803,9be63703cec9495a,38,100,"38|1091|14957|3797|21619|50039|2943|48985|1555|152|27801|6235|34797|51580|15660|52626|27209|15106|53466|57783|36556|30568|54567|43013|45987|34621|4157|31804|40634|13516|56018|9293|23516|39777|59690|14861|41656|7776|29936|37186|22030|53432|25099|14975|13907|55156|58703|55659|4214|16277|40489|51637|15943|0|21041|1933|47929|13946|28058|37967|53671|3639|28116|33480|36387|58519|23013|27967|42192|33518|24108|36784|7393|47161|59804|16495|38739|52068|22345|29841|12190|13159|31156|5212|52803|20450|53420|58873|35820|10242|44095|46354|10203|52575|2409|1713|34361|56878|10570|46112",0.64406854779246214,0.6442525930054237,0.00018404521296155885,canonical_raw_float64_squared_L2
1,2041,60b4eb2bc5a2db05,e200196ce89dce98,42,100,"42|2441|11033|20704|3949|51124|51093|10710|29706|9674|31821|56422|17714|31169|12109|23696|38613|974|56888|54675|6694|58397|8569|52828|7209|25104|49055|54200|18993|7256|20904|45660|22594|54491|48976|5946|28414|59119|13035|51248|38605|51548|26024|32015|29862|21488|53947|27100|9650|2716|21211|25929|48937|21145|6452|26902|45601|27430|44260|41961|53595|43010|18043|29637|44288|2091|2147|21158|53521|32523|32073|25622|25498|34695|38631|27021|50821|30059|41412|11064|373|26481|59627|22218|47672|50647|53451|26030|58780|40379|15203|54834|34152|54146|6518|8447|15050|41041|28913|48191",0.39606855349176218,0.39607412082088805,5.5673291258773183e-06,canonical_raw_float64_squared_L2
2,2212,2206e847ea5f77b2,4b1e0328f5a92405,99,100,"99|39977|482|39248|11110|22202|17000|29852|58056|18135|41790|24268|3606|22240|15090|50659|23403|39|27584|27253|1190|22838|10719|46373|58369|21446|13939|24310|24046|42326|29867|36099|13715|39743|49564|38517|1436|52673|11099|35843|44898|35106|44803|13499|22126|36684|15746|50987|53952|56841|57446|54863|6035|9602|14768|24480|33081|4262|47859|13261|38895|32123|31748|55368|32235|37875|22166|2489|22367|54031|12038|45801|31431|59377|8454|6509|30306|27725|58468|48929|22063|9084|13049|13320|52851|11486|26647|14074|37390|26627|24699|31928|13114|57259|9952|2152|58398|17694|10594|354",0.6162047473444956,0.61633031938775051,0.00012557204325491789,canonical_raw_float64_squared_L2
3,2689,785e8a1bbbd4319b,369342c1c9e7ad28,152,100,"152|52626|549|51865|3434|14652|54693|56131|42146|14639|32997|36514|18195|57101|46112|49359|38195|10267|53272|48447|36773|31515|4905|48955|16709|37272|28913|59620|44243|58899|21619|49120|49835|45737|45369|37016|59837|197|46630|18632|28700|3823|39655|12552|21876|43335|6924|58681|4452|15668|16904|30921|55102|44737|622|14254|6877|15587|51140|27412|53671|20967|29823|18320|27072|9446|55693|32525|10011|44695|43264|23516|17870|33529|37639|46998|39537|12997|3146|36913|4032|6498|20588|13673|50254|35525|56988|10242|409|17635|15813|58240|51637|48408|10949|29980|30243|54705|52783|37645",0.42691722402738175,0.4281285611476105,0.0012113371202287504,canonical_raw_float64_squared_L2
4,1915,431ed5040771c334,6fb4033ac5af6f13,155,100,"155|5404|21802|8741|15745|51422|8070|15730|34315|10673|4925|38694|13115|41008|48908|7118|20916|15346|7643|1960|17318|32977|135|6904|7013|56069|49473|44782|58407|19664|28507|3516|26484|47504|5633|18013|8397|26164|2209|39075|11096|15268|48320|18012|41615|19621|43622|1162|22712|57193|16501|34276|52837|48936|24787|43817|51101|30699|39507|48299|14350|33613|32014|41118|35408|24876|18875|3469|59988|45419|54351|27846|43540|22400|53903|26514|9314|29421|31774|51557|29689|19639|53957|13386|34977|8425|41335|12024|17416|6630|38254|9258|37832|35109|42245|58117|749|4953|25207|24020",0.48511009149059403,0.48514142421515605,3.1332724562016523e-05,canonical_raw_float64_squared_L2
5,1744,df7efd96255de487,d23aa979c8fd9056,179,100,"179|51000|27628|23998|31078|48045|37344|20158|21502|18919|40263|22771|21735|23963|19022|29050|2986|16701|39465|58330|1661|29554|18729|5326|53255|30159|54567|4844|16795|38758|33046|46064|52430|42177|47647|31452|17737|38134|10128|26343|42619|4850|31574|9828|59730|8338|22028|13679|51680|4394|28638|45224|46919|26626|1363|59155|46378|54393|8030|45066|54358|54500|38953|21465|59122|24636|27560|51494|32774|55825|14977|50543|11494|42330|16259|18313|18942|3960|40457|2648|27894|56310|52352|56683|50784|20414|29211|5581|44118|51273|24265|16112|26606|2691|48039|338|30474|2525|33320|9285",0.89912934407715639,0.90000848790206622,0.00087914382490983378,canonical_raw_float64_squared_L2
6,2191,d35eb6d1bdbb477a,4758359715581ea7,295,100,"295|40381|26518|17110|55261|6610|10894|58453|10299|4557|13512|51475|12576|27589|1433|3316|2767|53670|32507|2991|1273|40082|25021|1378|35676|57584|26483|47007|37490|23856|118|24407|25303|53488|56749|19549|11504|34386|24041|34629|46623|24458|34860|47307|12902|55765|5496|44206|14357|35893|2204|34908|17746|34474|15204|41524|14384|23717|59875|17846|9452|15680|49584|59207|24034|37058|2477|39721|40494|17061|54218|51915|49026|13869|59726|59197|58915|6116|39771|35197|38668|3830|13509|37739|26506|37465|27697|25910|22623|32249|55730|17367|49046|9211|49385|22127|31771|36102|9267|51417",0.56192833814434473,0.5626432950193957,0.00071495687505096495,canonical_raw_float64_squared_L2
7,2149,aedb51215bf8db92,4e87ecfbdeaa37cc,334,100,"334|4199|17670|56572|4687|39615|26475|42088|45846|57550|59160|3759|42675|4532|36178|40186|50624|52991|29326|53962|31063|42747|15324|10105|4317|4253|27276|153|20923|24472|28590|34840|434|44147|12756|20645|15549|52180|37234|57094|20299|34518|45450|57582|28388|20673|9260|45136|35915|19532|46918|48527|27409|39473|52824|48368|11299|3189|48862|15842|42977|10552|30593|54974|43714|36810|43584|8918|57288|22739|35265|21281|46591|959|55059|58706|16073|35460|48889|14612|17934|5393|10466|12617|25156|3782|29835|48467|37560|18155|37451|25834|6270|19548|20363|53595|52763|49272|44049|34406",0.62627479249559392,0.6264079470228906,0.00013315452729667498,canonical_raw_float64_squared_L2
8,2411,52ab33f51d866c09,b0631ad77d030847,337,100,"337|56063|32880|26116|16393|36880|19496|59621|27100|32523|2710|5361|25143|38156|54491|50746|46245|6528|53455|8930|3271|5486|24017|2776|26068|831|34953|32986|59666|14181|50282|2699|12525|5178|17849|57726|11819|26634|23558|51003|22828|52805|34167|52294|38225|15587|52762|38776|36764|47595|44879|7690|22153|16556|31256|34156|54675|48277|57445|25108|18720|37450|8631|15949|53131|17583|26084|19462|20591|49327|20051|41249|36243|45555|9625|41387|34713|19360|27274|41561|24379|39494|36602|2982|36347|57855|20225|11573|42516|47062|53596|32587|15457|2605|7559|49412|11759|36242|45490|2091",0.45323005543894607,0.45395713791012449,0.00072708247117841962,canonical_raw_float64_squared_L2
9,2260,d3102e6ee40d3ab1,b5a3c056a0336536,392,100,"392|25465|28779|18233|26475|4435|22436|11064|41789|15606|51337|4350|57099|56422|27895|49644|52236|17009|32364|41565|52182|26030|13926|10703|19532|32352|4463|2254|24337|23670|51548|47672|55829|9900|27109|53949|1928|56216|43720|33600|46063|24276|40085|10555|51759|23018|11033|10710|27463|51883|34320|3277|56035|56506|2147|26884|20102|38427|54834|36810|57094|31579|56259|21436|51836|29803|10046|29004|23059|59160|3949|36396|27772|28590|13215|5848|55047|52763|46030|42256|34243|17193|37151|55575|47218|58782|20655|55289|51586|19897|29180|15549|51887|32895|48208|33511|4104|21765|42549|37560",0.46974384996086971,0.47058025440129458,0.00083640444042487605,canonical_raw_float64_squared_L2
10,2738,a4fb59468bd1715d,26f02966f63bbf06,409,100,"409|12254|32636|32997|48841|10356|58899|14992|10861|42516|15116|18599|23655|19588|20225|52783|57855|45417|82|7811|32526|42074|12472|32525|6754|15656|3207|40773|55775|34764|25427|986|46208|26157|51140|16805|59531|44737|13838|53596|36111|34361|43738|53088|48447|35857|45452|26758|1072|34702|54184|45229|32581|30683|54090|58971|242|55523|27476|36979|32412|10242|46220|27069|47219|19295|8186|55502|17338|22153|29541|36567|56098|2678|15800|56483|21247|11090|14873|4789|9502|9395|20659|2203|31455|7074|6884|19420|20073|210|37368|48270|8528|14078|5706|25406|29827|15864|38896|50843",0.38675459474147589,0.38677869427685141,2.4099535375521342e-05,canonical_raw_float64_squared_L2
11,1944,93cde16f5cb9d726,d4d88adb5fa99dcb,507,100,"507|47080|46395|15184|33562|45719|54699|7951|14930|18546|44831|44018|35161|16597|51659|39139|45647|57527|26755|28204|16664|38924|48330|3722|465|50207|53344|30334|26326|18141|18338|42791|41429|19955|9188|58938|40155|9487|1883|16622|43589|57290|17591|21030|32793|7238|8017|23530|49539|44038|47659|7397|54110|912|4507|14157|17496|26383|9722|25704|18234|49149|54163|12014|50015|51332|41692|32916|45141|22202|54142|38738|59327|26950|26528|41671|49248|11464|39660|30920|11503|12752|50255|22492|51616|32013|37642|42130|59803|8065|20909|42529|57389|31314|59031|45868|1924|47294|24620|49117",0.79933828239175819,0.79986909717880939,0.00053081478705119256,canonical_raw_float64_squared_L2
12,1911,4515d690a7f2a5d0,e08301aeef158389,614,100,"614|8118|40809|24383|9312|56851|28653|47886|47|43216|42929|2128|35147|16048|17348|31514|20572|47431|39075|3938|11159|16634|31855|29126|11897|18782|13324|26660|45595|10095|37707|33197|44288|3891|21453|9259|59032|57034|15115|36019|37767|8658|8713|27417|16501|28049|13177|11073|20981|18192|6848|6627|8893|3469|17539|5955|47677|19547|9362|3479|37068|23489|17140|43519|5079|592|46641|41615|16511|34276|41149|25930|52370|53992|52043|27854|18831|56053|32626|47404|51109|43967|36497|17736|37959|27706|7970|22540|4224|10625|56868|47483|4683|50944|57968|40728|12252|4778|12944|26926",0.46009397497230115,0.46045107409387148,0.00035709912157033674,canonical_raw_float64_squared_L2
13,1993,8bcd22913d42b876,79ab380608a91741,618,100,"618|40823|17124|8071|47928|2803|10570|44972|56859|48909|32006|13120|36296|20258|27008|42858|2141|58079|35502|3117|34148|59531|58748|3797|59976|42436|58897|40763|39923|25005|58420|35834|41102|50901|53821|45417|11903|26535|50533|39190|45581|16562|13414|39954|7651|35394|50039|50820|36979|1465|47720|16856|45282|37366|45496|51767|14844|43877|3162|30960|13441|41184|7869|5706|49265|4349|17234|56929|40298|37562|51055|38834|10722|42486|50563|21681|57788|38391|7003|36607|7580|41313|29810|40094|13862|2409|409|2678|49929|58956|9855|58899|27974|19377|47441|49840|15807|7107|34281|39633",0.6132796837293979,0.61351960772840719,0.00023992399900929495,canonical_raw_float64_squared_L2
14,2157,6e305081c69c7d34,979756ce11fd732b,655,100,"655|51135|40298|25985|25526|23323|51634|33260|50747|58414|21606|13805|28169|32781|53435|44259|45799|49929|27138|23787|17173|50574|55157|50901|21956|20597|39326|2674|44972|8071|38662|51143|6918|38917|9482|56131|44492|41369|1995|49001|22424|11851|22909|32992|1600|5421|21038|41877|40811|36821|42614|13403|50927|25761|10783|46065|42923|39810|39428|36913|45878|38707|31140|59397|55082|19884|46719|57471|55216|20412|29798|42297|46325|27981|19312|4668|46082|28732|33552|11445|17124|25500|58475|28542|15986|41603|51303|15445|2145|29399|22819|30938|20687|39224|29378|52338|47432|25977|45208|1220",0.50798619954644098,0.50819126932586922,0.00020506977942824633,canonical_raw_float64_squared_L2
15,2768,4c4ebf26fd6235b6,1700e15f00b8d68e,784,100,"784|32342|36588|10221|18916|48008|23843|57917|23549|16805|31161|51700|46253|50799|36514|1937|24485|27613|52362|36788|48776|14589|17306|12956|33848|59825|40794|59234|12003|55076|51123|18075|50130|8330|42516|45624|37560|17632|12512|41820|48599|34702|30626|34764|35620|50464|41182|58899|37518|30307|58670|39595|52034|15487|58540|24136|10091|7165|52783|6339|33880|42938|28837|18065|42813|28766|48589|59795|30683|48732|51730|7742|37368|43550|28169|6548|27107|6772|40388|22124|53596|6877|14873|42020|16393|19462|40568|47425|12636|20225|57659|40469|20655|22460|29660|7021|30567|19853|27193|34384",0.37897585547703261,0.37899609475117735,2.0239274144739916e-05,canonical_raw_float64_squared_L2
16,3236,3c913ec89197292d,af3f256f2fa4e3e1,924,100,"924|26502|23915|22428|49655|47071|39|58150|55022|31492|15925|1132|34612|51667|16003|4130|20135|27474|52275|55561|54535|48525|28374|9515|37097|51669|31487|32825|21247|10273|35950|31175|14906|24835|5531|21673|31142|44274|48658|29214|11110|52556|29550|960|13708|24282|1436|32739|34976|36687|2253|57773|10861|12679|23413|15474|5081|52149|47396|14505|42156|13049|22389|57299|22709|49747|9084|50380|33608|49049|9980|42893|58167|32024|22068|30143|4521|16674|27003|15338|48065|21747|43201|17546|33799|58180|15744|49923|51911|14352|3207|10938|23451|25003|12124|37717|23985|26771|2424|4789",0.40550624517858885,0.40585035571630251,0.00034411053771365996,canonical_raw_float64_squared_L2
17,1993,b719deddf2c85d2f,2125676faf28057e,988,100,"988|6744|25229|47739|2167|13443|16386|21128|15766|18245|47720|6994|16896|33701|41798|13471|17440|48262|14337|53719|32664|25867|49070|15211|13184|59375|23774|48785|32553|29723|26701|17286|41621|35394|17541|41326|40763|57433|27838|18314|3262|45622|43425|478|57161|44780|58045|6444|37105|17332|20053|59976|13948|28350|11738|59779|29705|50820|11032|18748|4234|4349|1465|6492|49906|50278|2095|24575|17529|8198|2625|17557|16105|5442|11894|12593|44965|53030|32607|31380|18852|2516|51577|56293|43304|32516|39633|44516|52168|57711|36828|11560|17368|44225|54276|20493|17414|28060|22364|6149",0.76346574340077522,0.76409249496238285,0.00062675156160763024,canonical_raw_float64_squared_L2
18,1887,73353f8895f636fc,543ef6321ba4bec2,1036,100,"1036|12792|6823|51825|28872|32540|13027|6738|10111|34757|38917|1145|18459|13837|22518|31516|44584|27289|56862|56096|9635|33488|55648|37594|23189|59631|26617|45719|43261|32656|36465|38996|10055|50965|57206|6905|3688|6016|45529|44535|52596|11959|36290|33879|13552|33233|35069|34488|40532|30669|42788|54075|12619|54265|16500|11349|9296|29417|41270|41833|18460|10304|23222|18294|50216|43843|52120|5656|33277|24955|45852|2998|11548|13089|52123|2509|12818|25547|42059|46784|23074|15387|13524|3608|18432|4471|12642|32922|31240|9164|56078|6917|7866|53989|33792|30847|30134|36551|37091|17657",0.7134967437996198,0.71365735054488211,0.0001606067452623039,canonical_raw_float64_squared_L2
19,2854,e1437f0e3dd0735d,372a1d14c65c68a9,1106,100,"1106|55395|33521|38477|41988|37550|52456|39592|34636|41059|23454|42207|4713|28396|10268|36498|40458|48335|37583|20041|31617|48081|6974|36484|4723|6717|15914|57803|44672|30640|5546|11665|29782|11676|27615|793|30210|37587|45659|40695|47000|42236|49177|18505|4851|35726|21755|12490|45325|31379|41298|38901|58228|48227|24435|56424|57139|23728|18741|4222|39621|11158|18515|18609|4861|21263|51311|48491|16430|4298|47537|1323|54649|48597|45648|14158|38374|23799|57655|26608|38599|1770|51044|10065|58379|39981|26316|43007|17327|24761|8849|10042|49465|57995|44811|32234|574|31019|57742|8168",0.2570268799859502,0.25850669258983017,0.0014798126038799708,canonical_raw_float64_squared_L2
20,1874,2506525c9f17dd24,88c7c7cccc9125a8,1152,100,"1152|21179|21220|24084|22558|38846|32858|14305|52171|28632|20036|908|16799|18852|36567|34337|7924|54420|13159|49506|31337|59180|52472|30085|46291|12931|15660|10993|12934|54275|32645|51862|43345|44024|48875|50039|16827|4752|27401|33480|19135|2796|18441|45452|12235|21726|47928|47964|21382|51680|40823|32412|58904|15858|52360|3524|22359|9300|55711|50900|39111|23184|19742|55550|23008|5755|57161|14282|45545|15457|31156|52003|57395|52697|2581|58692|41993|17833|39067|43156|19176|22416|34779|49682|59268|9607|33246|25998|294|52965|46296|59022|13719|36761|9904|16105|44192|26062|46800|21778",0.60355771358545507,0.60373752863662677,0.0001798150511717056,canonical_raw_float64_squared_L2
21,1600,d37e81a548924308,6a59a5805a98c60c,1259,100,"1259|15608|49698|29210|43419|47230|23213|24615|16533|11663|33201|10331|20713|37363|15633|31986|15505|39261|1394|21242|5009|16143|49354|44332|52757|5621|39137|57121|2445|6036|1112|7185|16822|59382|28886|54015|10193|18238|20307|18226|6831|25641|877|2020|28394|5884|22166|48106|30775|39825|20933|3282|53837|10373|25720|50175|33639|38644|44710|9180|18580|15637|16398|3929|24831|6121|8094|679|49932|47370|4536|17607|2927|56391|57455|5351|57639|17896|27773|1090|59843|38621|29631|59404|202|31522|55108|48178|14099|49460|57362|16061|50245|55875|55838|53113|25770|7548|5693|22077",1.1023184076403605,1.1026605716696003,0.00034216402923981093,canonical_raw_float64_squared_L2
22,2841,2beed7770e7d97ef,146ecfe4f98530ab,1280,100,"1280|55502|12147|32650|53581|30213|10356|52275|45702|56624|56943|36843|44110|9356|46156|28751|42636|46490|45533|20036|4063|38462|33848|37368|24204|32228|53292|20483|25406|16742|6548|13395|2796|47922|5857|8557|5680|9553|40049|50384|12003|41442|39233|32997|4637|42005|4710|30683|33039|6932|52362|58367|58647|8819|32412|26139|43933|43550|48497|40309|12925|18179|23084|23915|5419|21247|52442|47387|11933|45452|32917|2043|55334|2575|22389|10861|30918|53767|46220|44365|39952|29388|32482|48695|59049|23549|31812|26054|36296|58698|48841|45774|27848|55159|49049|22845|40377|24835|6146|16003",0.5148868407053655,0.5150245046733779,0.00013766396801240255,canonical_raw_float64_squared_L2
23,2523,c1a94077ddf89139,94bd13092c36ecf3,1319,100,"1319|39486|24679|8999|24589|29738|34949|18218|50235|26708|13260|7520|37704|1601|32659|56696|43505|16370|59491|5549|29980|6761|53195|21469|43138|13483|42649|16116|9650|40194|54558|40644|26902|14806|19494|24851|52075|982|11069|56047|2926|8342|29944|44695|21633|36175|33509|30280|27914|23805|47091|55164|52350|24837|11056|39068|2617|53354|50356|9542|54858|51003|4540|49556|34504|13435|5825|33343|3713|46019|35653|54347|59700|6376|24349|57414|2660|43363|18704|52122|47795|25969|36880|19386|58694|39783|35078|51712|48191|49950|31169|6276|788|35393|52913|19312|40345|31127|9199|43252",0.45615996107432311,0.4571929077181684,0.0010329466438452894,canonical_raw_float64_squared_L2
24,1972,095d7ed0f2f96896,c91a28b6812cc432,1365,100,"1365|46805|42904|35034|33358|27377|50250|7200|48888|5899|21250|33971|6603|42946|33133|37434|21780|52858|32998|50913|46742|31840|22554|37369|55654|42273|27918|29667|6622|59465|19212|12326|58341|54309|48292|3110|16559|39018|4635|27065|12567|58|21235|18277|36056|24847|46165|33666|16839|3341|43433|34816|55424|25997|36264|1635|54641|15849|53719|55816|52141|3433|6772|24772|18502|50239|25589|9451|57080|25478|39564|53606|31047|19246|2884|53780|32654|41752|53035|34517|59513|29098|45678|38888|57336|45279|47139|59952|32658|22460|22469|36952|1827|51571|15383|50640|31570|12791|58752|17265",0.84046716763835849,0.84084003546991815,0.00037286783155965342,canonical_raw_float64_squared_L2
25,2549,5bd1e7d8900d948b,d1663d464871d406,1509,100,"1509|10935|33701|28769|10877|42505|50190|18149|14073|59964|50167|55026|17816|23968|7262|23704|3945|59893|45221|35714|24513|3573|38736|31928|33715|11003|14251|32507|48394|41545|48996|15960|34457|31826|37703|23856|32549|55960|17557|45863|54377|24282|18542|36805|18475|11882|32997|10767|7713|22743|2253|41331|12140|20803|32516|43257|8528|31431|52053|57773|33965|29528|59062|19711|30143|41631|55022|8186|9775|36026|32525|59859|1608|6747|49655|21247|53103|43681|21368|22428|58331|3133|10242|26912|40490|34070|705|12416|44737|17536|17110|31501|35659|53052|38122|31843|50069|30390|49062|43501",0.49851788902551503,0.4987308794419445,0.00021299041642947047,canonical_raw_float64_squared_L2
26,2093,a6a31bedc4be5703,c8cd1b1c22151971,1571,100,"1571|26905|28394|354|54806|26526|15746|26737|24268|58712|57765|34995|26180|19581|28476|27725|40024|7349|52357|38923|20851|18019|46514|39248|55135|57520|44710|37826|49486|22202|44282|48603|38333|40359|20245|15386|40043|25625|40958|56301|11421|37390|44210|16310|40000|52345|33619|8191|3851|7326|26127|44679|35291|53626|19877|15014|45977|19570|29867|30783|8094|26820|1190|40102|19564|12348|53150|42424|30218|45235|12038|3827|45040|1869|22829|16849|59629|57455|212|33646|6330|13114|65|12562|41844|34238|32123|14518|31810|56080|9148|24725|24157|22217|51786|33198|45241|7828|51192|46844",0.66511520266558122,0.66554202221698699,0.0004268195514057771,canonical_raw_float64_squared_L2
27,2402,a000ad114185449c,99f7d75753d2e73a,1575,100,"1575|44336|47922|41303|4710|14997|47188|53258|39626|30875|52882|5880|31446|31948|44110|8581|48163|286|8705|52834|37656|11048|32373|26800|4959|16105|19614|8789|17877|56032|47538|7365|43557|20966|42533|44550|50278|3408|55334|59375|45881|24424|12624|12316|16865|32610|55670|55414|20139|15259|23421|28246|7820|55889|8823|25781|17152|33967|19208|14720|9852|17083|15168|43299|44446|44729|51415|47318|21603|6319|20018|39847|39186|45533|58452|47567|41374|33039|55557|49518|39913|36285|46049|46712|12848|6527|46650|8182|56051|1846|39356|50567|57822|16069|39889|46490|12147|32615|59034|41417",0.59322428870887611,0.59359899138487415,0.00037470267599803986,canonical_raw_float64_squared_L2
28,2012,9f8bbf20d823a003,3fd41b5a0434e928,1693,100,"1693|47318|50223|44324|28246|55415|2591|30354|23495|16475|10392|26056|46348|44021|40162|25436|19650|31932|25781|56786|45133|3717|17877|22359|12848|3446|20170|48563|40821|12022|31446|24468|6421|57308|58170|13918|5804|56979|52631|55636|37241|41097|20139|40892|5798|58568|26130|32610|8924|55438|21307|13272|8947|26297|7359|20565|1303|37911|47189|3973|48422|23626|13749|42776|28502|8430|26295|18346|41046|29245|17529|15861|39495|45000|47296|54213|56087|46525|9371|28319|32269|53593|55751|21382|43994|14893|54465|48767|37577|59675|17929|23112|53463|59701|56521|26830|47757|552|10347|58027",0.63747329822368537,0.6378041797673959,0.00033088154371052614,canonical_raw_float64_squared_L2
29,2143,bd54573f05f4b75d,0988a92c9bc0d200,1927,100,"1927|9672|8885|52776|9964|10371|36190|1483|31952|45365|18923|50858|24159|23505|9239|45394|8372|20433|38325|50897|27836|41000|53345|58042|19973|53860|27217|1173|51531|39494|7400|35854|52658|25410|24794|11656|31807|33496|22908|27913|56149|35816|24052|53944|19026|39262|26903|56844|17181|14370|11355|13663|6218|30274|59259|11621|4706|56266|12177|49978|31849|49841|54084|27060|31718|15772|30651|37459|44125|41319|30679|2074|35185|43242|11697|4357|26494|2358|10685|45121|20576|9637|20544|27529|13345|4258|22624|9967|14130|28226|42315|6528|49809|26068|1791|8499|14939|8620|6481|53437",0.53300436484580827,0.53313204811432269,0.00012768326851442247,canonical_raw_float64_squared_L2
30,2580,377c15c55324890f,134c92d6acf9cbe4,1942,100,"1942|22015|52655|23903|7896|46011|3958|53098|18086|20108|30310|13353|41268|19779|4802|2232|47815|27035|49720|17306|12935|45022|50661|59704|40045|59869|5829|44200|48237|13865|25556|36680|42938|23637|32889|30192|34076|9451|6680|372|74|21382|57827|50628|38143|55858|35462|26797|21613|28388|11220|57308|56931|3726|16270|26165|31084|14226|48871|38896|20913|28461|45323|6695|53819|37766|53671|41119|6611|55212|7120|15802|43544|28338|43517|4238|34114|18880|52385|14576|11862|58599|3271|14513|45688|12415|20439|48456|5051|57712|59913|58981|29158|31167|20343|13482|51535|12530|27236|24208",0.52583787952967653,0.52593448781046581,9.6608280789278744e-05,canonical_raw_float64_squared_L2
31,2577,d8c5801ca10ea03d,2b8e6a39d3aa8681,1968,100,"1968|58110|32526|53103|31431|41331|26537|27473|52671|23413|37782|48795|51154|33948|17234|35659|36632|49412|3816|54746|25427|57025|31672|30816|29827|17536|35857|14873|26698|59038|15656|31191|33595|52556|33566|25931|6754|49813|43501|39874|58302|15960|3865|41632|31748|18542|22428|9084|53088|831|35600|8186|3710|13049|4429|15596|43738|30390|9515|24000|1743|1132|44334|15118|57788|26265|11406|19649|35745|40274|51838|54648|38721|39756|48884|11139|9468|48270|8053|14444|46447|12450|58842|2056|23968|9753|22838|36596|50992|36243|52926|11239|45221|33309|27476|27898|55131|10725|1675|42510",0.53114202831486912,0.53153439857234108,0.00039237025747196341,canonical_raw_float64_squared_L2
32,1901,a28aacb6d6820abf,03d13c7e8bc34538,2071,100,"2071|43526|58436|19459|51650|49304|27903|52056|20451|9104|2527|57460|9793|24098|51316|33311|32093|42115|56297|36869|4626|47424|43703|14477|44154|38437|54925|33340|12833|23614|40820|9547|45178|41583|30098|32449|53290|17391|24574|48883|42038|11852|49396|14223|31574|28891|17278|45831|38739|24598|55553|46378|19847|43543|24845|24558|13842|48170|51000|13663|44229|10432|39066|27270|25705|12953|28852|56674|17880|35784|49233|16837|29464|18732|28575|14957|12177|15426|58745|45638|8240|30085|43225|43446|31155|25809|4628|10184|37317|4873|10037|55581|43842|19191|3153|58263|46316|54957|38513|13496",0.68632827596481172,0.68684453158400927,0.00051625561919754759,canonical_raw_float64_squared_L2
33,2247,29c93760476cf624,8f59af3944b17dfe,2107,100,"2107|11208|47579|4337|54037|59951|8444|5956|26493|51093|11033|58061|53521|58241|10470|9418|36650|12430|7256|27825|17514|54216|28525|13090|24101|1878|3053|56262|54854|13334|17353|59097|28716|11836|373|8695|31987|20256|21158|6518|36289|18603|16907|38053|43907|23010|16624|2441|51932|13051|38921|39589|20722|50989|44257|52668|53483|6826|3949|25578|6459|57925|32183|29092|18706|54968|27080|35269|53534|23016|19036|34578|41745|55047|40947|58397|16733|19538|59356|53808|53451|9574|9674|30604|8447|51552|13650|7664|53825|18506|20658|2333|8890|38631|28921|17963|2034|24560|35929|34471",0.45055384120852915,0.45062520459671729,7.1363388188139254e-05,canonical_raw_float64_squared_L2
34,1943,7c499ceae0e20bcb,06d791268087eb6c,2214,100,"2214|52140|15687|19365|50651|6171|38871|14510|21350|48098|1304|30465|39405|3526|29045|38082|24173|8191|44920|53126|36736|58332|27483|12562|47427|8364|16849|48171|17061|12964|32879|18361|5040|41169|33344|26012|6438|1049|17447|47343|28774|31870|54252|52817|38024|65|3256|8650|10495|17428|48033|13798|56159|31115|52278|20456|44004|44947|59391|23662|33433|12743|2251|38157|32737|31399|12424|26443|59545|47641|22776|30362|20804|14609|39376|3149|1117|55170|25499|59623|59510|45008|38071|53795|50587|9683|56603|22494|45405|13586|28763|23717|31771|32223|3590|212|48279|56101|23115|34813",0.68829778556940346,0.68883483013075431,0.00053704456135084122,canonical_raw_float64_squared_L2
35,3419,3baad48ca310d689,c632225b7f19a9d9,2253,100,"2253|32526|31826|31191|55022|10935|25931|10861|7089|56461|42156|30915|32482|43663|26837|53340|15925|11406|15800|44040|82|16003|49412|34076|54184|15656|42893|48841|27476|17536|46851|16742|17546|53227|53932|56098|4278|51771|11239|2056|23915|27474|29541|48884|19588|22743|9468|30390|48447|25427|11459|22282|44041|14469|53596|8186|15960|42516|30816|9395|33848|14873|22428|45221|50380|10273|23413|2112|37368|36908|32997|30143|4789|2424|7811|52362|59038|42510|15474|33948|58681|52015|59893|48270|36069|47752|11003|43738|54571|55012|6548|54575|6146|35950|18033|46490|59825|19604|24429|52547",0.35907080229881483,0.35918062347473045,0.00010982117591562535,canonical_raw_float64_squared_L2
36,2158,8a16636448597a7d,849ac113074cf829,2264,100,"2264|19843|57038|46686|33490|53281|14793|22176|12675|1065|33558|59044|47853|53538|47152|33323|22676|4616|46216|24670|15189|48961|25847|21323|50559|56669|31649|14463|4165|53193|43157|36626|25859|51758|34482|39382|44765|13086|9067|17779|42267|28867|6757|22645|20671|44090|49443|58472|37903|37111|17154|17741|54234|3892|36137|28377|3301|34235|28986|22582|8296|30980|9903|6156|26195|11380|47969|6296|41999|46486|20022|54034|5639|47695|54453|4154|33179|50885|25683|51043|882|41460|23918|42729|52361|20038|25261|33960|17308|9579|58483|11362|59108|26060|34503|53378|59154|19684|17217|36365",0.41054980216312786,0.4106619263121456,0.00011212414901773382,canonical_raw_float64_squared_L2
37,1687,2ffe78759ab378eb,26e402c7e291cc04,2303,100,"2303|12932|59974|22745|16325|54288|10476|19289|10571|59466|9042|41336|3166|24188|6588|7147|23137|18030|52982|55092|9610|17606|26241|55108|41888|2385|29252|34210|31998|21056|19947|42385|8843|53144|28601|24616|48781|7915|49605|16681|38426|1476|26530|47779|7468|31607|52730|20720|39322|22182|1414|33417|56788|10421|58508|57030|42576|19609|23015|16359|34878|43326|27011|307|3477|18500|9623|58732|51811|28352|28154|6677|46357|49232|40273|58345|17515|12986|37505|45562|18982|2012|34569|48982|56679|31902|11448|47699|43280|47405|35043|16092|55663|57483|2597|9959|36818|21474|57571|44101",0.75822334683987136,0.75883891602172349,0.00061556918185212695,canonical_raw_float64_squared_L2
38,1754,78b5f4c2508d6ba9,431d8c71a888737a,2306,100,"2306|34523|12970|56379|44138|9965|11488|8544|14889|28027|54337|49702|46540|58028|53938|6754|31448|586|9022|1675|41761|25128|59306|12620|18201|44919|46461|45978|17833|36129|804|57721|20594|26059|15118|209|35222|7102|32991|21943|41218|59476|16723|23630|16089|24125|49088|42040|18364|5716|49829|8048|5424|11099|52099|56173|11532|22838|55368|45229|55125|7503|28539|13877|787|48804|10258|7131|53541|23850|41215|20025|13332|59865|18487|21289|14655|31447|33457|42473|112|32701|4821|35857|26506|18565|45227|20775|47423|54613|42090|24078|43394|42221|54720|42448|55966|28994|10299|21282",0.6817802973230308,0.68195286318083603,0.00017256585780522915,canonical_raw_float64_squared_L2
39,1797,c3c173b82dea2590,f4dff47e8ad07740,2380,100,"2380|47002|37138|18369|5388|19266|23225|9195|10075|14059|19620|59332|53982|46917|32164|26681|39212|23383|24718|16551|23575|26198|47364|35402|59674|30901|49260|35331|9302|46904|55332|14202|41032|7350|37074|45|54284|40508|44575|46401|52290|15159|18943|18209|56971|2497|58465|49973|32254|55470|46656|44812|2644|6365|30697|17263|26805|16077|36674|43964|43673|10071|40181|8317|7554|55107|46131|9652|3895|14278|30509|52493|49230|25689|683|39434|56193|35017|6991|35181|17881|33316|8517|17071|14676|32146|7692|9447|58426|41576|11230|48340|17875|29401|5627|52204|56273|48511|25119|13962",0.88560837557135885,0.88629865465658542,0.00069027908522656389,canonical_raw_float64_squared_L2
40,1921,d05a6fb39aba8cf5,f47b85481034bd25,2445,100,"2445|4845|38071|3648|34481|49065|14809|57385|53916|36280|1602|34890|8886|59367|10388|24296|23864|21680|44854|4028|2991|45167|47787|41310|54704|27548|9148|11485|17475|35433|37737|36512|18547|11549|26759|17977|30161|11594|37239|59117|56080|2016|17031|9487|59552|54267|4335|14687|54791|5559|2351|25404|9143|18860|11567|25703|27798|23115|59312|46866|13138|49124|48568|1049|5622|30598|17356|23717|16255|53157|6420|44245|26348|21221|7706|2768|8094|11589|50609|38273|51550|21138|34073|22166|47343|37050|32841|8650|12112|38082|16362|43893|22367|10533|47247|37161|39156|45235|39546|7357",0.69868569838793448,0.69899790703081777,0.00031220864288328265,canonical_raw_float64_squared_L2
41,1674,f591a5e7b9e18b50,6ad0d1f1f256fb9d,2568,100,"2568|39322|22316|32826|1570|29591|19947|24466|12955|23220|24580|48451|34673|36736|46679|301|29527|43371|21032|4609|1814|30650|43555|9516|13446|32975|33539|26596|58527|47213|34890|4983|1407|15458|45210|16250|275|212|29209|4496|9042|40090|33006|18311|2849|10157|7286|20559|9118|51191|4964|28137|17031|19481|12240|59227|12816|7271|42916|17791|42352|8576|18866|7147|26878|33307|44021|30103|51965|26218|8980|52595|48675|2997|14789|38809|9610|54465|432|59797|2765|16588|48982|6709|12937|42114|35494|40699|8037|6987|6087|21056|50961|22474|11472|38167|255|39893|54818|50753",0.73796687773309377,0.73957691470181008,0.0016100369687163107,canonical_raw_float64_squared_L2
42,2156,e2f49811b8cab5b5,ae9f920fcd9a1feb,2622,100,"2622|53606|57914|3138|32645|40811|39351|27255|36195|4449|44024|49466|7613|36755|16386|26072|28612|20597|7055|30841|23000|37231|30420|33082|35557|6184|43304|41633|38197|14215|38195|9810|53777|12803|21876|50467|16026|289|18852|48240|47809|23298|42070|23594|50437|16251|41708|57226|27720|22289|45903|28696|3524|12396|10698|1312|49296|29439|17300|22444|35394|58209|41318|41506|30038|11903|25263|41436|1536|10877|19651|3945|58724|29416|44224|2541|33283|12466|58636|7725|15440|28457|18874|11462|21222|58617|47630|1176|38510|18723|24908|21235|13187|44972|34819|27815|8071|40997|38953|7163",0.64186303295901126,0.64271878266627636,0.00085574970726509658,canonical_raw_float64_squared_L2
43,1855,9040d352f4b4eb18,99dc5caca2f3940c,2755,100,"2755|21214|26138|40850|26099|13787|11472|22612|14532|57271|58926|23104|43986|27539|33993|35774|42910|6533|35939|5815|41827|35975|13210|29083|40661|18332|50012|22173|51415|19624|44007|41327|2449|31063|4555|39255|10466|20758|21426|47962|35284|32756|16023|9745|17402|1265|21826|28076|2765|52550|469|29770|13034|23983|23532|39234|51381|28643|6460|11740|47741|15896|47079|54465|43603|40920|24861|31321|31716|56585|26983|39978|15862|53793|45429|12175|3810|39809|15732|32323|23544|27026|55704|58938|30789|11418|22494|26129|54750|35948|48803|15850|23755|43386|2485|18074|39748|35326|21805|55180",0.84610313697932926,0.84640744519951583,0.00030430822018656656,canonical_raw_float64_squared_L2
44,1966,577202831d1600f0,bec1dbf78a66c4f6,2757,100,"2757|39775|19891|48935|6360|19999|26227|18374|30393|45514|58995|21928|2768|7064|31315|23115|29223|19203|43679|55116|48454|2536|32827|32085|1298|29758|2445|2302|21572|32192|47511|48519|42634|36310|3850|23580|9396|7853|23717|3648|3749|59513|43170|55734|1232|41096|30354|17447|38082|16546|38430|38361|44249|24964|26348|32575|58190|45914|26251|33747|20430|16255|8457|22946|25371|59404|46639|28967|31047|4691|10780|53916|40699|15849|12576|5622|44721|56948|27831|57012|59091|21680|54069|56087|19365|30068|26841|35066|45174|51056|36948|44965|57067|1961|3755|35231|44612|9198|23624|58783",0.75579207388984171,0.75593164026706305,0.00013956637722134513,canonical_raw_float64_squared_L2
45,2481,5caefdc41d09d656,8441f925e1e2063e,2776,100,"2776|30505|29126|54491|29862|15587|37767|46245|46258|58536|45555|26566|30158|15656|32457|831|46115|8631|3271|44040|34713|29531|38150|53328|44260|12109|52961|26116|47547|47631|51622|2091|33197|7089|57508|363|46851|17714|51003|55344|38613|7559|47595|12797|30980|40597|9802|5456|41193|24572|705|15634|59825|5178|17382|7690|43738|25816|41688|39459|4753|24429|25427|42616|53698|27107|36243|14284|23473|13250|11641|1850|25498|11759|54644|26634|20904|6528|25250|16179|52609|30307|31475|8930|53899|10155|32523|16393|44288|10695|54475|8543|18320|49412|11819|13485|58412|59206|25469|11823",0.41770103644376888,0.41789575689285663,0.00019472044908774855,canonical_raw_float64_squared_L2
46,2351,e996e723f370244a,79d07dc5dc1a1925,2915,100,"2915|54353|27630|6644|58681|50347|20767|22128|39063|18404|6024|24379|31084|53344|56693|27897|6465|9278|36947|40892|27050|48451|8272|31719|26732|42702|53632|52338|26634|13865|22950|13378|2336|26911|40821|27477|40004|51771|8335|7767|2875|19388|19262|10916|2299|1958|35119|47055|16174|686|55603|50038|52686|47047|50746|26358|37615|45836|36044|48561|59893|36369|47120|24808|12552|20441|36561|56717|46646|27616|10815|24040|6892|14664|56213|31289|39337|26683|9855|53463|47412|33912|55434|21371|22424|52894|30379|57589|2060|34076|45518|22316|19552|1563|44578|22704|2413|10267|33555|1349",0.59087520373396907,0.5910701853416207,0.00019498160765163419,canonical_raw_float64_squared_L2
47,2078,3d6c3fb63f73ba0f,7f5524f9e2b7d34b,2928,100,"2928|19764|26168|15885|39858|8650|48675|30693|14209|45958|49785|8983|9340|41981|28245|19575|6678|45214|32771|46634|54943|4591|51808|26310|43635|16696|6493|58194|47226|59351|42473|19500|53074|58938|28957|39405|23280|48662|40092|35757|37203|15110|59803|58219|59404|44862|42318|38650|34336|48603|43661|16067|11009|11999|29545|1736|24886|1248|31890|50064|34632|30214|20296|14474|18093|48977|18895|30439|8215|36844|13383|13657|32684|48854|34141|14967|3|54080|57449|44009|56459|38682|59110|27899|15790|1393|45787|4536|15528|46995|58139|58527|14336|38250|31747|59797|1418|54237|50961|45535",0.7138621810930712,0.71414147230686564,0.00027929121379444144,canonical_raw_float64_squared_L2
48,2652,f94cd4ece5ee7690,9e093689c1c119d0,2937,100,"2937|25039|18595|35170|13361|41652|50501|16333|36638|6686|59049|16507|18426|17597|23411|37835|21091|24649|49492|53118|44365|44274|27567|40513|51029|35455|12147|26595|15991|52353|58167|18224|9901|26139|14352|49077|29736|45155|14291|10660|57259|48218|38020|53224|13434|10930|47145|39133|12679|44238|17603|5075|40302|12434|5308|26513|11209|21908|23152|30143|7137|22356|26773|50777|27474|54940|13127|34045|14881|26834|32362|30287|10196|8703|24531|12765|33953|32650|50862|43493|35732|48163|7254|39527|31487|3730|57163|28186|2650|26075|3371|22428|11398|8253|52639|33715|25134|33364|25293|39452",0.57071766078391017,0.57072787477535825,1.0213991448071447e-05,canonical_raw_float64_squared_L2
49,1571,92aebbc4ecd715f1,71fa3b6ba498f5fb,3040,100,"3040|26785|28577|54624|49614|38306|21266|36362|50418|54526|34849|49741|16165|50900|26063|25663|27525|46244|6596|56825|34339|37481|16353|36814|24875|34127|31698|814|29010|38956|54655|23743|47823|14881|25153|2691|10768|13870|1321|45178|44990|50896|3920|22198|30339|56578|2337|37194|7065|18867|47788|9107|4439|53959|12987|10048|43222|54665|12006|29381|34103|685|57890|17682|21524|46578|27968|41353|46291|24015|39456|48775|7296|47919|30283|15362|36608|7094|3780|285|29298|45870|12039|27834|39163|54323|20849|38338|37484|44322|12329|13993|11199|32654|40857|33358|18858|4596|17877|58375",0.69497862623466011,0.69509614332818437,0.00011751709352425532,canonical_raw_float64_squared_L2
50,2226,9c3d111452374f41,01f7752b7f29064e,3126,100,"3126|44240|59696|42106|109|6630|49238|51987|37440|56291|38327|39572|34824|50530|45356|33774|52458|58727|1821|28337|54852|3344|49090|41010|49542|20852|13386|41170|25857|20950|23960|55783|1914|48606|10368|8425|9893|18749|46646|8658|53288|16286|51409|546|6480|20441|30998|55923|5170|24493|47315|17939|44321|4454|19668|55400|25691|48887|58400|12972|10934|51287|56868|29118|47568|45487|16511|7013|49588|24444|6288|9050|34975|19587|21331|42157|49247|54351|14572|21866|15548|35943|31545|18236|12024|52869|44010|53350|41359|44727|37326|29919|716|55893|44567|12868|56851|6646|17700|24878",0.42560117035725736,0.42602547221271514,0.00042430185545777599,canonical_raw_float64_squared_L2
51,2741,f54eefa182737ba6,47f9a3daa2bf26b8,3164,100,"3164|38845|45878|36726|32013|34600|8366|39639|51099|11851|38996|57800|41194|37450|51003|47552|36881|53605|19312|49950|38209|41878|50254|21168|8889|16675|720|1540|51303|38054|25321|51028|4588|53340|15765|22813|30707|42760|49441|13673|22909|12619|55740|51189|26116|33791|27914|19690|22709|25255|57101|55523|36419|43663|44259|21929|24882|57181|9126|14620|47354|29249|5252|35887|59825|21517|43507|36069|22857|27092|20333|4296|9543|27193|19561|22170|28732|41777|15656|38810|17372|57190|18757|11819|49835|17635|6710|15477|17663|36242|19281|47846|15116|45320|7811|32018|31501|16874|40597|33529",0.40053120567427691,0.40091386269421136,0.00038265701993445145,canonical_raw_float64_squared_L2
52,3156,9ccaa4593beb9b66,05f53ebea44f2b7e,3200,100,"3200|7715|22428|55802|30143|30367|8186|15960|27474|24184|15925|47653|30390|17191|9084|36908|2253|44274|21908|23413|29550|48789|53103|31175|17302|24187|19545|34076|55022|52671|31382|31487|22068|5680|1675|54127|21640|32412|58978|48884|52053|52556|483|31826|16974|30212|49655|35950|13186|31299|1436|59546|44365|39874|26319|17536|32482|32997|42893|32193|55960|9468|58302|20919|18426|53816|57466|50380|10861|57773|7020|1374|37368|46991|10238|18542|28203|12324|56461|34272|10935|57365|52015|16687|52547|58150|45022|21247|22838|33885|20766|6146|17546|42229|14444|21747|2043|23519|45533|11241",0.43958406978229425,0.43980814293787934,0.00022407315558509167,canonical_raw_float64_squared_L2
53,1826,8b88c1f9e0353373,4cf808581d19db57,3269,100,"3269|34677|48133|35084|50985|56556|17386|5371|20250|18567|21830|45732|59643|22784|40707|41685|16988|13695|32040|3137|8529|55188|10681|5516|40988|17692|36466|57986|47114|36634|23551|28753|10301|35382|55804|7709|33428|16480|46186|40068|38493|29938|38985|22417|23819|28418|26828|26292|35433|21545|57194|40915|6057|21632|23311|9169|12979|18747|21937|5174|51387|10415|1378|20380|15643|27435|21887|407|8318|35556|940|23615|26597|10639|11272|52789|25736|38726|9654|3702|46488|28371|10118|2483|18345|7841|38919|38626|1034|8468|9762|58680|11524|8298|219|4514|30580|27731|8787|4292",0.78747380001798517,0.78818820399331757,0.00071440397533240052,canonical_raw_float64_squared_L2
54,1697,d45899337eda58f8,d230bc89712fa3fc,3296,100,"3296|21066|40628|37093|896|27725|37663|10719|15464|33013|24218|4144|26379|18724|29770|25019|7059|48707|29474|8367|24848|26897|34542|54017|19906|25511|1923|25429|18037|26449|13338|57740|54448|58369|3567|59717|46968|39248|52501|43607|53952|47462|22258|13715|38517|30352|6639|6035|36029|21926|5815|28795|23149|24313|21187|13469|36520|51788|49789|30196|2934|59521|45586|29353|26485|35284|26129|58398|20884|11969|12344|30822|53706|32969|38640|11997|54943|41215|42023|17090|15224|4055|24903|11638|8490|59659|29627|52312|12990|31033|21303|30823|10088|36805|28875|43549|54011|31614|9778|36348",0.64064051167967262,0.64118228256982945,0.00054177089015683411,canonical_raw_float64_squared_L2
55,2360,09f8c74668baefd3,7046400246dc1a13,3341,100,"3341|10757|55420|14065|34281|10649|8621|33091|13932|13550|32645|18556|44024|41810|37890|11093|48214|4810|14041|42858|14608|18533|23470|25430|26283|39461|18441|10007|30474|41184|47115|58808|45836|6994|41297|7163|39543|43994|21038|52168|44516|6319|49518|18021|24705|58647|32515|39413|8720|1596|4710|32237|42946|2400|14553|16806|26062|41442|21201|29332|3524|34458|16674|40823|54551|43912|34686|2409|40538|11738|35557|58987|18507|44110|41286|37206|8851|50456|40263|38600|26910|9662|39913|39889|26441|33627|13783|59201|25509|51489|41160|4403|50900|22073|6517|43431|50094|33066|42570|58209",0.58387142512070755,0.58422279920806897,0.00035137408736141129,canonical_raw_float64_squared_L2
56,2451,eadef57a7bee408a,a08fe50fee2f08b9,3368,100,"3368|36494|29417|57082|50265|42144|34359|34135|7360|44546|37628|30182|45024|52153|38681|15982|17752|42132|22471|24414|58132|39734|41067|15307|34567|7387|23638|59232|37409|14341|44683|39671|42944|43037|2879|9038|59727|8967|16161|5155|41498|24984|126|26226|12200|56431|57806|38322|34230|39661|49427|30865|57190|20217|44172|31489|18432|23301|42792|25172|50712|15792|33535|15404|44220|53034|50113|57832|17167|38525|56858|27750|5273|57983|41779|18437|10591|43814|1234|967|52395|53858|43180|24456|55688|5589|33287|16071|38823|32748|21310|7934|26352|47253|40639|18700|26740|42182|19078|57551",0.45022404298929669,0.45049544709047618,0.00027140410117948433,canonical_raw_float64_squared_L2
57,1805,f87adb766390939f,6d7b313e23a31a42,3495,100,"3495|45192|24508|4336|43981|28964|1150|56925|38676|52029|44813|5872|26426|59621|4472|32732|25276|9643|18004|18499|2770|5239|9671|9546|36871|24611|2699|13373|46473|3826|30523|15064|19853|41384|36609|42096|39646|11573|23094|39166|26277|34996|38819|23621|33929|39616|39399|36676|15361|34247|7536|44903|17392|33649|24301|42403|53131|32517|38275|52598|44819|35287|51977|44144|45493|57539|54137|33199|42518|27859|4534|8002|15614|31194|7935|15265|51339|23810|337|12935|22828|2583|1318|48224|27810|15177|53455|55105|29547|11038|37887|23188|14642|34461|19023|6894|27290|57531|11279|18570",0.71170403461754961,0.71244547435159755,0.00074143973404794394,canonical_raw_float64_squared_L2
58,2550,3a2cc7c03a4dfca2,4227566fdd6398ba,3509,100,"3509|33531|51622|55985|9176|33791|38188|26819|59962|33183|14873|37450|29947|13556|47552|41878|41777|29827|15656|57848|9638|15596|21385|52025|32587|622|28428|33273|14620|55775|3816|10657|5946|59825|4209|56447|6853|17165|45115|2162|38001|53550|7811|30384|58928|27193|56773|42603|22750|31256|59534|45517|13435|10671|31191|48270|19370|831|23372|16290|25500|21929|13282|59423|34167|54491|52075|42059|41897|30282|41412|28188|27205|57095|42380|46245|45864|36243|42297|50799|32457|55702|38736|31577|28913|36383|12512|55131|36240|41931|25824|58069|23817|49835|35240|51003|36769|55310|56736|7560",0.42773376305981886,0.42787855350022785,0.0001447904404089928,canonical_raw_float64_squared_L2
59,1503,ef2552aaf38e4895,f3926a1dcdd2d4b4,3746,100,"3746|48563|22478|25840|33957|16748|24153|57787|50056|58618|22192|26670|27246|28256|17182|16623|20292|59390|38140|729|9613|52108|35539|48111|13019|35205|25216|26028|17902|53119|56876|47003|18773|53116|7050|34014|50148|49259|10114|9371|3370|7463|8947|25527|26702|40105|43767|39472|13935|53514|42594|37364|20562|19328|36528|14584|19170|55872|46875|17314|19270|27554|856|17615|2860|32833|11314|12995|31595|54889|37846|58432|57168|1764|45479|27513|24390|17575|23053|42959|20541|21670|20769|10635|52026|48404|25408|54998|15395|47870|18634|22412|14853|6449|57223|9165|3125|23748|36962|17413",0.99603831342956806,0.99610814316345175,6.9829733883697287e-05,canonical_raw_float64_squared_L2
60,2209,1cddcdf9895e01b6,0ee2fd4d85a686c6,3843,100,"3843|11859|56298|40591|35525|32935|17756|39614|28555|25687|21626|59454|18523|20655|19049|45668|36|47938|38012|9702|32342|8104|10958|19752|32137|34736|17498|45538|40844|57590|11816|36514|38896|12278|197|16621|4206|50223|13822|25456|2359|40763|33221|43004|4857|11250|14974|15156|18387|36603|3566|21021|52623|32524|18230|18743|9528|18245|9463|51462|49826|28594|51105|51637|9133|58243|51818|8829|58440|16780|30909|55252|37817|399|59654|53509|14968|19427|32208|51730|47917|28246|8034|132|37373|13542|40668|2106|6877|3270|40397|20390|50317|51123|15487|25240|27209|21778|47739|44324",0.58155470142749222,0.58199144164724792,0.00043674021975570465,canonical_raw_float64_squared_L2
61,2025,0d6c24c74af4f6d8,7c835b8ed2d3c02c,3859,100,"3859|28767|59852|41615|34462|54494|20350|20331|53301|19539|8358|58151|23425|37567|2829|17042|47543|15745|32506|43092|26937|2635|38694|48379|35381|14692|50724|3063|11515|32716|38987|448|24586|46810|53957|23509|9960|33613|30355|4045|3984|35300|36337|16186|4794|52380|17961|10868|8741|54242|17366|27625|26832|9853|44298|2718|25629|41010|12883|58186|5404|56716|37832|8120|749|55358|40344|31846|54812|12840|43214|26484|50398|46304|51891|29497|21802|45056|44691|50841|21298|40963|2220|15405|22234|11132|58876|20219|17858|39507|42734|5904|18846|59142|45173|49551|8489|50944|42586|30535",0.6468112448277723,0.64839188052141994,0.0015806356936476362,canonical_raw_float64_squared_L2
62,2483,6d9013a8e8b23710,e7533e06b6d43ab2,3925,100,"3925|24218|6940|896|40047|49533|11233|6025|33154|15224|21292|33332|25291|56666|31891|19815|7024|36684|6081|14505|23987|47481|29214|13061|33608|34193|58190|39237|30994|26841|15790|30270|13708|961|29842|44862|6094|10647|6175|33424|20627|3504|56578|47096|37106|924|43222|25044|3588|46885|22741|51553|11333|26366|7916|8603|4144|37773|16124|51788|44068|34029|387|48229|24928|11638|10719|38227|46457|34103|26474|49171|4831|28592|24353|30214|51791|57750|23686|8192|11202|46263|55075|34430|29627|16935|46126|28577|21512|19917|21807|34326|15063|53885|29339|41469|59780|11575|51094|59430",0.61157856110436914,0.61232280573245468,0.00074424462808553304,canonical_raw_float64_squared_L2
63,1821,9b66d73747d5ff3b,8b715e03368c8563,3954,100,"3954|13301|8350|14481|44751|7983|51378|43195|3779|1689|42663|20254|58028|35264|31448|54831|20592|6226|58018|54736|15927|10882|57472|27506|1064|29149|30492|41192|13674|25582|44185|6068|37801|24463|26465|54496|21971|8090|52534|29571|10038|13526|23391|14994|13849|40748|28803|29780|44415|13603|35118|41509|22388|54008|3183|15456|42402|58648|54992|18062|27260|6490|2454|29894|38231|19161|5939|43662|40622|47423|37144|19168|14300|14367|26506|40909|32588|55685|54060|48156|12747|26222|22315|39545|56949|27228|10894|29992|33291|10357|28027|14384|5496|20594|5807|56522|13390|59287|38911|58888",0.5476762413839652,0.54787111848092696,0.00019487709696175415,canonical_raw_float64_squared_L2
64,1563,80855363b4e317d1,5437b076adf03a80,4012,100,"4012|44368|35772|22161|16502|22727|48952|53125|33923|16305|2559|45076|8680|54894|10199|43730|10820|32068|59705|27282|51080|34317|25246|44697|4750|30288|36254|34283|18008|25227|22726|16526|19723|46985|44291|32270|57422|3798|31074|5386|40796|46084|6423|16915|42863|58464|54342|53824|18838|4943|234|43327|51610|57845|24617|35643|52359|11928|43632|40981|13495|43741|37435|770|19838|6402|51092|10779|36406|42601|8878|41157|54718|42874|51930|46824|25177|45615|29677|26747|57545|33839|13785|11397|33685|54174|37982|7022|12758|925|16582|36080|15454|22807|35248|12703|49753|52301|45130|54009",0.85723430196614081,0.85736333925189157,0.0001290372857507549,canonical_raw_float64_squared_L2
65,2166,a956a3b17ff7cf31,7eb20be7e2394ea0,4054,100,"4054|37810|51170|289|27054|27936|26901|30397|23344|36399|36281|50410|45294|36538|25562|39708|55168|49801|25131|28884|49126|19263|50842|1808|14215|7450|59278|19651|37716|7725|19206|50083|25592|51865|47983|19794|24930|41700|25102|54905|47828|59478|45147|18667|22655|38965|16026|41416|57914|16251|57758|38201|41318|45505|9725|7809|1930|26032|27763|24970|14758|56780|13888|58076|58556|37862|3611|10621|51951|23000|55209|54837|49058|31320|38575|59570|41854|9369|51096|41838|7478|42485|41584|39547|18095|13516|53865|46032|3104|45790|14669|29359|12763|19235|32329|48697|58669|38767|59553|34027",0.58793171539565992,0.58833656055139172,0.00040484515573180335,canonical_raw_float64_squared_L2
66,1746,49e147e49e6ea62e,0ca935aec6c557ae,4150,100,"4150|56130|43326|58508|39735|13809|8432|45562|24964|58345|59152|48718|48940|5622|23598|54791|6907|35043|38430|615|37031|6677|43773|42326|11594|9997|34628|20720|28019|18804|18135|12932|1239|59064|39831|22799|49376|45614|31643|813|1806|43102|9209|50659|37765|52872|22182|57801|53762|7357|58891|43729|53527|12745|43405|31216|16310|1659|19891|32136|482|36818|26759|3477|28617|39264|16708|36411|23137|14102|48313|43429|33738|9721|47793|44249|27112|33053|6036|41513|21680|20747|24188|19841|21121|53126|27922|7442|11940|13544|32827|6692|14849|44460|9996|37266|24190|10490|31998|9610",0.77342141031862344,0.77392852392560685,0.00050711360698341146,canonical_raw_float64_squared_L2
67,2206,073a724c3d74927f,563f82fb9dd17fa1,4165,100,"4165|33179|59946|19843|27425|20611|38326|45035|8296|52938|48825|24791|12062|11711|13861|49432|31647|3246|46686|19753|13431|32455|49443|43045|57038|33578|28833|37325|51758|4702|14268|55721|20724|2867|33323|8355|59685|28986|52569|26195|33857|36137|17026|7889|25261|23611|59826|14948|9067|42014|54194|42329|37869|5871|37903|6156|47969|27391|46902|36858|14383|12686|15173|15700|33490|9199|50559|55331|6716|29515|911|30763|5856|14137|47548|12884|11490|38285|2777|34766|18694|59700|10661|17328|53038|35765|58405|37160|56824|47224|50885|53184|41628|5639|8478|30818|49276|41870|12161|30429",0.34411826016763247,0.34435784227075888,0.00023958210312641226,canonical_raw_float64_squared_L2
68,1758,cd632e97f0fe13d9,db28668d4076347a,4177,100,"4177|21949|52126|50855|22131|4791|51455|34880|31857|34648|53455|59579|15457|42906|7068|2796|31494|1156|53149|9600|54302|46577|29163|25726|50620|19135|50713|50282|59268|3132|34932|48649|20843|59468|53575|38846|3183|740|53913|56590|5191|2605|49982|52444|29567|50176|18079|27130|56420|40970|21006|40626|43685|548|9416|1936|28501|31624|31383|24694|4341|53998|48719|51657|17833|55497|43887|14481|2149|7335|59331|46229|1427|20616|41453|13920|54177|11496|28430|20650|58201|43193|55711|49682|29113|41561|41057|38858|41548|39381|17583|10642|53323|9363|55467|21971|24249|51747|13301|38259",0.64186260934678141,0.64211513360157813,0.00025252425479671547,canonical_raw_float64_squared_L2
69,2869,ad19183b5d234c44,10f420703f341aa7,4198,100,"4198|48689|26415|21403|9176|47091|4056|14275|59825|5639|42180|33183|4702|42811|18617|13776|49364|21115|14620|32240|19435|49207|56669|19665|28788|20096|45878|18757|48724|56768|19684|50356|31169|50424|42995|16675|9199|49950|18320|23859|47626|3949|7209|19943|11590|56422|40856|33529|16683|43059|59795|40027|52183|36777|38731|21819|33663|35887|55164|48270|29836|15170|34600|10053|35347|20563|11823|45938|7213|50291|13432|40610|18664|53990|12906|44910|55344|42297|30280|29862|5657|6173|16897|40597|26637|23559|55331|52097|5825|59371|50821|403|2372|54705|56914|57356|20904|43335|1184|29456",0.28155355633843282,0.28187981110375304,0.00032625476532022191,canonical_raw_float64_squared_L2
70,2625,487103acc8caf909,2136d69acf62241e,4224,100,"4224|45595|32518|9631|7209|32081|38605|32457|7690|40116|48270|16683|17972|59986|26837|47|39565|4693|16675|30980|1018|17383|13760|49719|26995|56053|10436|9176|46258|31475|53947|23817|29827|27205|43494|28188|52025|51622|19370|2197|53563|3855|43874|46851|17025|40228|45555|33531|622|27417|12921|38054|8543|1166|31612|420|14620|15656|33183|30505|32799|57848|38234|23859|38721|49824|5752|44317|11823|15531|38776|57638|15587|21929|12797|7089|42616|55003|41684|31191|19943|49018|17348|8631|55402|36404|15668|39591|43672|59795|10155|45115|29147|6418|11415|25427|43335|46076|29862|6067",0.35459595890448359,0.3546769415124652,8.0982607981616717e-05,canonical_raw_float64_squared_L2
71,2583,69a30986265de5b3,2cfd0495ed98dbd2,4238,100,"4238|5774|2539|28727|54896|52075|11851|16838|16552|989|26264|12935|19832|52211|57191|52302|11819|34487|5391|48191|10267|30307|40817|22740|6389|17177|4396|8930|51003|6531|51320|35462|2232|1227|3271|48732|19325|46325|42695|59837|2987|32244|40286|41865|22813|20913|27914|53524|13183|13514|41587|38225|28165|17714|54151|39080|17425|51116|27035|55992|49055|4479|57539|54137|622|46298|37648|14301|16704|59286|47383|38209|19033|7714|53378|22942|55740|19312|17635|47795|40486|50522|43507|38172|12192|49950|59397|38088|44105|21353|39542|21177|7896|329|26116|11759|56558|39810|51303|40197",0.40893197501486078,0.40950528014575277,0.00057330513089198787,canonical_raw_float64_squared_L2
72,1587,f65a4883366dc0dc,000b139ec0c1d33e,4290,100,"4290|33689|7940|16764|46550|23710|9805|47407|37448|59509|38534|20160|40816|52195|32638|1531|23591|35066|21108|19348|53746|35198|12791|55778|7582|14941|20425|52981|44055|24621|58346|14263|57527|56365|57012|59091|21928|10040|7331|51235|12327|24875|39742|23970|32048|40684|37231|53093|5396|29058|37893|39822|15481|3033|29033|4790|16568|18374|2104|41782|54383|7333|47170|57741|435|13680|13631|34165|8897|38843|30016|19099|40775|10727|27188|10597|24233|13590|24419|32085|43743|34511|30883|37603|6979|30038|16096|7658|49396|39306|36937|48531|27413|1833|41185|45532|36948|43782|13496|32422",0.71546542691545711,0.71558887606343791,0.00012344914798079198,canonical_raw_float64_squared_L2
73,2227,da305c1886dfe3a9,77b2fcf1fb4f6f05,4349,100,"4349|17557|33701|9855|48072|55022|31682|47720|9775|15440|13001|49466|8697|33309|17909|38736|20659|18245|4786|31570|34702|53606|32412|32516|26512|36047|57788|11344|47928|29240|47752|45616|57365|29877|27765|23193|49353|30918|52261|53230|16874|49062|13292|11955|25824|29564|57608|3262|13441|53596|10877|33482|38623|55105|11903|42901|45022|36822|17259|50533|39784|34076|28769|35148|1563|28614|5214|7152|34457|1819|14984|39190|37391|51443|29686|16177|26912|19957|16856|7036|35225|2566|4546|34388|32997|31943|56398|38383|45750|34322|43424|11536|37685|27065|36667|47528|44789|10947|31826|55026",0.49507822401024915,0.49508750810046093,9.2840902117807822e-06,canonical_raw_float64_squared_L2
74,2121,804034f4fe260cba,7da1b8e626a68872,4367,100,"4367|46968|966|21303|23196|45396|58981|41248|26894|54642|35792|54402|15825|32776|25112|43391|24472|46368|4936|50119|47120|3844|8047|14742|47052|43048|56056|17845|47079|16926|34638|53256|16626|28553|58457|55538|21364|11391|40862|48349|1299|27491|24171|23739|21240|21885|37294|54505|46942|13318|13499|58858|22241|43360|29892|6216|28502|27276|2363|34777|34840|40295|13865|47053|28962|14829|41191|2922|149|7394|14195|18627|23477|22083|49352|33334|14566|27213|22361|38577|22372|19691|46575|24629|16828|47738|33210|32498|28290|48584|13733|4969|13715|34896|6119|19535|39425|34213|44761|583",0.63821050229702547,0.6386180113121136,0.00040750901508812554,canonical_raw_float64_squared_L2
75,2108,7eae330d8f3d11ec,41847d18db958ec2,4376,100,"4376|32277|26577|36603|55165|6540|43262|58478|1713|3821|3274|7009|46712|51193|28146|27010|31341|50205|36457|16194|18463|55651|28676|15340|33914|40803|45624|48873|3018|5111|26219|1983|8344|9397|41184|58711|6437|12780|58669|2246|23234|28028|55479|34999|3410|2565|12974|21277|21220|51551|42020|13542|28508|20185|23253|48008|27008|24637|46437|50563|9255|57659|26408|32519|17033|43799|58899|18813|34812|27142|51123|21417|21659|1795|31136|18044|44939|35849|37610|44400|2106|57319|19183|2748|46057|42383|45404|13664|38281|626|46567|42243|51608|46425|36788|46568|52452|22931|48738|882",0.66619459587091434,0.66630204037427065,0.00010744450335631317,canonical_raw_float64_squared_L2
76,1617,ae840ececa33d49a,f2c6868dd9931dc0,4495,100,"4495|2237|18912|47907|55044|27759|29353|26485|24861|3660|58091|43066|10088|10875|19535|29770|16667|34785|42910|35054|13338|25304|18142|31033|53952|23910|40295|48707|595|98|8367|29358|6106|40628|49141|35612|56017|47231|43749|4055|7849|46365|21494|12463|26379|13278|3|24218|37093|30822|1595|58255|4262|24883|16645|5068|44963|19112|16220|16303|44025|23532|59036|26129|42932|48758|59659|31192|28745|25342|25675|48826|34396|41283|36182|54448|30196|31614|30520|45027|17824|58398|40730|48968|49555|9778|54011|2485|23619|30657|56446|57745|34311|26301|30346|11997|8615|31869|28012|26808",0.67800091656752237,0.67858962583447546,0.00058870926695309134,canonical_raw_float64_squared_L2
77,2673,5083189866614863,249d5b297aee0e74,4678,100,"4678|29408|5019|56309|12369|36176|42690|43538|38251|22709|18308|10579|10815|17602|8015|4262|6572|39337|34976|55012|46602|10938|54575|27367|52445|21038|19552|13410|24021|18250|20628|4130|31416|31142|54671|31427|45693|8949|38166|13550|43666|39756|42156|51667|52707|5596|43117|23244|18270|15513|7860|1047|38026|17873|20377|20767|42836|14065|52575|42780|48160|31515|34612|51665|42334|10757|20439|58398|20501|27876|46257|28600|29823|39343|33885|20093|8819|52584|40782|38662|35117|17363|8433|13344|52068|6548|35119|57299|117|14787|25666|22910|58986|45836|50511|23470|50901|8000|45223|36947",0.50618911518892629,0.50689643440696242,0.00070731921803612874,canonical_raw_float64_squared_L2
78,1634,4a1c835d411ea3e9,afab0bfabfbc0b45,4720,100,"4720|49500|36890|28839|46940|10304|15695|37812|11236|29379|41483|19060|43830|32927|49918|54483|27690|26874|33355|37277|20401|43387|50149|16165|42155|7951|40370|28478|9053|50878|39986|14026|58382|45415|46962|998|20033|53267|8266|40546|48274|28093|8252|10244|2121|30216|29832|30108|47919|21059|13256|51593|32916|8960|6946|25204|48893|26857|25824|32386|36969|45726|18678|44327|49407|1608|54248|23543|4310|46980|39718|38879|57549|24314|5343|47724|35994|52767|638|41339|24582|35389|59454|22542|4482|15016|49079|23329|35601|14337|10515|39436|31134|3426|51321|44899|51117|43318|41301|50606",0.93935352900996527,0.94076120257406015,0.0014076735640948801,canonical_raw_float64_squared_L2
79,2865,df2ad6fc4cb10efb,3651cd961cadfff6,4723,100,"4723|55395|33521|48335|28396|1106|11665|37550|41059|10268|52456|41988|18515|1323|40458|20041|11676|42236|36498|3449|4713|42207|24435|31617|39621|4298|57139|6974|41298|26316|8830|51311|38477|45659|48597|48227|48604|48491|51044|15914|21755|38466|57655|27615|34636|30640|59600|44672|45325|25721|31379|42621|12490|29949|40695|58228|29782|38599|1439|5546|58379|48081|57803|40780|43007|17890|12771|10065|59955|45648|37583|20467|56424|16430|31680|42465|38237|21263|23454|13684|39592|39981|17327|23728|9499|18741|23799|7294|14158|27710|46442|35726|28279|56342|40391|37587|49177|19172|59841|49429",0.29135872379763761,0.29146031610768386,0.00010159231004625013,canonical_raw_float64_squared_L2
80,2430,4e9b9768432b0253,5397fd7584c39730,4774,100,"4774|45716|48299|35461|18461|16954|49821|34150|19974|9281|40113|35531|53154|38900|47585|32721|30971|524|44778|47802|14037|46830|50383|33229|31245|18967|54666|52249|6737|26002|10682|24760|55972|1797|40427|18715|32573|26784|11692|9325|39409|54852|1162|53331|14116|25188|14124|22408|39815|5987|53903|16501|10024|49507|29400|14325|36370|11073|26644|811|44719|20074|58249|48359|21253|19030|38453|44701|8779|12194|44727|11661|33111|16100|35262|19587|46304|17183|15502|9945|38478|42713|53399|26045|57260|34989|24689|48075|5839|48378|51182|10425|28928|8026|56996|21635|50398|47550|9718|53992",0.37747825699566617,0.37779832203715202,0.0003200650414858508,canonical_raw_float64_squared_L2
81,1838,fe18627de37b1eed,4633e3100b7488af,4782,100,"4782|18152|55738|27969|1796|55656|53013|53868|26221|33291|38668|27224|29404|53739|49724|2347|1411|16055|52969|50884|19767|32442|22571|21019|32249|21916|48248|47890|7492|17259|53337|51925|34260|45978|55540|17809|43249|21971|31205|21617|49452|1156|34818|57557|34932|25947|51992|18167|21006|14317|41252|33917|11729|29155|42574|46800|49682|58929|56420|24195|17833|46345|30855|43805|59167|49925|18650|1936|15729|32078|48211|1064|28862|55931|27130|18467|30698|35047|26104|50504|2055|30058|44949|25726|55497|10853|59468|26506|19137|32863|50893|18185|256|6986|25452|38790|58028|29745|43254|17359",0.72609786995531256,0.72627525766054979,0.0001773877052372308,canonical_raw_float64_squared_L2
82,2088,e7b330fca11d36a9,45b47119c330c53b,4791,100,"4791|43685|2605|27044|21034|3028|10653|2678|18811|12525|6462|2796|23914|48504|22793|21247|4341|19135|50176|13283|38156|12108|53149|34932|20003|13490|48091|20255|29780|41561|51657|54027|57298|43141|26151|43567|53374|37288|8816|6490|7720|37725|52126|14879|51798|2365|13920|1427|56931|51455|48079|29679|42906|10642|48719|43157|13802|43070|42375|55467|46838|57574|41406|18888|24505|47484|31857|30527|25379|32997|44765|32719|51140|9363|54137|48592|31898|15620|1936|18985|33800|21949|49982|1028|32110|39617|18079|36061|36347|31398|41587|24562|50713|26921|53455|6503|55906|31383|11435|7422",0.54501947889493896,0.54577403680009362,0.00075455790515466248,canonical_raw_float64_squared_L2
83,1984,7ae30492de0aa8e0,5e3a604a227db738,4866,100,"4866|35893|23856|29182|49663|42188|41338|30457|58028|37719|25837|13849|1820|37616|6116|24034|1205|49385|45922|52594|15025|58149|38777|15145|57584|39404|45781|18331|16927|55596|3830|17800|59865|54261|9267|2204|3596|26483|58195|36238|10038|33572|56915|59875|22553|12648|8138|55261|34474|22315|18583|23639|57391|56749|55425|8788|36661|26331|28018|54861|19871|20795|30518|6610|45240|37555|41631|24041|27589|25888|21368|1212|4215|27005|34070|6282|2483|55254|41934|40650|45717|16059|59062|1870|21416|6727|47017|47765|789|50921|35249|7102|14826|19669|10285|48196|42828|9766|55824|21662",0.56644040076847646,0.56659461695618962,0.00015421618771316314,canonical_raw_float64_squared_L2
84,2195,ddee2ac59e40915b,3d27d19ccddb4841,4917,100,"4917|43235|24001|48917|22395|39096|40172|34081|33845|23166|8094|46623|53738|45863|20273|17475|23615|50477|37217|16017|13282|9754|10118|30758|43605|40315|16664|20613|18149|867|25703|27609|8575|16638|3029|26471|3666|10168|20858|5420|3078|52813|17892|5011|38759|41549|50390|20313|27448|21632|7262|58425|23551|46668|35605|50886|54704|21648|55737|31609|15717|8573|58282|58911|15792|465|26383|41631|53457|19676|32857|22935|45050|27197|26426|54742|48559|52063|20245|28792|11464|16903|10793|12335|8654|15614|55309|50015|52412|5383|45732|23429|10877|18959|45868|44239|52873|46427|31523|32664",0.55802516027558735,0.55822533672013275,0.00020017644454539685,canonical_raw_float64_squared_L2
85,2611,c83b5c650c21d16a,e829adfe71281a11,4954,100,"4954|29803|16076|11873|53354|42660|16116|43005|56118|36858|17818|19312|56824|27109|32240|18319|50356|14755|40476|6716|17844|46321|9332|37160|51223|15191|31465|1340|46829|29737|8309|9307|34547|12906|19218|28126|12079|19444|8280|11762|34023|54419|20724|49093|54909|1184|8941|23732|55302|32256|33943|6965|33021|23157|56258|15107|30602|16801|47224|1664|4702|49055|31602|24589|31169|55405|31271|23256|57356|52570|8355|44910|32559|35243|20834|18617|47091|982|53195|57102|27175|26148|53475|47353|10044|19494|10634|46563|25615|16907|10911|23340|59639|59075|31029|3949|22844|47059|12363|56768",0.28036579860335031,0.28080482034381071,0.0004390217404603991,canonical_raw_float64_squared_L2
86,1794,80294cc846db24cf,7eec3989bc507c84,5022,100,"5022|1269|17953|52900|50749|12135|39148|25333|24843|17793|36923|1997|33731|10195|26516|51526|13631|57044|14315|33536|48625|24128|37778|15395|57378|51442|6246|11093|8722|56467|32170|57999|34304|59728|47976|3171|49693|10801|9479|2144|25358|41093|46475|51128|19422|39751|42043|40312|56327|13478|57730|31137|21698|49329|43712|52419|54350|18978|41987|40337|22657|46923|4606|34644|12779|45440|1154|23209|35819|22246|35205|34316|14601|58817|50138|6095|5503|43296|8832|6982|45579|53591|30033|48526|6398|52769|18103|51933|9507|25153|2123|4025|15922|12598|40438|35811|9629|44268|22331|50236",0.82185620542134297,0.8231543453294845,0.0012981399081415379,canonical_raw_float64_squared_L2
87,1976,34e10ae431d71d1e,965503adcf23bdb1,5046,100,"5046|3447|58754|3756|4475|36387|50039|10203|25240|55298|50653|46433|9293|42038|1091|33918|23295|43225|9421|13822|40985|59308|22686|53509|56537|14924|24826|13246|40433|22548|20507|17195|45452|44229|18387|44736|55156|17880|40779|16837|59180|14579|4033|16873|5980|32093|30085|22345|4151|45012|37162|49380|57761|56674|42169|38565|29074|32524|38557|36140|29997|47621|36567|37581|42256|13995|25953|29858|33518|25138|38597|47938|5646|46403|42825|28136|51650|38634|31156|29841|18732|3959|13159|13907|50533|14957|54844|1008|33511|46205|15156|40888|40353|11174|16827|48883|9929|15660|3057|18521",0.6252573245502332,0.62539217000267033,0.00013484545243713786,canonical_raw_float64_squared_L2
88,2187,98e43c3c0d66bea7,5f78ed94245a98eb,5107,100,"5107|48205|7560|39242|14688|23367|32731|41815|42942|32794|23452|533|21903|40480|57947|30900|26215|7811|986|24967|1055|19375|10051|48354|13540|30139|56902|51929|55712|53018|53470|37572|52977|37925|56842|42434|53550|7711|9577|6296|14262|46128|29345|42510|48446|58069|42096|37227|54958|3359|40228|12512|37350|7074|29415|25962|27349|4493|52691|11387|41411|44328|39567|11061|10398|33183|32636|30442|59525|40164|8881|3173|32822|2730|18488|48857|21037|55775|35094|6253|58974|20724|59621|16946|43898|47107|19780|42306|59486|21323|40256|18599|46060|24866|14085|20225|27069|18082|38059|53132",0.49136455714090715,0.49216440136897838,0.00079984422807122257,canonical_raw_float64_squared_L2
89,2110,df3a858ebba639e4,d8862c15b0ace4fc,5392,100,"5392|47352|3411|5961|49866|28442|19642|17952|36588|51302|40388|53613|12552|46612|19853|51140|54353|27925|59530|57445|26622|9855|11769|9278|50332|12045|17346|9010|15620|35777|1427|50512|34795|6949|59457|21313|15103|14558|12259|53906|1313|329|58670|46085|34702|56591|57420|15399|12235|22631|42323|41796|52338|23033|40677|54618|44573|55105|18602|15371|40593|56931|6424|10477|23539|40329|39963|8335|29306|21055|57939|47954|27831|7870|11435|56859|18921|43833|30307|55601|9988|44024|53819|28936|26151|51455|17887|18477|36296|217|28596|51977|53374|35642|9103|15178|33737|10800|49197|15361",0.56664436238714311,0.56664566720778164,1.3048206385368744e-06,canonical_raw_float64_squared_L2
90,3146,62802eab874fb75a,9e8bc171bb47c72b,5402,100,"5402|24835|30292|15294|3809|54484|22092|46490|16742|10877|10113|26771|26502|33988|15675|6926|33608|12860|39134|41299|32127|20771|5081|14296|52394|20930|20821|27872|40538|651|1760|58164|25003|55476|13117|6747|24966|8701|14480|2575|13708|18025|23193|34237|23985|47650|28432|23915|59224|45141|52488|16622|32825|13484|7481|16935|25747|13901|38856|23114|47878|41140|15338|38967|9727|29214|7036|43477|939|16453|2393|51553|44314|58425|44110|2340|40706|2787|12879|48605|17669|9020|43299|12821|57294|20782|48206|29736|4130|40760|7860|32739|16874|46009|42850|35455|25828|21747|3095|30748",0.49659514786628034,0.49664094963378691,4.5801767506570279e-05,canonical_raw_float64_squared_L2
91,1939,9291b6cd680d2983,ffb9774160eae44d,5436,100,"5436|26903|8499|37459|34357|14446|28801|21622|53860|34520|3651|8372|53260|21599|42962|34584|48487|54178|16376|57432|24012|25343|53040|4357|47286|28695|59444|47241|29017|39432|30274|14130|14663|58587|2560|26086|41492|15933|31468|45255|39164|23501|39314|18923|6538|57703|54657|53217|45449|21784|17439|2074|45476|56600|25411|36190|8653|16104|51351|13014|41000|55114|54728|25886|13092|27396|57079|47996|29740|49264|43130|7400|17181|8064|3083|23204|59975|21335|47321|44169|17911|40325|56390|29957|20433|55527|4078|59733|7058|45065|39257|412|39262|37985|44133|41319|46412|46172|15547|23381",0.62744871716830664,0.62937573912515932,0.0019270219568526814,canonical_raw_float64_squared_L2
92,2369,131a88d7502e276d,f0dccae44096890e,5525,100,"5525|26723|5950|38543|7576|5639|43057|1283|50356|37531|11819|3558|21607|33319|53378|44820|48191|20724|49207|23123|18586|38678|56158|56669|15378|43335|17635|59290|41870|13806|37626|50228|8889|20096|30921|24533|40486|21442|19684|49055|25212|47563|6173|26116|1921|5856|47524|56768|47432|1199|44823|52660|20207|23611|22740|56920|31953|26396|55900|27914|18646|51303|45267|19985|19520|53535|15406|26167|3767|37947|39931|42695|56720|57928|29799|39080|32240|47587|40197|17067|36913|13506|28997|53334|57896|5413|54876|19444|43490|55337|9603|50916|28913|16552|37602|54934|43708|46934|17380|7472",0.36054792555805282,0.36093346813196236,0.00038554257390954749,canonical_raw_float64_squared_L2
93,1550,05eee64803205876,c6a98bd6ea663f33,5536,100,"5536|36538|16944|3272|23140|38201|28884|25592|57011|8659|32282|31667|19599|14489|42018|4236|3104|9207|14758|5930|28206|11951|32329|1583|19235|47828|25131|12995|54905|9725|10580|23682|24916|23186|36281|7809|19417|44286|47137|1808|43625|30592|13525|44798|2300|45708|8311|41838|58076|27054|19591|6726|33556|59284|10621|43436|32150|47983|27145|237|27634|53257|27936|44457|9369|14254|58556|14503|16300|23344|2493|45294|30397|41416|53245|23993|516|22599|9795|54839|30876|21843|46034|36399|13888|37716|2611|1135|37810|51169|51170|10114|53277|30928|25562|57514|8129|46941|59554|29359",0.58552886972201879,0.58574385183770561,0.00021498211568682368,canonical_raw_float64_squared_L2
94,2131,e184859ac36c9f2e,eed88f40614be0e7,5545,100,"5545|59353|37510|3043|44597|20347|17659|55829|16857|9802|1992|28139|5462|10541|37560|50650|45782|19951|25498|17937|22434|8987|36997|927|6203|56504|3948|32914|13828|51836|46149|2869|29660|53759|13196|31839|10046|47613|48862|12103|26497|36178|10465|27493|3627|49431|7897|57834|9451|27334|29471|20183|8405|153|55592|57712|10235|3759|47867|16110|23309|12117|21948|23935|32097|53044|59109|25836|25520|14490|58947|39189|33649|20515|35821|25183|26475|13663|37168|57538|19532|44033|45703|35842|36810|6760|12313|45257|8247|16933|32821|21900|45136|17510|39293|7751|2465|36663|33993|59123",0.55197420587843227,0.55215174435504344,0.00017753847661117206,canonical_raw_float64_squared_L2
95,1806,1bce40118546304c,94b90a7747d6f312,5691,100,"5691|41336|39197|59797|26309|11134|6149|16652|59351|9042|52894|32397|1814|15740|6178|17791|5624|23470|6330|25702|58568|50961|20559|49688|1223|39997|8980|57499|55420|45787|37890|21341|24370|32634|33006|16813|57059|4349|46952|14789|39620|13657|52595|49249|31416|17964|665|31769|17873|21181|29967|39600|55152|10649|11103|51575|2795|14553|12243|3533|55864|43069|5596|22746|26745|11903|57035|58527|1215|28971|35050|30103|17687|40076|1570|1020|19146|43552|21474|55139|21283|42702|38538|35968|16117|27899|58617|20501|32771|30343|9516|32207|42143|26530|15631|15045|30002|39337|8949|5356",0.7168452058799708,0.71693864427206078,9.3438392089972844e-05,canonical_raw_float64_squared_L2
96,2279,3b00bfe7f80a1c69,d113b77f262f2e5c,5739,100,"5739|47345|52214|20948|53357|10633|27107|25498|4015|29326|2567|57508|44894|9900|3759|10046|21885|28904|46132|13279|8405|33389|58500|57325|39958|52229|14918|55829|17633|31579|4446|28659|16110|16135|45071|56422|24396|37446|43584|2077|51248|26645|36402|57855|35982|52034|38150|8447|31704|33823|56628|13995|24276|56994|8114|23473|42516|25834|59825|28278|26084|26475|51836|23739|28590|23654|54644|34690|35915|46258|38021|40949|19400|23309|6528|57337|2486|4104|1203|53328|1615|19462|11064|43983|23843|10949|58383|20923|5788|42386|14600|10746|22153|17642|29827|52763|19585|36092|21580|12794",0.43460207481722596,0.43511608766366383,0.00051401284643787237,canonical_raw_float64_squared_L2
97,1787,60139485d956e4ce,429ffaf2246935c3,5792,100,"5792|59701|31036|10540|24449|10789|7085|7813|59945|42453|21388|25435|35003|49241|21335|28118|39961|2358|22673|27913|12402|35816|41836|22201|41729|20101|38178|29648|21441|44200|10384|53709|39690|46942|28905|16324|41841|49037|49809|8914|3877|53760|52708|14939|37222|18843|44982|1275|39667|19849|14375|13135|47286|38062|32608|28801|5909|6216|18605|2823|14057|53599|12529|5449|56935|3317|51531|13749|3544|27396|39582|39257|21244|5160|21896|33469|23204|7624|12705|47270|2981|8257|41191|42095|37850|16376|39262|8369|18835|4119|5114|10471|33382|49592|30431|29741|34291|20581|8312|54479",0.70441371554075816,0.70471081837759941,0.00029710283684125649,canonical_raw_float64_squared_L2
98,1825,1e8ba669bc1052e5,9679465cfa27e8ff,5831,100,"5831|27273|51048|8371|20025|5382|6035|31890|33657|8693|15357|14316|4565|51020|13755|43635|14302|51229|59110|22983|24470|38841|45787|40936|9849|38682|39091|896|42305|48229|37476|24218|6515|32011|14810|42707|33887|58880|16932|25438|40283|42473|25196|31298|25909|54080|26870|49381|6869|7959|23198|51005|31959|48753|8450|13427|54490|57937|33241|31235|52541|52101|44997|49702|4021|36096|50622|15577|35823|41736|57484|16574|27937|30346|4615|5826|52665|14378|52863|47516|29913|28630|44015|23431|47277|19710|28245|565|38365|15856|38028|36520|1384|6798|12880|27120|33327|17279|13866|21807",0.78534131737781276,0.78704498784660715,0.0017036704687943827,canonical_raw_float64_squared_L2
99,2084,02c8b1b19c8030cc,d498229116100682,5884,100,"5884|30503|29956|51707|47512|40903|18498|24640|27564|11533|8673|56176|38742|11771|34860|34370|8587|50285|8428|38277|25708|50372|127|39517|23242|43591|52116|59207|21289|8754|19660|36827|3643|12822|30776|54460|37600|59283|53818|58693|58355|30775|25736|21184|51695|48449|34271|118|21614|45959|27575|3858|18071|50089|51359|21242|32439|21988|12706|38778|56337|10743|17607|8975|9869|46190|16454|15803|23341|45673|46269|55966|6991|39279|39361|21282|3677|34507|9432|55120|2170|47190|22856|28119|38328|52469|25021|22531|23403|4492|5499|25586|40494|59845|13504|25071|41592|16234|50626|5562",0.55706398558270753,0.55709163933762218,2.7653754914647166e-05,canonical_raw_float64_squared_L2
100,2044,8123ac6b83afaf05,a1d67f1fbc8e007d,5898,100,"5898|51475|16617|30664|10894|16059|29877|9855|33291|58302|44728|59342|27342|22553|38268|34860|49584|51443|57788|59150|34981|41622|58331|17110|27731|18959|39392|41360|6282|34474|42748|8922|24000|39222|55996|17234|12279|22388|47489|3594|33758|53076|23588|14660|13603|7675|8787|45732|56954|22698|36632|18722|25690|31448|49046|51838|47600|9050|5242|13782|57|9098|9775|53670|5118|36596|13732|57333|9649|18974|6851|13018|26537|53804|43676|6125|46511|59457|54267|58962|44206|15103|50093|33338|24912|22417|40031|36349|36044|9278|20273|12186|55440|3316|295|28428|15409|49917|31143|19161",0.62493175845994409,0.6251774540678986,0.00024569560795451029,canonical_raw_float64_squared_L2
101,2869,b684dad0a68f586b,69db86b4c112f1ea,5906,100,"5906|3262|47150|32412|56013|36908|12679|28203|50334|20008|5900|33701|38968|39874|28322|24781|24577|437|22428|57006|49655|27342|38336|31009|30390|32228|16367|58367|1051|16003|37458|43552|57589|33715|17234|55511|20148|10719|3412|58167|42893|58302|14505|53556|50329|52825|48941|46388|35219|10877|27616|44225|58698|10273|31447|11406|25146|8053|13708|2043|12692|11903|34196|16386|9198|40946|48373|32099|44274|1425|31299|57822|17566|58978|23704|7239|12379|14267|7254|45889|19135|9839|24519|6172|41436|17536|59400|23413|30499|11882|2415|40544|24520|3663|20060|15409|16451|17557|7020|26192",0.51658687154181804,0.51692097195359188,0.00033410041177384109,canonical_raw_float64_squared_L2
102,2637,d41c625cf6a9a6bd,8a8ba9064ab6de3b,6004,100,"6004|43337|58893|51154|23681|22518|31826|18372|25962|49835|15656|38059|7811|26819|16290|59825|32581|56519|37626|33309|33488|2730|40568|7719|58012|42510|30624|20225|50049|23513|53606|41625|39110|56736|7074|25824|47552|46994|26837|45775|55072|45712|47155|14085|27175|12524|47595|56920|2894|47979|24967|2566|420|42656|22449|55900|55523|35148|30707|23158|59687|51003|5712|17259|57855|26995|23859|41590|16274|3133|27214|59795|16874|8287|8941|17161|38311|47354|24953|10883|57896|13104|10686|33266|22153|23193|5350|6298|7870|49364|48937|20055|26116|44389|37350|44851|40894|34600|41692|40164",0.45439399027686656,0.45447734046825744,8.3350191390885175e-05,canonical_raw_float64_squared_L2
103,2088,70724d0406534fae,85472d3edd3a06fc,6036,100,"6036|16849|48503|38071|39977|11567|14849|24310|34966|47442|34640|15090|38227|18135|26348|2624|16622|51716|17747|51707|21690|26326|19719|57424|49065|38738|38774|34872|36512|41630|7479|2768|27733|23717|56313|59088|37407|55765|11227|32446|43821|10930|21729|38541|8900|57259|28617|49593|25393|49584|47020|36280|3851|42911|22202|43780|44714|32292|53126|24544|5009|37021|41305|19841|50011|36978|47636|33433|47859|15693|4922|44282|640|46047|49750|37389|43566|29909|18361|25963|53916|27570|54863|11517|38220|55170|54704|58162|44898|16094|46467|19190|20307|877|27118|44710|12743|53837|50659|38191",0.55208031703702998,0.55215977339215438,7.9456355124407629e-05,canonical_raw_float64_squared_L2
104,2206,e3658403402717ec,94bf3138c86bdd38,6061,100,"6061|10044|27138|23787|19489|6085|58134|3066|47224|35591|39542|47524|38088|57471|951|12906|41865|9292|48169|13806|37370|53694|28732|3376|13829|28110|46563|57771|41990|1243|13805|56768|12884|51555|3739|37992|8635|25622|1027|11851|34789|49950|38172|46095|59394|37735|31029|58208|28291|54934|21177|56138|15378|55046|45674|36880|26116|20885|45166|19312|16552|15612|48463|50309|59815|43005|32069|46298|1674|17714|53378|26723|53640|5421|43490|36462|16076|47942|2017|53535|56601|52350|50570|45206|17818|11819|53379|2509|32523|51135|10628|32559|15836|52087|22819|14185|15107|39326|40064|52237",0.41473897453009601,0.41482987781808722,9.0903287991217496e-05,canonical_raw_float64_squared_L2
105,1778,79368ef0ceeae53d,199e5d4aef77bd9a,6076,100,"6076|39596|51309|11765|59428|52904|44916|52891|18775|55481|40628|57449|8481|23778|55977|31733|28875|13392|4836|39937|57003|36182|9776|1165|18724|48707|33068|59729|24244|23293|58369|52501|22741|41333|52770|17930|19622|26485|39091|6345|31442|59315|24218|34896|50608|10561|57391|59659|20173|24925|42838|52804|48977|28989|51214|57687|18912|54245|10124|16645|6035|45239|10003|39002|54867|41327|4886|30214|13522|52312|58398|33247|20176|25312|15992|14810|50007|298|56008|54699|39740|16481|37946|39047|1637|20983|20272|11068|24948|3|58642|31033|37553|22317|41216|41973|39808|1155|39417|33458",0.75383250632553911,0.75505124812846169,0.0012187418029225849,canonical_raw_float64_squared_L2
106,2419,27dcb1f5b8619ef9,12934cd2212aed1e,6081,100,"6081|27113|38790|10719|18674|8924|51401|25299|55438|6485|18475|4753|34920|42721|30849|24848|51788|27897|37287|22741|17623|56398|52312|39663|27399|15530|13292|17909|9451|58300|45022|27230|28751|14664|35561|48707|45221|9084|30558|58987|7388|32969|24218|4864|44033|33652|12896|20483|2790|21512|1743|24928|59780|17296|10947|59377|50047|24513|29528|55022|14282|39750|537|21187|40309|45002|38824|58842|21494|57310|46069|26160|48394|33272|41334|5227|4768|28172|13499|28769|17809|10561|39808|11344|55555|8923|43882|47462|33482|29353|6|30239|41442|52501|12444|28994|45223|36922|57651|896",0.52844215369276204,0.52850869129097111,6.6537598209071014e-05,canonical_raw_float64_squared_L2
107,2001,a48501b7e28f2ce8,dc8e96238232a186,6100,100,"6100|39347|32914|31592|34838|32677|13321|2783|20183|30375|36718|9190|57582|17513|294|3960|33623|36227|24265|22457|37560|20445|21344|55550|10709|42798|38241|17295|23634|38407|18468|10465|35034|39321|7158|7938|41437|2414|59027|59661|59443|12235|29619|57834|153|24134|3043|27140|9548|30010|10091|51014|24098|29266|10270|27167|42440|28047|21122|13094|39809|22590|23903|44087|4253|21343|46083|44597|58641|22558|20156|51752|42578|39147|35598|11259|25821|47300|46149|4235|30140|12696|50578|8330|25156|25520|7880|32166|15441|24596|21656|16110|46064|24403|32073|9394|13050|51124|25403|10100",0.62312553433238527,0.6234409334573916,0.0003153991250063326,canonical_raw_float64_squared_L2
108,1912,c39fd045ea61d754,54d726ca4ebbd170,6104,100,"6104|58505|49888|31551|52845|44605|33430|24848|12632|28847|31790|58729|38824|56220|42505|59443|48977|35293|37541|35471|42752|38475|28961|30371|1164|58331|25180|5872|56083|20029|20216|51165|40715|24911|36805|23093|48712|18105|37554|30849|12520|3283|29074|15992|4144|12791|26360|57895|56809|49636|53525|6857|37208|26686|38517|11040|10976|19622|34066|4639|14259|4756|42989|7676|50266|45958|44595|293|23107|10652|56009|54887|37114|50509|58176|56580|39002|40155|169|8233|48330|56992|54109|47216|38406|57600|51302|1093|11016|3080|7415|36348|36385|21570|53200|38014|41100|24353|53559|42883",0.59447613537974431,0.5949143915023779,0.0004382561226335957,canonical_raw_float64_squared_L2
109,1557,c8768725ae2c3c94,0c5dccb97404560d,6301,100,"6301|33604|35217|45420|36832|18944|15736|46653|33597|57823|37069|49288|40433|40731|59944|23842|36098|38711|5886|35128|57291|29997|28513|52163|47534|33518|51660|11816|27572|36955|15766|30572|32875|44232|11553|32134|31906|56387|7712|7049|4825|24047|23055|47452|5314|56938|45913|43782|1008|17761|52037|12454|9819|54795|32524|49324|6037|50911|44313|36532|11718|34926|12659|18387|12440|16321|46143|36996|48063|2912|29331|54844|37800|41213|5429|28508|39744|59477|25950|13222|18129|32900|41866|15672|21891|42111|1274|25229|41871|29886|1826|3965|23298|20818|23769|3756|15012|47722|10278|55681",0.70749520661100807,0.70845335725183078,0.00095815064082271917,canonical_raw_float64_squared_L2
110,1840,2fc4bc850237f335,5c1ade8c72a54bbf,6345,100,"6345|55555|28290|8338|2717|58703|41333|14490|52858|33706|15426|59729|44033|54172|44832|9451|12931|34728|7280|32658|39111|35740|3506|10993|45257|15432|32898|59952|6533|31958|52385|14750|59353|16399|17659|55661|59205|3960|22961|34299|47929|24159|10541|13787|0|44290|38108|59622|23293|59829|15660|11952|14741|38489|13159|39233|28854|15686|47590|8269|36234|57203|50039|17451|30884|416|13663|4620|53667|31337|24037|23828|20663|51415|11145|52592|52054|10873|45245|32821|12716|25675|24327|7293|59146|1165|38944|43848|24171|5894|6760|45583|53431|29398|17510|7319|16224|45452|27892|3948",0.65548920486311335,0.65563762628781797,0.0001484214247046145,canonical_raw_float64_squared_L2
111,1937,2619708bfb4d591a,716deebd065d2ec7,6354,100,"6354|39606|637|371|35744|1705|4559|35916|19082|29542|31108|57188|2322|54515|8272|1580|30467|49519|13903|52341|25792|44987|12709|14153|47547|39127|39716|37605|7877|16840|58293|50357|20365|38130|4969|58145|5423|44334|49886|47018|51161|27253|552|6506|18652|26676|59360|52803|29531|53539|29735|4472|46112|21092|26084|22828|15620|20998|54308|48319|43415|36011|56335|14708|5849|19482|9215|19258|26429|42881|53321|58730|33652|20640|15149|4470|8236|36236|30887|13707|39295|7776|15509|56708|22832|11807|34566|55883|47374|49352|46790|29233|22142|5130|46445|15040|20593|13814|18466|17166",0.68353350195635176,0.68357173882351197,3.8236867160201804e-05,canonical_raw_float64_squared_L2
112,2079,08920b39e34623da,d745d15399d29569,6406,100,"6406|41484|41033|16113|35929|10516|47792|22939|46829|2617|42446|55047|14654|53521|42367|29836|6518|11008|264|38963|53808|15504|56351|26846|53660|7663|15000|3438|2403|58241|43720|49570|36100|871|40349|303|35719|45601|31286|15107|11033|48463|27460|39803|48689|15671|38214|36289|23805|23583|54673|44179|39245|33802|11856|33464|7868|13776|29338|11352|24587|18624|28679|2333|53070|59272|56089|6075|24899|35169|37945|59973|6716|17514|11014|974|36560|48869|9574|12181|38631|17963|4804|21573|51525|51883|57227|4452|51093|19386|55886|14782|12430|6127|32058|42631|42871|24476|457|51946",0.35499887651994999,0.35516208978341701,0.00016321326346702136,canonical_raw_float64_squared_L2
113,2109,390f7e46f7e06cf7,26eb37c4547d092a,6431,100,"6431|41169|16849|41173|38481|537|3149|47247|58949|8125|37634|3045|23957|28863|25317|14198|25308|47515|38393|4768|18989|19112|27675|47025|28358|52175|54704|19260|34251|54011|55087|59958|45612|4667|59609|4818|24218|44572|28581|55974|27272|56178|25978|40338|36348|59369|59299|23393|10219|47927|12541|12404|48313|22452|6081|52312|27085|44793|26393|13586|54480|4541|46323|14661|34470|8532|12385|48152|22160|16923|3239|41503|59623|51359|10214|22670|12562|13381|10594|36805|4055|24788|50987|38227|20296|16220|32909|1734|10719|24647|47787|7756|59559|5068|57740|23875|22311|2952|753|56016",0.78949597458440446,0.79091769522970856,0.0014217206453041031,canonical_raw_float64_squared_L2
114,2052,08ab1268884eaa67,aa0574d822c06de8,6444,100,"6444|56116|23119|9929|12593|33311|37436|24442|40763|21011|18245|16377|21009|12974|16436|50181|13948|47720|11894|54966|28508|57433|15156|59261|50039|55910|7331|42177|534|47929|17332|18387|16321|47739|42858|23298|41708|27472|52889|21382|19022|38692|15660|10432|14041|16431|12278|16510|56097|46267|20663|38346|24176|47621|39445|28723|53773|18852|8205|30345|21778|11062|34779|50533|44118|28990|3524|31111|26910|45545|56312|54069|56365|21108|53819|40585|59477|32642|34281|51380|23354|7815|10849|4465|3426|58045|9433|28528|13333|31818|34924|36567|2167|21239|48444|3867|41184|44024|55550|56929",0.58514862645906196,0.58528322695227697,0.00013460049321500911,canonical_raw_float64_squared_L2
115,2342,cb2ec4410393c113,c9b61ffddb757f50,6490,100,"6490|54108|43070|18050|34265|14879|37903|41548|10775|48447|12570|32709|43567|7029|39475|34432|7422|53588|17870|27044|49443|59795|34272|10357|10653|49412|12108|56850|22793|38124|12811|55026|36486|35600|22813|21072|19077|56946|42035|22572|9395|40908|20049|43078|34932|43157|8763|58888|59825|11028|31191|51015|45267|45751|34013|13283|22909|8289|18888|29462|38768|28892|21329|21813|29780|23914|2826|42380|15446|26100|33513|12398|52025|22857|26758|48738|40550|44765|55354|56065|58899|19588|41684|11371|11823|14772|59762|57189|47960|46895|10452|5428|53550|43335|19168|41085|41777|55740|26060|47479",0.48876179361350125,0.48902083512601069,0.00025904151250943919,canonical_raw_float64_squared_L2
116,2929,60840ede4091313b,78413322f2d96641,6554,100,"6554|1837|26834|29889|14513|42553|20148|40879|32228|2787|20766|2116|58423|2400|45889|36600|56705|51637|48789|27474|15409|26469|9208|11743|21247|13295|57822|28322|58792|13687|32689|11191|12316|53671|15338|13875|29419|23413|41287|33555|16674|41656|57589|52556|42229|12689|20966|51771|8546|39377|55664|32024|5785|54732|21908|28203|9753|45383|28313|55616|30499|31948|30143|16687|42893|28461|22940|25039|57264|47477|55022|59701|56013|29550|24992|31160|9060|2043|17072|14188|9256|7820|40309|38825|4279|58954|9924|24187|48525|14607|31299|19551|36784|9515|53098|21722|29528|31515|11406|52671",0.54526161311090682,0.54603358975591398,0.00077197664500716634,canonical_raw_float64_squared_L2
117,1721,2c8a43a166eb2154,0abbe6af12caaed0,6581,100,"6581|21612|5148|55713|44957|24981|28854|38306|37109|9607|15991|47976|48325|39472|32431|6297|50405|40133|51228|6254|11274|47209|2475|54073|41778|1503|38171|32858|58090|10424|50575|35615|40360|46960|47683|3107|30033|34644|39562|51094|34221|1588|25333|13365|21543|44980|35639|34884|8467|20274|8709|46291|18978|26111|16546|37291|13537|30016|35640|8732|23257|8509|50146|29843|59025|18103|27102|29411|8527|26486|35918|22082|12779|17554|20706|17902|59683|20541|22039|2144|57846|20292|49320|17706|14478|57130|8536|34686|7065|27519|58870|52277|6095|56487|5755|4547|14559|5151|16285|6092",0.90761517070717823,0.90772169740716935,0.0001065266999911163,canonical_raw_float64_squared_L2
118,2335,f28b1b7a424fd40c,595dad15f820ec31,6642,100,"6642|55661|31064|18556|43032|34506|14600|53258|4639|3408|53026|50745|43446|2400|56723|1373|4710|2425|55557|50756|1716|31446|50860|53095|3627|17040|52683|56870|44110|33340|33106|53697|1644|37834|13560|39066|5490|16865|41142|51415|15338|41982|46017|52834|57804|55555|46158|55676|30719|53949|46049|9661|55885|3970|5748|31146|49192|12237|47556|52283|18021|4862|9201|42038|47318|29422|42550|6110|57256|8720|55334|8824|52858|48533|35326|14730|7417|11697|54829|34306|52115|38474|29041|24794|4098|36895|32854|2216|32093|29037|32756|35767|55812|47922|11441|51650|12514|3506|58164|4175",0.56089974771031637,0.56090057733678811,8.2962647174333881e-07,canonical_raw_float64_squared_L2
119,1428,01bff1122ef8a98f,6600131355f487c1,6689,100,"6689|16168|34440|7355|56932|50686|16715|21233|59979|17186|55482|4665|3239|16220|33019|9981|2548|15608|13343|29990|9856|25770|34367|25899|28738|24314|19802|5136|10331|59934|38556|7250|9264|34934|47234|43306|38859|47905|30988|14449|17765|38379|13653|41468|22821|877|10108|51246|11367|31986|34741|17512|16224|26468|44905|46374|54248|37050|23941|37100|1842|21961|4688|20735|36104|6491|41909|5450|46809|2263|47459|2208|50061|15505|9349|47422|14741|56697|35623|10318|43921|6327|47890|50328|15637|17047|40506|24708|44249|34773|6692|57342|56597|17997|23067|18873|51097|28235|47724|19999",0.90438392500561815,0.90453321262123576,0.00014928761561761039,canonical_raw_float64_squared_L2
120,2330,eb515d9ea979b996,a75166b1c6ae0efc,6917,100,"6917|27092|36330|30707|32013|6133|7596|34565|49457|57791|28872|560|16500|16874|55102|17663|44584|1669|14157|11779|50748|43450|55424|21189|50603|46719|38996|36726|20149|15765|23181|47809|40333|42185|51148|45437|9635|38845|1609|37923|51303|15673|12619|7410|23289|38917|43589|13673|47184|120|33879|26299|34384|57262|33233|3847|55169|17831|8017|41194|27295|3164|51154|54075|800|29503|45532|37075|59917|4588|40023|46076|18174|47278|13403|11548|58747|383|30146|41518|9038|31466|57190|58893|52123|12014|4816|52074|54110|45878|36913|1540|47552|58997|59309|8611|26536|19387|49038|44259",0.48986678441716813,0.49154462992291809,0.0016778455057499531,canonical_raw_float64_squared_L2
121,2042,66d9bcb2f32388ae,d9389bae423f80ae,6991,100,"6991|19034|5104|9869|12706|188|55083|27564|56176|21282|5562|32158|38473|3929|24407|39361|23341|59674|21184|33790|51707|41571|35047|5352|22127|5884|7692|39434|19593|31703|20901|58355|26681|10129|23242|38501|18000|39279|21988|30697|51695|52116|31722|25010|10996|48449|25020|953|14683|40605|54540|8560|8428|38383|50442|50504|34860|28543|28567|1796|17403|26117|35402|24640|21289|15159|25073|3858|102|11275|48340|13504|45959|970|4618|38277|43591|59628|3596|51980|1262|7594|53225|25001|15038|53365|9302|26065|51727|59207|47512|32175|45059|30775|118|18357|49873|27733|50285|6579",0.6028546365149986,0.60293336405373876,7.8727538740164249e-05,canonical_raw_float64_squared_L2
122,2028,ff5a19a88eb9ecdb,d31cad3562e32c24,7003,100,"7003|43877|57788|49062|437|47006|23115|52529|29662|37501|39190|24912|18602|17234|41140|6125|33283|55513|9775|40094|8071|4937|57179|51443|13441|48582|23717|26251|42436|12567|52743|17541|39923|19230|54309|9855|58110|14251|56293|49265|10889|39461|45661|12766|9376|11738|31609|24727|5850|42086|10698|43606|7071|12151|3262|2768|36607|2351|57067|50820|55881|51767|44225|4349|46639|33006|30354|16255|27570|1814|22735|27342|58083|34148|17061|39657|47494|2141|6962|6171|1140|3749|12031|11903|20945|26774|48497|42946|36917|15125|40312|55417|7786|36044|1986|51575|37825|50901|14844|36967",0.56651657653304166,0.5666228392242928,0.00010626269125113552,canonical_raw_float64_squared_L2
123,1849,2d1871cffddba3eb,cf8af08d69c1e8b7,7019,100,"7019|17860|26443|52164|54237|58938|36844|45535|1605|11645|11472|59588|46634|52616|30650|16250|34616|9690|56585|41138|58772|20549|46679|51837|42318|12424|9765|43986|40661|39997|48322|31776|41607|20501|32647|31512|9054|57013|43371|44466|14167|18879|1047|45077|30693|19570|47606|55285|578|41768|48279|37257|22306|35948|18654|7286|54948|32958|21604|59803|57570|52258|9561|9745|24466|14964|17111|24725|49849|23983|27465|43117|30362|19500|5144|8757|18420|59436|58764|1304|43853|56471|1844|25479|4403|26080|55970|59455|24580|13366|54465|2765|53152|30471|4951|32737|18027|38166|14209|25611",0.60907411951871726,0.60913071289017884,5.6593371461577391e-05,canonical_raw_float64_squared_L2
124,1912,0cfbdd2ce7f48feb,901f07c434b6f28e,7293,100,"7293|56310|30349|40799|46524|17195|22416|33706|12931|30498|47893|23935|14043|26545|24037|13034|23874|56709|30085|18732|7128|42865|2527|7319|43994|32284|56220|46378|37317|20432|50039|59530|3948|59422|38373|57476|41491|12987|19596|56018|41583|46727|42038|38004|13787|55560|10993|24796|52157|18074|16957|59729|4394|34044|5840|25675|51000|47929|42745|51244|14957|17094|54907|24098|8817|12514|20495|58263|50200|1531|1851|23443|13111|19958|12237|32145|58080|20332|11820|18858|45066|26153|33579|45452|4844|2465|54172|21672|25249|4033|9421|1525|58703|55661|46149|58245|47161|18128|48007|27539",0.63470546388515392,0.63515198389653538,0.00044652001138145714,canonical_raw_float64_squared_L2
125,2108,5fadd161f0828cd8,b405585185ef108f,7311,100,"7311|48347|7972|45301|28456|58895|3092|56872|15137|9525|24104|31837|45927|8858|24644|18198|47381|55585|56748|7998|29624|16034|40104|26305|24111|48472|39789|45163|54510|51585|2826|35525|18075|52297|48108|38885|2258|10356|28777|33960|18287|34736|28733|51446|23757|14078|35656|9702|38810|2702|34953|39595|56676|20471|44330|55255|12108|30683|16805|51730|32376|57340|10220|8063|29293|22326|9128|33601|48649|37694|47257|34938|52856|43933|33386|34764|57558|32342|49274|12512|27193|52264|40096|49808|12030|30880|51705|41900|23394|19250|6498|5128|14371|24196|20302|8081|59795|31161|53184|25462",0.65266943891621798,0.65318703377592913,0.00051759485971114572,canonical_raw_float64_squared_L2
126,3140,5f1d79a108544985,5b011da086dfe125,7388,100,"7388|11406|39237|41287|2575|2253|46587|48884|960|9468|37682|27494|51788|44041|4130|2393|15925|20608|53605|32997|42836|22428|14200|12124|437|57788|2400|16674|30143|23821|2056|30390|45221|2424|32825|10647|54575|35857|30249|52275|10719|26231|30367|9543|24218|46490|31948|46467|45229|54669|33038|33885|10877|53581|17546|44365|11003|28374|50380|51336|31175|59038|34193|54535|45022|15960|12684|57299|30700|47442|939|31515|9952|22709|19551|54033|14469|52629|15165|21038|27474|52671|23|55022|22953|56013|13049|49062|14480|21435|17363|21509|51669|53885|32525|21908|58588|47071|8557|14906",0.42483865948240102,0.42497040864248481,0.00013174916008379389,canonical_raw_float64_squared_L2
127,1941,7c854780431eae2c,faaea68d36e75c76,7452,100,"7452|25693|58062|2509|38063|35723|31240|58505|26014|44813|27092|8731|11503|21076|32299|18149|48330|23102|11779|9643|39857|41692|9605|18082|19312|42837|15695|6327|1949|56862|6104|4336|36197|20445|39496|1004|12549|49839|42752|46980|18521|29293|13552|57036|10582|24393|5872|34826|20029|51919|22770|17649|37350|50509|59443|45519|29074|45005|56537|22742|26617|38787|44605|20586|42648|59505|16053|34996|21255|6379|23176|46799|51245|50419|41101|4188|13805|44226|50227|8274|13282|29755|35267|55679|59231|28428|27295|3936|17392|42817|53991|3801|28961|32630|15625|11016|44187|57262|52720|8239",0.64951745738881039,0.64997355857628691,0.00045610118747652084,canonical_raw_float64_squared_L2
128,2537,4601d3f34663c65b,5619c83839dd7782,7484,100,"7484|37947|49830|11061|26167|49567|33183|27349|18199|26332|49188|46801|425|33245|18114|49290|46477|51186|56920|17149|10661|43059|28953|29726|42811|12020|56669|2641|22346|43490|30763|14630|49827|10883|41864|47626|42835|12102|59371|36769|39170|16632|2133|26279|42098|9176|54530|420|4897|852|8455|47548|2817|3297|18053|8270|49835|32394|31007|56699|14550|47433|57813|26338|55900|4398|46443|9631|37064|34620|24165|1188|47711|34825|38002|35765|23064|4702|15174|50854|46761|59290|38543|21246|21403|16709|9386|35010|4697|33093|7934|7130|11362|51712|41990|9199|30551|57189|56914|19410",0.41554542886918716,0.41589730932702562,0.00035188045783846045,canonical_raw_float64_squared_L2
129,2292,6f0b9571fc740153,044b043447e7715a,7508,100,"7508|45240|40785|57194|5091|41363|52896|57826|7980|21519|8138|10965|40576|49897|43489|47652|27709|11306|28491|40124|32618|50815|26666|12902|57983|32676|25072|44289|3115|36455|53123|24216|40122|51253|20829|21043|19626|47978|25691|18055|51838|53488|19871|19111|9882|29938|42726|53834|31328|1565|42534|25069|36238|15100|3980|36991|57535|57311|26483|58915|23960|23820|46668|16775|2280|36297|44984|53425|50517|42183|30019|56649|7702|15062|24093|25910|55449|42799|11037|27434|51047|15535|3501|7438|19546|54846|9059|37147|13512|36636|209|18832|1621|44901|10822|34619|48133|52412|51372|2827",0.58001805642898008,0.5800931489195349,7.5092490554817815e-05,canonical_raw_float64_squared_L2
130,2624,bfb6eba4335ffc99,7ca7cd65ea18c53c,7542,100,"7542|19936|50655|27749|4651|21785|53650|21365|656|49535|19576|36365|17438|35202|41635|47093|16734|20724|29674|14756|34499|35954|9067|47368|45521|48350|16527|22582|13299|4766|4765|18451|19916|38368|20563|18053|2817|2658|15214|55721|14463|9903|43194|29611|16235|8899|56366|17899|8042|41325|2804|55331|51194|8466|43814|23865|27431|33029|889|12438|4807|59371|19852|45074|19730|27986|49471|21945|36137|14752|42329|12951|9199|18900|16097|45447|7283|35569|891|34482|53968|42014|58317|45837|39590|17127|33695|43059|35934|47561|6916|100|9786|56858|21253|21903|46964|38374|51778|11061",0.41203675508813264,0.4121898960790239,0.00015314099089125399,canonical_raw_float64_squared_L2
131,2151,2e2515cc72b2f409,a97894308bf7c177,7554,100,"7554|14338|18014|683|39977|2040|26978|29339|13003|11126|47472|24653|59055|13096|49931|54943|44282|7918|37691|745|12302|57605|482|29560|49322|10719|20803|26192|54043|57706|7133|38517|53326|99|1659|2793|50659|14474|52013|33247|34322|42560|15419|6035|24310|18135|8654|14586|960|9506|9256|53460|31009|6595|7916|36687|13441|15382|19204|21807|307|49787|4062|2393|41824|21461|34994|31733|13881|19711|4103|56841|24218|15042|31748|43978|40623|35945|57810|54377|30920|8454|20007|42099|17151|1367|36388|30215|6824|640|17843|4101|36318|20251|36008|57639|44239|37119|59464|23968",0.65480125588415006,0.65500903949965361,0.00020778361550355395,canonical_raw_float64_squared_L2
132,1546,3f9a28413a1b532b,e02b1c4b96054874,7571,100,"7571|1725|40174|15924|21783|47494|11085|56642|16133|24314|7881|50614|41282|39614|12019|34136|51914|49221|10769|57386|10225|45415|31460|46980|38314|16628|39084|38361|54597|47938|55851|12567|59325|7601|5602|20855|53200|28155|28475|56901|55713|12885|21235|15562|31637|26384|51302|29327|27831|40095|4151|21411|26960|47845|58382|20624|26898|32207|21400|37874|45726|50381|19487|49786|999|17265|33486|43056|7891|33579|37515|32707|21769|26402|37218|18374|54997|45538|26445|36948|54887|44612|54383|11052|23702|36957|3532|43397|44124|20210|37231|8850|43696|8107|22639|29662|30038|8266|6360|50093",0.76377549772286613,0.76378728283253494,1.1785109668815963e-05,canonical_raw_float64_squared_L2
133,1842,88cb71d4da76b9f7,741ed5abd0aab2b4,7587,100,"7587|48116|14209|11645|49849|59797|7286|51352|54948|12748|45574|59618|47823|14092|48675|40076|55335|26741|23116|57277|9765|59351|26456|36315|3354|6330|52450|24566|2588|52819|34127|3687|4262|51187|24665|55560|16558|38426|7176|57973|26443|46679|16575|56446|6087|47039|37847|59536|41607|23477|17964|31607|1605|34878|30693|27899|57013|2363|57481|10560|45465|13715|44466|7019|26209|13499|44557|49251|28290|50961|14167|56177|14962|16250|34336|255|14100|13870|55480|4533|57537|33611|58398|50439|21847|21845|48538|28906|28926|6831|45977|40171|6130|46357|5749|22490|46578|15631|8865|5624",0.64535843581598606,0.64600483132107189,0.00064639550508582833,canonical_raw_float64_squared_L2
134,2474,a488ce1eab99a842,4fd9b16475bff08c,7642,100,"7642|5944|31515|53098|42636|1547|33038|22832|5857|29528|46325|2310|8236|58681|48716|46112|56446|24664|31775|54730|4609|45022|34559|41656|14513|42080|27253|31585|59893|47547|51771|32997|3617|8819|43736|44260|21619|39541|59837|33555|31167|48846|12166|44041|24320|52547|43860|38896|49359|3418|9498|9724|4905|10815|45583|23144|53539|42881|39705|16328|46383|45877|40309|48279|59547|2875|18652|39127|2116|49720|39233|14787|51799|14827|2484|19262|32482|48955|47484|47951|49519|39537|4947|2276|36069|20192|673|24040|29582|21694|42418|14697|53526|33667|17248|34076|3213|46587|18264|58855",0.43724493245617141,0.43759878385319417,0.00035385139702276414,canonical_raw_float64_squared_L2
135,2757,56dc40c89f64a9f9,fa5fbf1cb3a2bbb0,7791,100,"7791|47537|5839|50411|18394|43271|51311|53265|4298|36484|54512|32726|11141|19172|1996|29782|33500|35461|45325|379|41867|26784|50482|16072|1323|1439|33206|49184|6773|1688|1770|38599|54145|42247|28599|48227|35256|20574|23728|58117|49177|35345|52456|49130|21755|49821|47456|48491|20942|32234|54649|40048|9796|40391|8660|45372|4222|28115|46175|43505|49134|16140|27171|33521|16830|17685|3353|6667|15241|54316|36579|51011|11676|30860|1853|53399|49625|8429|25111|14334|38949|22400|8849|18231|811|17890|26438|32721|12231|38617|44727|24748|25853|40402|28279|38901|33942|42236|46392|56342",0.2533673185831995,0.25340623335230872,3.8914769109221758e-05,canonical_raw_float64_squared_L2
136,1321,35bb4e43b573bc5e,4de1ddbaab86669e,7919,100,"7919|48829|47034|55577|5424|26248|26965|47056|28171|37193|25805|39457|30431|24279|38257|11474|24771|19286|33824|21388|26211|24215|48102|58729|41707|56889|39430|31036|19958|13135|34661|48642|27233|814|49829|29312|31006|1093|84|59945|2105|5892|36278|59166|34240|13692|31118|14884|36418|12339|15365|48229|10471|18815|38168|41491|12423|42447|11124|55840|2969|29434|12871|38062|38401|35865|18281|31224|42234|34775|58461|41564|28118|2117|40133|14998|16703|28905|43380|26386|3343|22701|28597|8403|44929|33469|29562|11699|42494|33616|22464|15818|52285|18952|51236|31345|2713|57015|5714|7098",0.88705126392937306,0.88755270468703429,0.0005014407576612312,canonical_raw_float64_squared_L2
137,1854,699a1ebb712e325e,eb43c4f209d582d5,7932,100,"7932|11847|4445|28330|41618|42599|1156|636|21771|39064|25452|10862|27165|59331|40208|35452|15473|20564|41252|54309|54632|59304|14050|18869|52320|16134|26125|20908|15501|59386|25919|11498|58972|26770|30118|7785|20483|54640|12979|25171|31296|12661|50550|37777|14784|48497|1411|35318|36575|35721|10947|47831|16609|30698|9794|39515|39991|19905|46631|58611|15511|28808|48695|19638|26221|11300|27617|16680|33666|53470|26700|48166|4677|59419|39625|53868|27248|42423|25895|49810|56570|52419|7895|21652|21269|34854|853|47576|23327|51498|39799|39700|27619|56420|17698|33896|59517|13437|45678|44233",0.75668695535843855,0.75724101784742781,0.0005540624889892598,canonical_raw_float64_squared_L2
138,1920,81af0c341ca05b1e,0e8a578091f45528,7956,100,"7956|29989|35237|17089|51484|5333|4322|47064|57521|32922|24112|44852|15985|58555|2995|21832|19225|53737|4242|5340|6929|33319|52120|25276|17340|24361|33462|34259|27492|40020|36465|55955|45973|9914|35311|38498|25550|36197|55203|9296|14383|40530|10582|22781|39646|14331|52827|19340|9907|11012|55544|41856|49991|59485|8179|26527|35955|14175|11339|44593|55251|15695|23804|26014|33142|24962|30838|53132|3173|45519|58128|15050|15757|59533|44112|19021|9912|11433|46957|31255|33634|45411|4389|13270|36469|24193|37704|40486|16053|44558|53195|56973|26425|15285|52717|35274|26723|26179|34255|44108",0.60352068692586469,0.60355503213527806,3.4345209413366717e-05,canonical_raw_float64_squared_L2
139,2082,e62a26d53439109d,10271db0f045ee69,7962,100,"7962|27877|42519|36100|51963|56036|26570|58991|57320|58241|57771|17514|30497|18792|43432|54146|786|47635|29811|3831|27097|53886|40485|17525|34413|37032|11008|5803|7586|822|22236|21573|20284|50928|36149|48869|3205|56346|47291|57402|57373|21469|29338|18047|37558|25101|37643|56003|35078|59347|5660|34152|36289|22939|22465|5483|16572|46854|974|2403|33742|34712|11856|20256|54858|52373|49551|39245|4804|41634|4287|45619|5327|35952|26200|55997|4516|55806|46889|871|56105|49799|1601|48462|32461|37772|41002|31879|7470|36470|3586|9644|26369|54106|8569|29173|69|5956|58812|2603",0.39817018440759655,0.39831651737411355,0.00014633296651700434,canonical_raw_float64_squared_L2
140,3146,b1466d3c7f8e0e30,f52cf8d1ec03102c,8007,100,"8007|17444|28706|9796|5614|53403|16430|40458|43483|41124|24700|56424|32726|3579|51778|30930|35726|50072|58676|31426|42235|23109|38374|7328|53155|19269|4061|33104|19254|23799|57803|30640|21111|35014|1323|9499|55583|53423|25694|53912|2006|11207|13752|17327|27982|50055|9818|30280|33206|25126|40391|30123|40695|43194|26608|4096|49134|4713|38133|22796|57742|19494|59371|11325|18505|34224|38978|43664|18777|43007|457|42236|5928|891|24943|37726|19730|23728|42754|14684|23258|1686|14483|59193|47091|26316|51311|46680|57103|46964|28363|57142|16509|24319|56242|12268|22690|14334|1278|11479",0.21035244137821463,0.2104643127307643,0.00011187135254966951,canonical_raw_float64_squared_L2
141,1874,feb9960e0af7d549,8dcb47e4e0776612,8113,100,"8113|58732|26639|3531|44553|27959|37422|45783|54296|10416|55663|24903|2309|30673|18752|44102|20884|30872|13715|24692|50469|4936|27607|13733|24936|17017|51811|44025|32426|52290|28547|12350|12926|2934|12167|35212|40192|4533|843|45649|25048|7350|22349|8547|15935|55348|50771|10664|33284|20670|53961|2191|22148|14557|22372|13338|15756|5769|31033|33661|48564|9959|49278|16599|44620|46651|48441|59332|48655|46162|42659|28089|37805|19383|18996|29657|56048|1694|11840|22019|53952|29852|48225|24603|17014|46368|52202|57070|18159|48165|14900|10865|30553|25689|34683|17560|23012|32543|23149|3729",0.68487087272358493,0.68549651782702248,0.00062564510343754431,canonical_raw_float64_squared_L2
142,1791,962eb584b4bd8be0,cdc4bfdde886fe33,8362,100,"8362|31269|3987|43741|397|49170|26730|53824|32358|20522|30572|43842|14482|20691|36221|59139|35488|57545|53864|16431|2470|40981|21031|10570|55372|46081|22726|15106|36727|54126|25950|27685|3584|32882|27597|52756|42196|56163|54718|4935|7892|58999|55522|51208|45132|35248|23824|30680|7731|56945|25715|15799|32270|52359|42175|19104|4750|4257|40032|45341|27801|9047|31726|53039|53333|44653|59411|18262|35125|54009|30633|36524|9777|20322|15454|39752|14876|57845|58077|49205|1462|45306|629|5179|4825|25771|18939|44291|41449|24389|55074|51092|16335|3197|13627|36954|3835|41705|31470|20518",0.63818396324430327,0.63942657577986428,0.0012426125355610163,canonical_raw_float64_squared_L2
143,2484,90fdbf0f7f103bad,24eac6ce7271bb7d,8400,100,"8400|9832|22677|28217|22613|46118|40028|24485|12558|10296|33480|31409|38350|27848|732|36354|17188|22149|14827|54567|19689|29831|39541|30243|20585|58766|53247|31515|39233|7642|15660|18463|13076|32912|27445|5578|56785|21663|31420|38988|47300|20316|597|18916|58899|8487|34299|52452|9145|27392|55853|47144|42858|20571|18880|58863|45667|47497|2409|58444|3077|22305|25520|45366|28700|13395|42524|34736|2106|50039|40017|47982|23903|29558|7223|32997|8063|20732|31003|12500|28529|40803|20593|16690|57781|30189|28837|38790|31893|18468|53098|54241|58080|59893|42146|57712|1700|4158|21277|44330",0.59634601187803482,0.59640288144866727,5.6869570632445132e-05,canonical_raw_float64_squared_L2
144,2720,4e356d06efc1f662,4ec1beade391a175,8429,100,"8429|35345|32861|30860|28599|1770|22760|12249|46431|54649|56424|23728|30328|41434|21710|16846|41264|58485|54145|50482|56342|35593|16830|1431|43705|25694|16072|20275|20942|5910|48491|938|1323|7237|48227|9826|6667|10530|8168|48752|4617|6773|15914|12513|42367|32265|32070|31426|40474|49570|7327|42236|22400|379|4298|12090|46392|41988|4303|29782|40458|40391|14483|14158|49134|50312|33521|8660|53155|52724|17890|32461|24319|11207|22690|37377|9664|20762|25290|37858|46138|28396|17730|16140|43831|56395|4277|56950|40136|52223|29173|25853|16127|11665|11141|51311|26369|3353|8222|31617",0.19151380781954275,0.1916473147231148,0.00013350690357205597,canonical_raw_float64_squared_L2
145,2265,eda01de47f37e4dc,8afb3eb160950db0,8510,100,"8510|36397|50133|52355|11373|19034|47504|58426|11557|3007|44895|21406|42264|3479|50217|6237|27307|38324|52184|26763|31772|58499|52346|9302|58123|33284|10088|59099|27058|42561|19165|33641|29137|59674|52071|22090|41419|2389|48751|14141|19355|51424|28567|39908|59069|55028|7167|33362|45056|13526|47420|38501|39025|15401|20718|10161|42900|3497|3670|25631|35379|7692|23586|54663|12773|57581|41259|13962|27496|53161|28337|36277|55107|48439|5722|35076|49652|1771|43942|14562|53082|33994|7040|39330|9459|22622|5562|29401|58536|28622|10717|50289|38666|21854|50540|50626|11773|3428|25586|28096",0.56213089038162112,0.56223308078361867,0.00010219040199754836,canonical_raw_float64_squared_L2
146,2126,3d4c812e137ed136,1e0f6c9d59cc05c4,8802,100,"8802|13816|44304|37060|53763|35491|13929|17624|39365|42617|16597|15260|18141|20727|57601|31187|20858|10336|58905|18546|28204|24270|27240|14901|56217|37771|50015|3800|38458|2749|7238|7202|50049|45730|9863|25321|18193|35693|51809|46183|46552|39139|12600|51556|48534|31501|9188|45868|10714|4077|17853|26528|33233|58132|38850|18562|19020|16017|25580|59314|34951|51659|7966|4482|23572|37642|465|7324|51154|38322|19676|51160|7387|36902|33845|58893|21517|30335|2738|27708|24779|3133|9898|17892|24934|3305|23301|45863|28428|12197|18812|59534|41732|20749|52448|14854|36220|37579|53182|26383",0.62756572122248522,0.62814782727284779,0.00058210605036257412,canonical_raw_float64_squared_L2
147,2206,7cdf9b236fc9fea7,3c22fda61fe81098,8833,100,"8833|39397|56851|21854|22622|34131|56544|11159|7002|52185|37068|34989|17736|52458|32243|55893|30535|55279|12024|58460|33864|59696|23640|26002|12231|1821|4592|27562|8300|49588|4683|6034|16048|14399|50283|21516|54852|51927|31545|19517|24493|32721|1972|49045|19668|6630|47|59032|13760|41055|37710|40339|50944|8658|15548|48281|41118|47677|42231|4611|15880|26659|47431|55923|55584|5079|59906|20981|17140|13791|34824|53079|12477|12674|2531|30378|39075|45056|14037|25657|53992|11897|39917|44240|56636|23647|25388|43739|41615|49086|55408|43540|24586|27854|17253|39572|47771|33774|54365|55400",0.51501838516053144,0.51544918856874555,0.00043080340821410879,canonical_raw_float64_squared_L2
148,1614,588dcd234f9b841d,7c97be5d4f1b8534,8894,100,"8894|47507|45184|22854|28617|53602|6953|44339|55067|52256|37954|28086|42413|59152|8178|32815|50705|8432|32640|42086|7821|4345|26074|54293|52108|33417|51755|58731|33936|10403|24336|15080|5096|10957|55092|42407|44515|41044|21114|53214|47523|56269|20742|47985|53709|14412|23343|2313|10799|20987|41340|7624|38442|54438|21110|482|31112|50314|15377|37235|52708|58463|47463|14917|46026|34773|34208|42925|15365|54283|24431|27598|37922|53920|7722|32707|5736|35200|43058|25570|44524|10471|23275|7813|13711|1419|32276|6546|36592|55051|42472|44347|51270|39977|6225|34294|13909|37427|14368|23524",0.93236400958858601,0.93284951080837097,0.0004855012197849673,canonical_raw_float64_squared_L2
149,2289,413cd51de0de64c2,fcb62617f3a5fb01,8996,100,"8996|22569|53596|56063|36242|11573|57855|9128|2710|11759|16393|42516|30942|14262|32523|26116|8930|6329|30976|52805|23188|11819|37450|48221|32880|36425|1313|40597|25143|7559|24017|26427|23394|47595|54958|37446|51003|30915|36469|56902|54485|21173|19690|9363|49364|53375|19462|57257|59621|43097|15949|16805|1362|37645|5128|7811|6853|12145|38776|57624|6980|28637|19853|45414|20174|23558|6528|36880|50607|2770|19588|39662|22153|57531|23804|29629|44840|20225|50158|40568|32587|10461|39177|5491|9395|51544|56943|36462|26936|52034|54362|15656|35056|20116|44040|45515|10155|52294|51362|20642",0.47458638382439189,0.47462564191676715,3.9258092375260567e-05,canonical_raw_float64_squared_L2
150,1414,7aa25410759ef9b0,f7c633e0603edefc,9104,100,"9104|2071|43703|43526|9793|32093|30098|24558|3153|27903|46378|58436|40888|19459|24098|9547|19191|20959|28575|57460|56297|45178|49304|31685|17189|2527|58664|3563|28852|51316|24546|59148|51650|13521|52056|44377|28741|8824|4873|48170|34531|4626|57828|45963|56310|57476|3959|10037|31574|56527|18732|31859|17880|15686|45434|55468|9976|35767|42079|50393|44687|23614|33918|42038|44229|54563|17501|23724|41956|38437|48039|37317|17476|55713|54947|38557|25849|54176|54925|43543|25157|20076|11145|23518|33820|11004|12005|32449|38306|4698|59138|51000|56630|34476|56964|24822|30498|28069|49845|43225",0.79928266385173152,0.79948701770239139,0.00020435385065986633,canonical_raw_float64_squared_L2
151,1739,f0702433bdba04a5,f8fb2085a2f7f680,9129,100,"9129|25812|48938|15148|31452|34044|38244|39777|31823|42947|51680|29649|37603|3390|39067|22416|29538|21283|58677|11115|25675|43090|37966|49523|31992|22073|50608|54722|50998|21299|2649|46296|53711|7954|41044|47438|792|45066|49598|42662|14977|6794|48390|5592|45816|23963|22931|58771|58310|3087|56441|7927|16351|57283|48913|55264|28698|35918|25378|32645|37921|5442|46437|35523|58003|1735|43912|38140|46597|48325|32682|47067|22632|17902|44163|51214|27079|47258|22914|40620|22135|32561|34553|55907|38030|17227|25333|49506|29156|28061|14495|58300|32774|53514|48650|49508|14485|46792|38953|59122",0.83912948465721016,0.8392663574292023,0.00013687277199214698,canonical_raw_float64_squared_L2
152,2230,1e0a66285c01a438,2ebe383e090ca9d8,9148,100,"9148|56080|8650|37088|23137|26348|49124|12562|23115|15633|56159|15090|33658|53916|54704|6171|38071|35480|6900|27570|17447|19365|43780|6036|11791|39657|31460|57455|30086|36280|27548|7556|34097|11085|21221|38082|39546|54149|16117|27588|12743|51187|41245|58772|54863|14074|8501|17607|27785|8191|17747|38541|50961|2768|12700|33619|37050|43566|2624|10930|52819|47006|33198|35926|5437|39510|32736|57788|21184|14409|15141|44947|45612|38871|53708|57067|45977|48603|24173|48503|38426|48126|6890|47511|24808|17356|33778|52944|31517|59545|3811|24657|57309|33433|11567|19570|43978|22623|13261|31070",0.58943724446147794,0.58995115741646997,0.00051391295499203515,canonical_raw_float64_squared_L2
153,2185,eb9085fb4bcef96c,5236c461fcdad8c0,9168,100,"9168|18457|49755|38281|4632|35020|59514|57439|20185|31547|53914|5238|47917|14313|51373|56506|30885|52362|10167|27424|36307|47167|28779|56199|41830|3654|5458|43819|21277|4276|15344|58428|3985|47144|30960|20571|40914|29757|52905|24136|36094|40085|33511|45128|57087|42020|197|16690|10555|30683|32277|47297|38360|6682|5505|14454|48928|44976|37508|15606|11492|5790|46436|17632|242|29180|2521|3124|33600|48776|58899|1750|17065|12710|24485|1025|47505|47826|27258|3077|38215|13076|5578|20164|45667|20201|51450|48477|58863|50809|35834|9145|27392|5848|48207|12601|59346|19902|4346|48228",0.59259816517249841,0.59495944500759257,0.0023612798350941544,canonical_raw_float64_squared_L2
154,2425,6af0da43d50906cf,d51a2c4db4155c2f,9231,100,"9231|45913|52510|51777|27754|36367|38692|50384|56943|45545|30213|15358|24411|46650|58647|8720|39067|38074|4710|20659|12833|20515|53044|21603|18176|10006|45139|46049|14111|15168|14869|17669|7365|7897|15499|32373|57608|23421|45250|48566|42496|18387|3109|7742|10904|8621|34956|16105|21009|39186|52834|27666|18507|33039|53949|55550|24442|59201|12858|55856|57712|151|3524|11329|3499|9782|42440|50094|25520|12505|17931|45616|40045|41788|7938|12278|33311|20770|35784|16110|25781|14371|51862|47922|2376|52889|6778|29050|50702|51680|3902|40049|21778|47556|40682|19475|3408|57395|12313|49518",0.51118741268145051,0.51126507343024863,7.7660748798114021e-05,canonical_raw_float64_squared_L2
155,2542,3e8090f9f575f389,7b0da33a82176a43,9281,100,"9281|30564|19030|38478|45525|14325|19974|53992|18299|41756|7826|14116|10682|49821|14037|13850|47802|30971|45419|4774|42083|35089|38900|53903|34131|33111|40896|41243|16721|49107|57178|27375|53331|11169|27724|1797|13864|39917|1397|12024|44970|39815|32721|23827|46802|4592|18461|5765|30535|45716|13229|19761|44778|11908|58829|32058|44906|12497|28487|4277|37377|21143|37664|38453|54852|9390|46750|3063|44691|31000|24139|33127|42676|9314|19127|9108|15502|49507|749|26507|28928|36370|14292|7738|27427|54666|22651|59144|34150|35461|49130|18616|12090|5071|8660|24471|3140|19141|28707|34125",0.37546761279227636,0.37594678729195607,0.00047917449967971315,canonical_raw_float64_squared_L2
156,1810,388ff2977ccfb1b7,43b5586c9abdf7f6,9316,100,"9316|50867|34846|21326|31194|5830|39748|30561|53200|16199|48331|28488|6857|42513|49888|34672|20857|4264|48085|26804|58945|29547|51415|45538|59673|45139|58729|57374|8345|17949|4033|17197|47510|28207|27251|25065|14532|4888|59505|49355|45389|13034|39084|37311|26347|21455|42684|31321|14414|39934|46529|56249|16956|5811|27060|37408|2873|51165|49646|22590|10231|12342|36813|9605|21366|2594|3153|38781|30207|37515|56889|50419|44087|26114|58505|57476|44796|38565|26866|32330|37331|23295|26236|25662|38475|55058|4749|12514|14220|9276|21351|22011|38650|50863|22133|33918|40916|45850|29083|36957",0.62186091638679941,0.62260063792721843,0.00073972154041901383,canonical_raw_float64_squared_L2
157,2899,050020ca8663cd71,630624dcdafdd2cc,9406,100,"9406|23704|35219|3412|50593|19366|22068|10273|22940|53199|14293|19608|59621|13344|45616|57534|25059|30918|24397|10356|27065|47630|3970|23915|57822|20927|18033|1642|22428|25824|13046|58367|31964|30143|57773|1100|34388|55567|53596|11751|31889|48230|59076|34322|55502|39527|33701|23193|7867|53556|1237|14188|29541|39636|55802|24835|56098|24671|132|2043|22113|10767|4105|17831|56943|48277|10861|9278|58180|42893|52602|7036|48841|46052|45592|33595|28881|18542|10136|32125|15960|3207|53510|10400|34338|32854|46612|26966|35148|5857|4147|34384|9356|36296|3262|38462|59502|56483|45448|32193",0.44546076152635627,0.445556227756992,9.5466230635721239e-05,canonical_raw_float64_squared_L2
158,1646,b11cb52545ec173c,b243f6370ff31771,9417,100,"9417|25511|48758|37266|16398|50819|2504|9174|29170|11923|26409|19231|37796|42808|41049|12917|58539|5405|8009|56695|38036|38517|30196|50637|787|48707|24068|43372|43921|56505|7350|19999|10728|24986|39338|47105|23093|38459|43706|26293|24848|37093|896|38663|27725|21511|48954|49661|58369|37476|41580|55141|35017|25226|10490|20775|32502|4144|14925|9095|10379|33565|46174|52304|41469|10298|36730|7572|3490|10030|31092|48307|24223|39248|34449|24215|27260|6198|54398|50161|54490|24749|1097|52954|15746|35976|3381|39378|14180|57740|43995|31790|58799|59464|59606|48321|39951|41478|47217|25922",0.94755756070384556,0.94782104733427597,0.00026348663043040954,canonical_raw_float64_squared_L2
159,2221,0ffa734e4ffdd993,88e6574abb8b1416,9428,100,"9428|59767|132|55102|23220|42080|23414|49359|18320|3480|11647|33480|12267|4980|41830|58874|34621|51771|14459|3547|4703|50143|14513|57783|14827|54241|41656|3418|45383|23013|3805|12607|19855|31515|36176|25666|14065|45429|24021|4976|48955|50685|24030|59903|23739|13784|34617|17939|43034|12369|5019|12519|2077|43287|13875|46513|4671|41787|673|9237|11981|26566|42192|25469|54730|13395|53571|29408|47184|10815|32975|4550|59893|49621|45684|49018|35213|39233|14607|38662|51189|56693|24108|4905|9915|50901|52642|48290|59378|35564|15668|20471|53671|32997|37639|11217|13159|33137|2943|1406",0.57287151081838039,0.5730592601928044,0.00018774937442400663,canonical_raw_float64_squared_L2
160,2001,46cd40607d506f60,9ff1974b05934265,9429,100,"9429|58382|50986|7812|43737|7852|52377|12155|7485|43912|5045|50580|57443|15660|51165|32515|25943|46544|21921|2181|45731|10993|13121|14566|20151|36922|56218|17839|19471|58451|12931|10005|26160|57036|29381|53617|33719|37378|22224|14282|34510|50319|56711|9749|46291|14259|1041|1553|52292|3565|56060|845|38319|54898|53529|47964|18829|39111|25935|2873|54275|21753|24705|5749|50004|38610|10250|14857|8923|43688|20036|49142|3354|36670|54323|49402|8233|43994|9433|12472|21672|16799|8254|57807|13573|19404|51339|38739|44451|43420|50039|36002|5343|52267|32929|30228|44736|47823|42778|55773",0.69397258490490854,0.69567405194818999,0.001701467043281446,canonical_raw_float64_squared_L2
161,1811,3a46da3e2cf8eedd,bcea85dd8239d336,9436,100,"9436|7385|14218|56573|44839|29236|13953|36065|6624|29789|14340|53039|7164|47586|28417|42062|44553|3054|58718|56534|19769|16221|3950|43233|40032|53665|6564|31689|6653|16589|48898|28524|5555|7911|53061|22148|8463|3434|12965|28089|22958|45066|54343|48304|58616|30984|32063|46601|20607|26166|13496|38516|56887|27037|57937|18038|12404|22416|36664|4777|55371|9110|27597|21081|6515|1577|32882|24406|52359|38852|57086|13219|44395|1384|44575|14582|2113|26789|40804|19571|15148|10790|28496|26093|46018|14876|19224|48170|31365|9563|2947|20588|18837|14278|36520|33089|31520|41239|39345|22771",0.80284440564773352,0.80443356307945291,0.0015891574317193902,canonical_raw_float64_squared_L2
162,2227,f686b351492a97c1,93f63b136d9f48a0,9493,100,"9493|20852|48100|35574|58460|1668|34004|49018|27882|57454|52621|8658|47315|56923|21387|26659|49074|17432|2666|135|8397|29919|47568|32327|29189|16186|12477|880|12807|7274|7733|13386|4155|29286|24349|49356|52284|45442|44188|12413|49924|17917|4658|42359|42148|33537|244|12628|31188|46224|29232|57008|32823|15113|58516|13483|27450|2220|7013|40131|29759|19834|41651|45487|54299|24521|31903|9759|22400|27846|33683|7793|18906|3689|43325|38694|33317|55880|11096|4202|43540|6480|710|12176|40525|51166|10148|41456|4683|13382|45771|51621|19668|4703|39553|26260|43980|8070|27821|811",0.44388180481562128,0.44447756907593705,0.00059576426031576757,canonical_raw_float64_squared_L2
163,1641,a3d6f5e3a5ef6acb,f0629167e3df2e76,9518,100,"9518|34340|44652|29433|22803|53541|39687|40234|9798|30437|37111|10360|14655|6628|2138|13283|6704|12570|9137|12924|53454|9954|58988|8558|48504|14106|1675|13831|26175|586|35486|44302|15356|21934|40622|43078|22877|33513|31636|18623|36486|47960|18092|25096|39415|25743|10608|8235|15135|57686|46895|51007|25514|43672|21090|52072|20286|29243|4133|26698|45681|9678|59038|35857|47045|14889|9579|43996|9903|11015|27829|56546|1161|29690|50408|25130|53281|22793|58043|57318|53184|26300|43459|44048|50931|10955|14840|55599|55785|37903|14154|46115|55123|21039|17864|54720|26923|22190|45500|30737",0.66375408491149557,0.66391180641526271,0.00015772150376713867,canonical_raw_float64_squared_L2
164,1660,42281a9e888ee2d9,3bf74063bbf3a4b1,9811,100,"9811|1081|50649|40430|9725|36532|14047|47424|50842|26441|37632|11410|28389|20780|41728|33940|33698|19591|11527|49983|11741|15408|6957|42177|43801|19235|27145|56571|12320|45000|9369|44457|17155|28717|33254|51951|38201|19263|23053|45479|19022|32568|26901|37110|10114|50141|57644|51025|13525|23626|22345|18608|56370|22853|44094|23354|3867|36362|51624|18095|48028|40901|37964|59422|15212|56144|3370|35390|16944|15979|984|25170|52230|31548|41381|56368|16976|11781|39949|49463|4236|18773|29291|2657|57295|28070|16377|37419|4872|37186|9735|5930|8675|57011|47828|27634|24489|26418|45505|25562",0.73009509015887719,0.73022287775523975,0.00012778759636256076,canonical_raw_float64_squared_L2
165,2015,1c067d47740aae0b,8ccc3f22c02a1b16,9828,100,"9828|31452|59155|51680|9285|40353|24265|40634|31337|48045|19183|41184|17737|16311|27734|32682|32645|2986|32054|23998|41109|9028|28254|13496|18313|59422|48429|39067|9147|55530|59657|44943|26283|32858|29955|22028|50998|7123|30574|40263|57783|40823|50699|3124|50543|44118|29313|38746|51000|54567|29255|58330|42134|6224|51273|29554|46296|27079|58519|24317|42825|15034|42858|22416|1406|50444|7908|18942|23576|19352|33823|12589|59804|2297|48686|16701|30022|53466|39960|30568|515|21502|8502|38758|24108|41916|27604|32950|2409|24597|37603|8551|50678|47773|2748|44234|21041|22030|21465|46030",0.76153801940744992,0.76177120710008495,0.00023318769263502848,canonical_raw_float64_squared_L2
166,2590,601a656e688977df,a280a423d9fe2163,9846,100,"9846|4547|7163|27065|3499|32854|54484|47650|41299|40538|50110|51553|667|35573|3970|50986|31492|35099|1760|29098|961|19917|38287|15259|53056|42408|40049|15941|59879|59779|55281|52442|9782|19108|6855|43425|24835|11398|59161|16935|53238|2575|41782|26029|33082|43529|1269|3853|37089|9020|8254|6852|13708|13932|57266|58141|16742|47878|15338|26867|49776|11635|52500|53606|53179|50236|44110|58588|43478|5355|30292|27494|12370|33039|35615|11526|46885|29161|32869|387|8905|78|40760|10909|12657|31840|37442|28186|26946|31160|18904|3178|20930|15789|25839|54704|46490|21435|55885|34322",0.59422651310415475,0.59466602487088793,0.00043951176673318049,canonical_raw_float64_squared_L2
167,1959,ad0c815192ffc59a,c9e6e45bdd1af074,9887,100,"9887|53698|54351|24365|616|34744|54002|28200|42881|1471|39127|30638|42264|54146|30158|33909|22230|35678|39705|29356|8236|33524|363|46646|21568|29762|39507|20572|37683|31585|2077|26044|19093|31084|34917|44260|26566|14319|23473|45458|50953|42245|12781|57177|38230|2069|13704|223|45265|41348|48109|18558|35937|6969|51927|10161|48052|48408|37741|2389|25869|9478|26929|22684|12109|47374|21485|55854|21363|12419|9082|48069|35516|6528|57508|56621|52071|58536|38821|8331|10916|39025|30817|41636|58594|29126|17364|40746|16270|20180|54106|14284|59897|34711|29522|31519|46576|19703|59119|15730",0.50690684148330378,0.50705165169346933,0.00014481021016554685,canonical_raw_float64_squared_L2
168,1773,f4a25e6be5223f01,1f201a8d16b4097a,9948,100,"9948|20741|34113|43767|3358|5909|37760|42550|1644|49315|15282|35969|41205|43051|47351|16654|56307|46360|35513|8534|54620|18843|36680|14426|30952|58912|12925|49649|37467|10685|29816|49431|11262|56870|52171|43365|3953|28409|24911|52845|4639|44576|58237|37882|38692|38851|6642|32878|39356|34946|26661|45256|52652|7897|35816|32658|44300|7304|49474|55211|33454|44354|33975|17037|42964|6110|21176|14172|27230|34352|21595|43275|51473|5367|9231|45065|26370|4175|17664|12845|29196|46165|44550|5119|39194|59372|53985|59103|36385|30206|14700|22371|8885|47815|34334|15364|20018|26422|48283|33477",0.77908279049842366,0.77924803558453315,0.00016524508610948896,canonical_raw_float64_squared_L2
169,1671,defbf04359e06a1b,6ea348f8ea656c71,9970,100,"9970|24060|15129|7260|59309|22216|3997|38917|13552|53634|34550|38609|31949|44445|56698|17863|40600|41081|50467|27141|7734|55216|3714|46977|10892|24969|4216|19335|8602|32344|6016|59033|52596|55349|17782|14431|4569|12780|49814|50877|9635|39420|52836|17663|339|7967|14669|55203|51306|50464|38697|4487|38095|37733|24434|39332|18156|45676|11507|47278|24719|24193|55251|37862|33747|12225|59553|47840|10216|43316|2244|32747|54641|37750|14910|44046|34565|6577|13610|46867|11902|28537|28872|54837|19319|31439|9164|38696|28612|46628|28350|58467|7055|34771|44904|25211|12449|31852|57393|53606",0.74394998875235585,0.74545763842883817,0.0015076496764823144,canonical_raw_float64_squared_L2
170,2071,dcaad0647520b250,4cf35dfd09083703,9981,100,"9981|39246|19802|5709|22259|34291|6827|26553|642|2985|53316|25876|9750|2947|1042|8984|6481|22201|31569|36618|3099|18804|40440|43246|56286|28666|9156|49241|23492|35164|32478|1179|17505|40251|42143|58981|49564|31637|14102|47859|47996|1215|14611|7821|9994|24310|43573|55226|39162|31718|38803|38128|4037|27910|46747|13499|16876|41655|21482|33209|38962|16220|57059|41187|56811|39884|56841|254|34372|38891|40450|4736|57614|38191|6677|17001|41129|39743|9532|13715|32898|53952|42023|20544|31444|47864|29353|18800|29852|30352|31722|15195|47372|27712|44404|43566|37615|7829|4915|7482",0.64993335511974504,0.6502399717194739,0.00030661659972885946,canonical_raw_float64_squared_L2
171,2782,4fb46c1a80f29327,3f808e85fcbb8c2f,10130,100,"10130|11304|17432|57436|35685|32188|32070|25853|52456|42247|57655|31695|10065|52223|57748|26744|31625|17917|29782|42621|47456|44476|39927|35256|38466|18741|35927|29754|18697|21803|47685|30141|11676|379|16072|1323|51311|58411|41613|57103|9796|41988|31443|6396|811|16965|49130|4061|53265|4601|45648|16140|38900|33521|45386|16509|54944|36175|2169|3478|38675|16430|39138|48227|32726|30929|15435|40391|27615|8222|59326|6008|4298|48335|4096|24435|23765|1770|16894|33500|45325|4713|57139|4861|53971|16214|56342|21710|54649|40474|2459|38949|13966|55880|7791|27067|57742|26784|25737|5614",0.30539589263839007,0.30551363339274584,0.00011774075435577736,canonical_raw_float64_squared_L2
172,1926,2e181437a29c3c44,9a26e976be5a2092,10308,100,"10308|46129|45054|57158|24004|23577|19285|37192|38661|19651|1606|1634|30219|31234|13482|56513|43436|48091|16026|50389|19022|55528|43686|38521|2481|49019|30105|38346|20030|12242|41223|1966|722|55356|56051|58076|24867|51162|24536|51170|22115|25116|9615|16795|50478|51682|50942|33259|1886|23119|57420|15393|10028|21689|38165|15979|44631|42018|23675|41708|17469|24442|27936|7546|51855|48632|27894|15344|12578|57298|42880|2397|3028|53245|39963|55209|21382|12246|49755|148|16154|3632|20090|54456|56632|31341|45505|58710|48190|30592|18463|25788|21843|31667|26378|47455|49422|16510|49685|29817",0.74992140684828246,0.75070321900583614,0.00078181215755368516,canonical_raw_float64_squared_L2
173,1674,6d841e162c297f6d,4ddea2f187ec61e2,10352,100,"10352|13088|20056|39987|44030|55347|5390|34773|42294|37070|1021|57731|2249|24964|32418|18321|43863|58606|52493|2083|32937|24968|57297|53409|12917|19866|35231|2838|20069|24203|5310|58908|58389|11994|29335|32254|51815|29519|3463|40595|39696|42362|261|31348|52080|18908|4058|5186|35070|20676|8317|14467|6158|33050|54460|10450|48509|38168|873|53837|19742|50487|10806|52304|6967|13730|30902|26531|40964|28298|55182|53814|50157|30245|20688|3230|41701|54540|46279|17896|19688|5422|46320|46598|55608|48791|48106|9095|56784|14925|3838|6820|40181|46401|26082|24241|43921|46269|26211|39338",0.67449462117270054,0.67454955310240128,5.4931929700741122e-05,canonical_raw_float64_squared_L2
174,1877,18a78974b1068d70,7ec0072fcdeaa146,10375,100,"10375|41173|37634|30853|29193|45612|52944|53644|39371|11589|48152|20933|45463|32841|46654|33194|19564|21209|22075|3513|41503|13969|15480|27085|12562|22160|16849|5622|41169|5228|48121|6657|7862|11940|44332|10522|12040|3045|53150|44889|4667|44548|1734|24647|4374|3600|13138|18183|23894|8094|43921|12385|53916|21133|30050|11700|34872|33053|18989|49354|28581|877|59592|44269|22311|54149|3256|29002|54480|22663|32743|14546|40948|54380|37249|24114|3129|46233|2302|23608|46186|9889|47247|47515|643|47469|47787|4541|11227|8762|11170|22024|35914|24683|56701|34110|13798|55765|51114|35401",0.86648917449918383,0.86730696338959679,0.00081778889041295155,canonical_raw_float64_squared_L2
175,2458,2e5790744529a653,cd3b3a6fb7ee882f,10489,100,"10489|38102|55620|55013|38399|59384|9984|13008|53193|12200|47563|52395|10657|45267|51015|8889|39080|9045|47010|28892|22909|56920|22813|39561|18191|55534|15683|16493|46501|37628|57191|38525|16897|27478|40289|27921|23928|2905|55026|36383|39382|199|44546|25500|53034|5993|12508|38188|29799|17425|5950|17635|9422|46828|57631|54653|19757|11943|21587|41947|18900|20049|22176|1614|53457|25070|55740|19281|12675|41677|47035|34600|15446|8541|46649|33296|5889|21329|17608|37350|33319|11102|4296|2932|52696|53051|33287|19410|10248|2573|18734|4211|50522|25295|37898|35605|24967|26315|15947|23075",0.40243616256276232,0.40262449392002525,0.00018833135726292749,canonical_raw_float64_squared_L2
176,1852,7c7b4f0c4bdad3b7,fbbe687979a1c8b3,10500,100,"10500|22148|55704|5815|3|26129|54700|31614|16324|29052|12649|47864|16463|8751|2257|13012|17077|28630|22318|39307|42303|10873|32450|21946|15464|31192|11915|18256|4394|11656|23935|55695|22612|28373|40998|43647|26379|16852|2695|12177|36206|39667|8367|39430|9888|4119|44343|52632|11794|59036|52845|19026|24353|23487|52971|30046|22201|38713|24002|665|58574|12900|14532|43723|21250|21475|16645|45256|10561|16303|7849|4263|57203|22722|29377|35284|41678|49241|10540|952|33151|39378|49488|36619|46416|10865|5570|8369|13186|34067|35854|33241|19407|31790|7028|21181|2465|50812|49363|35710",0.72145030628334128,0.72190455085161198,0.00045424456827070081,canonical_raw_float64_squared_L2
177,2094,e3d8cdb2765f647b,a541c7fb9279cf1f,10505,100,"10505|51038|9986|12711|9827|17559|11221|7184|27823|29354|36756|46784|15109|26536|6467|47885|25326|27121|39389|120|53480|15568|28856|28872|11050|57190|42792|47278|26588|539|37990|36330|11936|49800|56096|43692|6917|24977|560|58845|14012|5889|17657|33175|56427|8121|50748|15765|19428|16500|9038|19271|6133|28022|32013|12178|3847|15828|36288|4237|8234|28164|51046|7410|34212|30111|26750|40333|20839|57602|41214|42483|25695|7661|2682|24533|21131|55169|827|1620|30146|18385|51367|52305|46589|37337|43054|49159|49730|52074|55265|57213|42189|19257|28355|4816|11992|15160|20149|39931",0.56319354241922004,0.56330309389065447,0.00010955147143443256,canonical_raw_float64_squared_L2
178,1961,3048b4b02611b60d,a806b61b518134d5,10508,100,"10508|15178|46025|52243|25370|18488|1608|41384|25824|30900|3173|1919|51845|57531|37091|48205|43133|50807|15016|6255|52646|8266|11108|1557|41094|182|18552|43071|21939|22518|2022|18512|22216|26859|23165|49224|50354|39662|39614|1949|55203|25636|49355|14243|13552|59485|1879|45647|15562|59370|24508|45726|29069|55098|14974|50464|1004|18157|35094|4672|58524|9637|29821|13256|56537|9164|11833|31603|38941|17600|28620|1568|44507|12577|12449|39294|49407|35389|59621|56862|28039|12300|30838|42665|18082|19340|36025|35601|52486|59417|53107|45644|5333|30015|41815|26553|12757|19427|10582|17317",0.70347673835365199,0.70359666739585924,0.00011992904220725631,canonical_raw_float64_squared_L2
179,1804,e863f9a0c87ca138,9f5978a6c6c7caf3,10678,100,"10678|38858|13217|28861|8085|4299|12548|34697|49748|5816|47151|2084|26229|11242|3444|25036|26450|19710|41964|52112|42870|3366|27490|3230|44529|42387|13156|25926|8307|12880|31737|36376|4464|40118|5102|12376|47774|40283|7777|29794|13908|20211|29992|36872|49873|4739|20635|46028|1021|59811|37538|30771|28622|59125|53027|34069|35145|38719|30901|32294|40935|6233|53814|37361|29115|10161|7692|35861|42684|20994|12247|50626|41259|55079|49066|54560|22882|36813|21624|29314|2185|5018|18752|22349|50351|31378|43609|14912|53397|12350|37455|29633|38650|16215|28269|23514|16853|33440|51061|49879",0.67058582825880286,0.67134229456915129,0.00075646631034842482,canonical_raw_float64_squared_L2
180,2833,1b39c34340ac68c3,50e796ae5ddef827,10742,100,"10742|9638|44491|21929|14275|49138|59825|4198|45938|42297|29827|28188|19943|42180|38209|45878|47552|52075|42603|48689|622|56053|16817|51154|42995|43991|40116|30707|31759|16274|55602|5738|39068|49950|33531|16675|16683|39756|47626|24967|44695|59795|48270|14697|40597|41947|55402|32457|55523|27487|24779|53524|31612|58689|51003|46245|49188|58062|32518|13776|11590|32197|12936|57171|14620|15219|11363|1166|1832|55985|46994|26837|22540|25962|18632|11780|9631|33529|19312|45595|41878|49835|29947|42915|19561|29147|48724|9176|40274|28913|27100|25054|41194|31256|50424|57101|19868|6234|15656|35469",0.37984698972242426,0.37988307649580066,3.6086773376409198e-05,canonical_raw_float64_squared_L2
181,2327,f3ad65ad9c62aaaa,77f7c54488ceb245,10746,100,"10746|2106|52214|16110|20585|5180|36514|19689|41820|53949|38021|10046|35154|43032|56943|34638|46132|43584|53759|48841|11064|16135|9724|5739|17937|52283|5788|33511|56919|40055|46112|38215|59318|35915|23739|16926|15482|8405|47345|10904|25498|10296|44041|41202|20655|22149|28590|32029|4795|2567|40949|26475|51836|28676|153|56994|35602|57834|29372|32208|23784|43714|38350|34213|20108|57410|24396|12858|3718|14827|24776|21194|9543|21885|8260|6932|29065|31579|53507|33607|13995|45136|47556|28837|55829|197|16328|47425|25265|1615|9528|1203|42146|4969|56608|52933|22243|41758|35273|7910",0.47242188993808953,0.47244540600703905,2.3516068949513969e-05,canonical_raw_float64_squared_L2
182,2086,3c14b3652af6d3aa,4b31e7d49e03a6ee,10769,100,"10769|45405|30343|1958|47352|26596|50668|47343|47412|37515|38024|26622|27112|33432|21398|50752|17952|13298|19365|23717|39391|26852|38082|19619|12389|31084|58057|10231|35444|35737|31176|24417|2706|40215|1318|42861|34878|546|40677|45538|39063|40902|7278|44947|53175|49197|9232|59317|28280|26218|12743|25486|2768|27548|37499|33486|31534|36521|44828|26008|34072|17991|39084|22482|51220|20551|49286|26235|46160|57324|34933|50093|17061|6766|31399|6438|26347|40079|16174|36852|17945|47860|27814|43948|43604|32207|11210|17949|48982|8850|30692|26402|59019|38268|26206|33433|19820|15601|19107|5951",0.55514670999884252,0.55541486702760745,0.00026815702876492598,canonical_raw_float64_squared_L2
183,2279,53904227b07fa366,4746c4149a379bba,10834,100,"10834|52283|51300|4173|37241|20515|19951|7246|53256|5931|4862|14634|56622|30881|6785|13749|966|54957|21781|22527|32610|19142|54412|8546|10131|1517|11267|28578|56521|41202|35664|20576|2801|16845|34343|23920|32253|37281|52722|47318|57341|55981|46132|53276|29041|6527|31446|39171|17040|28502|41420|46370|57322|21382|49292|15256|35970|37202|7141|47538|41142|8115|6415|17523|11542|35077|56723|40588|53004|55751|151|41841|37342|37369|2557|32657|32017|4962|2282|53787|40107|42353|46525|30213|7424|8021|20123|55345|29663|43974|38353|25781|5804|36037|27313|33582|42974|39388|1615|23112",0.59246454279963234,0.59272608082053191,0.00026153802089956546,canonical_raw_float64_squared_L2
184,2009,cd303f452131a1ef,5d0bc3a2d605f7b8,10863,100,"10863|33424|26160|424|58626|25185|10849|3371|4139|43912|33066|34127|13121|40133|44163|57605|46578|2047|16353|8923|36922|32929|48657|5755|8732|42086|38774|4345|4810|55299|37043|40425|57390|7163|13680|50986|12370|26145|23275|58300|42919|50900|47916|47447|6686|40501|26545|31689|19815|45731|26802|47494|54275|25935|26072|24942|32849|14474|43688|8795|47234|29381|43683|21690|36638|33593|31200|51680|3839|186|48323|50277|42960|50319|14881|36318|10665|25509|20987|39574|22073|22871|19559|4893|56487|28854|27118|48382|44192|46296|37900|50016|13909|12904|8254|30908|49506|16574|18904|7916",0.71210122012832366,0.71275018097024212,0.0006489608419184556,canonical_raw_float64_squared_L2
185,1832,6e11e57991867178,5558327c463081f0,10892,100,"10892|27065|33359|18499|53606|35768|48240|9398|5733|7395|12076|39644|4094|7036|13552|49866|19642|30185|37350|21652|372|26113|8496|17831|33995|1312|17066|18873|53851|34492|57184|25414|58408|27810|24784|29454|11526|27579|20913|47146|22216|24508|38361|42096|23810|19426|12140|27689|55203|35287|16611|9350|45712|30892|20154|52836|23587|5350|53780|10851|29113|42047|18748|59509|27527|53006|30900|39420|43715|32443|43231|10083|2516|13282|28478|7091|17663|10226|19335|571|46232|36071|42904|47739|3726|15614|22944|20877|41553|31840|53719|34308|31516|2595|23189|59950|32630|25211|54137|13661",0.57792078877771047,0.57861668105130837,0.00069589227359789785,canonical_raw_float64_squared_L2
186,2670,aa433e02d34f2fca,971bc2cfd2a56982,10896,100,"10896|29400|38670|40702|18925|36750|49393|12231|12789|58761|51712|30769|11808|20981|26195|31245|58339|16501|38848|13116|55164|7431|55295|57142|33683|5657|34083|45546|56810|37199|51409|47802|47431|40334|45985|34989|46830|16483|22112|42010|24971|39409|25172|55880|50975|35196|37633|43814|55923|47163|46987|50880|16385|14131|22705|47608|36024|37726|33695|54666|28279|20686|54113|23836|2169|45386|7283|35014|36798|38586|40609|24374|13575|38499|19587|19942|22172|39049|4717|23109|35599|29711|13752|39444|30123|9743|42467|1329|12010|45375|24404|30730|42621|18451|9818|50712|3211|41015|12461|3607",0.35907525380622834,0.35916876694347177,9.3513137243428357e-05,canonical_raw_float64_squared_L2
187,2129,671bdf38f5d5b8b0,d92b1391875cf64a,10930,100,"10930|12444|38774|51707|8432|17296|10877|17000|11567|31549|46018|4768|36684|57259|46373|10719|59350|45307|39743|50987|35968|28334|34640|3945|33154|12590|14224|15337|46226|37582|49786|14484|3166|24310|42408|3555|6692|37597|38852|7133|42911|33089|54377|11903|36948|6721|1577|22741|38383|6747|1933|37829|29867|2625|58315|45728|13870|877|29627|31689|49793|25461|53179|9431|22871|6500|6036|36687|57365|56454|44965|23216|43566|48216|39750|34920|47020|39977|27118|32396|29790|16938|49820|51359|11635|27229|7262|41305|11638|52088|28617|3262|43055|32893|49029|41984|34966|11517|14586|50190",0.53623503553044749,0.53647342136671428,0.00023838583626678567,canonical_raw_float64_squared_L2
188,1625,85a9b710723075c6,244ecf6ea5c9ebaf,10957,100,"10957|44559|2137|32640|7869|58078|10570|5935|26420|2580|25771|28666|11268|35527|49252|36948|15476|3072|21729|44473|9695|26074|16843|59911|7191|11930|5782|54417|50639|29096|8049|21925|33382|36651|8730|58731|57249|14611|56318|56977|22568|14937|26553|49595|39633|44965|55417|47838|15337|14020|25664|23385|30347|19992|16563|31017|10791|1320|17436|19190|49221|9665|45472|11955|20032|17110|6430|48360|37756|9994|42911|51279|10799|20100|32507|51269|27682|36855|5893|48436|42051|58693|21290|18262|16133|29990|31114|1806|5833|629|44160|17377|1140|47234|33232|59135|42055|42905|24419|58299",0.64560197863463353,0.6461092320831312,0.00050725344849766874,canonical_raw_float64_squared_L2
189,1996,519790a94f00fb38,6359f97ca2058391,11062,100,"11062|534|17900|12382|47161|19922|12593|45180|6444|55834|45545|3402|28146|51698|15320|2944|6496|50205|26535|27787|28447|37198|3018|14797|16431|23119|54764|55306|44118|23354|38846|42111|23273|52452|49859|47949|10203|43751|44736|55651|29033|1713|32642|27801|48928|25248|52889|3749|33311|8736|6675|3426|36233|39233|55856|50796|31875|9933|8590|10691|22548|36196|50567|9300|5921|16321|45661|629|4699|50039|18956|47720|12833|2711|21239|21726|9624|23234|40763|57941|13590|59164|15660|28508|52719|54147|20269|13159|58478|28731|22338|20036|44293|58904|34999|53290|51848|8536|48360|5109",0.63482917263628424,0.63658058384350091,0.0017514112072166688,canonical_raw_float64_squared_L2
190,1531,9704ea8c4a92e98e,fc8a8c8eac54acc9,11108,100,"11108|51845|6255|17649|56661|47138|18512|27265|1644|583|39500|14837|37899|13212|22148|7666|4890|45092|15463|33221|55208|34650|2022|26661|21804|182|4188|38353|34868|48742|57963|22133|2057|45139|32055|44566|29218|4362|49579|28602|50320|12595|51807|4672|23236|55161|41384|35389|1285|9030|6958|59485|35853|17455|42538|28472|23112|32898|395|27303|49355|810|31589|33775|35254|19568|16463|9158|9981|25065|46562|2657|31788|6167|16787|54248|59141|49602|27675|26559|20390|31134|7206|10958|51021|13584|55725|25693|56568|4600|42596|4151|1667|10482|45389|35623|19023|44804|36915|44324",0.75699649211358122,0.75731795405238245,0.00032146193880122631,canonical_raw_float64_squared_L2
191,1953,af721bc0b38f8d62,8a84a7ecbccf993b,11183,100,"11183|17930|20772|30132|35397|19643|41216|25523|43874|16040|6311|57203|52613|12331|23544|13392|23350|9684|17878|20983|37649|10235|2725|19918|28939|4224|8987|11765|4438|31843|6452|9776|33458|15166|24632|33765|38605|1314|8936|51345|48985|15077|22955|3559|7121|45517|30533|37168|56000|8672|12973|28281|28049|43285|5043|58665|31237|27680|15531|51431|18403|53233|29883|32765|3539|13021|7361|32295|52992|49818|27446|53740|35925|40032|25231|28012|28989|33239|12944|51910|56617|23739|48366|33743|27565|50728|29052|37178|50048|33243|25715|13177|5625|39417|40139|27181|52770|17937|4311|52480",0.5270153433598721,0.52750486092344684,0.0004895175635747373,canonical_raw_float64_squared_L2
192,1488,7c503baf840d4d87,b1b5a629020f5924,11229,100,"11229|34745|6980|7931|26630|11434|28816|32218|33833|12886|44953|52335|13356|36200|5169|30982|49101|27096|34885|39188|5340|38931|39466|42992|9128|30131|59065|6590|27711|56872|26527|23804|19644|33462|18410|25018|4732|57398|15453|28161|839|56382|19427|6001|14155|16232|9236|53844|7032|36367|41975|57947|12366|34397|4216|8765|11328|41402|50672|50448|20205|38208|4748|46947|39242|9073|6574|51209|37055|4175|43289|5491|42481|30838|7850|5328|43550|53791|33481|47737|57624|33450|40511|53680|54230|15560|25473|18477|1690|23362|22323|2770|59621|44558|39646|24600|24611|48444|31562|59870",0.81487602051697439,0.81497503741567734,9.9016898702952716e-05,canonical_raw_float64_squared_L2
193,2015,e3910a6edb1e6b64,164153feb569cc38,11259,100,"11259|37560|3960|18170|9569|31592|38555|20108|24265|25821|47783|2075|32321|21223|23784|10593|42440|7938|28047|17777|45335|6772|42256|57938|6203|41822|42012|35721|38906|31839|1752|3410|42904|3176|19532|14111|54828|36663|29022|32095|7319|36639|23076|47439|14869|52933|42016|51515|34377|1443|26497|27140|45467|3894|49644|56259|52288|43643|19689|39086|50008|1285|59443|5899|1406|27666|46451|44603|32510|15625|13321|22974|38241|56919|21344|40469|43690|17513|37895|31446|55289|25498|16505|33822|33623|57834|41658|4600|41358|59447|7141|49431|23903|40301|53839|6615|18613|26809|42798|32741",0.600762687059756,0.60195102496239739,0.0011883379026413898,canonical_raw_float64_squared_L2
194,1933,f541c27b19b3cdae,77dbeae0042063aa,11282,100,"11282|26683|40821|42284|53090|53819|13865|19262|27477|40892|43544|55928|19560|28246|3988|4381|31084|39690|31719|4114|21364|39739|294|25702|59222|43706|15519|32207|50223|44761|44324|47296|40162|55642|2823|20192|1471|51215|17944|45881|21382|254|26133|21896|21078|15245|32621|7894|47318|58600|14566|647|41841|26251|21240|54213|58027|4264|56087|53463|44283|58324|12848|40371|36730|47062|16475|32498|7273|52177|19388|52708|58738|20376|34672|27288|4538|43524|18549|42342|29137|30092|43724|38708|20270|59701|4219|53133|149|23288|56322|27350|40802|59152|29245|49208|59375|9377|36677|32269",0.62336275328041268,0.62351983311317172,0.00015707983275903281,canonical_raw_float64_squared_L2
195,2343,af6e1ee3c7fdcb5b,c538abbb155fc59f,11451,100,"11451|9362|51409|37953|12891|55137|31423|18715|35196|37144|56810|49764|32356|7431|21983|19009|38700|27589|18112|4717|20370|19860|46611|59032|15060|12024|10024|34989|19141|49910|58935|59200|41689|42161|19942|27944|23907|29444|26002|37279|13791|38848|1329|24493|52152|48668|8733|57749|14384|9945|17519|10617|45096|24609|44374|40113|23647|23640|35249|9718|5987|15548|3344|3832|25760|47431|21044|8665|13473|47550|41413|17827|55400|10038|30769|39075|19114|37707|52921|37413|52282|53425|21380|20686|37068|16501|58961|7440|46619|39049|31545|58339|58592|35300|39409|44822|9449|52458|28707|45382",0.39116538101333542,0.39165034132124033,0.00048496030790490252,canonical_raw_float64_squared_L2
196,2157,986810425bdeffcf,3b0b3f92fa5c22fe,11611,100,"11611|38486|31739|53378|10695|30059|59913|49340|55635|22594|15551|8582|37553|20301|28843|9779|39293|7285|42431|46616|5347|15203|5639|8275|6760|5950|13178|39439|28375|5421|38210|29629|8330|53309|46290|38678|36270|30156|3271|12437|23178|8417|11365|32015|19478|43686|59878|20704|20446|54044|34397|38912|10657|569|31843|6694|52796|51124|24327|9548|2397|37004|54825|28986|31735|16603|40045|50356|38875|53481|22360|59678|45703|5328|43494|54683|30884|9761|951|54744|1088|49297|25520|11926|38088|58349|57420|30307|34841|8987|1606|53535|47855|35801|57213|42339|51086|21177|27138|53550",0.44748500270696323,0.44776450879630425,0.0002795060893410195,canonical_raw_float64_squared_L2
197,2648,97cd35491062f5cf,925f50f26fec8c8c,11650,100,"11650|5867|25624|27931|32629|41454|26722|35063|37358|30029|12507|30979|55189|32140|52622|14479|40590|22557|53444|21248|53100|21217|20233|23440|21319|23157|28558|38091|5216|11554|1711|58795|37439|20015|11710|8072|7211|25236|27571|50447|57196|3259|53063|53094|48635|7509|27703|40752|15946|46655|11054|25659|3263|13043|28300|37464|8443|5988|55665|45412|51651|40621|25126|25095|557|12265|48729|12686|20751|42057|5702|50857|38224|14899|51018|43649|37690|10159|56970|43924|35414|53248|43479|9881|56029|15191|35446|44333|46116|26552|23581|13051|18617|7654|23113|47565|52570|53429|48847|7663",0.25196495568527327,0.25511116699564818,0.0031462113103749023,canonical_raw_float64_squared_L2
198,2111,c9bcd9b3440c4cf7,bb8ab4decabdd884,11666,100,"11666|38281|17155|27392|58392|36294|42177|16795|46471|32054|45452|32400|42256|8674|56283|40301|46205|20655|19938|11508|13683|9433|50039|56905|24485|34216|36603|41182|56097|19151|19022|19855|57783|55532|14608|24634|6583|32137|46727|8487|9182|24108|40353|47797|3124|10948|47144|56506|2106|8063|22679|46064|197|16690|17195|4465|51730|2048|35559|53700|1091|46591|33511|16377|35754|6005|41830|43034|54567|53255|42134|12974|32029|42146|16154|45885|51373|56750|12833|29022|43013|17756|10904|4434|27258|16976|27167|53049|54275|2944|39124|34360|11713|39316|35223|10432|58770|44736|35525|58904",0.59015484907903026,0.59143981133213441,0.0012849622531041494,canonical_raw_float64_squared_L2
199,1779,9d1fb313cae7324a,70afb032606175bc,11761,100,"11761|113|51260|20042|28096|6960|39853|3876|13034|7350|8796|44725|23910|29519|28187|57942|32503|53948|3905|44488|12986|33504|49566|42150|40118|22090|32720|16503|33284|28622|13039|52112|13858|4952|14072|19803|11585|15461|59145|57512|28745|30566|10088|16575|54912|13366|52080|16594|43447|10231|16984|8563|54288|55079|54663|31869|30646|52712|32486|9340|50540|52228|14532|39532|46357|24024|40184|10943|53961|52246|51928|49041|54158|7040|18891|30911|57818|56415|57626|3056|24903|40305|21392|26152|2959|1599|17361|16681|33637|26652|39155|55956|57516|45983|5897|5676|50358|53269|37019|21624",0.69235133326217868,0.69265256774172923,0.00030123447955054949,canonical_raw_float64_squared_L2
200,1793,3ea429818bb7d745,a9ba9f3a3dbf8ce2,11804,100,"11804|52345|12654|34206|15287|17250|48740|35628|27404|38047|47060|38919|46272|48310|12902|38818|39951|9837|16400|19238|44438|51633|56321|14068|24217|51176|52042|35058|11407|49213|9012|55135|59233|28979|55338|53964|40185|48610|4200|32945|26790|21653|22833|14311|43457|547|20829|40691|38756|53653|20452|6550|34667|56251|10191|22829|15792|50546|58385|44168|5052|36668|46507|46015|24607|15142|39578|4566|31774|7778|22884|590|41017|19805|8539|15597|40602|13322|54254|31131|1541|2878|47761|44051|22532|51810|57194|6971|888|5827|31252|15711|7370|43372|46978|31787|54611|11522|34906|36753",0.62768775621605855,0.62770623156437799,1.8475348319446638e-05,canonical_raw_float64_squared_L2
201,2212,c4d01253ee14a959,d7f36227418e24c8,11834,100,"11834|46177|11311|48322|37819|52748|48568|52393|27570|4517|45077|24678|20931|16017|20456|41138|3404|45868|33452|45235|42529|37296|44828|30465|38082|17722|3387|36085|36298|32736|37259|47343|20494|24544|22367|35926|38262|34675|14035|12743|6171|53678|12562|51187|1394|50625|9487|16990|46893|50619|44182|18879|46774|44210|18226|31776|15557|1242|47511|8650|27112|33433|10453|13037|26373|44947|2768|26348|39825|37050|6489|57699|226|3827|38601|36280|47641|9322|11594|14100|18338|15633|34238|36844|40814|42735|12424|17747|54863|9148|56130|17048|30218|16664|14462|9232|38071|49904|49539|6121",0.65262421456871178,0.65270480335749625,8.058878878447473e-05,canonical_raw_float64_squared_L2
202,1661,80cf8e2a5baf9613,64237c17846a3994,11837,100,"11837|17805|33735|49396|50643|52652|35784|34591|9689|5934|3699|49772|13631|59259|42285|14375|32898|50639|55403|34067|41084|46158|56380|8328|5570|13789|11990|13748|15481|1096|57293|37882|10685|20392|18835|30956|8897|34706|31172|35767|11046|24122|8751|42623|9640|36535|937|21902|36619|27913|18589|12984|40820|26276|16890|12220|38615|43234|41729|7940|57269|23828|42079|54172|55894|30349|54856|16399|37893|58175|51570|45336|24368|53985|19629|24845|36407|14788|2243|49714|56887|24875|51118|32700|15426|41025|2527|20892|54627|19816|58124|45130|47382|3229|5982|57888|34273|11861|34506|47988",0.76751222648579986,0.76765905697987458,0.00014683049407471227,canonical_raw_float64_squared_L2
203,1827,8392015d2a24f494,56105ae5db5d8fff,11982,100,"11982|47983|57996|44863|4236|7609|45790|51170|12320|19460|36399|22625|19591|7809|40454|7945|5248|45929|30552|8804|32150|19651|56780|30928|45725|54839|11254|31167|42018|47828|8659|43717|41506|38688|53505|58076|5784|23577|27936|1808|28612|38521|59620|6808|26107|56791|39266|14758|12036|11605|45530|53435|18108|22485|11520|55465|42485|44972|53245|54905|14983|7295|28341|28540|7033|29671|29914|53257|49058|36538|30592|32282|36281|3162|30876|23140|24536|39284|51143|52089|35502|10778|49332|51169|19285|22655|8626|13769|41854|41838|24916|32747|46556|37573|41877|23000|58556|43316|59702|47301",0.71797925216154246,0.71841685119490784,0.00043759903336537676,canonical_raw_float64_squared_L2
204,2141,a5ce9ca6ab9f4078,4b19a5f6e8fefbb1,11990,100,"11990|59259|27017|19784|54322|6329|3326|26953|33722|34397|34506|47558|44737|4706|11145|57888|28720|50858|6315|50897|43242|21126|1173|27217|42079|52062|26068|8620|34361|41836|132|14974|36535|23447|27913|50879|11484|21078|20681|53559|18507|51531|15327|10009|33706|50446|35471|34672|35854|31172|56504|56943|44200|36904|36499|14319|3627|58124|22612|11621|1435|6498|38896|50278|11573|23874|17910|21586|36680|13787|33496|10916|23604|57804|31807|293|14094|38794|17686|33069|50094|35767|152|46158|4556|9451|25556|32456|34728|5564|45394|26001|28881|34702|54571|13345|3506|32525|27236|37055",0.50032765569363413,0.5006960778445978,0.00036842215096366537,canonical_raw_float64_squared_L2
205,2125,8907d166b7c44a9d,5884a47bf86c5a61,12033,100,"12033|31891|27563|28454|30494|13452|44862|9457|39968|24321|30828|49667|11968|56016|15790|17724|45637|42873|50535|55428|3588|32530|33332|13383|34874|24289|40047|2475|24781|31235|34542|45541|21560|2050|51029|44011|22082|52478|7848|464|14043|37822|17676|13291|50862|2369|28630|9901|11333|43588|26725|43481|56578|22723|32174|23517|48337|35672|16539|619|48229|57605|21693|28998|42145|24184|57122|19857|33377|28992|15227|23502|47567|49537|43156|46271|19508|34679|57479|40513|24861|1035|15148|10550|25475|3699|914|7227|2602|50341|7916|17744|36684|57810|52859|45155|27803|6118|33089|42223",0.66973258645902034,0.66998442667480784,0.00025184021578750215,canonical_raw_float64_squared_L2
206,2069,92a42c6f822da741,611972807a741094,12160,100,"12160|28290|14258|43930|35072|22284|44525|45396|528|13466|3268|10697|11437|52337|966|45846|21896|13318|42974|15773|52917|4305|26515|15342|8705|13698|57550|51215|17934|21188|20673|39425|17431|57882|40106|23845|398|36839|40107|2119|56056|36127|45596|10105|43584|13224|50319|35326|31262|27834|11333|53697|32515|45175|51146|27614|43974|17050|2921|37202|45136|43032|8046|35383|36517|7386|56622|41841|29041|12848|58179|8021|35975|57322|5804|20515|32654|14113|29422|35238|17852|5474|18346|29635|49098|45133|10059|10250|26749|50881|56723|13891|46132|12217|14612|45688|24529|47500|33855|12591",0.64958020291220242,0.65023962525144618,0.00065942233924376481,canonical_raw_float64_squared_L2
207,2299,7b9806868c99be70,3b09a351bcc52f0e,12179,100,"12179|34463|53671|35857|6509|51771|39084|15668|59827|58855|10719|2198|48955|15186|51431|4121|5785|27253|34933|2310|18487|47547|59893|32997|31775|14827|31898|54031|6857|43860|29528|15118|34410|42418|7642|23414|47045|22319|6499|31431|32713|33210|14513|7998|48846|9924|45452|42472|23739|14359|50038|34076|32648|22838|1675|9018|19407|22241|38896|33480|35397|55022|12689|49359|20948|58836|40432|15347|25556|58326|9506|17197|6288|1547|59928|1436|14726|44803|53539|27212|17025|6504|8738|45221|8186|11099|55368|35843|48954|27535|44656|37741|14957|8591|8381|50039|51765|19820|33038|8251",0.51978478436644926,0.519854532034975,6.9747668525743656e-05,canonical_raw_float64_squared_L2
208,1909,53878a6d0ab21bbc,8db826f7205a171f,12210,100,"12210|36883|14241|35441|14946|29979|36591|39855|38273|40608|47412|24018|40615|23528|34890|18786|29591|26070|14809|30399|48435|24234|17031|54855|4631|31097|5172|53222|19377|58262|47097|53907|46866|48628|57290|21291|19839|19622|56486|53727|15988|57950|34238|2320|57249|24280|9676|39771|25875|40043|1590|13928|31771|30495|58968|50894|18860|33724|48962|22316|50507|59545|7147|29822|54218|6779|44598|24526|37677|38834|17891|45090|48121|7706|40050|11042|40076|14687|55988|10233|53691|1467|50645|47343|9941|7271|20559|51187|28457|58990|38926|41322|38167|3203|39156|21138|16631|57604|44854|9668",0.83099286883023016,0.83119652932274335,0.00020366049251319129,canonical_raw_float64_squared_L2
209,3067,ae89a0e6d83c5037,a1c23254e5c0d3cb,12222,100,"12222|11733|7254|49329|41287|12379|55387|20821|8612|18179|52364|52394|54484|41593|37097|204|31492|24835|51489|37682|15259|58273|22428|53540|23915|53199|20027|55561|48065|44446|40706|5900|42893|23269|50110|30367|36089|57534|57256|16507|26524|55802|8720|15338|15168|6502|50236|55761|2575|57466|2625|17389|50456|286|41925|52500|34384|55885|32193|37764|47536|13932|12860|56586|19545|939|26940|7220|53030|50329|14474|22940|25747|24531|26771|23469|22931|14625|14296|651|4063|34316|12407|55001|11406|32854|20306|961|39847|2400|18904|25357|46979|31875|1746|13901|18021|25003|2787|10113",0.57631331418440446,0.57662998139913757,0.00031666721473311288,canonical_raw_float64_squared_L2
210,1730,5bb7447ddafabdbc,248c664eb8a02c98,12264,100,"12264|28577|15093|27679|31891|13740|32530|8470|50622|13331|5382|37773|57479|10471|9494|42223|28245|20619|21560|476|55839|27834|56578|31734|46939|29465|25215|18610|12033|23130|8540|5503|7257|12326|3588|11910|52666|39524|15420|15528|51774|43552|46323|52187|49533|58891|34994|46180|29284|49289|14985|47743|26079|13291|97|27120|40623|2050|38257|47567|19877|28454|25438|19164|42013|35819|43380|23502|56898|25981|5694|16745|59471|44387|50152|30727|44934|28806|33377|9074|57710|33154|38936|55235|9256|17724|6074|52571|25740|1516|12006|44997|58238|2369|28873|19430|32603|58190|18815|29750",0.75463358866695218,0.75504824121715697,0.00041465255020478597,canonical_raw_float64_squared_L2
211,1740,b86c4c71b30855bf,3ffd4d0772b3f250,12310,100,"12310|39216|57788|52191|27342|24964|43964|41576|46656|55664|2152|52493|20775|20945|20025|14676|37476|11561|36906|52071|32292|59450|41964|31664|48954|8550|25972|53021|29401|3865|44895|17234|12917|2116|57589|9414|39593|4450|58314|1051|51483|9835|50976|26763|39657|4736|10471|37458|16365|30005|26293|26192|6880|21750|2309|50626|35861|2274|18224|39434|26965|1021|15365|47151|437|46219|43380|49879|1572|23341|7735|787|44648|21511|59464|41469|28615|59751|31705|3360|1215|32502|58389|7145|43995|51767|32158|27120|49973|40605|41472|28677|54779|53099|45577|47006|42143|37408|696|54283",0.58488824611298806,0.58581432997792149,0.00092608386493342465,canonical_raw_float64_squared_L2
212,2897,981ca4098ec99be5,a5cc50280d935d76,12461,100,"12461|31756|51712|30280|37199|28363|42621|55164|55880|33683|5657|14934|12785|25144|28305|51725|35599|24374|55587|38466|25399|47581|38949|39409|13966|9895|39138|47456|8437|43754|38574|23109|35685|44662|50560|32726|47091|11802|51311|44773|31635|46987|54113|2006|39521|11808|43505|23836|24700|23171|47931|7283|30930|14131|9796|59577|16483|38900|38547|33695|4601|58075|16554|26608|46592|18215|38554|30324|11304|43814|57142|16509|40618|57103|38748|11948|28279|13116|53399|17432|10337|59469|19730|40391|43564|18231|33500|33514|26195|1296|43610|11479|35013|7514|6044|11908|14684|15911|3039|13752",0.3052987445583375,0.30584072181552058,0.00054197725718307943,canonical_raw_float64_squared_L2
213,1712,0cd516283206880b,63e33b9ff9afac38,12484,100,"12484|27014|49458|45396|23845|4803|25893|59810|6361|20673|5501|15324|51146|22509|4446|23790|51953|2363|24913|58612|29835|44752|41791|39853|43553|49586|1366|49961|56357|9141|43930|36092|11912|25617|59560|16575|54472|45873|28232|528|47319|14995|6023|45807|2119|27247|19792|18258|3416|34840|22361|25444|6748|23574|3356|56056|15438|31851|18654|2832|48927|30589|50621|45846|12476|30306|12846|2402|47376|28338|14382|43273|13224|7460|18891|42310|16681|9260|54738|49749|22391|1238|13654|4262|52917|9079|15231|30470|6270|36580|40923|16073|7531|32120|35756|39958|54065|56802|42088|20440",0.71878685004915144,0.71885889229352484,7.2042244373404785e-05,canonical_raw_float64_squared_L2
214,2205,79d6b1e7470206aa,19b3f3c1ba1d87da,12645,100,"12645|3897|8283|39996|7394|29747|54505|48868|14195|49674|7674|59585|14717|21001|22369|3620|10000|2098|28569|11422|50881|10953|54403|55538|47738|29117|53676|10116|35992|19886|16073|21251|19696|18034|52262|41217|43687|10466|8688|39985|8968|17845|14113|54969|25901|59130|454|4250|9032|14109|31258|10838|22361|18327|54402|43584|22013|50233|38542|48945|47566|49758|39168|2234|27491|20900|53421|52881|54801|13146|7743|24454|7827|7531|16587|13160|19667|56184|27125|3649|34406|54654|57495|15222|6164|34540|18388|23034|48275|39958|4705|37791|47921|42310|19400|41529|22628|42353|27409|21088",0.59863054988594322,0.59982187452340452,0.0011913246374612996,canonical_raw_float64_squared_L2
215,2257,ceac795243c9e086,20e1077e1a0133cc,12925,100,"12925|3953|31154|29816|44110|43550|46360|47922|52442|53167|44958|43425|19208|34352|10423|31948|47188|10358|1280|9852|7785|28738|32658|11385|35471|9201|53787|58647|45989|43743|27230|27452|14172|6622|17123|46074|46644|23980|32650|52353|42005|7365|12713|30213|3027|55555|52834|23252|41252|33872|58786|2334|4893|18179|27666|5116|32590|21052|28478|30952|30228|2575|15083|17664|48019|53960|4864|36997|6260|43493|5490|31914|23231|10067|35495|53382|44446|6110|4710|38824|33039|20805|17667|10177|25583|50384|28718|55183|37569|33874|34853|58367|2703|50236|17634|32917|45712|15837|8720|44550",0.54710768709936719,0.54783286891004557,0.00072518181067837695,canonical_raw_float64_squared_L2
216,1685,3b8f769c9c4094e6,dbe70aa68def4fd7,12957,100,"12957|7370|6657|31253|13508|28915|57075|26647|47989|12755|15386|40215|15905|24324|13032|16884|46844|6903|10101|1332|40248|56321|2029|49769|33762|12038|1052|43964|31805|26737|8723|18594|21528|26869|17694|34376|44127|23088|54741|23648|47704|30424|1190|30999|877|8175|11223|15128|37390|42163|17223|15742|17969|24709|26008|46579|48816|42154|30215|33274|52462|18238|20002|44601|6152|8884|16310|53577|35465|40582|3285|6550|49266|44748|43566|357|47370|1559|6827|42101|9602|45084|19242|6830|39620|23410|11140|37197|16977|57487|19324|23342|16471|25702|52111|34108|34202|50358|45946|13996",0.69973528427729781,0.70044460044100498,0.00070931616370717432,canonical_raw_float64_squared_L2
217,1921,4edc2acc14801e90,cac809da5fb2d64b,13126,100,"13126|59729|52639|12904|47657|8603|32764|37921|48229|12778|4833|42426|22489|6372|40253|22343|16799|50263|59716|57673|51708|9803|15991|29751|35921|40501|38944|21585|49928|38355|10232|10905|33424|15397|43734|2011|39593|54275|57953|47640|7637|39005|25049|26160|7768|18224|3730|55560|24875|46890|23743|27118|53327|47165|14881|41333|3371|10173|38774|34127|55412|14395|4217|6030|37496|12825|57945|37928|56934|22052|36684|54833|43912|16574|24699|50900|23271|57259|9125|10930|37417|26020|38430|41293|11068|54323|1288|55664|55884|21921|36379|18712|1481|13870|8795|30016|28514|29095|33428|9607",0.68603767916574643,0.68617097833762397,0.00013329917187754337,canonical_raw_float64_squared_L2
218,2514,03f888bf079dd893,83f4687475a3e1df,13134,100,"13134|2647|10539|49690|4082|21323|18985|37720|24113|56902|46773|24889|21002|8395|11351|42030|30942|53924|11028|42375|11669|43070|27044|14688|29131|14879|4208|19077|1067|46128|39613|53038|10045|41777|28188|42051|34432|27326|42999|49653|48446|31640|36148|47850|57095|8289|47127|17433|21329|10509|28892|14935|30442|19853|12699|39475|59795|5653|37903|58540|20225|35569|34600|54958|39459|19515|40550|59252|36243|46090|44125|30711|50158|27349|55523|56842|7422|43965|37925|9577|58670|31191|38623|38721|57181|15140|19976|52362|32197|16024|49742|14772|28803|48634|9395|14383|21929|26953|42695|42729",0.49991969528552482,0.50000663150731395,8.6936221789124524e-05,canonical_raw_float64_squared_L2
219,1958,cbddf489c8d5c9ac,1691d9d4a1b90d5b,13201,100,"13201|50291|7472|18294|33880|57917|19312|57312|50228|31953|28169|2509|39034|42813|43490|3767|39829|12693|52251|59947|54075|50761|37415|22810|59394|16603|1004|59231|784|7091|50927|45006|24882|47439|22737|47662|27087|19421|48599|26958|47544|54137|50544|26167|23486|46555|33837|34757|44707|5128|51700|5950|7136|55203|45087|33035|44177|41893|54694|14262|57107|40197|51657|51949|8755|44379|44988|42656|32179|383|41878|48732|46957|33484|18499|41890|1199|49290|23817|26573|32630|13552|55216|23270|46253|45878|47132|24969|20842|20200|13487|34841|37073|12642|26014|14159|22448|19478|31949|36609",0.42416167051514875,0.42439335177449455,0.00023168125934580619,canonical_raw_float64_squared_L2
220,2410,d2193c6571c1b3ef,dcc7b39179a9141a,13231,100,"13231|24830|26890|15071|47622|22363|31866|38461|5880|18876|57709|4305|47295|52016|32928|817|33606|13595|52641|41825|7963|57730|36712|677|23469|48250|21052|49077|42780|34193|4831|40033|28797|14199|44055|37442|11209|46885|24124|1876|3266|6527|29420|56979|24312|44417|3712|28536|7820|35566|56907|26612|6025|48637|300|28432|3631|31691|20021|49512|45786|961|55666|11945|3775|40437|387|52329|30499|55345|13708|16372|28313|55889|11202|15442|49718|18618|42067|6837|25482|7383|33223|9953|49747|43620|48351|59224|721|44934|19917|33154|1425|960|11333|33941|57831|2123|22536|649",0.69825767632720159,0.69834154083929723,8.3864512095632726e-05,canonical_raw_float64_squared_L2
221,1986,78754b3a80b6a645,561a937ae1a1df3a,13323,100,"13323|7827|34290|44744|43824|12901|15401|1343|54801|57285|26866|26935|3264|59673|49919|12849|22812|14195|21088|39322|13278|41859|12122|28096|18301|10252|24417|19202|8426|17802|7198|33399|53064|56104|56886|34821|13446|7261|33729|31732|10035|14716|48275|46448|32720|56430|22790|17949|26008|27251|52943|24936|36813|30834|34400|37327|30014|44754|19488|59373|33504|3428|51545|31422|54292|32668|44101|10795|22352|57169|35992|40367|49286|48570|32330|6371|5567|29591|54773|57512|47703|42172|15486|1215|20944|18034|6474|17991|3660|15248|32294|45403|7763|9204|54318|22369|26530|44541|32727|15254",0.68740991960807551,0.68751631735456675,0.00010639774649123801,canonical_raw_float64_squared_L2
222,2821,39863bd9b5197a4b,d8d77b04cae2ae08,13340,100,"13340|13841|48847|47068|11325|3263|38133|47091|6276|9199|38731|43822|23858|19730|31465|23157|52210|51018|2610|18617|39232|41424|22796|27986|30280|3246|2391|19435|25126|7328|11479|4061|21217|10634|7509|403|21774|45982|13194|317|14755|21819|33029|12669|8524|17844|19091|43483|10764|42345|54558|18106|24212|8207|36858|15304|22308|53912|18319|1711|51374|57303|16801|58925|24319|24019|7539|15622|20474|24755|4056|47548|51946|11529|28706|43368|54419|42660|14550|18948|17965|15946|48729|51399|56824|57103|891|51010|38285|32240|35985|5702|43002|40747|51188|53650|23440|58694|21319|1249",0.24829231902160634,0.24864551984100761,0.00035320081940126702,canonical_raw_float64_squared_L2
223,1788,76957232f7afdbd2,cb3c96949df3874c,13375,100,"13375|7510|47184|27265|23033|30340|2182|54626|12870|2140|49646|27918|28832|20425|2064|50134|12530|4928|38695|25454|17713|47407|15212|7219|26874|42492|44075|47318|3413|19368|20062|17863|34303|15849|21235|43767|52937|42089|31129|2416|49294|53200|58080|53746|47216|57012|24335|46998|1111|18862|14751|45688|39976|46456|10988|59513|37373|13111|6299|16495|22456|51996|39030|18559|638|55465|12237|49355|25065|24468|1644|36937|58779|14391|58821|24836|59485|52683|32615|24624|39822|33094|3064|4890|218|45523|40682|28857|8274|20715|4600|36773|29218|18277|55363|12791|45531|50008|44085|50223",0.7995151789633379,0.79961402604622045,9.8847082882547177e-05,canonical_raw_float64_squared_L2
224,2463,772f61d8afeff97a,a9ee500c552fe869,13614,100,"13614|11900|3244|16147|48249|15699|51683|19124|22954|8023|10268|39981|28284|5093|57648|694|50712|139|42844|21253|46008|46450|10292|25691|14913|13576|4029|49968|7012|19066|27410|16892|40334|56758|21890|11283|36484|716|24761|35826|43444|53761|33076|53054|31950|9866|48071|33716|31397|51702|33767|32436|48792|28768|3073|10096|53847|28347|52411|35115|52156|57872|23019|6054|22506|17955|25352|6322|32194|17020|3324|4240|59568|28917|4092|51824|57977|12910|17827|40435|25749|37653|38617|38120|5030|57041|31966|7791|13266|28134|2881|26015|6308|49511|11793|37672|47456|32492|54813|42066",0.5783925627183073,0.57849419403255875,0.00010163131425144911,canonical_raw_float64_squared_L2
225,3093,1d5f0cde87f325fe,4f1a1ed0b401fd31,13664,100,"13664|48008|54184|10861|15960|46208|22940|53292|12398|45417|21247|51730|32997|33309|47354|10356|1710|53227|47297|48447|16328|27008|47752|3154|32029|5680|1072|58899|25406|52275|242|32526|36296|44041|55802|31492|59195|53605|53596|1881|14906|2566|26054|33885|59531|9502|31826|28676|17669|41287|37682|51336|21619|20027|55561|18033|45533|2520|52802|37391|53506|23013|9395|3970|12254|57365|30683|48394|15925|52556|55885|22343|26377|28374|13295|21277|35506|82|2106|35834|5857|26199|20263|13441|11733|16805|53375|22153|38584|35525|17909|1126|36111|8720|37368|55022|59825|16874|9356|32342",0.41391811263273925,0.41424380499653829,0.00032569236379903499,canonical_raw_float64_squared_L2
226,2774,96b974d23f77e65a,f7d765e9c9950ac1,13750,100,"13750|51730|23017|6583|51771|15668|40840|15656|48846|14305|47354|45618|29827|34764|58899|14620|36514|6509|14078|39488|32029|9633|47571|20225|37748|46208|29293|34463|42603|27049|24429|39127|23013|8543|19690|31475|2198|5857|50488|7559|49359|10011|31501|20948|58842|35564|10861|47547|48270|7822|54031|35857|52362|197|14957|29624|20655|59536|32457|16328|31775|59825|50799|9769|12607|46284|57325|23655|14873|9018|21890|30683|3569|27193|43738|82|47533|3816|2069|52547|28509|32208|54184|54571|17025|23394|9395|8186|54535|59893|14513|42418|14284|12179|48447|21247|46851|20659|18320|31928",0.41762888683386279,0.41792891916077363,0.00030003232691083737,canonical_raw_float64_squared_L2
227,2267,37835d1d4fe670c4,099ebbf8e2fa59e6,13831,100,"13831|16691|22877|35360|7130|11684|42324|25295|18953|9903|59525|57983|53454|58994|39786|6704|27875|16527|55310|22813|53497|48504|48364|10901|54116|2764|46928|5653|8763|44302|41481|55760|4553|16743|59094|711|21090|20286|33418|24548|58761|24165|9614|31577|9579|49683|40234|53847|22176|39843|52681|25500|906|38842|25203|44730|45024|54397|25743|30391|4897|30969|53524|29972|43672|5219|55740|57934|40622|34354|58860|21813|50712|18225|53681|43078|48792|54234|37111|19125|15054|58106|9137|25302|14752|889|5683|14187|38124|49752|46895|26175|1354|36287|40826|52221|32748|55646|56065|47109",0.53171918548598351,0.53197552517553293,0.00025633968954941189,canonical_raw_float64_squared_L2
228,1654,4e64e010a3d69931,7e584e61afbbade1,13859,100,"13859|34393|40032|50875|59172|27597|25177|40769|49205|36254|44686|3884|59139|31726|8623|49476|45341|57845|54013|55655|4046|45615|27522|862|43492|22807|18837|20772|33448|49418|23428|10826|5153|47102|23538|5076|45306|42821|11671|35031|40796|30132|54009|15061|3197|4792|12262|14876|31012|23405|12387|55619|3289|17106|8014|29749|16710|29403|20543|52826|41157|46848|4423|32063|42333|9669|20866|28522|18776|13725|59717|39121|48268|54174|328|604|29236|38590|45783|51092|31668|30945|38725|14674|30796|27817|44577|37411|9312|52311|29677|5060|15546|20607|56321|12130|59857|36406|46824|26863",0.73581690098850017,0.73604581384035628,0.00022891285185611121,canonical_raw_float64_squared_L2
229,2357,1c420a63c1bc9f6c,f14212bcfd139a8e,13962,100,"13962|40895|10448|19826|30776|23422|51824|6727|3677|46611|38226|5801|31008|11373|4643|11049|56198|48919|42295|19034|49864|59099|15180|50217|58499|58426|43739|50442|59845|35371|52071|49405|5562|9302|48052|45056|38501|36397|13919|15038|14048|20352|24493|36277|44646|17961|42900|47069|23647|5465|19299|45673|58326|44722|39837|59674|38328|4215|33197|21939|31458|26681|45426|28713|44374|42733|29300|27997|23028|40450|4416|44678|13793|10161|17878|12664|37400|7692|25631|8251|59515|52282|47785|58998|38778|38480|23317|32337|50780|36827|35297|56752|52407|10717|44010|50133|47656|37767|52402|8840",0.50138426975901962,0.50171590226840412,0.00033163250938450517,canonical_raw_float64_squared_L2
230,2665,d3e91926f51352c2,2f6f8939fb2d627f,13982,100,"13982|15951|26182|44967|27524|14190|4300|57564|49427|34567|12268|35626|41842|26015|59912|13981|34657|55586|31778|58867|16395|24456|43014|34522|46926|10646|100|21880|58118|31019|52155|41779|21431|25614|34645|1032|29513|46964|38374|20190|26977|9427|58248|48757|9663|50247|56960|11577|22920|37587|45162|36494|50904|6337|59412|7007|18700|40483|309|44019|26590|1092|59561|4466|51485|19336|32748|32691|25187|50265|25566|19829|56858|40891|37416|42249|14883|9786|53829|18933|2780|11886|55959|50376|40614|51459|53858|18822|610|23836|38681|46710|20936|29287|4240|7434|26188|14071|52008|5416",0.48114552764024232,0.48147949103082732,0.00033396339058500146,canonical_raw_float64_squared_L2
231,1563,8a4f514ab2675fc6,0e435c8dfe9b9575,14001,100,"14001|40249|11068|50716|5329|25977|11235|46982|51143|24813|21585|34449|41188|6970|29649|20837|46904|34426|3864|3617|26652|37476|54696|10845|15001|28597|55932|43964|5895|38650|58461|24371|44886|32720|8918|15769|32330|50834|55560|45773|27002|40506|35823|52010|41109|41138|10510|59729|9598|54663|49223|6648|9011|19745|498|7280|52808|9179|39097|32245|15967|30886|11868|48954|59984|125|17949|59368|58172|58724|58836|16574|9521|15975|8795|9022|35226|23151|59792|45780|22416|33504|59177|52389|4160|31945|28096|12273|11331|58140|45416|47330|16022|64|22406|52246|30753|36073|53014|39634",0.81244250810395335,0.81265650289090297,0.00021399478694961171,canonical_raw_float64_squared_L2
232,1767,7720c18b8cf113ac,8147a1b4d87a680a,14068,100,"14068|34206|52345|4071|46368|58294|23337|37476|18377|34906|38463|39951|47664|48485|3952|49213|12654|38191|31552|29852|18182|58585|16634|54965|37093|29553|21770|18381|30000|59233|22833|48215|7350|5052|4533|45109|48610|49663|49564|58127|13278|27935|7298|37465|53077|44008|31252|37805|41589|55135|6282|9617|27725|45488|2363|45714|8211|20870|843|10050|19143|11804|57520|11301|41505|40936|18827|10845|10716|23151|49257|36753|16549|39222|30306|660|45736|45413|35628|17130|19783|13867|45055|42512|93|25557|19185|48902|3774|33934|40569|29316|17221|56251|51668|1747|47206|17240|26480|53392",0.5934415060735132,0.5935253697653804,8.3863691867192003e-05,canonical_raw_float64_squared_L2
233,1896,3e1f2e98f5b09ddc,cf70711b06672961,14101,100,"14101|59205|42391|2282|3374|21474|37671|38258|57277|40798|45126|34127|59296|28954|25107|40367|56521|40106|13652|47039|36684|24524|18866|52549|32503|3013|4139|28926|57570|17000|40247|41959|1299|48767|43391|32610|15631|6616|47823|19721|28015|23116|56177|58345|5427|36327|10232|23081|46454|46226|3839|10260|26434|58868|8916|7975|29534|9765|49688|21921|26772|57394|59187|56148|45459|22425|56280|14147|16749|26741|25678|37993|32942|30103|27118|18871|42700|43912|41985|54275|3687|19609|17296|41390|37769|31797|5624|52392|55011|14531|48809|14552|41607|37471|6892|320|13337|17964|15921|9377",0.74764435991902378,0.74834731339351168,0.00070295347448789958,canonical_raw_float64_squared_L2
234,3322,8644ff1d978bc15c,81a4a0a6be3c8f81,14119,100,"14119|22709|44041|5857|4905|39705|53596|6548|13838|16874|9543|38845|30031|25255|46258|34384|5180|30683|40016|2203|21580|52362|42636|58636|42836|2106|11090|48841|45021|18320|4278|32581|46539|33501|44040|46587|46112|50799|3077|31515|57855|2573|10356|36069|8761|47922|50685|43663|59825|47800|27193|42219|53340|47752|22953|20149|32525|56131|20633|10861|32482|20439|5727|26566|3718|23193|18372|12398|36514|53605|42603|19604|20055|23549|58899|47155|5531|45692|7811|25406|15925|51154|24671|35148|42156|14906|7676|6502|14270|36442|28676|36841|16805|48270|26837|10671|31191|48290|42516|34076",0.39743574158204664,0.39812230782109337,0.00068656623904672642,canonical_raw_float64_squared_L2
235,2080,9c6236500d1fa04e,3d0e6602854c73a8,14152,100,"14152|32278|21482|570|17423|9994|11003|25824|40231|9649|23403|43806|38842|30113|31826|4789|25129|30066|53681|30464|38994|4093|28666|46892|3573|2693|50878|21579|23147|51335|53470|9084|1436|22339|5538|4553|35843|1230|26553|58078|20010|40315|1169|11641|41657|19061|55002|2723|38204|36614|3170|33573|36021|41020|52848|38736|2489|3137|23005|50981|17436|24622|7569|22643|28080|42967|31431|18836|31928|43680|44206|1132|6578|51838|17134|44583|33058|17039|12324|23192|39|1464|12557|59911|5709|24613|41404|6288|15090|5818|22481|57614|23032|27423|36943|18392|13896|43286|7152|22395",0.53208462559618419,0.53263331884603193,0.00054869324984774259,canonical_raw_float64_squared_L2
236,1997,31a89aa3c7916776,588125ba6c58f407,14160,100,"14160|50236|16799|38074|28256|18441|57161|3499|42662|24290|2933|8905|14310|29050|251|19940|31380|58535|4547|14882|12505|49329|34477|29969|42442|43425|25170|11560|34686|48262|7163|46291|53308|6994|19815|45082|23748|32785|32576|22931|46712|39067|56890|12888|7897|47788|10890|55419|29298|50986|28528|55796|40269|49506|54275|53787|49070|57002|43231|28447|25218|43876|11738|44301|23354|10758|51862|1896|28943|53084|32645|12974|59879|33066|3107|40133|33046|5442|44277|37000|14273|31137|54551|57865|14667|58080|31452|25986|58209|32899|26906|39186|41708|41522|53056|38513|46407|50952|54507|38395",0.63347932621041059,0.63415451335441042,0.00067518714399983359,canonical_raw_float64_squared_L2
237,2097,2c560e03580a39af,5535388b11e40934,14193,100,"14193|43573|45285|23492|40204|33273|4638|22899|59962|38204|29120|21491|20772|57059|32597|8298|59411|3137|52843|30132|16476|642|38774|26933|38842|4777|49596|38383|25736|31470|10346|12444|9994|2206|33976|56985|45959|1388|38994|5183|49213|35006|52340|44629|38891|41592|11567|14876|15480|56765|2126|6430|2930|6827|54927|35760|46190|16357|9156|8773|25459|36827|3903|38191|315|31862|45804|5319|33089|46741|1215|79|59438|30113|21533|21081|6403|34446|27378|17317|39501|59717|50089|32121|26666|33302|11049|35100|17747|4935|57483|5709|53864|40440|9110|44066|37600|28910|17021|25767",0.58062780928946101,0.58135709337648533,0.0007292840870243289,canonical_raw_float64_squared_L2
238,1984,cad99d84bdfb886b,21bfeb9091c098c9,14365,100,"14365|28826|31098|30667|45156|49255|14450|38222|24163|18391|38943|56966|16965|39966|8272|35761|21715|21227|59642|59960|24511|57746|37944|31674|51295|29844|30914|11056|308|40679|41772|24756|47285|31819|28340|36386|29641|56797|30955|3713|2977|43097|9801|40654|24567|56775|23221|46619|14203|48148|22424|11655|55798|44468|33343|40411|55951|31289|54151|58230|49169|4798|9542|52684|22937|51167|42495|47912|45516|14796|52124|38130|8236|11935|35393|34783|26708|3376|23816|38023|46303|59124|25254|50406|53252|57990|19015|34568|44746|27267|2420|5423|26341|36149|59182|13806|26242|54744|24702|33400",0.70385535779883224,0.70387919772826657,2.3839929434332774e-05,canonical_raw_float64_squared_L2
239,2585,35e7dd0fe334843c,292f6063eec2e875,14384,100,"14384|55408|27589|28798|57997|16385|19432|52784|5301|12540|11049|55037|44374|44564|25936|20334|57749|3721|12037|33643|12010|26002|27318|56649|12061|58985|57728|43522|10248|6646|36165|36668|26304|24041|13368|23079|22091|9696|58195|47159|9536|4891|17827|22264|36238|14436|33695|58871|27997|18715|50712|38848|22899|50383|44272|29290|34002|53054|5496|52869|524|49195|50089|42676|700|34083|31245|27643|57194|20497|13191|8883|18112|43288|55201|24294|9088|39023|15897|22112|27478|38933|53368|21856|35211|42161|48827|53608|24625|3034|28347|48075|18461|35196|40355|20385|12676|25888|47468|12231",0.3551363549240063,0.35551915333610212,0.00038279841209581944,canonical_raw_float64_squared_L2
240,2614,2b0b012b694ff586,6222255933666034,14444,100,"14444|55960|47484|1436|8186|2971|16687|23413|56398|4947|57721|57773|53076|9084|11406|32997|3865|21264|52547|22838|22428|3200|31431|39290|17536|55883|23519|34463|22580|17234|11003|53668|17623|39415|32412|24187|437|30143|42229|14395|42893|117|14513|7867|38723|15925|42156|56705|42896|45229|3207|43388|29889|12324|15800|2787|51443|45889|32482|52556|13186|1675|31672|42553|48267|58302|55022|6000|23147|33501|37368|52825|31447|57788|11099|18487|9515|23704|15118|44238|10238|22950|55368|53124|21247|57006|50334|32228|23630|11191|52671|55664|38357|56673|28490|31963|33595|15960|3710|6395",0.47297096973735581,0.47317328696999106,0.00020231723263525181,canonical_raw_float64_squared_L2
241,2138,dd0da9458044c2b4,ea8f6ac250eee069,14468,100,"14468|16048|53903|32573|26843|52249|24689|50201|10141|22682|16721|20668|31787|13850|44778|165|57404|42161|35199|35531|12189|45419|22408|3516|37707|10354|2829|9747|453|5470|30904|26514|47543|23827|56251|25468|6904|23617|57178|4592|38777|29421|6737|20924|24144|59948|47585|41756|55160|21568|40113|10751|26801|46794|27147|49007|58329|18967|42676|24079|52473|9325|13810|10673|1329|49144|22370|47341|35089|5803|55972|30460|54226|58876|19974|5987|10572|16676|52921|18782|10682|2166|18112|36013|26644|56611|36370|53154|448|9281|16100|34150|38637|28671|240|8998|15318|749|7970|663",0.474922311577958,0.47505371875593427,0.00013140717797627266,canonical_raw_float64_squared_L2
242,2720,9b5c5d29cb7f9c5f,9b588e10907e5aa6,14620,100,"14620|35887|13432|22740|41194|37748|19684|14275|48689|4702|30980|28188|31191|52025|47091|8543|20225|16675|15170|11823|4198|59825|34600|21929|5719|46851|29827|47979|40597|36881|30041|59956|36243|55740|55331|44910|41085|53355|7283|38234|25622|47626|54524|36777|23655|31169|29862|28788|45645|45878|53899|347|11439|26936|59795|59762|40856|19943|51003|32457|37518|13776|18320|22909|622|26637|7808|33529|36365|49364|47552|55402|41878|49950|10955|54705|39068|50424|55344|45536|27946|38209|6389|49441|43335|44468|37450|29436|40486|23394|43059|25962|44695|46586|38721|17372|56914|25753|17025|38054",0.28130277970306711,0.28157607109104615,0.00027329138797904662,canonical_raw_float64_squared_L2
243,2075,7079782d801d4579,a9330cf12204ed40,14647,100,"14647|45118|49206|54177|16962|15196|47502|56836|17095|39972|18288|39097|39903|1215|13670|8124|32154|52697|40593|34502|5919|2186|27446|39014|52761|39162|38650|16270|32478|9988|40456|40426|57059|34191|26165|41436|54629|21078|47280|54818|30630|10077|38596|49841|59222|10471|6840|38794|39739|22199|19553|14324|22090|31407|34672|43813|27977|36331|56635|57587|18549|43544|18921|7694|50812|24249|44264|27019|53419|56756|24084|10914|20078|4114|48422|21136|15646|31494|20544|9598|37408|39227|41668|1572|2000|28895|2580|49287|27288|32594|31084|39084|27060|35777|21535|15180|45152|47996|21335|42335",0.68281372293793818,0.68351440191869539,0.0007006789807572078,canonical_raw_float64_squared_L2
244,1811,f485240ee97b3c34,b3e36bebd5e86123,14657,100,"14657|28854|7146|937|43156|13680|45955|35755|26785|10471|17129|50982|35609|56214|12326|22198|46960|3590|50393|52526|53404|26160|51645|54109|38888|25899|31891|18867|19815|22574|59839|50506|54438|44163|54624|4547|48373|13529|5755|44934|38306|34282|54275|54542|14559|37921|15093|40133|57899|3502|9479|39629|15232|3778|4606|23773|24875|31698|48925|22375|58870|29411|50964|36922|26545|50986|4691|9517|31549|43481|8709|56578|15339|53056|17619|17689|44855|54172|11922|22416|3780|46282|23502|4025|20615|19941|44387|47590|28982|33606|374|10560|51145|55755|25509|7293|21543|13111|48935|39742",0.72260569186372847,0.72371978530453318,0.0011140934408047087,canonical_raw_float64_squared_L2
245,2424,c6c6c14fb0d7dfa9,f0cb938058e4fc70,14730,100,"14730|13064|50143|4600|36514|12833|45136|33480|16837|41309|20655|8720|12237|56537|6255|15212|50008|4098|2106|45545|46398|6669|11859|10203|49646|45139|32208|18732|12514|7165|13995|42256|39952|43584|31578|51031|42146|2921|52683|8063|55885|13159|3756|27494|19855|4628|18556|1406|57659|55557|53839|58699|34868|3447|3970|4188|57410|8621|42974|31782|5180|53949|15338|4104|3109|10091|53041|41820|40301|2425|56905|4710|32029|39614|37373|5062|23354|11329|49518|20152|132|42312|26598|47184|57783|41810|56674|40049|24835|7365|1373|37118|4475|38896|24485|32854|43034|20515|35077|40466",0.56559708373199213,0.56682655145878602,0.0012294677267938869,canonical_raw_float64_squared_L2
246,1908,4a555b9722fe494e,5f434316a6b267c5,14805,100,"14805|56685|39391|40916|40593|25767|58057|1008|947|27815|3411|50688|4264|14362|40174|1362|5392|49826|4206|50513|52186|55058|34136|23539|20743|32143|59338|11769|45538|24018|54353|21147|7877|54795|2198|50648|19476|39084|51055|57587|22355|50577|58440|22788|26205|53200|11303|19819|44243|15454|47412|51384|44757|43246|28587|8815|17455|50437|47502|6886|16171|51302|58667|19104|44280|13511|6828|33518|56871|9649|52963|33271|25537|53222|50043|54887|28893|23033|50093|820|20809|44653|27350|34933|56635|13024|45860|18786|53329|51465|28571|34672|42443|54765|12110|22203|24322|16320|59227|16444",0.71163412627674139,0.7136422459388998,0.0020081196621584141,canonical_raw_float64_squared_L2
247,2598,f3c4ae76ff2bda5d,1c0ca79e70efcc16,14883,100,"14883|28682|21431|57564|16457|46964|26182|31189|16425|19836|2658|35626|2707|18822|51243|41902|59736|15951|39032|28431|31778|14286|26188|29287|47409|47945|22576|50185|14821|12206|34657|53829|28267|46142|43086|13886|13481|943|28412|16395|45162|44967|38867|55959|19509|100|29524|36262|12207|41714|43001|36953|3292|14190|25566|35954|1092|43014|27524|24765|11148|1032|36209|30152|38815|15648|47350|45924|49245|59590|42429|15437|309|31608|19829|56691|26147|40019|41842|26977|4651|4300|40614|24164|56463|21111|34341|51459|37072|1686|10646|6264|21451|29075|45620|11612|16139|26015|26105|18933",0.36450802834323109,0.3647439889307682,0.00023596058753710958,canonical_raw_float64_squared_L2
248,2581,81b0820144a66dd8,2c482f07bb9f5493,14935,100,"14935|22857|48447|41777|20225|56902|40486|32525|38810|43070|20913|52805|36764|59795|26543|34432|16805|28647|54184|41085|6710|53550|23655|29827|5724|43157|42516|43122|29679|37391|9577|6498|27044|11439|22743|49690|42380|24505|28892|23817|37602|37925|31191|19011|10242|26157|43335|56850|42695|46773|47563|7811|9363|48270|11780|48738|49412|19077|18599|54958|26819|43224|20258|30041|57181|1070|33634|9395|25931|20659|7074|34167|42510|43017|53375|50254|14620|13403|9845|41897|55026|51303|11728|50843|53596|43337|24953|22572|15482|20055|34776|38188|48446|59925|18557|32822|4208|8889|47979|8496",0.37529576938512832,0.37568425965144581,0.00038849026631748718,canonical_raw_float64_squared_L2
249,2321,d2c79f56c7340d5f,84d16ea8e40c4d97,14979,100,"14979|49973|2309|24044|49816|24608|42448|22255|36731|23341|7735|6701|25009|41576|2489|35191|46656|26407|29401|23519|30817|51667|49873|19407|46131|7145|50668|34137|25417|20962|3885|22675|47045|39361|27354|34449|14392|54448|44941|26267|38517|57006|21685|24903|7692|25397|59659|27457|50334|27291|9506|14768|35080|22744|48884|41006|22428|51697|7172|28441|40964|428|53765|51980|18487|46292|28861|11180|12324|52673|45685|27253|30424|29292|26231|31431|13049|13910|46106|7713|17878|26375|33351|5815|8226|17760|29770|25972|55016|59038|31382|33316|2570|11406|39434|28413|9468|54648|54490|17202",0.72685664862909505,0.72686337255507905,6.7239259839979582e-06,canonical_raw_float64_squared_L2
250,2110,3f98077b059f9e90,3b6ed315fa5869ac,14995,100,"14995|39965|528|22361|59029|48425|56104|25117|58733|5747|21088|44057|54978|35939|33504|14216|43447|55795|22090|27184|40118|57308|37123|45873|52917|10795|5759|53463|44725|35587|37294|39958|29137|46383|16681|18063|52655|51953|38484|59373|41568|15342|32498|28096|53436|39934|33196|15752|6960|32883|42310|58297|8796|46104|50594|52346|54505|21752|11757|54663|28509|23196|35076|25063|19779|57818|41191|50661|22938|25098|17294|45821|54801|43930|50867|20192|51521|20179|45396|58091|4673|55011|16984|13224|22352|18069|48275|41791|41217|36813|45228|27923|30566|6023|6119|33727|34638|58981|15632|25554",0.53571605513407794,0.53681972891208418,0.0011036737780062422,canonical_raw_float64_squared_L2
251,1829,36bbdd88d3a05baf,6d171c53cdfddaf2,15029,100,"15029|15232|32858|39822|32412|39067|424|59729|22375|35924|16050|55281|38361|4361|3055|47209|55540|30554|40528|54420|56855|31302|48875|59481|3498|20615|38944|12791|29554|17538|9350|10007|14657|55343|20627|22416|7753|22872|33320|11560|29050|31701|37654|43753|55560|16280|18001|22052|9803|40419|9167|12567|43425|4885|38306|30614|7395|19135|59952|5714|59513|41108|44306|13059|33430|8338|49636|7064|55776|20429|18502|2482|7319|534|47407|45978|4712|53896|27776|54641|30908|40682|27520|7163|40269|3499|22523|10807|4691|18441|28521|34833|59779|8467|37231|31452|14053|7293|8198|20624",0.73750941249748792,0.73797594813711442,0.00046653563962650857,canonical_raw_float64_squared_L2
252,2261,7d019b4d84764036,2652592b277ccc95,15040,100,"15040|16556|20439|34566|55434|25798|6498|50746|9185|33555|31289|15787|23144|15440|59756|1157|10267|46513|49720|56213|45369|14241|32125|8335|10242|37403|39063|38532|34617|35998|41656|31287|8649|17711|4964|37553|22203|21349|34076|33585|53624|18063|8272|7877|15165|2875|1362|57496|29979|552|49886|52338|38130|50031|45495|30500|35462|21460|57391|2336|24808|13018|49327|58636|11962|43834|32719|37381|24681|3411|34669|44588|2834|54699|51535|34361|25704|55126|12554|1302|28013|5961|42377|17831|47062|55942|15192|42323|51637|4998|132|54353|3146|13400|12667|20193|27412|26280|41268|23513",0.54809732941836109,0.54836574943429495,0.00026842001593385678,canonical_raw_float64_squared_L2
253,1935,5c3cd0797e7a4fe2,61944a7df737a3de,15084,100,"15084|3792|14041|50103|9399|57065|47410|6781|14720|53468|51411|55881|59050|44093|23458|28508|11949|9553|7964|32277|40914|43751|13415|58096|52452|30960|25014|12780|55651|10691|34011|33066|9178|21726|19542|43894|9300|5479|39233|31341|2326|15340|34337|41045|6017|41184|13120|5088|39954|47982|51373|55433|40302|2748|17711|55532|29950|19151|3242|51592|48683|5749|42028|26297|24705|43351|27470|27142|44485|26736|27010|979|42358|4465|49430|4346|42662|49599|15344|48047|7620|58669|38281|3410|984|14321|50039|45460|50444|8686|34443|552|44039|34217|28943|52832|56865|30568|33159|25287",0.6652108452529012,0.66575022656710159,0.00053938131420039337,canonical_raw_float64_squared_L2
254,2310,50235f3ff640c250,c528babb3fd0510c,15126,100,"15126|30629|32757|52362|7997|48008|24071|42832|28516|31161|40794|8691|19980|46253|40116|51551|18834|25543|21917|56609|48599|45196|414|1227|31210|30585|22909|50441|18294|41194|13403|27163|50601|34669|46208|39413|13542|1669|50228|54697|13673|26845|7165|30683|18075|48876|27848|242|57917|37118|9337|34736|5680|10350|54845|36294|18813|33914|49806|34600|35228|46057|33798|10206|23180|21626|59917|53914|44039|44330|27613|58899|19067|784|28766|47917|45129|171|27044|4138|47496|38051|12501|36913|39003|31434|48738|14772|47297|16603|50304|26283|7410|43335|25347|6924|36788|11565|48087|40011",0.53525141122400988,0.53584201422114686,0.00059060299713697972,canonical_raw_float64_squared_L2
255,1913,26c0bb3a956d0878,c09e23ccd3a2e70c,15172,100,"15172|57376|18226|39769|22166|22063|41650|16226|49636|15562|35066|54684|30038|52757|50619|36844|40958|51114|48899|4856|26127|43955|28873|20627|8188|17607|53464|15365|43397|23332|8817|31010|41690|16851|49670|28394|18252|32926|55186|10679|7181|19765|5|36967|9229|22261|45077|10471|13491|35178|14099|57825|3020|45261|14074|8094|53678|18373|20307|10453|1814|23525|34902|49421|265|37698|59214|48531|45766|2020|28277|57639|49094|3533|37170|26576|53282|19867|28155|19063|40358|42130|11085|24376|64|51258|35779|21651|59530|30344|22946|4537|53489|58948|10495|26695|19487|19877|16726|44929",0.69316329408085209,0.6934106644643846,0.00024737038353250806,canonical_raw_float64_squared_L2
256,1944,cd4bca26f5f756c1,d2d33b152f77998a,15182,100,"15182|54146|12109|23249|58371|19093|34744|58205|4613|35584|31519|32730|10267|54231|35424|7877|53698|25101|45777|3824|33135|50582|24571|46176|47395|4431|31062|56708|4330|56480|37767|35462|8236|17735|33197|52609|12492|34152|24131|14399|35393|48147|18485|31004|21565|54351|23781|57496|37683|58290|11402|27097|16880|13892|50031|4554|11863|36338|57771|6680|4577|51189|9887|779|59607|48408|57320|45190|12105|30791|57188|9265|34413|44243|44279|15236|57391|27239|37381|1077|12544|58536|21568|44183|45458|54106|710|1362|39334|48164|22942|28054|11342|16706|1595|59334|47593|29444|16223|20948",0.5561224790336825,0.55690468900810419,0.00078220997442168816,canonical_raw_float64_squared_L2
257,2938,70a1b95e005d6f82,75c2a6471237f73b,15192,100,"15192|2299|37543|7277|35119|22101|13783|2595|31167|14852|33608|17604|47384|12860|15440|15294|22709|11254|34076|32237|11463|9952|34384|4278|47800|21038|31570|31515|41140|6593|46998|5531|20439|6025|33555|2875|31142|46587|22804|18543|41318|16742|20293|1635|55022|50347|53605|31406|25003|53934|32825|21447|19364|7036|19552|22460|40377|46348|14759|36997|24835|2703|42027|46232|49720|35622|21349|39889|48801|56309|5857|6000|16611|46642|40351|15513|15787|939|19420|9451|11526|4644|54816|10549|437|54535|49049|35812|52394|3944|39144|52414|49740|961|50476|13918|51350|48046|45750|36069",0.52702458641983796,0.52748948912058302,0.00046490270074506235,canonical_raw_float64_squared_L2
258,1887,22c4a06965017043,cb7791c8deb555db,15295,100,"15295|44726|17700|10717|38577|3930|9220|55566|33399|22316|27358|57169|39855|50637|37607|59464|47994|20199|17991|38484|45403|29203|54949|4797|46106|6371|19202|33271|22938|25857|58968|9268|24417|58443|25544|27545|2511|20971|11971|7350|7421|48706|4244|37920|51383|1380|54978|31534|56886|8670|18796|28227|1343|22712|25206|34052|1559|49933|41248|41282|50591|10934|21418|1572|41963|40305|25201|50953|57537|34078|17802|11178|56891|37476|17063|9216|22459|58502|22358|49716|34906|20557|21558|11401|52202|43818|32925|39084|57643|40056|4942|27350|54365|16142|10387|42701|49362|57199|56430|19485",0.63180959710920381,0.6319975469246365,0.00018794981543268641,canonical_raw_float64_squared_L2
259,2025,d10612582865fee9,78aaf08fbecfdedc,15317,100,"15317|14171|30322|35462|22203|34260|54002|35584|53632|12985|23388|4330|50165|24571|57391|49720|33197|38433|27759|24034|27005|26205|44945|50794|42595|19393|37381|22230|21291|16667|50746|48826|22128|10815|23302|37767|15145|10267|33585|54351|34076|11071|30124|11636|28338|2834|59607|33667|16556|33273|58091|48679|26667|49638|12805|17095|13042|26634|32597|59334|54699|11862|53750|21197|37553|23144|3138|21460|27630|9185|3411|57827|22199|56910|23639|14196|36602|1942|21331|37287|56708|11550|1624|31843|954|44610|14919|1958|47644|59893|16299|12709|57143|19488|50788|58051|15040|43532|18736|12128",0.58362237361715286,0.58422420629021476,0.00060183267306190835,canonical_raw_float64_squared_L2
260,2621,01824d3e85aa0bdf,be9a9c8c1fabfaa8,15335,100,"15335|13931|45332|22909|36913|9126|8700|43335|54042|7793|5701|46776|19281|23061|21460|8956|13403|57191|29572|31942|19312|44695|17635|49950|18294|12906|50304|1708|21606|38926|42035|27146|45369|20950|48191|48860|16704|24476|29798|8763|28913|23380|50254|24726|41931|53271|53272|51003|59987|25915|24571|4208|56131|44259|13806|6924|55631|48871|18851|39228|44058|35574|42643|31759|10249|59384|1360|17382|1651|26116|26396|27412|4420|10230|58475|28811|59620|20055|55513|28272|28729|41897|55740|33563|18554|31169|17891|28732|25946|36880|53524|12819|36383|26459|2888|29799|25875|28188|30921|19942",0.39938569018847192,0.3996449594212792,0.00025926923280727987,canonical_raw_float64_squared_L2
261,1947,d58a8f0d05cf36da,8a18e8e7bd39548c,15441,100,"15441|20704|37721|52828|24852|10210|10235|45703|15723|10465|35329|15166|22594|6311|31735|5570|56504|17295|13392|54576|56033|51364|9935|4438|7285|14492|36336|27417|19178|54200|30059|32015|6694|16893|5462|39932|32073|36019|17937|45652|21229|11622|12331|16179|12973|8987|2869|6452|46616|22955|10184|11765|39293|29052|37757|20299|50048|37340|53673|50698|28281|9776|45114|48366|20183|18043|12437|36663|10873|8890|3784|2654|8092|57093|17199|53616|8343|21900|39143|38912|9802|27565|11995|13094|43991|59353|41961|8044|20102|18403|30533|5732|48862|52065|56888|5229|23696|24159|1314|16933",0.4449014969028281,0.4450399770496628,0.00013848014683470744,canonical_raw_float64_squared_L2
262,1748,d2640a53fec3e120,0579fcefe3ebaceb,15472,100,"15472|9802|11091|40075|2564|55079|57702|37843|42828|47521|59125|7541|1595|29335|9359|31861|39875|23372|12339|8987|21852|37570|30322|55500|13021|29562|32030|2869|49141|35578|36182|12536|52699|26712|44290|9935|14196|38650|2654|29115|33122|40220|26652|23302|19032|20424|16179|52609|29079|58051|8865|30817|8233|9056|53431|22612|54663|19286|44057|22882|28730|46383|55427|59603|5625|25498|7777|36852|24028|21656|48712|54738|9598|14998|40280|47907|44358|955|54875|38858|595|1992|57495|23445|52453|38912|18575|12805|6680|5845|59607|33657|6104|20211|20837|20647|27251|24890|42752|31843",0.64222605697413404,0.64274597214502793,0.00051991517089389205,canonical_raw_float64_squared_L2
263,1778,853a45f7553da682,dbc86823cfd82b56,15528,100,"15528|28245|38650|30782|29283|8625|5196|6608|23887|38270|9340|5951|51435|51493|16962|34176|38719|38508|55540|54875|38858|16338|17234|26915|9598|6136|27616|46043|42684|39290|43143|6766|30646|47280|51761|41978|33426|8431|31301|42968|8307|8826|57788|43635|9494|49795|6922|21097|56020|16451|56127|31447|29567|54893|19737|29918|3366|51767|11910|31448|32603|43812|14878|57512|21014|22088|32099|54177|54437|45787|8877|29314|49452|45565|20927|43921|6960|31300|57302|29751|54696|1064|39323|51925|38038|30005|5906|57948|18602|57499|44238|11664|32863|32412|18062|42387|11738|32771|54663|45296",0.56913391879615249,0.57058808737773503,0.0014541685815825378,canonical_raw_float64_squared_L2
264,2450,a3084c6490aa7477,2eceaf70bf44ba34,15534,100,"15534|16367|36943|17536|32412|38968|27065|52053|31570|55960|14133|50663|46772|34076|10935|47671|18542|28769|21368|23821|31878|7036|36908|56855|42893|16611|33595|31826|55534|17234|33701|36026|6000|49046|31417|13580|21828|23413|21201|5796|55802|55022|8053|58978|2253|53103|32828|32664|55026|25481|27474|9468|4885|20644|24562|56461|48884|28334|38736|10877|31609|22428|20913|34474|35312|11406|29386|41331|50167|42725|38122|32997|39240|15717|40649|5919|8528|57589|39874|15440|49655|17566|9515|1212|3022|15787|12186|3037|30390|22743|21247|57773|1989|57788|54177|58302|41631|34457|52078|11526",0.48967485063427196,0.48992181653517597,0.00024696590090400594,canonical_raw_float64_squared_L2
265,1719,77a0b8657b9da4fd,570fc157574c527c,15641,100,"15641|51176|7851|14870|42406|7302|50368|23684|19351|12881|20057|22685|59028|2923|42498|30000|39776|43573|54815|25459|59099|59426|24310|11013|41855|20452|32666|33325|32881|23337|38387|7588|18341|4778|26000|21154|58898|54611|30255|52345|1720|31862|6756|27229|4784|1559|24764|53400|31089|7129|20044|3137|47518|20100|15780|20352|32133|55135|44438|5633|15046|48902|42021|8214|19219|34206|28848|18203|672|57046|32121|11524|17221|34651|50528|16511|32398|22514|41705|39094|19185|59265|6903|21409|40213|14068|59120|4200|50066|26685|9139|55868|49213|8049|40204|31131|8919|34371|26553|38925",0.64243237189601587,0.64276842242499344,0.0003360505289775606,canonical_raw_float64_squared_L2
266,2201,7d9c55470ceb599e,35d50bd091f33de2,15700,100,"15700|52610|38638|50559|35466|26956|21903|36137|47695|7539|19267|9903|43059|24706|35569|15214|8355|59639|25753|47152|42014|46564|13431|56699|51758|9067|44918|40256|4154|44112|42567|55331|56118|30442|6296|58974|49276|40566|9199|17127|33490|32103|58317|30763|31647|19780|47853|44090|1838|50655|19916|46686|20671|6253|23064|59700|35833|52082|20724|55721|23611|12161|982|32012|2543|957|2155|53650|21365|23944|22752|9520|37903|8844|52883|36398|19843|57038|47368|59915|21442|43987|14619|55785|28867|49275|15174|19612|52660|35765|36858|14383|14023|4702|10409|15189|41325|43990|27185|19998",0.30751042602755707,0.30810919726028807,0.00059877123273099908,canonical_raw_float64_squared_L2
267,1842,74f02248360adfb9,68c293d336d51717,15801,100,"15801|5247|19590|25710|4021|19144|8728|43274|3704|6803|6356|33431|11532|17422|24607|15966|26198|56070|17995|41857|51545|16855|40659|184|39990|26362|37799|23198|39940|48051|20643|4762|23850|54025|7350|40250|16853|43164|42684|14557|20114|59125|49702|52099|5358|9849|30439|15460|26652|23190|38682|4171|22532|11646|43416|30675|40774|54952|2739|42860|14803|53826|38266|42084|8476|18377|48997|46917|42856|25974|27442|31457|41532|58731|32564|50915|5519|11857|13755|9932|50240|23300|47774|55571|53027|9878|12880|54647|46|52943|15281|54006|25926|328|26158|18754|55685|54560|51412|35757",0.90417307594932161,0.90534624113504325,0.0011731651857216363,canonical_raw_float64_squared_L2
268,1804,3b00b940f7aa21df,89c3665f074f59fb,15881,100,"15881|26166|12973|37379|21191|46601|50048|26963|53061|31482|32696|11820|52613|21229|59244|32152|31746|11334|43036|46316|41216|50698|36421|17671|28939|30533|2414|9776|21367|16040|20234|35397|24155|13787|13034|54576|24852|54076|2976|26236|42330|14254|53009|10235|49333|6311|23544|41464|37016|30498|38780|49893|17910|19249|5840|31804|41956|17005|916|3434|58665|27659|12331|7911|28281|16689|26161|4231|20511|49648|50867|31965|35484|4969|6857|15166|43285|18128|42080|18738|27560|20588|12696|11622|54738|3054|8764|952|53026|4438|34947|52967|57380|3627|33389|16890|44974|27334|36480|5067",0.52611733518757309,0.52659519200871663,0.00047785682114354078,canonical_raw_float64_squared_L2
269,1987,0f4ceb9679b9f614,66863e79a07a0aea,15943,100,"15943|55177|46047|2309|27229|40204|583|2126|14957|30886|41340|20311|29405|5319|39743|21807|31477|16133|39777|57390|20775|50039|39977|20044|56841|49252|30405|52493|19477|7388|28617|9952|1555|54927|20002|10203|27584|15337|17039|2393|42218|12885|32121|9994|24310|20517|28666|9327|44015|26508|29777|12975|33720|482|11955|8896|10719|55226|34920|59648|57280|58836|26553|24388|42084|48390|29143|16622|47330|38517|40634|3797|20321|14844|238|31156|24371|35476|2054|43978|7206|57014|26452|39237|1933|42963|23275|16203|12587|6751|99|12302|42472|30857|1419|14305|43573|13320|38|9353",0.61652242924387679,0.61677210658056558,0.00024967733668879166,canonical_raw_float64_squared_L2
270,1925,d80f8033a0a5e490,7e732bbe419ca253,15961,100,"15961|59598|49820|32123|57876|2985|14668|20781|31664|3811|8550|51980|37829|26531|6967|13417|34097|39402|50968|50487|17205|56313|47187|43282|39743|57362|42733|6036|55608|50335|30245|12086|2838|7821|41617|57731|52932|28908|33640|53560|47985|21141|56841|22270|58593|37081|57424|50023|5202|19783|39361|20113|9894|32446|11517|5009|24299|52493|27151|45307|54363|29867|46754|34129|5827|29504|10930|19046|40149|39593|28617|52439|6769|54398|13056|37363|44030|55136|35401|28326|38227|19699|12775|3838|1578|40501|59592|32736|19185|15746|59626|49163|11146|35174|57483|52238|31110|9799|34108|48503",0.63534117849865246,0.6359479091081125,0.00060673060946003776,canonical_raw_float64_squared_L2
271,3040,4c7dbafcc054ee85,8b5e8d33af1e5701,16124,100,"16124|28576|24218|13708|15790|14505|47712|21292|36687|29106|2461|40623|16222|56013|59615|16935|924|33608|2475|57205|7388|9515|387|437|33990|32825|35370|11110|939|47071|20135|10647|25291|15513|30143|49655|38227|41100|31160|23287|26771|48065|12684|39237|37097|30176|23413|51788|19551|29736|4956|47442|34994|25299|11181|56578|143|2787|13320|12218|55561|43529|961|20386|22428|1760|24282|27474|57408|47006|13783|59161|21747|25828|10877|26366|10719|27876|44274|30499|47481|738|21132|46885|41203|3945|51553|12221|26079|52637|9952|31551|5106|29550|38968|51661|3853|55666|34816|19552",0.52943015307078334,0.52953783226214624,0.00010767919136289716,canonical_raw_float64_squared_L2
272,2701,70cae4001b2dd17c,746b64ff1c2dbf69,16127,100,"16127|12918|36708|17730|52223|41264|47685|29828|21710|8429|16830|16072|12513|25853|8397|43705|48690|12249|22760|35665|32861|28599|46392|1431|35593|44122|24976|25111|12090|35345|50864|50524|21802|1397|30860|23148|16846|34125|10530|8660|938|40136|379|8217|32265|28928|14529|8222|42367|32070|23728|1770|25694|5910|50482|46431|26140|27851|40474|49852|20942|6008|49924|5765|37858|25457|16186|15900|4303|17416|23883|9117|49570|41434|42025|46012|10682|4617|2220|18616|54145|19937|22400|35256|26484|56342|58991|33869|33127|46139|27281|46138|7051|50312|14292|3829|7327|20275|37377|35367",0.27024846579016137,0.27074266403746583,0.00049419824730445594,canonical_raw_float64_squared_L2
273,2110,585ab74ce0f67c35,6286478f463753a2,16148,100,"16148|31144|23142|21539|7183|16042|14373|35934|43525|50274|58643|57768|54040|47389|28683|57459|46343|35132|2861|11633|55457|8940|25758|48342|38205|39827|22506|52043|16473|20620|42607|29343|4356|46413|26412|24884|34318|1080|47245|6702|6717|4551|32609|15768|52713|38460|48174|11734|57782|6370|11265|13299|49434|10096|888|2325|31802|13115|47758|35074|16892|48691|13175|19066|24178|7012|30460|59927|21094|32619|17386|45095|34856|42799|35036|4029|42786|3324|31069|10395|56141|18707|5820|15455|2382|8005|15566|21596|1862|6703|43444|30210|39592|47000|22696|4851|10402|39981|47669|5529",0.68432110021806125,0.68458581162539756,0.00026471140733630438,canonical_raw_float64_squared_L2
274,2191,52081276cf82c0f3,a161a5ce012cdbea,16153,100,"16153|50029|18024|39134|27584|1485|42795|8454|47764|51325|27229|4785|19419|35480|24921|39657|14566|45739|25291|17908|43390|46047|1802|36684|30748|2597|57562|23216|6454|16622|23328|32446|43302|39977|54263|7272|10899|33988|33366|16938|7916|13939|58868|25482|52197|54669|6721|34127|53197|13213|22202|36618|1247|17566|2058|12441|4358|7812|52488|43477|20666|59715|17204|11517|20113|29681|52851|2040|6373|29106|35357|29214|39370|54073|35023|31549|23451|9952|1159|47006|3442|42850|49129|40710|39743|9431|1812|1628|15253|3682|16124|10689|54534|18135|33753|7206|50902|32338|12171|11404",0.7282381775164164,0.72833755297401703,9.9375457600636707e-05,canonical_raw_float64_squared_L2
275,1729,c088009aad2ab7d9,1b467c8b8747d405,16164,100,"16164|51426|9190|8312|49606|2481|39851|59595|10319|24856|42993|19997|51388|48422|38143|23495|25116|28473|18701|50669|4178|16229|50278|36270|43686|59582|49422|39439|2135|27775|11055|43833|47887|17306|36084|29904|8924|21382|52094|14741|46239|47388|12572|21967|19650|10207|9700|27226|12578|29526|51120|5560|11113|44922|21589|42816|32898|34113|36499|10643|21613|54019|34853|14172|50094|10800|26169|39356|57338|57420|25583|33666|40682|14360|40585|41747|39495|24208|17239|13353|46118|5736|34151|59672|3005|46069|59375|12845|6053|20116|59913|25383|20139|45365|20478|50484|4087|11446|50475|30925",0.7539409525984373,0.75395948163749504,1.8529039057746388e-05,canonical_raw_float64_squared_L2
276,2695,4fa8cd3d218302f2,e2940cc32ea68e33,16177,100,"16177|51154|4147|14078|38736|23630|54184|15656|27476|14873|33309|32526|4105|32412|24646|51666|831|11833|47627|29736|30128|57389|34764|44225|11099|42107|30464|9724|59825|17809|28769|41249|43424|35620|26512|22153|16386|55775|46222|31826|25931|7860|23704|48394|55026|24429|17234|55502|45616|51884|59621|24848|868|22068|37227|24519|43933|45889|19588|52547|1436|986|16393|33701|47851|51767|41305|30567|57788|1132|30559|6754|56736|34953|57365|55131|48841|55561|12254|10809|52263|55159|10947|11003|8024|82|2796|46800|15018|47752|58842|54090|35506|40674|9084|51788|38357|42510|58971|57036",0.4405820261055261,0.44144159263315441,0.00085956652762830821,canonical_raw_float64_squared_L2
277,1783,85838c874bd80f57,ca1f687b61211506,16266,100,"16266|51794|399|40591|17522|2722|55910|15563|58440|45310|58700|37403|37125|19137|20314|48444|54976|15340|36230|14435|35193|27301|53773|31044|12627|36675|11769|30841|17711|732|48195|23283|21957|18921|3956|49855|53739|47632|35432|28508|54643|16795|41763|52231|44396|57494|14792|47493|44301|38692|56097|13948|16562|29886|4424|16749|53031|59605|12647|21682|3578|9111|34207|37366|43399|4978|40129|47139|50024|47351|12135|57823|41701|14467|58050|9909|48880|2376|47668|11854|21695|16306|39103|34952|12372|3492|54797|57926|41819|58257|42717|55751|36822|21009|36222|44550|37894|48047|25628|59331",0.85765332421088036,0.85853973325698718,0.00088640904610681748,canonical_raw_float64_squared_L2
278,1775,0dd1a7675c9963b1,a090967917978415,16419,100,"16419|28772|58697|26174|16247|999|12833|17307|33820|17619|30473|44023|44229|48883|3814|11317|56527|5646|34531|57118|25053|22338|17880|30098|4626|2963|36954|37085|23518|14896|45178|53290|9547|44164|44459|47095|854|37885|42170|17501|55156|23614|42620|10432|46378|3060|47173|18732|17376|46471|34704|54241|56120|20615|38956|38272|31933|40985|52054|21749|21007|40054|54907|21810|48453|46727|59781|17900|9491|20451|1098|16427|15686|14070|46201|52864|25849|33938|53201|59939|56711|20529|10696|43225|28854|9421|51316|55947|43060|3152|43103|22375|36041|25062|32093|48474|24489|34553|2367|24303",0.84234490145619945,0.84263375175128763,0.00028885029508818327,canonical_raw_float64_squared_L2
279,2733,e132c2ea447316da,4c4cd75398256cce,16457,100,"16457|16425|36262|51243|57564|50185|31778|26182|2658|23117|38867|29287|46964|26015|36953|40019|47350|21111|56211|3292|34657|31189|12207|57409|36209|1092|11612|38815|49767|33022|14883|26147|43014|26977|15648|1699|39032|13481|25872|4651|41714|19829|53423|55959|28499|9427|47409|21064|24907|45924|15437|1686|33225|4300|58248|45162|35626|49250|17174|34341|56463|14821|32738|53189|1032|27749|14714|43814|25566|52527|58373|54799|10663|19836|4500|41902|28682|42965|49857|38374|44967|19713|52102|28412|14637|55325|25970|49291|31386|13886|48836|7007|100|30152|24315|43889|51869|280|44199|14190",0.28439152022805053,0.28569777528602885,0.0013062550579783228,canonical_raw_float64_squared_L2
280,2155,f9d552a097cb6e68,3dd99a6b820e890d,16474,100,"16474|2084|35861|9026|28861|55660|14912|43360|28622|56207|48564|7456|20787|22658|18495|58297|47177|30752|12122|38821|8796|6367|57512|21893|38192|8001|41472|28600|32294|22950|57059|32729|43860|54663|12167|42085|21529|57818|19059|50569|23646|45002|29519|52710|40118|32158|6411|27959|58981|21247|14445|52718|52112|33816|39084|43199|45821|57029|57243|53397|19710|6869|3531|28823|41807|50759|16037|5951|2309|26763|19930|7767|56048|24040|22090|17755|15814|2731|14055|686|43942|40283|9459|30566|4206|37615|36397|26229|10252|19594|33274|42733|30762|28937|19842|25401|44529|26921|5747|39987",0.69090299028408841,0.69100652612268754,0.00010353583859912252,canonical_raw_float64_squared_L2
281,1814,ddb31d123dcedb58,12fe9169343186ea,16489,100,"16489|22976|34652|1057|17987|12885|54540|21196|22330|22298|17875|31089|23888|26978|35023|39434|34453|11737|6365|34423|31587|7992|36818|47985|13129|13165|59077|33446|41846|52202|16551|42515|47650|28617|27584|482|30771|13503|49958|209|24310|52493|36411|28415|29405|40181|19260|5430|41063|19185|18357|32563|45327|57819|20754|33790|49376|46963|18666|17442|46269|10718|14683|52744|45528|15778|8550|55384|56429|32121|325|28685|2887|7821|31008|49035|51396|7350|8841|25245|2309|43067|55175|30784|46559|58549|56784|34906|15780|50979|23229|47636|5358|14764|31067|7479|26115|28547|679|44682",0.80168549335643857,0.80209123843426677,0.00040574507782820124,canonical_raw_float64_squared_L2
282,1954,3202f157b17f4a5a,27863a7b2113f059,16595,100,"16595|48751|47395|56001|32848|52184|33620|11557|51424|58536|42244|25965|24107|54314|32212|48026|6786|13040|35646|18680|59906|16984|9478|43043|42495|48371|5528|53951|29628|52960|55069|24828|20718|31772|51927|27307|29469|32486|59114|28955|23716|14475|49613|12773|47504|4330|26220|26941|22633|20745|26794|25117|38324|43772|38052|35909|27200|28274|7170|18012|7111|4804|22577|56789|34710|45056|34152|7344|14201|16649|11897|18423|27706|31989|23586|26927|34811|18968|10116|41963|37880|16736|31188|27496|22824|44619|2389|2742|19323|8332|33362|50165|48450|13704|49588|10077|53436|47254|35076|57231",0.60996056142670829,0.61017270784208433,0.00021214641537603551,canonical_raw_float64_squared_L2
283,1859,fd85f6108df9658e,562e3e877dc1b6d3,16649,100,"16649|21565|43772|4602|14442|44364|41615|20677|23509|23085|34152|34577|52185|27496|58536|29873|2979|16697|35603|37524|58834|9108|28619|15745|48164|16861|50841|40270|17261|38052|38214|4592|32469|29476|45419|11863|24251|43518|57178|21298|15570|4804|59973|47733|11856|23964|53301|39668|29126|16624|7170|36650|44619|12128|21158|11240|37772|14292|47395|49799|23497|52680|53490|49591|18680|33135|50944|32744|57320|2534|47404|53373|27706|11897|31157|54106|23754|2211|18792|41634|20181|59114|18782|53521|11422|34462|39329|30262|12883|38928|7256|24586|7470|3741|16520|909|8715|33620|29811|8268",0.48871546013373235,0.48910139112081397,0.00038593098708161744,canonical_raw_float64_squared_L2
284,2274,9129f83d8fe5ebed,941c8fc233d12bc9,16719,100,"16719|34777|1615|4446|35970|38269|55829|46942|44049|58981|86|8046|56521|28502|54065|16110|20108|24995|26749|24978|48927|10131|6415|40099|27388|45396|398|23236|39958|44597|45139|32610|53317|19548|51146|6119|34213|41202|51827|23643|45688|22241|37342|2486|43584|18512|52824|24846|45092|53949|15342|47500|12794|17845|38353|46132|28590|13318|33095|20576|45846|12134|25265|9685|24115|59029|25617|38247|38263|52214|36217|47777|14827|59771|14255|21343|4802|6216|15802|29835|28388|7386|58794|21885|2921|8456|24472|47120|51521|14258|20363|34840|18187|34868|25834|30414|8546|27498|1644|52229",0.53484741311828676,0.534873381923896,2.5968805609233314e-05,canonical_raw_float64_squared_L2
285,2643,81b5ae679c803159,674b2eb75cbf66b6,16729,100,"16729|14479|58795|52628|20751|19730|23858|23099|15304|13752|21140|43822|43045|44136|37729|264|55762|59946|34482|19332|19729|39780|1711|58925|53660|46902|43944|40702|18617|24755|34466|54034|2680|53537|7509|51010|50070|11325|21248|36744|43754|18451|12686|38133|19254|7663|1278|44333|21319|5988|42367|39232|42329|17965|53912|42235|49528|47091|28706|564|51778|25126|23157|30280|48119|48847|9199|30818|2610|14334|3263|47852|9379|15622|40310|16590|51587|457|52909|39241|24791|10548|17842|14793|28487|51712|32107|27986|46586|36357|16213|4540|19294|5216|55164|13194|51018|11529|9664|55721",0.32464118867696667,0.32506090664661347,0.00041971796964679342,canonical_raw_float64_squared_L2
286,1616,e0c8844735d253a3,a5195e396865df09,16748,100,"16748|25840|57787|5760|26670|35539|16345|29459|50474|48875|13019|28256|54915|36962|50056|36171|42959|43767|37419|14408|15899|40944|31078|19698|43090|16050|22412|25408|3125|10593|18773|14797|55081|52760|18634|25356|32858|59215|49259|37364|21864|17538|24153|22500|33046|30908|33320|42594|33957|40682|45511|3746|54889|18001|51608|38140|13492|6961|9613|56113|53514|49726|55796|40061|47870|18310|6343|29955|6939|15157|49817|45434|41728|19328|30740|26111|38279|39030|32785|55035|8924|47038|8793|39960|25998|30386|42662|22073|40561|22430|13685|21616|29554|1134|6794|29969|27513|53116|18788|50520",0.86198867110364696,0.86205171473179298,6.3043628146020048e-05,canonical_raw_float64_squared_L2
287,1996,01755023101b900b,96f43803798d4eb0,16751,100,"16751|21007|12500|43060|28218|29266|46203|57712|18468|47300|6981|9832|25520|23903|25517|46432|30105|31420|38839|24442|47455|21382|34782|33480|8400|19423|16241|21148|8736|53420|31409|22519|552|42321|48272|34299|38692|18111|39233|50039|35786|47184|54966|22730|40424|2688|11024|2783|46065|40045|45545|26263|48527|13453|5578|39171|57517|13142|7897|54241|40697|13076|18222|46093|22248|50412|41725|39739|44938|59582|16795|59307|23227|1088|29660|39111|36294|46118|5458|29442|31978|6669|32075|46010|52054|25713|45884|5421|13756|51749|54508|55752|48422|47318|47555|46494|10691|14952|49685|14082",0.66433327684473964,0.66473340081032695,0.00040012396558730678,canonical_raw_float64_squared_L2
288,1691,1b9bbade3e6bb7c0,36997a1a2a319c24,16915,100,"16915|16502|18008|15454|34283|54894|58464|10199|22727|32068|33923|25227|32270|53125|44697|57422|45076|16305|19838|52359|48952|19484|22161|44291|28345|58445|40796|36406|37383|53824|18291|46446|4943|7022|43741|25177|35772|6423|35248|59705|42863|4750|49662|25246|51293|23418|13725|20543|51930|39948|46985|29677|2795|24504|28522|26416|13753|52963|43327|3584|37972|46824|24895|44368|17749|2559|13495|19723|13785|51452|34119|40981|45341|31074|43730|8680|33839|33685|41157|6783|31668|13617|582|42601|27282|51092|862|25545|31726|51080|20522|53306|49790|50875|37711|45401|4935|15811|42874|3197",0.72513840236637384,0.72535458184441803,0.00021617947804419835,canonical_raw_float64_squared_L2
289,2387,774070e1923d7333,bc0abf8c246e54dd,16980,100,"16980|35469|51389|16926|20923|37649|46575|45517|11765|52214|14726|1992|14827|58681|23784|35397|14697|27253|40837|37294|23898|59771|52766|54730|53328|31515|30425|4753|44803|18632|52699|22739|15864|5625|5944|44131|10712|40023|37741|46112|34612|43203|5423|44752|1580|2131|29184|363|44894|57519|43983|25834|55012|5531|52664|16126|19420|45221|46790|34777|54055|39143|42690|42616|26566|13410|52575|51801|25821|16905|36665|49018|36663|36602|12134|41193|18918|25498|54615|20439|19407|3418|15152|20640|28364|21264|38350|27222|10046|18161|3759|53605|19145|10561|38773|5857|7625|46076|3|10719",0.46546141341989089,0.46592611673715983,0.00046470331726894409,canonical_raw_float64_squared_L2
290,1448,e7f0c37c77be9122,4a83f7ee6e566e4a,17007,100,"17007|18842|25557|21770|58690|58294|34279|29546|44807|7375|14613|18827|48700|38463|50722|34147|34701|40881|22504|30240|32159|3924|56857|42333|12027|10399|59483|5272|1747|631|23110|54931|28745|32613|58712|1123|28354|47206|16902|25974|58701|31888|18763|29553|7887|59266|8961|41447|23313|40537|30846|54582|37663|59115|8014|40147|45649|660|38598|57815|27670|34785|25838|46031|40166|52357|35327|36541|52118|5060|45094|57031|27532|17017|24292|38312|6316|10202|31869|51655|36405|39715|25386|55597|1300|2381|53077|23669|38158|3625|5054|9669|37023|6964|55409|9959|20873|14557|59079|36644",0.80936918430033811,0.8099140722874153,0.00054488798707719166,canonical_raw_float64_squared_L2
291,2355,4e70e0e36160d8a7,5576db659491de71,17067,100,"17067|1921|30602|15378|15406|5950|56720|53443|46934|52144|33319|12180|43490|49207|50356|55337|32240|41897|17055|31707|41814|41958|35936|53378|10021|53535|54876|46989|47587|6716|40610|56201|33798|44432|56920|5413|56669|56108|26167|7270|51581|5639|42811|12899|28340|10657|54075|51084|26723|40064|43057|1674|45006|59290|20207|17635|38678|37531|1965|46957|40486|16603|28282|50084|45267|33927|19444|24533|50228|52729|18901|47548|990|5525|21607|44820|53990|13955|57735|46298|38543|46563|20724|12068|3163|55015|28169|24702|852|58414|53334|31953|46555|12906|18294|3908|30962|15985|10230|30869",0.36439354491748344,0.36568622378411109,0.0012926788666276501,canonical_raw_float64_squared_L2
292,2229,9b8842559eac800a,e3fe2b6c7369dd1f,17138,100,"17138|29303|55659|22580|15143|43071|16874|49318|54571|45383|28146|42775|16928|43133|24911|25824|6502|39952|34384|4747|28903|13256|32456|34999|17831|3192|132|4905|35471|30384|44627|4998|18082|41656|8720|36997|57256|56178|37569|30125|25556|9498|16383|22242|41100|4639|57273|57266|49466|11190|32951|6884|55203|5189|32751|36071|9237|31948|11526|38573|45756|35148|18488|15695|49811|37589|48605|49395|293|3253|1608|37143|36191|45750|18556|17663|23420|18552|53671|10851|51057|32525|36904|20293|53851|23013|14243|33199|29667|21642|17508|6772|10136|10767|16263|14607|37682|55590|21570|51306",0.57572920906731073,0.57583050652009926,0.00010129745278852909,canonical_raw_float64_squared_L2
293,1855,736cc7b21a6b945a,ecea5dec969a0821,17187,100,"17187|17918|19999|12232|8216|54704|10894|11172|59775|33224|3658|56557|11589|23242|5104|6610|28617|28459|13381|51707|5397|24960|53684|59628|15608|21077|49584|53837|19534|33505|31722|57704|36198|13074|22605|49908|54540|23305|41631|19190|59178|13580|23608|2952|35057|6293|3596|2347|21729|59732|38764|23129|24615|34485|19380|3537|3075|40494|20995|5009|42911|33830|25361|55103|3672|8428|24730|6052|40267|38668|29574|61|18357|2357|52190|29985|39977|43719|36818|8560|48115|40237|42736|36658|6116|46195|31962|40291|41984|49593|48734|23759|54851|3143|15729|1975|36719|270|40013|37961",0.73632692891161799,0.73775019600533143,0.0014232670937134317,canonical_raw_float64_squared_L2
294,1948,47236714fb6381cb,e3497b1588e85f4a,17333,100,"17333|49306|28792|55822|11524|20624|24809|56156|2892|41408|25736|28459|11714|51707|2857|8402|16432|59355|2587|3672|47650|33978|11903|2664|25703|57549|11567|27798|14953|54377|41011|35463|23752|14683|31500|49751|14844|59055|12472|22235|45728|11268|35722|28617|2625|48159|17609|34872|8266|54680|28819|21184|38648|48786|6125|37021|31460|33505|20037|6422|59088|12590|53569|9090|10603|49062|20032|34470|48015|22452|12416|52154|16177|42408|17186|26384|20251|40940|33653|23955|41140|52529|43830|1465|27566|19908|1233|50979|13441|59219|10877|35433|7479|58302|50241|38361|26261|58110|47495|36388",0.65343605530037641,0.65358861872612684,0.00015256342575042936,canonical_raw_float64_squared_L2
295,1856,e9bbdfaeb204791a,0564bde1561d7b4a,17521,100,"17521|58779|42442|55751|8719|46455|29626|45934|59375|25369|55168|50278|39547|26910|37267|17157|1808|21382|44826|47983|2807|55209|57914|37158|20139|42268|23000|7163|58076|39328|45147|49070|45505|41381|32116|40682|114|19285|11414|19591|51951|28385|32269|15459|16589|54436|44424|38965|3499|2611|7945|12023|59554|21108|21882|19794|28884|30592|47514|1544|38575|7331|294|15646|32032|45790|40955|56534|7809|51096|45352|32150|41506|38165|47046|7314|1218|31387|52239|45054|27936|56051|40821|44256|23344|18314|12848|54456|24942|39963|27189|33082|7273|26345|10140|35557|24442|12220|28612|49139",0.60963704339886038,0.60972748181647241,9.0438417612026534e-05,canonical_raw_float64_squared_L2
296,2047,383dec2ef3ab3d05,2500e23b91e0b5ef,17535,100,"17535|33868|900|48995|45740|43169|21690|13133|39338|32446|58880|5358|58369|55629|13125|5009|51853|11517|35805|12310|26498|55300|46999|24218|34349|14643|57937|32292|51697|40903|48734|39216|14803|59865|43419|5382|33013|22816|24223|31790|56672|15224|36978|36684|49584|21954|21512|50976|8615|9351|35058|48503|13186|57892|45704|4768|31298|41544|33887|15357|59463|53099|28863|13357|35404|33813|35844|54490|34336|45040|3085|20296|39951|26600|26476|37092|6036|14594|24964|896|7752|14457|25647|16684|8127|24928|23968|53021|47859|59609|57740|31733|2985|19590|22575|29913|56911|42139|21807|54943",0.69246208135200682,0.69252194151794855,5.9860165941727494e-05,canonical_raw_float64_squared_L2
297,1960,a530f95ba09b2311,f60d58496dee549a,17583,100,"17583|48483|50282|32008|2605|12525|38156|3411|48079|29080|14084|35453|54177|5398|41561|54767|22828|1362|13018|53731|1427|53455|55601|11038|45369|23539|13603|16723|6462|2872|22502|4094|17952|337|34136|38268|38864|30122|54120|38470|28110|7877|32690|59317|13920|45225|25900|15601|50093|31448|33043|34156|29217|4429|15265|58182|59947|35444|47352|40677|40135|46342|21055|3004|28651|19642|48180|48983|6949|37801|56635|50668|12411|9649|7428|2834|39946|2583|20877|51455|38866|10072|3430|19496|36633|59342|43200|19820|44062|24639|27814|4472|41661|56169|14771|58408|39256|19619|26622|22454",0.49267884981812948,0.49315783454366358,0.00047898472553409288,canonical_raw_float64_squared_L2
298,2161,ebaa1743cc25dcaf,df37ab24f6025617,17618,100,"17618|52326|25562|29416|39144|20715|25346|51169|51699|2300|37842|38201|24416|49332|21904|44457|27412|23255|49850|31789|54839|2807|45725|15459|23140|58240|58821|25131|18195|22468|34268|12997|40682|49010|11741|5930|3581|48955|7055|37573|237|16114|55642|954|53245|42760|10347|12848|45147|16475|22655|38965|11520|11214|34410|36562|43168|19591|7896|53277|22942|54186|38195|41268|35462|19300|20967|46998|31167|23186|48697|58568|40199|11254|18051|20960|50628|58188|2195|2331|13769|48422|29242|26056|14254|43625|43834|19121|3112|12737|16251|39835|54456|17157|43517|52583|59768|51749|47318|34122",0.49886447742136103,0.49988212505781365,0.0010176476364526232,canonical_raw_float64_squared_L2
299,1919,4a5cb41ab0a3ed8a,82cf37b7db236393,17654,100,"17654|1366|27545|47986|8316|33302|37666|29951|59962|32888|49213|41340|37465|31252|58840|57300|6550|47342|30306|49662|1933|38821|38484|32121|47681|51098|55790|33273|51155|42143|51165|57481|13715|3830|6857|27350|8233|22508|55957|31259|57483|48712|14757|59542|43566|26898|4262|43305|2191|58729|18724|43908|36092|56321|5293|14311|7298|39084|12122|59338|3303|30443|55630|57927|9290|48669|6751|39094|25702|34598|13125|12986|13733|7370|46368|26008|2363|44726|208|46641|10404|7386|3919|57059|1559|47955|21752|2257|22134|19062|26766|57239|26790|21325|38421|41505|50437|29937|57169|44725",0.62046214647325348,0.62047763693143565,1.5490458182165767e-05,canonical_raw_float64_squared_L2
300,1795,c7fff91486608be6,f617202d400f9643,17726,100,"17726|9745|578|34673|30650|21604|38838|40431|23983|51907|52616|46730|9946|28024|18879|56415|46679|25429|22306|29209|22175|43132|17593|24119|37269|47377|26897|32647|9561|33545|26433|16588|34616|49436|10943|37551|13366|1304|29545|57570|40075|33650|19745|45877|7430|51711|39405|46840|45228|2180|36736|6813|23220|33729|32737|14609|12049|11418|42150|58497|593|595|29527|42956|46383|52699|51204|16575|45780|49849|4403|22090|58926|59156|48975|38659|27774|2851|52712|54237|52258|51348|6411|51952|53661|55113|57277|44654|57039|39748|57013|28393|36208|9765|8433|11757|46003|43371|47606|2837",0.67424558642289734,0.67430012430679542,5.4537883898087003e-05,canonical_raw_float64_squared_L2
301,2488,db4b2c09dcb7157e,7ae6312e1aa8e298,17751,100,"17751|2115|57464|4647|43003|33315|13912|54096|17491|57361|52587|58038|41957|52063|11959|57793|49677|52155|29726|51938|45912|18900|45096|32865|7195|1067|42203|23075|4320|21365|12516|11577|31700|27699|19410|45074|53038|27339|35825|23872|15174|22462|40891|11948|23999|18700|25851|7283|34235|33287|57548|6134|57551|31697|37808|52662|15260|4082|56366|42270|2817|5672|57503|28428|42835|47931|21476|44735|9501|6898|59232|17149|19269|14071|33564|59279|16071|8812|41549|53761|37416|14131|44683|8471|18141|27858|35422|17899|656|43059|29991|56468|15593|6337|33531|46443|59912|58248|7007|53686",0.47451991706528368,0.47458807885605042,6.8161790766740893e-05,canonical_raw_float64_squared_L2
302,1555,eeb1aba579e1e7be,301f883c59ef6e5d,17765,100,"17765|20735|38379|22694|30637|31509|33507|14844|33428|1697|12979|27224|38314|33771|6360|13692|35231|28581|45915|8826|24068|36697|52966|23531|36342|47977|55540|13271|51246|33896|53013|19661|10681|58250|46800|1481|25960|12924|56274|5511|42326|57390|18152|39938|45978|4907|19960|54410|10490|1207|10108|5228|46716|24297|13531|26759|19292|2796|23311|45218|4425|7391|27215|39461|49452|26227|34845|31447|37021|53998|38145|17833|45707|48497|11988|28425|26104|46718|55123|11589|45177|41442|5623|3735|26810|58056|12414|21006|17997|50663|29295|27353|24660|32412|10415|9349|17512|57844|33208|2199",0.75440106143663765,0.75447654659945362,7.5485162815969176e-05,canonical_raw_float64_squared_L2
303,1845,8ffb9e200f26882e,a9e674934c70d628,17888,100,"17888|36668|22899|23701|30364|49031|16490|4778|5261|10368|3715|25459|11551|20452|20772|54937|44880|38842|7414|38204|9893|17218|47562|48667|24410|5994|36144|15976|28805|5538|16999|30000|14662|18832|15043|16362|39404|1306|24217|28405|8298|24149|26180|4638|2206|30113|30936|15698|3774|44975|24484|14008|2024|2723|35517|51190|6288|49128|18013|93|28910|2547|40213|37145|55135|1590|10031|12047|16511|8308|22602|8214|33124|16400|34667|26790|21290|25722|35852|12963|56321|23714|42633|21154|55019|672|9617|22108|53086|27896|11614|29708|59320|47652|41771|50082|53123|8539|34073|20366",0.49342279283522777,0.49366766209334284,0.00024486925811506577,canonical_raw_float64_squared_L2
304,1749,83f0bcc8b351a10e,4c4d753788541f1a,17981,100,"17981|4982|59065|7429|24195|54433|6980|5328|42993|7492|10089|4319|45342|10961|47211|4023|12582|14226|55537|27810|50795|48091|8881|24327|12076|22025|6315|30192|50631|20183|54232|10221|13567|37889|59033|34408|44361|50550|27859|45712|12235|23810|9288|10216|54694|4931|31949|43887|55212|13540|33354|14331|37887|12216|49454|57338|29667|21967|50448|32630|57298|56127|26958|24951|59231|54883|51120|1107|7785|22281|3271|36385|41402|14262|46800|15361|30058|30139|47815|10541|28862|53371|948|33199|19392|35471|42938|9930|23188|44558|18167|15639|25116|9162|49866|52871|33246|46239|43933|51657",0.60320688392061461,0.60337718388295936,0.00017029996234474432,canonical_raw_float64_squared_L2
305,1906,fdc8c8d6554faa4a,8aac5b82732c89a5,18117,100,"18117|46378|1215|56763|33210|28253|21585|50199|42079|13683|23293|54071|10845|29858|28177|28541|41985|32727|10252|24247|55529|48983|46727|41333|50869|6367|8850|45452|57512|17104|408|49015|2527|42192|24037|16890|30349|44541|16957|45874|18359|55560|41828|46316|15464|4442|52971|41282|11205|41336|46205|54268|18952|35488|21474|14957|48883|2872|44653|38650|23874|58570|46502|19104|44163|11397|21922|59729|28207|57804|5714|22721|8367|36946|32165|37271|14043|35767|32258|11174|58175|41956|5356|37162|1165|17094|22379|8233|43770|31553|51907|37912|57243|0|17648|34621|57059|46354|15045|4974",0.6507953555582211,0.65101778990046477,0.00022243434224367142,canonical_raw_float64_squared_L2
306,1911,0fafa2f02c43c639,b8d3e6fc5d46a8fd,18121,100,"18121|37073|31234|50478|45814|40763|34771|23119|22463|9162|36246|51657|26482|12390|38346|49866|33634|53268|40773|57184|47783|14262|21705|12242|18852|52237|12646|48362|23787|21179|56929|5347|47720|39579|48444|16540|22512|9397|47505|18222|12780|2409|28843|17055|51055|23090|48632|44903|47497|993|2516|41449|28680|5128|12593|16510|53410|43979|13076|38609|22593|27016|36822|34325|10722|16436|34999|34281|46082|55613|2627|16232|51581|13437|29629|53280|15999|46065|4138|44293|30185|28161|47739|29229|48199|49140|27359|17740|9298|14301|14667|21778|9363|28984|54027|10216|31341|13339|3420|41747",0.5529902203993512,0.55319959280223574,0.00020937240288454451,canonical_raw_float64_squared_L2
307,1713,524cf2e4435e26e8,207f2993ab9c76b1,18139,100,"18139|47864|8984|54728|20072|28895|545|20025|43964|24607|54878|48995|7084|21946|28905|34380|7350|51849|6953|37222|35058|5247|7829|15011|50700|58221|56818|16551|30431|59464|43510|4686|49241|14398|43274|11656|32688|29543|3432|20381|178|24709|21388|46099|19620|42452|12722|44936|1090|1414|58107|32296|877|35696|48698|50871|31444|20336|16262|25689|52202|13267|38028|36017|56840|30215|44395|56971|57114|38962|41049|58510|34228|55911|16324|29519|32395|43985|20544|14680|56100|17881|36775|1042|40166|34240|39667|35200|31569|17017|17001|2887|35164|8693|57937|14557|40540|50771|52954|40569",0.74237867754659226,0.74291245813665585,0.0005337805900635928,canonical_raw_float64_squared_L2
308,2747,4f7ccdcb15ee2c5e,9e46e877d15c7f17,18185,100,"18185|40164|7811|1614|44040|8930|52362|23558|28892|55026|48446|14873|14078|8765|26116|42510|11819|47354|57855|26837|59234|10657|27205|37763|37227|55775|43070|27476|49412|27100|26543|30464|59825|28769|43337|59795|34432|22153|42915|52025|51003|18493|42516|82|36913|57257|15656|32523|16393|44583|28188|26157|9352|30307|24208|25250|2678|36588|19462|11573|54184|48270|30683|56778|7089|41406|31826|40116|17425|24853|22909|20225|33197|42603|32587|41777|33300|14181|41897|41249|37391|20913|21247|9395|10221|10155|17714|48191|55131|5399|3527|23859|48091|5039|44737|30942|6853|9769|25692|49956",0.40814446874235433,0.40824063955419343,9.6170811839102477e-05,canonical_raw_float64_squared_L2
309,2095,a20af6a892f00e84,9c88ac868de01e3b,18193,100,"18193|27866|37437|57088|20727|23301|29362|15260|9188|39139|2879|37335|26528|4507|6909|37420|58132|51659|37060|10336|46054|28898|38322|18950|20355|17624|50999|49744|20360|13816|30335|23153|8802|23893|7387|44711|36882|53763|23572|38817|36131|16178|52123|36293|58905|20217|16912|11686|38850|41835|11005|28268|10714|465|53206|36220|18607|19020|10620|28204|35286|18562|23872|54585|23537|7966|596|56540|34135|14186|50344|38410|19502|18141|20858|26623|37873|3800|33287|16597|58531|24583|2815|34284|33233|41732|28085|13837|20459|27243|58095|57361|55398|53089|43670|38111|12197|11149|14854|13559",0.67218135238786902,0.67240145242455507,0.00022010003668604394,canonical_raw_float64_squared_L2
310,1512,97d34d335c3f3ae9,9de057f19f93e157,18204,100,"18204|5444|44652|50691|34495|47498|3291|11015|51254|18092|49471|55607|34747|20740|50839|34340|55599|33987|59632|23138|22803|586|8304|13397|47708|21090|48314|8166|38065|32149|9954|16660|29448|56133|20286|25939|58860|15054|2799|57418|14756|2540|58988|56640|53598|30437|2138|13081|54295|14154|33670|30475|51007|40444|33780|42314|35436|8235|26175|33950|196|33513|46464|29433|12107|59094|41716|47915|37111|18269|32040|39310|32331|35824|29145|44302|47883|36486|55207|7480|59044|38205|24643|24183|14121|41767|54234|39687|4567|22441|27684|9579|14840|56407|52072|2861|9678|6448|30454|10018",0.72579565809709889,0.72584121283168535,4.5554734586450429e-05,canonical_raw_float64_squared_L2
311,2043,a9f9dbee516c1901,73b64ba09e4c847b,18208,100,"18208|56452|22258|41029|52635|5342|10719|13186|28998|40278|54203|27834|58486|33766|43032|58698|50221|7133|42145|56943|2485|3550|9219|7296|18014|33154|28720|29525|53697|1627|57323|44275|36318|37615|58027|4637|35774|22569|14019|53256|8738|44733|8462|31964|5872|30302|57750|2517|48163|57890|34849|33889|9060|51403|16967|9944|49279|5491|39626|7813|50804|44096|1435|15906|40006|52842|35664|25435|50199|19407|26965|45702|49966|41188|51145|58168|31683|15224|526|41558|55322|11007|27233|24958|38296|45592|48221|58367|26211|30918|53258|37271|5880|7916|39636|9256|7737|23502|36367|28881",0.65198230221029951,0.65207780785266722,9.5505642367710308e-05,canonical_raw_float64_squared_L2
312,1784,ae8d5d730b999684,c6fe7c02196c807c,18246,100,"18246|39892|45704|35404|41922|3830|3483|5031|30489|28163|14594|37093|31890|47930|29546|22816|16331|48995|24999|36879|18331|46999|22165|7741|33762|59865|54613|48138|48769|4680|9715|16655|49491|8127|477|47108|57937|51158|59298|33887|21895|52099|23198|43908|18123|1382|5344|35654|12027|2632|39404|39940|41063|7166|29551|54952|34349|38464|15281|12451|16612|13357|33565|17535|35058|42473|57674|4144|40144|5293|32011|25974|11972|24218|35508|42673|6683|42280|34906|35757|16769|40509|53898|29122|11579|6639|20296|35188|26509|23431|17984|14643|23190|42913|48707|14803|325|34194|10030|58880",0.80410617399864059,0.80432655779090001,0.0002203837922594154,canonical_raw_float64_squared_L2
313,2337,ba843e1a03ead1ec,942b899ffe43a828,18308,100,"18308|51634|4678|12552|39756|49621|38251|10815|41009|50901|38662|38397|55421|56567|1563|19552|36176|10579|36069|58681|4403|26634|17602|31427|21038|18027|17596|29408|10649|117|3418|5019|38166|30379|36947|42690|8949|40993|54816|7713|7388|16356|17363|30829|22709|20439|25666|47377|12369|42156|52474|31416|31515|24021|41768|9745|1047|20767|39639|55012|27876|56785|7242|11418|48799|36602|40661|47222|53790|36442|19013|39343|25430|39337|2310|38141|3411|25286|47809|46790|50049|32975|22282|51788|43888|22203|23983|36841|19420|52068|30485|14065|31512|34076|14469|33555|13410|34976|21509|48707",0.52183260750569549,0.52259834690584284,0.0007657394001473472,canonical_raw_float64_squared_L2
314,2139,4607b160964882b4,f934221d4932ed0d,18395,100,"18395|8775|20913|17892|22743|54784|22742|47765|34645|27240|12577|18110|50807|42096|13282|3133|31826|57429|49407|59534|14243|32822|43022|21642|38197|28769|21222|20714|32525|18622|30900|55026|48072|58911|37028|14133|31840|31843|52120|31682|22395|18743|33004|15787|18475|45863|42398|4215|33775|42560|26912|48394|39096|5908|44187|15180|31501|33359|1552|2725|35240|44224|32666|20343|1472|55659|18149|53344|49032|38796|27609|50207|39125|16874|4081|47831|26270|3029|32114|15614|43482|45750|12140|18488|11526|16410|3668|2060|37391|51637|30892|19213|42421|31646|23266|45553|55603|37639|53606|33197",0.55579580222029712,0.55601490731620007,0.00021910509590294946,canonical_raw_float64_squared_L2
315,1417,fd034c82e1d16892,f4bb52dd95fa8f65,18412,100,"18412|10199|16502|16915|19484|8680|6423|33923|33839|19838|10820|57789|58608|22161|34283|22727|13753|44368|45076|25246|58464|44697|4012|59705|16305|18008|9992|25227|48952|49790|32068|35772|53125|2559|42874|31074|43730|37383|44291|3798|26658|54894|14623|25177|770|13495|45615|5113|19723|49662|57422|51080|19717|51930|24504|26747|55591|12758|13637|11928|15811|18508|6783|36406|34119|24895|51293|46985|234|49753|42601|40933|46824|22407|58394|34317|16526|42863|14114|52359|7022|26511|8003|15454|55779|17108|32270|55727|30288|12855|26357|44657|46446|43327|43521|43632|16582|32663|57492|37972",1.0974646199297793,1.0977560741151655,0.00029145418538623069,canonical_raw_float64_squared_L2
316,2650,4f2d467c4f58e51f,4f925ef0393a0660,18515,100,"18515|31425|59955|17327|10402|31680|12490|4723|5546|6717|55395|574|45650|24456|1106|39981|23799|41779|42247|5273|51419|4029|39592|53140|20041|33521|27615|12771|39970|35726|52456|51044|52713|8830|18774|45985|40695|29949|45648|38374|49530|37587|49465|16071|7995|40191|27760|57742|31625|56474|18741|10268|23454|31966|42465|59816|57803|57796|37550|27655|32903|7007|48042|4851|59232|14025|9344|10096|9427|8007|51311|44672|41988|10395|57768|36484|1229|20686|11497|44683|37416|31245|13684|40458|58248|18382|49532|18102|42236|4916|48604|22022|29746|40700|30210|32840|38901|39342|46442|6898",0.29924253961183045,0.2998171384029345,0.00057459879110405288,canonical_raw_float64_squared_L2
317,2659,4e46d53f3f810245,755f3c875f783cc1,18618,100,"18618|37682|33381|26771|47922|3970|52394|55429|35566|12959|2575|37926|2400|13783|31948|48878|4710|13932|15513|961|28225|10649|14505|47712|6593|46570|21292|58452|24312|25067|11644|23686|41287|38461|44314|32854|30849|15338|9877|29106|31492|14310|45293|20830|44110|53775|32373|960|7220|8612|39626|27494|43114|39889|12143|4904|939|29161|27872|16372|34193|46049|59201|3686|18876|30499|18556|19614|59224|30249|15259|50236|19552|48160|20027|32821|6025|42765|53593|34816|10113|57205|3408|35060|36699|29010|36089|2361|12635|23231|44055|10647|41100|15812|30719|23469|23130|16674|23421|22363",0.54522705274307215,0.54531774915760167,9.069641452952304e-05,canonical_raw_float64_squared_L2
318,2001,91e155f058901f58,521e95ff3728fa93,18623,100,"18623|14752|29674|14393|36365|9067|43672|41688|21365|24019|33960|43059|25743|9903|7714|53281|2817|13854|33558|27234|16235|37903|30980|25261|53650|5653|45555|17154|6055|26437|22582|35569|52977|25746|55785|2858|7283|21140|56949|55331|38776|47626|46115|43505|16097|420|43078|30429|38124|42329|46749|13954|26195|46895|14948|46902|21903|16527|41407|39459|25244|19494|52805|4702|37729|29531|53537|53966|9579|58648|42815|889|53355|39049|59685|51358|33156|37841|10933|54234|1221|10653|49275|14756|16906|4356|19730|15214|2323|57038|50655|47091|53454|20891|2434|43421|53342|44910|57257|10955",0.4279660322847984,0.42811982990012343,0.00015379761532502423,canonical_raw_float64_squared_L2
319,1967,02482cadb0032eb4,ee4061a6db07e39d,18681,100,"18681|2170|8587|18430|118|44168|25988|37600|4643|14204|36117|12292|11373|51695|47785|35288|53488|21105|58975|14424|48827|44418|15803|51980|44013|38328|40082|26518|21282|5496|5499|4385|29710|25129|48766|9452|17052|32249|58814|11488|43676|57419|4566|25586|9822|35167|51630|59249|52402|24125|53347|19549|10853|59287|22884|11504|7500|1612|34355|55966|8480|58830|5275|34622|8428|3643|25181|56140|43131|58998|44206|10191|40381|32460|49992|43788|11430|3743|3677|6525|25303|12483|10882|52116|22194|25423|27927|25021|29014|18498|51889|36668|29275|59340|46421|13191|23333|28882|34629|31217",0.63641781855810209,0.63696134259103299,0.00054352403293089768,canonical_raw_float64_squared_L2
320,2268,29f15f75189bb372,1a12547ff4eec4a9,18790,100,"18790|2137|14811|50317|54603|16335|32882|15012|20542|52905|56938|38202|38769|2126|58338|46961|40054|28666|25384|43808|10877|48360|57958|17104|41595|31668|54417|57084|38215|30841|17317|52317|34956|33297|40262|29983|35488|29564|20032|20011|21081|50878|4156|58301|25950|28620|52834|56308|24895|51848|50456|56163|8777|46081|7362|51730|16669|11236|20253|52756|39752|9702|24136|50525|31470|36788|9777|224|23603|11635|5238|37026|20691|55823|37124|7235|50639|51462|18392|36948|53512|43680|397|47518|9873|20659|9133|17039|46903|24801|9994|3987|24652|59411|15106|55885|34702|33915|13542|23702",0.64359950325071813,0.64430386260698103,0.00070435935626289581,canonical_raw_float64_squared_L2
321,1664,63cfedb32b5dd81e,267302530f9378b5,18842,100,"18842|50722|631|22234|23962|34484|27532|2689|10399|11937|43518|36931|14277|18827|57031|44807|54582|12442|32728|58690|27670|17007|21770|16902|47314|4863|7887|22094|57441|505|26131|43485|39330|30846|4953|14727|7748|24438|12543|25838|2381|14455|12258|5060|14497|47085|20052|26579|49611|45834|7396|11897|59908|35938|1771|24486|4006|28064|21467|34278|35594|27625|57626|8150|52118|40147|22167|28619|48678|43357|16428|46031|35315|59079|52593|14613|54314|29356|34248|42204|39329|7907|1338|38598|31266|7643|58294|26711|28187|29873|51109|19310|47597|42985|328|40500|54474|20888|26951|42333",0.6972117676067533,0.69850854297061882,0.0012967753638655211,canonical_raw_float64_squared_L2
322,1868,b1ecc2e9c1edb32a,c44c588cc300000e,18865,100,"18865|1330|28680|1752|21223|45847|14050|32510|22978|27140|26700|29150|27666|46165|46733|46451|49884|35650|7895|28047|3902|32321|38692|34377|42798|4168|53773|41252|56590|57065|49514|55532|45545|50991|9628|55479|15786|4894|48045|9569|51971|50141|22730|52649|51120|10060|2075|2078|19532|38790|51193|58330|34192|24226|49780|52970|59155|32277|3162|59997|10862|59282|13100|2884|17538|314|7745|6614|1443|6091|29382|17320|53022|12780|33873|11259|6151|36078|42020|54635|57507|16505|31090|22124|42012|41845|28108|1661|1860|8330|50550|24662|52755|31485|18613|5335|22360|30054|54794|8198",0.69256447162994328,0.6934999251010372,0.00093545347109391663,canonical_raw_float64_squared_L2
323,2026,2d3fc825c081f7b1,8e0bfc8709835177,18915,100,"18915|46834|21663|46896|2139|16701|27587|1441|370|33079|38134|28700|17737|19151|5505|51373|43890|54567|50444|59155|50327|58330|50809|15021|47682|47011|33055|2339|52352|45761|41680|50463|19482|11067|17029|28529|43819|56352|9832|48014|57065|30568|23253|12589|22030|52626|894|36408|50543|38988|30663|20687|46299|52358|44536|52728|4668|4002|58343|23670|41184|35500|43798|50833|20413|56609|59396|44397|59122|52751|20780|5080|40682|41830|37462|24636|15344|57288|43693|3960|50323|6600|4632|5578|15530|23576|54693|46065|29123|12333|11926|24265|27445|57657|25998|49437|8601|32999|22249|57514",0.71061101137183769,0.71181932673651327,0.0012083153646755829,canonical_raw_float64_squared_L2
324,2252,b715094d10821e40,9a7655b71d9953cb,19069,100,"19069|43047|26463|53123|29734|30423|7104|45309|6403|52476|38205|16170|20729|24766|44984|5675|57576|55531|33571|22791|49152|6942|49752|56343|21383|38589|48481|41435|46928|27061|14913|4551|27318|37477|46580|21333|39843|51866|38734|43356|3165|22108|44498|40785|37153|58195|58994|50090|28818|9693|39437|57194|34856|13582|57418|54556|44272|905|12540|262|27550|55760|7614|11049|27431|40990|4988|23219|44114|57072|42926|40733|54799|31802|30040|49501|13218|46764|55002|51182|906|36953|16527|27510|17316|21005|30026|32463|29428|53151|18349|23746|55989|28918|41935|18232|44749|43125|22899|34894",0.45838804286922508,0.4589514583962726,0.00056341552704752829,canonical_raw_float64_squared_L2
325,2029,c7ab0c8847180541,906b538dcd2c6455,19148,100,"19148|52894|54714|6517|55420|1248|26619|31416|14553|23328|15193|38659|33201|54329|25373|26275|529|27765|29391|17602|38250|18909|29408|8983|7242|39305|26395|14065|34694|1403|25382|43069|8611|39997|21704|13123|37701|38251|37344|40357|58938|25878|16201|45958|5019|55264|3096|20527|12369|59351|35060|30481|4951|18879|20093|11999|28395|48214|39651|57317|22746|38397|48160|53197|39197|36516|35117|31706|4546|4403|52219|8949|51079|8220|19038|7860|52830|8015|59976|38662|14345|34632|22503|29259|2631|7799|47752|43666|27508|54662|55513|20802|7486|11903|6258|38893|58570|20277|55286|17925",0.68299261110080289,0.68390635411984046,0.00091374301903757171,canonical_raw_float64_squared_L2
326,1890,144cfc55ccfaf20f,247eb5f0466a564b,19164,100,"19164|13740|37911|27251|25881|54237|29545|45068|39405|33545|15528|37538|40290|54594|13858|57039|12727|45780|53001|19550|9765|54288|46840|18879|7124|45228|51774|10943|45642|21796|21624|5572|8227|30103|54292|30752|28105|45773|10471|12185|34426|26772|14072|29346|5433|48412|19710|38813|43148|29519|6960|36520|32254|30362|48564|29765|30208|33504|36872|32294|46003|40075|16575|28096|39524|13002|44423|49436|39911|57512|43552|51808|54465|22090|36376|6411|2600|4049|36813|23887|14378|565|32600|13891|22499|20088|22936|49232|6766|38650|14096|9598|15357|30646|56415|9996|25036|41469|18752|53027",0.69987322760557158,0.70072886742085083,0.00085563981527925215,canonical_raw_float64_squared_L2
327,2490,cc2af8904e59b9e0,ba68160db119b95d,19234,100,"19234|34680|41677|17303|11851|44915|28474|55245|20098|11101|33750|33383|24213|55267|52207|36419|59837|28811|39351|34488|18736|49883|8169|6905|57496|29878|10267|16838|59620|51245|36880|50254|21863|22350|56225|2349|14652|8872|8366|24882|12386|38054|59397|40817|10926|7877|57018|58475|33552|59384|45186|6139|44462|28732|51173|4544|21460|19281|13805|32992|25915|36913|20961|46649|52211|42695|5717|23441|35958|41921|56075|22942|21163|12105|9126|34651|31759|49835|46828|46517|20913|44259|46325|6676|36530|6191|25880|33563|18445|45267|28913|2159|49296|12552|18655|2341|34858|46722|26116|12192",0.51349837192089143,0.51408973543931602,0.00059136351842459245,canonical_raw_float64_squared_L2
328,1804,96d96ab8eb72f2d8,fd314c4fa9ea936b,19308,100,"19308|54073|16353|1585|56487|45582|18186|54407|33536|39205|11516|47976|37481|49626|15991|28577|48325|6911|27102|26785|12374|37025|7768|9969|53717|18103|51081|19434|51017|39867|7133|51338|24783|50772|22157|13365|31698|49320|9797|8457|12407|13440|18718|13905|11291|37778|12779|11193|41778|32035|22871|40514|9479|19578|22836|44088|26541|38936|36104|10331|21234|19430|25559|33785|19556|56856|50681|42795|4606|57870|35565|59365|4877|52639|36350|18173|35640|36768|17554|11725|44392|57127|18867|27525|58130|18978|56391|6254|46661|2602|39950|52405|57890|34936|37009|43912|7944|6567|55419|44883",0.79874761894486213,0.79971679359767422,0.00096917465281209925,canonical_raw_float64_squared_L2
329,2599,835820602c95f897,9d6f7aa7dd93344b,19347,100,"19347|53068|28558|12507|3259|56029|53429|32483|3549|24420|23113|52622|52570|41454|50857|54909|42057|20816|8072|52668|16530|50313|28300|48729|53444|15191|46114|26656|12542|14899|44688|53094|40621|53278|32629|36858|27571|52507|26629|2808|17844|6242|29772|40590|35725|23440|51018|10159|3979|18319|39416|43368|9881|20834|31687|46439|56644|37358|2247|19094|21217|33258|33589|55189|10911|6805|42660|51651|19339|5954|1340|13043|50447|18073|11054|12079|3263|43649|22557|11276|2034|8199|10212|4645|59608|12809|53063|36169|53100|7662|8355|11554|55077|20233|5468|48232|22847|37439|58960|47565",0.22796753188773317,0.22854000223608245,0.00057247034834928545,canonical_raw_float64_squared_L2
330,1543,b2badd589984fd63,a89190ea3acb9673,19425,100,"19425|59729|13111|43041|218|31641|32598|37231|19622|26800|36454|25779|37802|51983|50986|32211|12527|12316|11154|1035|11743|20966|28521|11219|54275|25249|51042|51204|12581|35487|2089|24906|7549|59839|5055|59513|28574|1976|22289|4691|21585|6582|42953|26785|50393|50756|40997|9229|49192|23348|32898|57085|8817|17728|1534|26649|3309|50200|43233|27918|5755|43053|17265|42989|39626|43140|13187|55560|40400|21693|30614|28171|12567|13706|24813|57756|7082|40893|5714|14582|59404|11284|3553|34931|17094|47743|27384|25572|46524|56220|54382|55812|29298|11189|21235|38888|55616|58642|41333|59952",0.70429767579625757,0.70449744644341694,0.00019977064715936965,canonical_raw_float64_squared_L2
331,1905,9ab96f70e5fe409d,ba40b6cb129af421,19439,100,"19439|2993|38531|3101|26177|3889|58853|4583|57928|40115|3118|12188|12261|26568|51515|49297|13249|53783|41884|56712|23670|40924|4418|2163|54473|55382|16155|27176|41814|55626|16327|20696|22513|50813|30415|18901|31812|17859|58472|31038|46503|21223|8086|36396|45015|1530|7113|44885|29757|5639|3089|25859|20301|37958|17777|39008|37602|56609|50765|33578|4808|29150|49349|26482|59080|17206|57463|53159|15947|3423|11313|17055|25884|55289|5790|8582|14307|54429|56720|10700|13860|49877|21532|6685|38830|40610|1025|32620|30254|29424|742|48199|38210|18685|9332|43708|17916|58444|35907|21167",0.54486220954798126,0.54563619332398461,0.00077398377600335078,canonical_raw_float64_squared_L2
332,2296,8fdf0c7ac82ce62b,bd2fb5d1154ae334,19478,100,"19478|10221|48191|17714|4479|45712|40228|31739|26543|38486|10800|32641|41878|58924|50821|9352|10155|51758|9288|31953|11819|49055|30626|22857|59290|55702|56920|34841|6204|26819|5399|2975|16603|54473|46253|37602|8582|51003|6022|59795|8330|31735|42510|35872|25015|59825|59423|54249|57539|38678|27087|38543|46290|42813|37143|37685|59234|32097|57917|37450|57848|45006|38172|10657|25498|58378|6298|20904|16805|5950|51622|20842|3560|23611|38188|5328|27180|43337|24953|34255|39034|38021|4522|37531|1788|30307|47826|28165|33115|153|14331|37073|23367|51836|34764|5347|23859|21607|41402|30742",0.38445870519851266,0.38455407442753098,9.5369229018316126e-05,canonical_raw_float64_squared_L2
333,2379,2c617a20c5de84a8,d96817535e3e804a,19495,100,"19495|26872|36768|57870|6246|39643|59683|3621|14830|55666|22354|22363|29568|25121|43114|32497|56801|4731|19268|42525|44959|42780|52457|31430|11968|24989|1746|36638|7825|914|9219|55264|44055|55807|23780|54073|6297|13440|38572|15810|44862|53744|3588|59430|34143|49382|14621|464|21292|29973|43869|3631|23521|37926|41778|961|19430|27881|20830|47649|36089|27803|35920|56907|48043|35221|15071|55429|55075|56813|17770|1760|18254|50575|39922|50762|1367|51094|29506|18870|18336|31891|5159|50535|22839|14940|38310|25569|35205|34679|26865|25475|24783|20021|12407|18867|29920|52436|4911|56894",0.73962400094343417,0.74096139714407394,0.0013373962006397733,canonical_raw_float64_squared_L2
334,1849,8a6c1f19f2f401df,feafee5438421ef4,19602,100,"19602|24593|50354|6983|33775|49407|13282|3801|31460|47044|18552|57104|59631|14484|33653|13256|42886|29821|43411|8960|22216|48786|18769|8116|47475|2892|10731|47272|1103|31646|19060|34826|14243|1568|4407|30038|15143|32216|25636|19660|32332|22897|37231|35240|39096|33747|26978|49032|4148|51845|34066|45729|1459|23702|50807|39836|28478|52243|15562|3820|15341|55014|51919|1608|44123|35389|23916|19524|20624|37951|49839|6946|4344|21400|42047|4672|39694|49637|3598|51707|8976|28459|30900|59370|41411|12689|28376|24969|42788|22685|6658|31240|9296|55098|22742|6351|10565|47716|25367|49082",0.65060344244330903,0.65129597469858846,0.00069253225527943219,canonical_raw_float64_squared_L2
335,1715,f02c29df8477cab6,85110308355246b4,19615,100,"19615|45522|34433|11012|33462|54433|59844|5340|52251|38543|53791|14331|30021|6980|9299|1139|33484|22448|23118|17016|27492|1199|50754|35010|42738|20547|43856|10216|48833|12693|13879|19644|24962|41856|54883|45428|12886|52903|33542|38049|47524|16232|42813|34408|25257|44196|1283|51334|43490|16070|44820|13201|59641|44988|12796|58119|27665|26527|32012|54876|55076|39466|9580|56073|2450|39037|21534|47059|26630|35955|27711|13270|5586|15682|4242|44558|42193|42600|16439|44885|5128|20207|24210|41990|23692|37531|28307|25764|36197|12642|9386|4398|46934|27180|13203|8646|3767|27359|20120|6204",0.5233941357109988,0.52404141862525,0.00064728291425120155,canonical_raw_float64_squared_L2
336,1997,b163a6c300c81733,bc3d4a881a743dab,19654,100,"19654|28459|47146|17259|26512|19663|10877|3527|9398|48394|49595|11714|22232|35527|25414|25452|57183|38945|20032|54603|7036|23090|37405|176|55026|13471|5123|14484|47344|43304|1910|33519|3178|24784|46690|47831|57184|11729|42051|41618|40773|57124|27065|41318|3022|61|28769|43249|51707|15511|7001|49866|41648|23594|956|41305|57636|20154|19912|15440|20090|8807|10226|33375|41681|32516|43715|8496|43979|22515|7969|34182|11567|40013|37703|42904|23690|20564|3262|16431|21730|33232|15392|26912|25759|40813|6303|59950|37610|42011|1465|55699|24730|47441|56899|11526|23189|59610|23327|19642",0.59000474521706758,0.59055899243138821,0.00055424721432062451,canonical_raw_float64_squared_L2
337,1930,edb46533493a9f84,535333cc1e68766d,19688,100,"19688|29114|52188|24712|31008|9302|46955|13407|23325|45673|42343|2585|43062|4364|50157|20901|39359|3719|23729|55554|27025|29157|31722|36706|1231|18094|27837|42484|12085|22918|33790|17709|51372|11351|20676|17359|4684|26117|27564|45323|38836|17629|24062|59247|55542|55432|23111|29228|41685|49520|37132|55440|7080|18244|38483|12233|51432|8146|13868|20069|56176|26113|54540|41811|20644|270|6613|118|24350|20913|10806|22023|5623|51630|21222|57630|42000|8922|8579|38277|4622|16617|34348|50372|44628|5881|51317|58499|51582|49988|58830|41631|30503|23613|59845|30619|4416|5104|42628|17210",0.61585126625257391,0.61636163722564574,0.00051037097307182755,canonical_raw_float64_squared_L2
338,2184,42f05b8a1e5f6150,c99d5dff264f27a2,19691,100,"19691|10916|34638|47079|58443|12794|47374|7743|24472|13865|27050|40106|53503|31084|4802|51415|15325|25401|28502|13749|37037|53463|5927|52559|48746|24050|48413|46383|47039|51215|9409|58091|57308|58779|44200|46942|48349|12848|1471|40280|36562|43360|29218|4687|40203|47120|39958|47318|3872|22361|41191|36327|48826|46968|26683|30065|58981|20179|254|28226|59205|41836|32729|34777|59010|56521|29892|21343|28603|15956|17157|27491|32610|41438|34840|57537|3844|973|22480|59029|44326|5051|49141|52655|19689|27276|50867|16626|8865|19779|44832|20576|595|2075|19951|37805|20108|58457|21371|5474",0.49288803818755178,0.49289558319032289,7.5450027711143619e-06,canonical_raw_float64_squared_L2
339,2458,a9748ba7f3082c6c,1591c1dcabf9e94c,19692,100,"19692|34156|51562|5291|59621|53530|14293|5398|26413|31448|38771|4147|41311|6754|2605|355|23704|57305|38357|6395|2796|21097|31455|57302|32526|36111|28413|22282|51140|14873|47352|39415|4899|831|210|54177|16393|27810|29898|9406|23479|19077|3873|10400|15064|37227|22828|37801|21965|26537|55012|58012|8186|43933|337|29217|34953|32412|11459|58468|8069|22567|34167|3412|49923|43070|46342|17583|7589|35219|56658|22339|23630|14994|9551|20225|30143|36764|13607|34272|56019|56330|38973|31494|37638|55511|38462|51455|33069|32709|24478|31857|11371|34432|5419|9084|31794|5292|42380|48446",0.50811898226776098,0.50822472784867512,0.00010574558091414055,canonical_raw_float64_squared_L2
340,2431,09ecd86ef06301dc,1da8cf6164cc305a,19714,100,"19714|25512|10901|26758|30626|22567|28949|12924|16393|11003|49412|19676|36841|26151|13814|40274|4094|48446|26837|39415|59621|26157|22068|16024|5919|46895|31826|2975|18888|48504|14078|15656|42510|13018|41406|20225|2605|36243|39663|56248|55775|19588|37368|36943|7867|831|59795|5281|27476|29531|46800|16805|55244|34764|11780|43078|49274|3207|25427|26084|59825|24429|45287|40398|10653|50799|53340|23147|49808|242|43738|14558|59038|54053|32709|41590|14860|24478|210|50446|59234|26100|35582|36296|21034|29541|7074|30980|12324|47352|43367|29827|46115|58012|5796|53899|20608|3913|10220|12525",0.50351334683087767,0.50395257676117766,0.00043922993029998914,canonical_raw_float64_squared_L2
341,1663,4a7c47e77f394dae,c15524967beeb902,19727,100,"19727|46182|19830|11153|55540|59311|34931|54302|13067|4472|35000|7720|52294|19135|39415|1164|5872|740|19742|46160|52029|13920|4449|23424|31531|15620|38470|40329|9162|59468|28501|1613|28430|22872|14282|51455|6105|14094|50168|908|21179|15713|55931|42282|975|48248|11496|24249|49925|51429|39399|31016|43887|388|571|50713|29115|54767|4361|50200|9298|58126|58212|11868|29314|20432|3004|56127|33043|25627|27961|58187|18650|59827|38858|21055|50620|33246|40593|3309|49140|9546|55711|2834|6506|31447|49982|56220|12235|11435|31677|53455|57662|41701|2911|22336|16445|218|10072|59530",0.68914546881447103,0.69001318070491724,0.00086771189044621,canonical_raw_float64_squared_L2
342,2287,6f29675a846a5ae1,14e04b5c6b365cc6,19753,100,"19753|37729|59462|46902|19843|43059|4165|34546|56949|21140|41882|9067|25261|43045|7037|37903|59946|34466|19730|28223|36744|14948|42329|14028|42372|23438|42729|42567|53650|26437|40310|47852|46313|49174|9199|16521|49432|6055|52192|50234|29674|2323|43672|57185|23858|45035|13432|33558|13431|46686|21605|21002|12615|52569|14393|39027|13674|2817|47626|7714|18451|57038|46362|12699|27349|12161|10115|42434|1335|30429|40740|55721|26195|30147|17438|23377|37418|21365|4702|28833|16738|48689|1141|16729|35569|10357|42345|33578|24019|49443|53537|2391|56436|9903|497|53710|7889|15700|55331|53660",0.37341430610446191,0.37353727651767299,0.00012297041321107649,canonical_raw_float64_squared_L2
343,1688,e49b19fdd4b0c125,855c28749023f8f2,19831,100,"19831|29192|6068|4473|52887|41572|59450|43459|20594|3743|13390|31558|5692|53076|43662|1097|4508|37619|44415|57872|29894|39221|5020|23914|1161|24051|2204|54992|13869|10038|42257|46511|45004|40838|7145|44247|21649|35244|51286|53541|36349|3594|54008|27731|2723|32588|48681|5974|13672|27829|15237|3954|13526|5118|45677|17983|58326|1433|57535|6687|18062|6503|8350|31448|59287|52435|40622|11923|34805|6120|42441|58539|31026|38545|54736|25586|40956|4869|8235|41155|24923|16882|30745|17180|27507|55030|41073|20592|7735|5246|2614|45149|35118|5683|19880|26712|30492|34582|58018|44374",0.73275477127481214,0.73314481765076978,0.00039004637595763114,canonical_raw_float64_squared_L2
344,2014,c94df4ab4d528f74,424ab6c993260e2d,19895,100,"19895|33880|31333|33319|52543|43504|31255|34789|6929|28348|26723|14331|44925|15836|20207|481|19312|24702|6392|3957|39887|50761|56973|22693|48613|11313|12216|10240|43044|22981|12796|52233|55679|51803|55155|11349|41878|57989|55076|816|45571|49866|8710|54075|51700|46253|26014|42444|49806|51720|1965|28107|32757|12818|23510|46957|28169|52314|49647|12068|28997|54757|6716|18440|42012|18242|42837|10216|57420|22424|23826|50227|24036|28787|27665|37073|25212|39829|27914|36084|25854|54388|2093|39451|47912|38889|5413|50228|5152|53621|5960|4479|19236|12899|43490|10800|25272|18229|50544|10582",0.5394601086730102,0.5399770909978433,0.00051698232483310402,canonical_raw_float64_squared_L2
345,1881,db8d31e9692e51d7,d7092eaf3c8d040a,20024,100,"20024|17317|28620|6430|18392|1250|5709|37539|26685|5861|55313|34077|224|9156|27285|40204|43573|36636|5643|36674|5820|16563|41586|47518|24619|18494|9645|26553|59488|5183|9327|5827|3137|51200|55247|56740|10899|352|46755|9994|26039|41505|47796|7302|20322|50528|49252|8049|19640|55621|23548|3231|30405|3369|39776|58593|38191|13620|36651|23005|45327|3295|42673|32278|55188|47686|19678|12881|43197|27229|4605|25459|11524|642|39743|40412|35023|20311|32114|6403|6756|57876|12608|10346|30113|2923|31768|57280|15961|23492|54476|14865|16257|43806|9410|2309|843|53523|26978|41846",0.69738824950760092,0.69785639352250151,0.00046814401490058444,canonical_raw_float64_squared_L2
346,1806,8f92c7f1cb89f303,fdde4a005addde18,20145,100,"20145|36916|1269|15604|50236|23092|14310|40337|8137|33544|26890|43425|56713|25873|53167|10429|28186|46849|50138|4981|2078|57730|78|31154|46360|29392|39751|40437|53408|24209|32590|49969|39604|14882|33849|20085|12925|23590|5998|30300|15395|18788|47674|9250|10023|37442|59503|51513|6266|2418|8344|40269|7764|40959|26670|23252|38865|48563|35615|53056|35890|36923|26029|46733|24674|26861|28044|8947|56928|23742|39053|49700|41691|6027|55232|6249|59738|43529|44486|13985|42546|7519|13936|45721|6451|38343|16041|6280|2340|42455|15428|31413|3226|53116|57654|11021|41343|47072|7359|18876",0.81146292203948822,0.81177980578888254,0.00031688374939431441,canonical_raw_float64_squared_L2
347,1987,45a7ffc15afc4900,e4bbc62785c4aa26,20156,100,"20156|7938|59622|13094|58641|23935|25821|35740|55661|23634|51415|16399|32756|15530|33623|57338|3960|59027|32677|6778|52291|29266|12696|32660|20332|38241|52430|10556|21900|28296|52699|26102|57203|15802|24469|14126|46918|30884|5899|40930|20108|42440|27560|29496|4687|1406|44424|24098|18507|9394|24159|20206|36718|14492|13560|17513|53026|24265|17295|41955|12313|52115|10465|33340|10709|44832|12973|57834|35684|39809|23874|13663|26910|35494|32095|15842|27771|25012|10541|57538|44087|50702|23369|29313|55059|33389|21948|37560|20429|4253|4795|59205|23869|45572|12617|59353|9222|44597|41219|50745",0.60391466230488511,0.60497749902780895,0.0010628367229238433,canonical_raw_float64_squared_L2
348,1929,49a7269442a1759e,fcfa42d351d3794b,20230,100,"20230|12045|17833|58250|31315|9787|51155|27189|25767|34207|50365|2796|2536|12031|2938|6628|32478|34933|2723|25713|59530|19820|0|45804|39084|27838|11440|27815|53149|44736|55393|36101|32412|42486|33273|10360|57059|7128|38597|53748|36349|31111|11855|9311|19960|49452|38268|40096|35222|19135|58326|22568|6327|32618|26203|31820|51626|57587|53819|32630|29961|15544|10725|3919|22834|50039|12924|42574|7897|44567|3591|55123|10378|16357|42218|16018|6827|20529|49724|35741|15499|50282|9649|44629|26754|26205|16876|1215|24810|24084|59338|294|34931|45379|59962|39938|44024|8251|20506|11521",0.6078772352704489,0.60839994482969706,0.00052270955924815787,canonical_raw_float64_squared_L2
349,2467,40cf5e09929de3bb,e9760ebec5dfbc43,20295,100,"20295|51241|56758|43451|9874|43266|51863|19788|29497|52156|42002|45240|44981|19357|46796|44438|21930|37806|31423|44082|56716|49897|41170|6015|55400|41976|24501|12836|55783|44010|43092|58441|8138|9882|51897|40122|23960|18783|43534|1665|57525|32716|17366|55720|4274|24245|48792|59963|1144|42054|1853|30388|22303|58117|43739|10390|54180|28134|32618|7702|51824|24905|29786|49625|25632|21408|9387|19996|19124|15630|19102|45791|58223|54787|11096|57872|1763|10965|12972|44240|51271|25538|40805|47978|12093|54852|4225|17116|44504|11265|52282|37049|28353|15049|35039|42006|56291|29518|34647|35343",0.55145689766886319,0.55225914658426034,0.00080224891539715237,canonical_raw_float64_squared_L2
350,1984,5c77257a68b0d6d8,99da27637578cf6f,20322,100,"20322|57504|10396|44816|27431|49684|49446|47760|1286|12971|33158|48745|18444|26933|41635|39660|11630|54387|2126|42915|52977|36371|28620|16527|639|9410|12199|7731|27766|44199|38121|54003|46825|46386|35248|36446|7266|46738|24389|2804|9716|50368|30677|45521|39916|59806|57551|7149|23307|39813|26544|14876|5752|35464|14747|8273|10570|20318|9994|8096|42314|10805|12206|5131|25197|28182|44160|27749|58077|54745|1119|18924|29637|5183|17994|49250|49100|46076|43806|41020|40019|57307|51183|30113|519|59120|52072|30132|37355|39695|31612|3561|18939|6124|29008|45595|889|1250|38815|43494",0.52579838940145551,0.52616485124775558,0.00036646184630007017,canonical_raw_float64_squared_L2
351,2978,4e6aacc6cba9451a,48fea48f24ea5fa4,20377,100,"20377|2106|36069|53605|32581|32029|58899|44041|10861|54524|32024|25255|46539|43663|26054|20655|5857|15116|22910|23017|47297|23739|27049|15168|40016|47144|9543|14270|46587|36514|30031|55421|15925|39913|22709|39639|7135|28236|42603|56309|6583|19420|2566|18250|13533|39705|49364|13995|4129|10815|38397|51028|55676|19855|46258|47752|16675|42565|22149|32018|58695|19690|3408|41320|51211|37682|56098|55523|20225|42690|48087|29408|47354|43139|48846|55174|57855|51336|14065|46208|16328|12369|2400|20450|42146|17960|21580|5019|6234|26566|2310|57256|31775|20501|50685|1126|4905|50799|26812|31427",0.4028545522596908,0.40301283751734029,0.00015828525764949308,canonical_raw_float64_squared_L2
352,2236,31a58cb6a7271bbf,11f272eb33e12e17,20441,100,"20441|6288|8308|8783|3126|38402|3930|47174|38035|58502|35550|46646|18786|4459|54937|35852|48887|109|4778|28337|56291|34810|54999|3011|5994|15486|38821|16174|42443|1467|41359|53987|11643|35517|38666|44321|25388|9555|49069|5133|7249|50752|38327|3840|6480|33994|36568|17802|51927|42157|57169|45403|17991|17945|49534|16511|33909|26659|33774|7763|36741|9809|44567|3691|12972|34975|33317|10934|10614|38405|16834|7147|21453|438|55938|37440|27184|33271|25160|7421|49588|28571|24417|5170|47609|546|10368|52346|48672|58727|11401|31903|22529|44240|49217|17888|37413|49074|21300|48962",0.49158131511059511,0.49177551706757788,0.00019420195698277576,canonical_raw_float64_squared_L2
353,1931,2eeec341b3a129e3,724b736bd498d033,20578,100,"20578|29875|22719|21497|53074|37765|10659|22949|48675|45470|49461|53144|14100|7176|5622|27899|46597|51032|38370|13337|48373|27118|59958|51530|34127|48513|25858|48296|31998|168|59571|19284|24950|1192|58130|14857|22871|7227|15790|42795|43701|9996|56130|36684|59609|14510|25610|42240|10930|44779|33089|1367|33444|24405|6896|45371|36310|16347|13255|40836|11801|32136|38430|21847|39750|47522|40171|55629|23683|20921|35949|9969|57498|23397|960|28536|17296|26241|52105|34820|51081|50122|25161|1666|54015|3477|4603|11966|50030|57455|13315|28863|31607|1587|34516|59174|43844|51631|57784|2828",0.82592786093738246,0.82608807700313536,0.00016021606575289393,canonical_raw_float64_squared_L2
354,1788,bc452c46acebcfb4,edf7f142c3d5b25a,20602,100,"20602|8348|58530|39974|7170|19667|20181|53421|8968|10116|26098|6363|29873|49674|4250|8906|35456|51726|53658|52366|10438|43518|41174|39329|2979|26866|30537|14727|31814|26927|42239|54582|9056|55283|47033|3757|13154|10838|51994|49103|26643|27706|16520|31001|30795|11422|12645|13952|53373|1463|59015|5984|40753|44414|52511|32744|19886|12128|44364|47208|7394|2742|31258|34248|25966|29747|3897|57396|49613|5854|16587|36151|14622|55819|12353|29762|29636|22633|3989|47733|47900|28619|32469|14497|56480|7643|34278|57688|38212|31486|48778|39334|19330|39255|51424|25810|45827|35992|42248|17671",0.88232088075424397,0.88301311889458756,0.00069223814034358178,canonical_raw_float64_squared_L2
355,2918,5f7ae5b4154caf19,b8ac1b5ac0a08da1,20686,100,"20686|49130|31625|18630|45386|5600|47550|31245|47685|45348|51311|36484|19586|44727|39981|26184|25853|18741|12231|39409|9499|38599|59144|4717|17327|17011|34989|45325|35256|22954|11304|23746|37377|52973|18102|43265|44937|33500|16509|43505|49851|59932|8007|27655|43220|56242|47456|51409|10537|24943|16483|20726|57103|32721|4861|44294|27615|46363|600|45666|31545|31680|13382|58564|12194|38949|16501|22022|48583|9430|39612|8849|28266|58761|4432|811|24821|21263|52921|35014|10065|48690|25188|44773|27375|14483|52223|379|51011|9796|29160|45791|44672|51044|34083|57718|9743|49393|20942|4061",0.25090138132009682,0.2510426855271386,0.00014130420704178137,canonical_raw_float64_squared_L2
356,2831,00a04378bf7cc67b,cb2671b1e61a16e0,20942,100,"20942|30860|8429|56424|32265|14483|51311|32861|7237|3353|48491|34743|6667|27171|35345|6773|23728|18106|41264|40391|1323|16846|43183|51946|34527|9664|1770|41434|53155|25694|41059|51011|48227|16830|38599|22760|56395|9826|56342|42236|21710|42367|49134|50757|40474|4298|37858|14684|49177|49184|24748|379|7327|8660|17890|46763|25737|43709|29828|46392|48690|31426|33500|59600|19172|54649|16430|20467|16140|1278|45659|19730|11309|50482|41298|28599|24943|24319|8222|38949|46431|37377|4713|38978|58075|40458|45325|25853|26316|30328|38547|16509|35434|32726|8849|29173|50524|11207|35013|8397",0.21368335949900463,0.21412315960724385,0.00043980010823921334,canonical_raw_float64_squared_L2
357,2224,2f9eeaf3efaaa777,c2bac6f00dc79215,21034,100,"21034|17779|22857|10653|47826|39540|42030|51603|26100|12525|49297|51798|18888|40135|57974|52805|6836|43224|33396|54027|25514|39946|17632|21177|39312|3116|54315|52152|48504|53378|15361|20038|1759|56931|33699|35409|31721|24165|5918|53607|30307|1852|7868|571|25847|28291|49683|46298|31979|54151|25440|28110|53555|14642|45751|25743|52126|30528|56768|26992|56248|33400|28892|38990|13806|15970|1677|2794|2605|3271|41561|49340|43157|4715|34105|49832|2987|31649|40849|10901|2397|2710|53640|3781|53733|24199|57574|53694|27374|36347|14413|46115|45346|43078|26543|13400|9577|41407|16024|7595",0.43259143232398739,0.43317440937521051,0.00058297705122312138,canonical_raw_float64_squared_L2
358,2021,23d9310ac4410cc8,106da68f7883028b,21061,100,"21061|7815|55269|5442|40682|20493|9286|34686|45678|22671|55751|18507|20139|8866|16795|3499|2884|11894|43433|36308|21382|29050|16839|59952|48875|39525|10137|12937|15320|19108|50236|55867|6771|44256|5267|39018|5080|7620|16445|31200|20483|20059|42273|42177|38790|52168|21882|7641|54069|42946|26072|50474|29018|10862|28147|8198|33066|15530|54990|25998|48045|3055|48497|49685|38074|34833|44576|3580|59513|53196|16475|9460|24942|25478|46203|13847|51608|58300|28350|59261|56043|58847|534|8905|12578|23699|59997|37000|27224|58710|33234|9517|33971|32384|20339|54309|50898|33515|11113|34819",0.64169860632078091,0.6422819512989536,0.00058334497817269515,canonical_raw_float64_squared_L2
359,2244,7fcc4754d78ac45d,9dcde5635175bb38,21135,100,"21135|19509|26981|5155|58890|35035|22168|18225|50092|6508|49683|47945|280|27902|9039|11684|42281|31189|21546|38384|57551|25172|31377|47889|47010|29924|58994|42922|39267|14286|47350|45381|29779|22108|25203|42429|5875|40227|4455|58652|31608|39590|47251|27875|38760|14402|57252|38332|18274|35360|6891|29056|56211|12065|15437|19852|11006|23075|25295|12311|39210|39192|30087|44302|49752|22176|16479|29734|35616|13108|44199|13557|12206|26188|21361|57880|50917|10346|9693|10475|16340|25524|51968|34792|6796|59814|20797|19836|10289|46906|56463|6916|56691|5752|26182|24315|50185|30113|53858|49250",0.49882109270081554,0.49932154053183447,0.00050044783101893531,canonical_raw_float64_squared_L2
360,2068,0d1a0a33dac9fcff,a64a20cde91fdddc,21171,100,"21171|54968|58241|12628|44468|8447|24560|4804|29338|57402|11008|15813|53357|53252|57509|11342|30609|53832|26846|4287|47754|48408|59114|53379|28340|35393|42711|19529|36289|41459|20570|32061|54146|51189|26200|46889|20614|33537|10516|8569|40408|12731|38214|51093|2077|56036|46576|59973|34568|2617|48870|52087|30983|5528|18320|56047|13030|3376|39223|45265|57414|11856|24163|39731|19914|42388|11655|9018|39974|12109|6127|8635|23249|15541|18624|3070|22465|31519|58205|56075|55857|54106|37032|34152|18706|57508|29286|5660|58405|20098|21565|2534|49519|51750|39655|58780|35078|23241|13874|17939",0.45475813354088218,0.45504980940684769,0.00029167586596551276,canonical_raw_float64_squared_L2
361,2164,b47bdbb0b013a35d,1bc92a466b755bce,21204,100,"21204|34064|35982|39255|47777|39168|58612|47195|47566|11422|12550|51146|49674|54505|55795|59560|12476|33196|59015|45396|5731|39280|7743|49758|9949|47374|57863|58536|52718|41217|18891|22361|39996|21251|24454|7674|42239|41174|34840|25086|45123|13823|51430|16073|29469|5854|15752|56001|23196|21658|54010|12976|21326|35992|5501|4163|54095|29117|7087|47053|54978|29747|29083|6216|35792|52511|23574|59585|53528|54570|1538|53703|14717|3142|47208|19667|59114|12058|21001|43553|4802|2782|56480|29636|50581|4705|3958|22806|26927|41791|17879|27409|24107|13146|13952|34290|53421|58733|39958|15438",0.63655194904321832,0.63681515279365586,0.00026320375043753508,canonical_raw_float64_squared_L2
362,1898,0decad76e8061976,a9901477f10b677f,21212,100,"21212|39585|34966|19841|12562|9148|42795|32192|53156|23137|20430|23957|10930|56080|2655|10659|31549|45612|3477|38871|53916|14100|48152|45614|8191|9996|57455|27899|54253|49904|31517|51751|36315|12745|43566|31399|8846|38481|1367|9177|33089|41977|27118|20388|6201|5622|31216|42857|36672|16310|46018|8900|38740|30068|43821|6692|7176|42739|57259|25621|17000|9626|28120|21729|24173|20456|34097|59958|17907|13255|31643|42911|753|56159|16347|36818|34138|38027|32102|41445|15991|48513|49793|51530|14510|14713|42140|1734|54480|877|7915|45307|27566|56256|14474|48126|6036|22217|8432|53856",0.70155977025895466,0.70228508526821831,0.00072531500926364956,canonical_raw_float64_squared_L2
363,2240,81a8672d9fb9b104,a497abd98b9acbb5,21291,100,"21291|58057|18786|20559|10698|30578|54218|47343|50752|50753|40043|10533|51190|3691|26205|27112|14885|49175|38082|45086|47461|39156|52340|316|53156|17802|2768|46659|17218|49572|19488|4623|20925|18547|21331|3827|9309|6420|38191|27896|31517|56891|43395|17061|54449|29979|16117|5819|9955|32223|39902|2706|53670|17747|58149|39536|33197|37667|24076|48887|39376|44947|30630|42443|48983|55988|6438|31771|22788|31534|45876|22316|13446|22166|29609|27545|25060|35275|3129|21245|47412|1602|12985|18736|39855|46646|6671|34078|26596|58990|23717|46024|22442|56635|14946|34502|59227|29591|48962|3409",0.53501526456079262,0.53570757923855794,0.00069231467776531552,canonical_raw_float64_squared_L2
364,1801,e6a2c327ebe41d82,257b996f8425b0e8,21299,100,"21299|37966|2649|57741|57605|54551|50091|23743|55184|11818|26111|50998|4535|1367|45987|54438|35918|19001|22416|5074|12407|36638|22686|3517|54526|49094|4098|2933|6794|11291|25781|46291|18537|34801|41778|9161|34044|22345|10256|38788|52814|4025|15651|16799|15740|1484|9198|59404|7685|44363|9153|28127|8430|37876|57945|20626|22027|14797|52167|32085|24981|25333|16851|52108|11057|44306|36199|45940|43912|13440|29339|45066|23354|15365|10471|29508|50418|24128|3017|50426|26871|34472|5230|22039|8536|58910|40972|45582|14474|56571|23461|16713|51228|50986|38709|32196|27967|1556|10635|45434",0.6927462290476476,0.69472800758813325,0.0019817785404856458,canonical_raw_float64_squared_L2
365,2148,0493a01b55ca0aa6,832a6286c53a2249,21346,100,"21346|709|10350|16416|15765|53252|3558|17635|55904|14494|49207|45570|17380|58414|30962|539|58766|36913|22761|12819|45312|27394|40064|49297|16790|35228|5950|9603|22909|12501|53990|45196|10206|6441|40197|49290|55337|24533|15378|5639|40027|17067|56768|18646|56720|45267|591|41897|24423|57896|27163|30869|41814|4138|19520|41990|51046|18851|23123|51043|29714|15406|45674|5296|49800|32069|2372|4989|56690|59346|52183|38435|19387|14772|3931|23270|40289|56946|44857|16155|31994|28340|28169|44863|4211|45751|49430|53685|33826|43708|13806|25149|1614|50916|33969|15170|17469|17870|2573|41194",0.4619268037770069,0.46200129410135204,7.4490324345144465e-05,canonical_raw_float64_squared_L2
366,2024,59777d11e5dd5df4,8fc53d30bceba25b,21364,100,"21364|44761|40295|149|33334|13865|3717|14566|20142|19262|38465|28553|54801|26683|16356|41191|59029|7206|31084|53419|37896|36561|24874|14195|56087|59377|49241|22201|2358|53090|30958|20192|1366|58027|37805|980|24846|2402|57537|2413|39853|48706|39221|16889|48538|27923|50661|57292|28502|1471|45160|4538|10875|12603|29302|57651|31932|4938|28603|29137|18804|11129|46283|47052|28232|44923|21252|58508|1299|26114|54652|58443|20482|30547|5927|4725|9086|40371|17099|3854|254|49208|19691|7488|48413|1075|58981|9816|36682|46942|32668|54402|26142|41841|27781|7350|59701|7920|11282|52655",0.56066742083949273,0.56182087159837546,0.0011534507588827347,canonical_raw_float64_squared_L2
367,2766,23aaf5e5582a627a,66a1a32f508061ef,21383,100,"21383|14025|51869|50929|51866|27318|11063|31245|11158|48378|10139|57576|57718|44701|14934|47550|38969|49501|17396|50185|53585|10016|905|59499|17394|56211|5301|38867|22791|38554|13810|31991|34998|47350|27071|42017|45650|11327|9230|8982|9818|43047|54799|52497|906|55892|20686|58248|30423|26672|29746|16340|9427|57768|17316|29400|32463|24760|7703|49465|23454|7282|24491|23644|35262|58761|50044|41435|4240|51938|43814|32173|23446|46740|28435|44477|17028|39592|44937|17327|54666|20089|8437|34641|38901|3324|30123|11799|41068|44294|26316|16010|46699|55295|25188|7433|36953|10817|39981|30605",0.33165774061581199,0.33179425335695995,0.00013651274114795386,canonical_raw_float64_squared_L2
368,1463,cb9f8c243e28c28d,618135b184937744,21390,100,"21390|34767|59351|51564|42745|17930|7884|7176|22490|59404|55391|47713|20176|2600|33765|35004|45033|39654|42855|59364|8704|45899|55481|13073|55285|6834|9074|4536|18883|33118|51820|29322|39596|24244|51048|22771|42078|29749|45880|54289|38132|28012|18778|184|34536|44312|42838|4354|14721|44363|7293|49789|41973|42588|255|4280|24426|39688|45252|27899|1272|40171|57830|38753|38027|22746|45253|9225|18895|22416|8910|19363|47516|15148|43572|50071|26545|9392|40387|4886|40979|16899|20944|34311|17732|47836|23929|53314|13240|54891|22756|21036|43156|14515|14451|59432|56172|31235|18352|10844",0.90881936674717212,0.90894274089518312,0.00012337414801100177,canonical_raw_float64_squared_L2
369,1621,39b8c4ccb6c491b2,692e827ea02b2e32,21401,100,"21401|53|52528|40898|3705|43539|7127|31677|43157|11310|9449|51371|17171|8085|56869|41259|52984|43415|15171|36906|51125|16369|15620|18158|29314|38864|32848|52192|52522|18557|9625|3671|26712|6055|19976|25320|16338|48345|52071|48156|17849|59359|20424|49832|16521|47352|29224|42740|28501|14994|10297|13954|38470|30007|50576|53620|40641|7428|29401|13672|42227|8503|33114|24463|28215|59457|54736|40797|56550|7599|33679|48964|13526|46182|20905|9739|39926|33083|44185|28110|22828|56208|26084|29628|35642|46125|22882|35080|16215|9551|16947|9910|17057|30394|8069|140|15607|25595|56621|4281",0.5900545339404879,0.59011242382780194,5.7889887314033217e-05,canonical_raw_float64_squared_L2
370,1783,000e9fe0dd3cb565,4b3543937f00cc27,21433,100,"21433|33565|40881|39211|24749|50358|38066|39248|8490|38640|896|52690|50503|1382|37093|33013|27725|8009|56446|11348|6035|57344|57134|23149|14857|10719|44292|12291|57860|54011|47542|31092|29852|25511|4262|35874|53952|46171|57520|18661|6032|14081|4055|29498|24313|13715|35805|41578|13182|10171|51158|52620|41596|56497|48296|39951|37023|5016|47462|13357|50889|38036|5068|34127|35514|47105|17143|11997|21066|44025|30823|10875|54114|57740|29560|24003|45117|98|48307|27438|7577|33924|6106|32797|32680|17160|21926|22313|52091|56781|11486|34194|24046|2959|46972|19092|31980|37875|58398|49536",0.72074794212638038,0.7210635340528756,0.00031559192649521783,canonical_raw_float64_squared_L2
371,1895,9fba1a0d290a6955,f073c0200e0f01f5,21501,100,"21501|4691|43737|32598|2713|59513|14282|27648|10719|7280|23348|59729|48789|16703|5872|15432|8923|35293|43734|50900|33664|37654|23261|56020|53327|36922|13121|45101|52592|3839|12316|42968|3080|47145|34920|26431|55560|8233|18931|22670|53258|50509|16177|41109|8352|36284|53065|34682|15670|30559|10418|8133|25134|43756|18516|57323|57036|42756|18281|41333|24218|15301|31856|41188|39375|48216|8338|19731|46291|28998|37434|25073|25662|38517|39512|11743|23293|9234|42732|39457|50986|35749|12017|20143|10897|54943|39808|59858|3|11868|26172|16799|51415|6857|3283|9803|29605|13306|5343|4144",0.68314870914900938,0.68393531704583199,0.0007866078968226109,canonical_raw_float64_squared_L2
372,1876,4b6f0f287f050784,a0bbbeafedab7543,21563,100,"21563|4777|19571|3531|47704|59626|1631|17|7821|39361|43267|57483|42413|54741|37829|24405|52730|59598|15195|37347|49769|53856|23901|49980|1724|20670|45274|20088|10420|28617|43321|27229|8279|39743|43602|56286|10571|30555|4654|30088|52475|7722|30752|336|16471|28547|24219|25224|18134|17032|23006|41472|44309|57075|55213|26344|14398|8176|17461|50816|42130|26647|24336|21030|2309|30463|24310|26115|22976|2148|49409|36774|28248|16551|17893|28123|31072|39977|34066|8550|34097|45178|35293|42385|1090|8107|52493|14582|29458|24480|56982|24762|3753|8266|30783|29966|45766|55911|16938|59258",0.71282823546069385,0.7128946056371297,6.6370176435848194e-05,canonical_raw_float64_squared_L2
373,2713,b4db1e21bd351b88,7bb8462a6639d0ff,21580,100,"21580|46258|51028|55344|50799|57091|59825|38845|10046|49364|42603|16683|58899|53340|31455|46539|18372|25255|2566|20890|47752|35506|8543|10155|32018|51154|41320|42297|36841|47979|32523|58368|12512|40568|29065|48008|47155|9543|23655|20225|20948|23843|347|39756|26084|32581|39639|12003|14984|50309|53596|44695|37446|30683|29691|26884|33266|57101|27214|15116|23549|36514|2106|16393|9575|23784|55523|3949|22709|14119|14275|44041|28542|40597|45692|19561|30707|38721|49835|12398|56943|10949|40245|26837|7074|46245|42198|10766|32457|48841|15656|36243|56422|53605|16675|22044|10400|42889|51912|47354",0.3687096584615952,0.36924495414647818,0.00053529568488297485,canonical_raw_float64_squared_L2
374,2547,c73428f08f70c88b,fbd344e0fd50b3fb,21586,100,"21586|31326|50897|34506|21492|45394|1173|21225|59833|42256|16764|49518|12177|50317|59318|10009|51531|17529|18916|18507|19973|23874|22963|26953|35557|56962|36788|3718|34247|15168|9964|20139|27913|12032|36514|15487|47466|3524|3627|59252|50702|4434|2106|9702|27424|54697|32208|20201|58301|43242|9672|55550|50475|1373|45256|33039|32854|11697|1483|39408|3031|18556|10371|45452|57783|47144|36619|17669|51403|57608|24265|14574|37244|33340|49048|58703|19650|24159|16865|28881|20655|18409|10184|45409|34067|33480|35767|18146|41219|56298|40585|39952|55334|55661|11990|38615|11751|24469|3948|53095",0.49077597660842764,0.49144593028257139,0.00066995367414374174,canonical_raw_float64_squared_L2
375,2018,1c7ee5351bcd2663,1f3c1dcf4e9a6599,21677,100,"21677|41595|57283|41597|18761|35648|19990|57019|46512|34699|51964|58626|32929|2759|6249|21556|27079|7359|36070|48223|50599|54529|42662|58354|4614|26867|56327|18904|8905|12382|26861|42358|51817|37025|39960|17033|52409|4824|22931|44994|44809|43090|58557|40416|43509|22210|26612|50972|50068|34011|37960|48134|11370|35615|8923|28186|43689|6027|22073|6343|58569|1553|44780|53238|4156|949|23980|47650|6686|629|53744|9979|22364|53513|58425|30276|8254|7163|37089|17186|6422|50986|21033|14890|58451|9846|19940|43912|23393|49402|8066|51848|44197|45786|6157|52641|1269|31393|35099|59982",0.70288537432147713,0.70321609129246521,0.0003307169709880764,canonical_raw_float64_squared_L2
376,1974,671a75749f5b7904,c9d5178435fef923,21679,100,"21679|38694|59347|43622|50404|766|15346|56879|49924|749|5404|21226|18792|55173|59697|57468|40344|41507|20916|19621|54231|51259|37643|51422|57833|59491|51101|54106|45304|35671|3205|46224|18631|41335|24976|7056|58876|34977|46889|27846|58186|35078|3063|45771|24586|17318|3831|31879|23883|32506|54347|4045|48320|35929|20682|40926|43817|2220|42797|25571|27337|6762|50519|50201|56047|47119|4794|29811|48100|26570|24127|36395|9314|49799|33655|2718|45619|26108|21802|4804|16948|17416|15113|35300|41463|48908|29655|35665|39507|3961|5566|448|7793|8217|26484|34712|11100|38952|19103|8397",0.48097091786120805,0.48138932884564856,0.00041841098444050928,canonical_raw_float64_squared_L2
377,1950,ea8a5fd115c61b1d,3af8572a6b4dc0f5,21695,100,"21695|58316|14108|59331|49810|31801|14667|15482|23092|19584|47488|39515|43231|55342|47668|23252|2334|8814|7578|57546|41094|38692|53031|54069|22371|7425|20659|52889|39103|19198|20090|22097|39188|45712|4315|16610|39636|17498|14700|52419|34293|42412|34929|9907|5419|20073|17332|26917|26|49514|24611|35452|40600|42599|41951|14935|12661|53791|28902|43017|40269|1655|38840|11573|56420|51474|13948|19427|16604|39294|38846|10223|54640|8496|38851|17399|36440|33069|22944|53410|8344|8765|55691|36246|26010|47972|46229|54641|53719|20810|14301|35137|10423|19853|11608|41449|43979|46712|50550|45448",0.60987893273070037,0.61012756683312031,0.00024863410241993122,canonical_raw_float64_squared_L2
378,2529,f4034fe6d00b8d64,9fbd7f128e7013f2,21705,100,"21705|41777|10230|40197|13183|28727|8263|31341|46555|57420|30869|2539|4522|46957|16603|43686|8275|44106|41358|17067|46253|15718|4479|10657|45196|53778|40486|17635|40289|48199|11254|28729|58821|58784|15446|44360|28169|46606|48008|13437|24238|5525|14737|52774|7896|30353|33319|16047|18734|20049|18294|22764|57659|9736|45267|41318|6877|38188|5950|58414|1466|30921|10350|1932|17306|12261|51720|41897|9615|26378|44379|20784|31167|2595|24036|1199|3372|18813|12935|33880|40794|34736|50601|58766|39887|4138|38678|10021|32280|40121|28341|58378|30307|6924|28837|47783|8464|24485|18916|36913",0.45799469308309471,0.45805115775781624,5.6464674721534713e-05,canonical_raw_float64_squared_L2
379,2288,a19f5bebc6d464ec,987f96d7ae50c06c,21926,100,"21926|33210|16356|52346|6465|47631|31345|27253|38484|45221|47756|14726|27607|47462|43447|54978|30817|6035|22622|19572|28187|53790|54700|12291|36355|34064|4262|3840|16256|29356|53952|6960|31772|52673|46656|8099|34052|7059|4144|29770|13733|25417|2056|55638|20171|30823|26579|2191|7737|14336|25145|10719|9816|41193|8667|56104|24903|47045|23149|38327|57651|25160|30673|8367|50358|53269|12324|59377|22313|36682|41049|58729|33038|48538|21854|49873|50594|39|33729|12896|46106|7350|22616|6480|10161|19407|22258|33641|47933|46833|53299|21984|8426|48929|54943|48712|42264|52690|57512|35105",0.51502238809900613,0.51511141364906909,8.9025550062959979e-05,canonical_raw_float64_squared_L2
380,2163,b4e854cfbbc9ce6e,e4ddcabc0bc573c1,21983,100,"21983|58935|37953|35196|54226|29444|9362|1183|47163|40113|11451|48209|20497|9422|42161|7187|52921|48147|23480|14384|27589|19942|51409|16385|41047|19141|10617|47593|12891|3516|18558|45390|10024|58648|18485|58195|31423|40156|12936|44724|31816|14210|30457|34409|56949|37279|47431|41689|53425|38700|7505|42786|1329|57018|55137|52432|34083|19860|56988|5987|8359|22200|10038|21782|43378|37144|58339|33892|38291|58592|48668|46248|9945|50002|48075|7112|51471|31272|27326|10987|54841|52784|9718|56649|56648|42713|47550|27743|18112|46735|49764|44564|49000|3236|49007|49910|7496|58961|54666|33030",0.42856084059597477,0.42890887744515604,0.00034803684918127686,canonical_raw_float64_squared_L2
381,1704,cd2bb535258977d3,5daf0d65d5773625,22055,100,"22055|11223|23648|51480|35465|43976|7370|46358|31253|45377|4354|12100|2173|44309|21151|17701|30293|15151|49769|31945|24263|1724|31138|1332|30768|48749|6325|2029|47751|31126|22532|6550|6784|22816|6152|48669|19571|29308|1559|55622|52240|14836|9524|10571|38908|40248|56982|33417|17732|8211|22220|35692|41666|30999|44575|15905|56100|29107|1364|9189|37390|23012|1052|40034|33250|7342|16471|21230|57129|57893|34700|49239|16682|42464|52730|25602|26899|49337|13508|10420|23088|34376|7988|59001|17032|43547|13608|13166|47793|10101|41579|15759|28230|57640|28417|53544|50997|18333|17893|55971",0.74842264035873507,0.74887535933160221,0.0004527189728671388,canonical_raw_float64_squared_L2
382,2254,cd37bb29a5c0f0d7,8cc21124d90ef952,22066,100,"22066|47984|10783|11445|41801|37426|10815|39326|46092|8433|3411|21935|45369|25761|55513|20687|24261|12151|29286|19093|56036|49359|26044|4668|50635|30379|30706|31989|42437|38662|16299|10267|12552|35462|24021|52894|36852|33951|51634|51079|5423|37225|15076|23787|55157|45208|34080|10949|38893|2276|27050|48319|27581|95|23539|17735|36149|46970|44243|33455|44260|40782|15347|20767|54449|59119|59016|7767|48846|8421|954|20948|18632|51135|45737|4452|28035|31416|58205|55082|42956|23390|58757|25469|50038|25985|21460|1563|23241|5421|48547|57512|8008|54106|58536|29582|58371|8100|28258|27138",0.53694626176473759,0.53696715670201911,2.0894937281523696e-05,canonical_raw_float64_squared_L2
383,2497,7ed81e1df2a80608,5d5db6c3203b0d8c,22091,100,"22091|33643|27728|49152|14384|6767|57072|19078|17973|20334|56474|23825|30026|21503|29493|27709|18168|58985|33861|27955|3721|59203|27245|16385|17692|38184|43383|50712|49195|37509|57983|1862|37387|18274|32301|15590|58680|43522|15390|6942|47652|53488|28818|14662|1506|47889|16340|32738|21646|49767|4891|594|58373|43356|3501|12801|58762|50337|17020|57889|48129|32463|55408|9025|55688|38408|31966|47807|29428|25574|36668|10773|59287|56343|16882|9800|59749|6346|11049|37544|21105|14367|36789|36798|23751|50696|28798|22791|15768|12401|30252|9882|3452|24404|16775|31069|49752|21856|18071|58879",0.4088597901810414,0.40917125841621338,0.00031146823517197442,canonical_raw_float64_squared_L2
384,1572,13acce891f292c74,fa371f3572937c13,22110,100,"22110|2713|29605|42989|8215|7415|8669|2739|43420|15072|23476|34510|3080|58729|25662|1993|44944|11649|24126|627|54542|27614|1258|20495|33993|57443|5872|34452|47510|57937|21208|25606|7386|11458|6104|34411|8233|38698|37484|50986|24022|16662|15527|42452|22411|27592|10471|46720|31345|43737|39647|56220|56573|4888|29074|51165|36206|57550|54699|10418|53327|23557|37541|42394|28597|27273|25959|45861|41188|39603|41974|2873|46578|58505|36418|44471|29398|31553|21181|35976|11112|5307|6356|39748|38108|53525|17412|16883|13993|12239|41397|7280|32946|26680|56083|52242|46952|10770|5382|48328",0.92360133098685915,0.923811199682949,0.00020986869608985437,canonical_raw_float64_squared_L2
385,2163,b4e09f91ab97da80,c89313d7e83ba43c,22116,100,"22116|5160|48527|59913|41437|35623|47233|52214|10507|14290|42440|7155|17513|19689|13453|17050|23309|52270|54730|12787|54625|48889|22739|40469|12794|27923|25498|52763|37168|7141|12134|14255|28691|6636|20923|29471|2823|14827|12536|5051|58706|50624|40045|2922|1992|38350|3759|8021|17306|24472|39295|7223|37763|53317|19951|46575|52796|42915|59771|20179|52229|28375|46383|44617|16110|6557|51431|6450|52824|23898|12313|2397|20108|46942|5747|41523|28987|48237|47777|40837|58500|36136|7625|16031|23882|13482|42747|51801|15975|38143|398|16926|8918|36225|57712|21343|8865|14242|25520|34782",0.52563694937118233,0.52581110914606266,0.00017415977488033363,canonical_raw_float64_squared_L2
386,2561,33f619d90b136fd8,9edf6daf80c11c92,22129,100,"22129|39956|54799|59561|32738|9427|47854|47236|52993|6899|2577|4500|5794|609|15716|51869|33225|8952|48836|44117|27071|22609|1973|52330|1824|28918|36939|50696|262|7792|6054|23454|36953|26027|8982|6954|32173|51447|56211|26977|7703|30026|4240|58373|52135|32492|23171|45162|26015|58985|33360|31267|32832|58471|18232|9522|23836|58248|11283|20729|57434|43047|1699|19713|51127|29734|2330|41779|28515|26672|43014|11514|51459|27318|29880|36950|1632|38867|2574|42926|52497|21236|23799|57576|35835|14729|5378|58482|45650|21064|46338|36024|42467|6920|14934|59814|32463|46210|57042|45333",0.38813059151311469,0.38817419992320656,4.3608410091877658e-05,canonical_raw_float64_squared_L2
387,2080,7264435791b7df34,795e3264419f29d4,22148,100,"22148|16463|6636|36121|16890|8233|10561|22201|10719|57651|46575|13715|36112|48985|38983|43494|38852|43256|398|35397|1934|34777|3|23226|23445|52270|51431|16926|23739|2725|17878|31689|10950|56567|59771|2191|41191|32969|46942|13533|46968|24002|58027|2197|26379|41836|23935|4768|10865|20870|17686|31843|32898|20640|48533|56454|35164|7386|55430|56403|7197|14255|43930|38774|12649|8831|33197|30803|22241|10507|31033|42915|37294|50509|42828|39189|11521|40859|13499|49352|37767|34213|8984|38517|15975|23216|22284|48707|12574|8546|49763|15342|52718|6081|9772|33089|42303|55010|46790|23350",0.52285296415416982,0.52299910689291573,0.00014614273874591355,canonical_raw_float64_squared_L2
388,2300,2e7786a5bd7c460c,71ee860d80e0d1a9,22178,100,"22178|5242|32997|21247|32719|9185|55883|18542|18404|31287|17536|44567|2723|36026|19004|17110|38545|33573|2365|41622|19711|59964|32525|10935|12930|29801|33555|18564|55417|36908|32828|33701|12554|23413|9515|52152|51767|58681|32396|54723|54218|33948|42906|24282|28334|14975|39874|1302|23182|27474|46511|47671|2253|39392|39991|437|29780|33137|11406|3316|32412|51637|9468|9845|35622|31383|2875|30379|44588|49087|34076|31349|52693|20913|2198|29528|52053|11510|58110|57589|17585|15100|34474|30420|9855|46612|49740|31878|3306|28203|14133|51771|35304|5785|44159|32617|32125|19059|47484|48211",0.58430195720801514,0.5849632245077605,0.00066126729974536058,canonical_raw_float64_squared_L2
389,2263,79702ef6ea794d90,c8900f094206c126,22226,100,"22226|23078|57084|51848|14484|46567|43939|26797|58647|31306|17104|18780|15143|28808|2137|14667|10877|36588|21492|23252|21016|34659|33349|1856|52394|26419|40049|23114|3945|39614|26765|4493|47194|34812|20782|46961|28251|20282|4672|6235|37569|50236|45728|54377|16742|14589|23637|28146|29541|13584|32854|34702|43808|10386|8465|24835|7021|50456|17669|18576|6747|13222|46222|42408|5165|50599|41788|20810|35056|43781|28475|37218|45545|53510|23668|1100|33039|12382|2625|11573|20760|53292|35860|59879|39952|9158|14929|53306|54147|22834|11567|9053|11714|14264|28437|15106|12956|10958|22653|9852",0.58583533691280021,0.5858809887564902,4.5651843689986649e-05,canonical_raw_float64_squared_L2
390,1969,acc66e19fcd987e5,830149fe790630a4,22234,100,"22234|23509|43518|59696|58214|4602|29695|3720|20898|58530|4953|47458|27625|32955|39668|23907|34462|43817|16861|47414|41615|34484|21802|8120|12115|24586|16520|47085|44331|16428|31846|25629|14727|17729|50724|2531|37524|22712|22426|18012|15745|110|28955|49924|54314|41507|23666|9582|43772|18616|12918|58834|39507|12883|2689|8715|12128|7396|21298|38694|52185|48788|35315|57031|36223|11897|1877|34957|21565|47404|58151|30535|4794|6630|8397|22400|12024|22167|15268|12258|4860|54911|35938|43514|1960|58498|44619|18631|36337|47677|17261|46854|475|26769|50841|34125|54582|44414|23962|30355",0.51796313937565297,0.51800657227735925,4.3432901706275118e-05,canonical_raw_float64_squared_L2
391,2573,cb95c36eac481247,713c41e661790940,22400,100,"22400|1431|28599|54145|10530|8429|3518|35345|43817|32014|16830|50482|16072|43705|4303|5910|17416|11141|46001|46392|6773|12090|56342|22760|48227|38547|54944|25111|12249|15241|14483|15688|15619|32955|35593|32461|4617|54316|8397|5217|21802|49134|49852|1770|34814|40190|20105|20275|25694|27846|35917|54649|12513|19656|40136|35367|938|379|58485|9644|25853|7440|38599|32861|566|1996|58117|25290|1439|47635|34712|11266|24818|41264|21710|58075|28750|35671|26200|9117|46363|20762|11424|46138|46012|59008|46431|24876|12918|42367|46111|45148|34036|20949|4277|41002|20942|763|49924|13874",0.23733204721977144,0.23760772001165148,0.00027567279188003835,canonical_raw_float64_squared_L2
392,1597,9ec070e1edd1e088,45ceff7b541cfb30,22478,100,"22478|3746|46022|27|25840|26670|20339|13935|16623|45224|38073|17877|16748|8799|19591|55929|15132|38603|13525|26753|25356|3125|25170|1134|25218|8311|7463|44995|5151|45870|47424|50056|8947|27634|37846|54915|33254|2243|2493|45294|38343|32568|22748|30797|44322|54889|5760|48111|22192|9371|49259|48404|20367|50418|31667|4212|2685|44403|48563|10816|26886|25408|18431|34599|1569|45479|24599|31910|42061|43767|44094|2601|54623|19431|29975|21598|19599|25122|30740|7606|18289|2860|6808|3221|47788|48318|14489|54839|53241|16045|36538|21670|14405|16944|53116|47137|47003|5771|18858|20373",0.96748984125326742,0.9675337525927542,4.391133948677961e-05,canonical_raw_float64_squared_L2
393,2185,7f345fc0786efd63,e61190dbab4147c9,22512,100,"22512|44330|34397|51140|23787|22828|3411|50901|5421|47352|44972|28843|55513|52237|20005|95|45208|35903|29898|45909|5128|16249|12045|23943|52362|46065|12151|10267|48362|13756|29629|569|57123|47127|42950|25376|34702|19689|57420|45369|42323|27138|59530|8275|10220|33055|58897|56931|5790|41438|355|36236|24614|1362|1606|56249|41720|11926|12525|12552|23539|24322|12500|25977|6949|39963|51455|41369|13076|51135|4452|6405|3823|31677|57445|50446|56859|1600|36979|15361|48091|24479|12528|19823|19176|409|21055|40677|50635|3524|49444|10698|5176|54511|59913|11038|23086|54693|28474|49929",0.42885963638053981,0.42891143899590856,5.1802615368745641e-05,canonical_raw_float64_squared_L2
394,2463,b2757609be96049d,f08ecc205db5c628,22572,100,"22572|21587|32709|59795|56850|41814|55740|14772|35228|6710|19684|39561|43335|48447|47496|47479|49207|56669|15170|25962|29572|40856|3908|36913|2372|58899|16590|20225|40027|35887|22909|10155|47979|11371|242|18065|12398|31191|53340|17425|46851|4693|23859|13403|11823|59825|41684|22144|27845|52183|59762|16155|46208|20096|45267|52362|19520|24478|53550|53990|25070|5680|41632|32197|51642|57131|19077|28188|53588|43157|36383|27476|9395|41085|53563|17635|42180|21917|31466|20055|43070|54220|2573|31979|10671|42035|51015|14873|26631|17870|30041|1832|34600|41931|56778|50022|8763|2503|45751|45692",0.33063896802477022,0.33096362257643147,0.00032465455166125201,canonical_raw_float64_squared_L2
395,1872,0b3b6da0fb069eb0,0f54fdca020df635,22706,100,"22706|25575|22655|31432|27079|25890|42685|45669|10569|3806|22625|56325|42662|8351|30568|14215|54456|1905|18031|57161|58354|36556|7604|35476|18428|58209|54377|16026|35820|38965|8905|956|28612|49986|40575|41595|42442|58300|7033|43090|7055|25811|58188|45934|4156|53308|50375|18723|7262|51130|54417|5592|51441|53705|16322|29416|9290|58535|48938|27707|1713|19553|10877|9615|51456|40254|41584|31452|40061|39328|1828|39708|7163|45147|7331|38699|15459|14963|6343|23385|38195|34470|11903|54436|32645|949|41305|47067|15393|39324|11414|58096|51138|21904|48429|21925|14041|56404|11|59522",0.69204490593979273,0.69227698011726257,0.00023207417746984316,canonical_raw_float64_squared_L2
396,3457,8eaaff226da4874c,89ec467f76c06150,22709,100,"22709|39756|36841|25255|9543|14119|38845|7867|15787|19420|46539|19846|46587|51028|43663|32581|33501|42836|30249|14906|47354|16874|54535|47800|31334|53596|39343|9575|31570|9367|19604|54575|39889|4278|44041|34384|22389|10861|21517|28374|18801|31142|15925|41320|46642|53340|52275|15440|34612|31191|21349|36442|47552|50292|24835|56309|34976|29098|26054|40568|6548|19552|14984|39639|58180|17669|43621|43139|6710|59825|24966|13410|26837|5857|53932|45750|47752|35506|53605|16675|36069|37865|26199|20439|58636|5122|42516|2400|27765|34076|2573|35225|27367|22910|11090|6234|12879|26771|37518|50799",0.35108220536563239,0.35121765305495761,0.00013544768932521878,canonical_raw_float64_squared_L2
397,2335,53cf8ab3a47bfae6,b28f16e1223135e3,22895,100,"22895|52538|33315|52011|15715|16274|207|28428|21684|59534|45730|24953|55309|41878|34457|56169|41936|50049|37925|37898|42297|40286|23107|40993|36943|6894|46846|4816|56067|1552|29148|58321|39096|17591|23266|26396|25704|50088|33309|41692|55699|17259|51724|16664|57522|36609|53874|15717|53672|43337|30282|57895|39166|41947|28542|20055|32197|720|25500|45050|31183|36510|3196|42912|18276|26912|14759|3078|38736|24130|4917|30707|42403|28188|21076|22170|24393|9757|33273|35582|57095|47944|27127|33845|41777|53052|50207|56843|33643|31457|43690|43450|39584|20564|7992|57679|54137|35998|32641|53344",0.58200988613895566,0.582054303499284,4.4417360328341537e-05,canonical_raw_float64_squared_L2
398,1940,ffb000f490cdf158,9489dfdd04fa1aa7,22936,100,"22936|33545|42150|32647|22306|48122|13823|8791|31311|45642|46966|18654|22335|22365|9765|12049|31830|8796|54237|22037|29545|35939|56415|41138|56585|4403|37551|39911|1304|6955|34813|37024|27465|53463|31512|13366|4856|1389|19107|47580|20667|43015|14912|30650|18879|47606|16984|53001|23983|6216|45877|13146|9946|22090|16588|43360|33083|21604|25993|23900|17593|30625|19745|35948|11558|48820|52000|38659|40149|5|54684|11695|8015|38189|14981|51837|46840|39582|58297|35756|51521|57001|22503|25718|29408|52246|43167|26347|23768|36176|12369|44488|36986|1844|26267|16575|18069|11418|5019|6960",0.66844648256696737,0.66847426181270431,2.7779245736936353e-05,canonical_raw_float64_squared_L2
399,2501,b7ce62998d3622fd,e3d9feb36a6584df,23037,100,"23037|20483|25401|52858|57831|41836|27624|49699|23875|35566|9961|25436|41334|10719|6603|45702|29353|44033|52312|38790|3325|48707|55555|57310|41100|2695|20270|74|33377|4130|55867|36997|23968|41442|58887|28502|28290|43493|30849|44283|42780|45678|30499|46932|52353|27923|31748|46968|3|12117|47481|7388|21347|40295|55884|58987|16453|31733|32384|48216|15837|52592|2472|43607|4263|25785|25458|32825|1315|44497|17325|53885|42765|27452|25155|6081|24218|57740|32821|8865|32969|44336|21837|27834|49747|52094|56446|6106|537|4262|21512|58889|52501|39120|12896|57294|57205|2116|46174|11333",0.60984372543987564,0.60990970768987707,6.5982250001428433e-05,canonical_raw_float64_squared_L2
400,2105,ef57e580a021098c,d857315e3e3bda64,23060,100,"23060|37387|58621|29938|32834|54128|33643|9807|1171|39022|20946|13869|33705|53670|51015|54723|43522|32580|55449|8529|44374|24216|23751|23526|19757|16286|47564|1448|36717|27211|19626|4779|9654|58915|36855|56318|8883|57584|10693|38686|46756|24027|34409|35492|10049|21813|22117|58581|45354|9968|41924|57524|44367|45559|10118|47765|29462|29163|30269|13868|19125|20508|34637|31349|22896|52958|26518|27709|46623|5428|9063|53368|4891|21971|10903|27589|26016|55354|7335|7337|26378|49917|49694|39156|34265|3546|58871|14367|46698|56638|30407|59384|18046|44462|7841|3034|42714|58054|16047|1169",0.56847540255407281,0.56865417340345514,0.000178770849382337,canonical_raw_float64_squared_L2
401,1729,f7bbca80502c859a,83a1d09dbdeaa3cb,23083,100,"23083|56771|32575|59513|22946|13360|57529|8436|10724|53442|25904|29077|26321|13918|2089|46082|41622|43397|20432|40522|39495|57494|59676|51302|36467|14682|59530|41500|27467|45429|29088|15713|49636|41713|32007|56809|4817|9229|35988|56770|13187|1814|26649|45019|13604|4691|24808|57233|40997|18175|30103|552|50275|43480|29857|36823|8855|17711|44075|40029|22289|7319|18353|9988|20059|29269|34833|11052|12088|49399|30692|24236|55943|50811|26251|36967|23033|26443|55192|18339|28137|32496|23044|19487|49888|31047|46700|59952|54508|52104|15432|14391|41045|52885|20669|53420|32468|46612|8501|13111",0.76721481393879987,0.7680192142094564,0.00080440027065653563,canonical_raw_float64_squared_L2
402,1943,664bd07b70434844,1f0e5426ddb1914e,23101,100,"23101|15076|30650|42956|20767|36044|41603|25985|49798|45780|40880|51058|9855|53942|50747|46123|37494|4403|22384|36000|47222|9745|10783|28137|39197|9668|57117|59251|52894|57512|43431|29545|23220|31416|8008|39969|34075|39161|29591|8949|21038|40782|8071|38659|13123|26596|17602|13858|55157|55082|34673|52943|42710|38662|52616|54875|26619|34426|37736|25977|12151|8771|15489|58724|21795|32975|59758|23202|59730|32397|51079|24018|125|6779|44518|20012|38834|27942|54449|38893|55192|53632|43013|36816|32135|3963|54243|10649|30074|48582|12766|14946|23470|6523|53435|46092|27876|55420|8433|58808",0.69216932938409914,0.69555332320845353,0.0033839938243543921,canonical_raw_float64_squared_L2
403,2222,c95f5c9ceba7ac76,bb9525355a0abee6,23369,100,"23369|20923|31775|57325|52214|17642|35915|49758|28364|15152|11064|3759|46528|56628|45290|52613|5423|14827|2414|44087|6056|20704|10846|25498|10465|46896|59119|37967|32073|11694|54644|30059|17937|37741|24265|8405|24525|29372|4452|19897|151|34777|12099|42016|13663|24430|1406|27050|45517|55829|19938|36663|44603|16135|19522|50635|43215|10633|52763|20948|23898|24472|48818|31642|41955|24396|49935|54443|24276|19855|57188|37294|2077|45723|9568|45542|46383|40949|25834|39988|39143|13995|13756|46035|38992|8236|44468|16241|8997|33823|20687|43874|23309|50143|51801|7625|23670|95|33511|30593",0.40497422906717462,0.4053252302881073,0.00035100122093267849,canonical_raw_float64_squared_L2
404,1654,03ff62647df9616f,87c90035618e1b03,23389,100,"23389|34297|11972|22366|59463|21504|4512|22598|52850|45777|34350|45905|39371|12648|45045|36661|31201|13571|23597|26905|58364|54761|55215|8101|9509|6326|20828|39441|1975|49115|45230|14518|19221|33036|12805|505|55824|9441|10848|19617|21907|4576|47644|54931|8769|21200|59067|21338|4934|51868|55024|13928|55905|17435|13904|13568|59593|55360|1180|29842|48196|23555|30923|46126|44793|37027|27461|13636|30518|12040|22777|19045|28317|35105|23965|49509|50237|50211|54932|34474|51463|56197|55596|8556|15507|37980|59938|375|39778|29170|57626|7622|46061|44319|2469|7310|20779|21547|16267|33770",0.9778054750893288,0.97848067871131317,0.00067520362198436601,canonical_raw_float64_squared_L2
405,2293,cce7e454637ccfa2,b6bff3a0a575ffc1,23434,100,"23434|57832|24178|31991|24752|50337|5408|7995|39981|38120|19336|59749|27955|26015|56474|32738|24456|1506|25796|31403|58373|28033|38408|23825|7007|49152|21094|18102|21236|31658|12037|12676|5093|58248|4092|41779|3324|4891|4029|36950|9501|16340|31950|44552|4500|9951|16473|33695|53140|18349|27728|10096|40343|38105|25936|38933|47669|23746|9025|53368|37629|9427|8424|15768|42202|48174|57072|39069|33963|44092|36722|21503|6322|50362|46387|14025|16892|43356|28684|43383|46197|35588|29428|18382|23079|37044|49857|32463|50305|5672|26352|58189|38162|32832|49767|22091|42799|9663|1862|24414",0.4550191275010651,0.45524314977625591,0.00022402227519080498,canonical_raw_float64_squared_L2
406,2057,7f4dc0f6c235dc75,f7d58e5224982ce9,23548,100,"23548|27447|24041|41586|44272|6403|13191|34993|21333|37600|51313|8539|2582|27061|36819|26463|48821|48827|21293|37153|8225|40507|29275|57946|18071|39118|41761|28798|13218|54992|9965|17734|19664|41913|36668|46190|41922|14384|50383|16882|2827|21448|55380|57968|59340|51182|22884|6756|9402|28671|5183|14598|17905|32311|2841|24923|21653|58929|15043|58249|54026|547|52874|11049|45743|23422|13242|32301|20452|7373|55966|39501|3425|45105|51176|46580|52737|11275|46421|39437|49489|10446|52437|43646|11413|5587|42764|22899|10191|56140|23032|8773|44415|27004|45959|36636|5261|1720|59099|55188",0.52287205450893048,0.52300301801726523,0.00013096350833474713,canonical_raw_float64_squared_L2
407,2954,0cb58b9a8cab7ffc,e93a00a8338dbbbc,23549,100,"23549|50799|6548|46258|38845|43663|37518|52034|46851|27107|47354|47144|2106|54524|14181|55344|31775|52362|53340|16393|13756|19689|57917|22149|30031|38350|37368|58695|40016|34764|59825|48841|3207|40496|53767|14873|10155|8330|41194|12003|26566|40597|40469|50130|53227|5857|1600|38912|18320|25498|33266|20585|37714|20225|54249|18916|21173|20890|40568|23843|14827|6932|36462|58687|12636|347|53328|784|28837|22282|36588|32581|20201|12794|58368|622|242|35228|28056|19420|10046|59234|48008|11819|15656|17714|59762|10551|21929|5531|11823|17972|46112|18372|27205|11785|16603|58899|35620|3718",0.34474197022235975,0.34524186428301834,0.00049989406065858999,canonical_raw_float64_squared_L2
408,2001,afc7ead8b95996e6,aacac65f347385d5,23574,100,"23574|54065|10466|59244|18738|49109|17671|15881|37294|21188|15342|520|8114|18519|44974|58500|43036|916|31746|10838|2275|32152|14918|52763|4199|46601|46241|7531|42080|58179|4446|21191|7155|28569|26166|39168|24115|52967|48862|20511|58612|47158|56572|12846|36421|12756|53962|43553|34770|20299|4163|6164|15732|5393|31482|56442|39239|52613|48279|4015|13787|8554|55158|21251|33389|31579|15773|16073|25834|20923|13991|55661|44087|7052|16890|23823|36092|19585|24995|39473|20673|26963|52699|54443|12550|15231|13224|26475|59585|49893|40453|23369|43930|43136|23654|34687|21181|14933|49141|11334",0.49943971961273936,0.50001711721776465,0.00057739760502528714,canonical_raw_float64_squared_L2
409,2149,c1ceeeb0d3419baa,86752d807d7ffce9,23615,100,"23615|49664|53172|23551|58871|31678|22395|6057|40315|38011|46668|7263|44289|20273|38197|15792|15062|32778|28792|29492|10313|53457|10118|40068|42714|14705|21222|14133|8678|32956|4917|35605|56275|219|50362|9784|27199|30294|27478|26352|42183|50477|5383|39944|54539|29428|37600|42346|40376|55037|51889|41765|51102|29972|1045|49505|25137|49696|50089|26597|126|43359|24294|54261|47765|30580|37021|26016|58796|11388|24984|24414|940|59845|51604|33970|3034|29462|21118|31523|53738|13504|23303|54713|15209|53497|32460|23840|52813|20385|29429|52063|9169|2462|21137|29091|43235|59726|26986|38759",0.52947472371818449,0.5294805157154604,5.7919972759057359e-06,canonical_raw_float64_squared_L2
410,1924,efc14b7c0502c90a,3d42e0965f9c5485,23657,100,"23657|53812|46999|28163|13599|29574|11955|29044|26074|28617|8213|16133|45704|10799|32701|10877|3555|7262|50979|6149|34485|28334|16769|2632|4349|10569|2857|54890|16966|42414|57259|672|12590|45227|44713|25461|35058|12404|47930|52482|53225|54613|45307|44969|25416|15832|49820|10930|15337|59267|20761|27336|33089|3657|14224|15114|48115|25839|36010|26972|35625|40338|47067|35440|37597|34908|14764|34723|29385|36445|26190|6231|27566|5585|32121|7557|32516|13509|16684|22165|16938|55384|25975|25799|49584|49847|31095|6610|40204|30946|10899|20988|36687|53141|31395|34480|46373|38946|25285|11140",0.62759798696821667,0.62937989265400784,0.0017819056857911741,canonical_raw_float64_squared_L2
411,1891,f7eb6da98f65d56d,3938265089956238,23774,100,"23774|27679|48685|478|55184|50972|7359|19742|14337|55469|55796|11738|28802|1986|17778|24290|10603|22371|51235|53602|21962|44706|14160|53238|8457|6879|12023|48787|35487|58141|19506|40360|40312|37960|1641|53719|41621|53603|21033|23448|27540|10177|45942|46635|51561|17265|8851|43513|29705|55773|43231|43425|59879|7395|10005|57083|56327|22837|38106|37025|38361|40510|4959|34686|6266|59779|37089|20151|35851|52641|51815|37231|39656|26780|25943|24705|53056|10609|29793|34769|46532|45082|1789|35924|29865|14236|47210|10892|18606|44055|25525|44123|40997|57730|45824|6855|44094|26886|45767|33116",0.71798166109177497,0.71802874461923483,4.7083527459856889e-05,canonical_raw_float64_squared_L2
412,2595,6f1cad7ab91ffa5e,1de115783a9186b1,23883,100,"23883|38900|16127|36708|9117|25737|29754|2220|50524|42025|24976|16830|45771|25470|3478|10148|10864|38694|40190|27337|20105|3720|39563|811|15113|17730|17917|1397|15900|46224|55256|4794|11309|19141|58117|8217|8852|50404|25290|14529|18616|38625|36146|52223|46392|24248|749|40618|34977|35013|8120|13181|8397|37326|11661|763|53331|40474|12918|16186|24521|24748|25111|19621|33459|21226|28750|36703|7327|2666|38733|14116|29828|3063|31846|20942|28115|3829|22400|2797|54953|43622|27846|50864|15619|30324|58151|57525|32188|43705|33368|15435|14037|12024|54415|17416|42347|44148|15866|25853",0.33641257158305349,0.33659947050696987,0.00018689892391637875,canonical_raw_float64_squared_L2
413,1915,387bc2952d350985,e8e7837f37e89041,23918,100,"23918|16906|50156|58472|15972|19843|19153|34503|30905|17916|28867|45346|11362|45660|24165|8478|42267|2794|13432|49156|56939|7037|51758|17382|8296|3892|56768|25261|27594|33403|4228|52082|59815|55244|15107|47969|33490|5639|52883|55785|41628|47152|49558|54315|10933|42480|11061|22250|46801|49297|54744|23611|25859|22676|11084|41211|32559|497|28986|58405|27234|11490|26939|15173|43157|40256|47853|4154|38543|628|42329|42532|35353|24643|49443|45259|32069|33558|45886|53694|35575|4165|17779|56914|6391|425|33179|22645|47524|25034|46901|36673|7868|59044|24670|49256|50559|42372|16097|26084",0.39017431073535802,0.39032027176843137,0.00014596103307334962,canonical_raw_float64_squared_L2
414,2238,8ec734b5e7680d6a,608674c5a5306e94,24026,100,"24026|52824|38826|46383|12217|29453|2075|57506|7141|5051|49272|59913|2486|22739|38241|18365|29158|25836|28578|6680|51415|32593|39356|41438|28388|11299|23676|12756|49030|12134|23903|42440|20108|7938|4393|20645|6568|22275|43272|4087|58706|21122|12617|19779|47777|16073|20139|58779|12848|41523|36692|22341|53962|44200|54635|48862|23309|39168|17513|39615|30372|35982|32487|41191|15806|17157|16665|45665|55998|53503|52328|17050|37202|30133|29326|48467|48368|59184|13749|6611|16229|40280|19691|53361|23869|10466|52229|40045|21767|41789|27276|59081|26735|59651|26515|17306|21344|49640|10076|25603",0.62604829681636032,0.62671784123155017,0.00066954441518984886,canonical_raw_float64_squared_L2
415,2498,11362648158e8202,d8e4f3f7a4904aca,24027,100,"24027|4779|26304|10248|10613|29290|10292|19432|3452|14249|38571|54128|53399|12153|55201|57997|44273|47656|57728|19533|50951|29462|14367|58871|40427|49875|594|13070|33695|57631|33963|18715|49505|38796|35262|59287|23019|51895|55408|44462|2368|8825|38848|57053|58985|35371|524|3034|49096|47896|26315|48471|16288|13144|57584|15897|47159|50362|44374|34409|18166|24923|37995|50694|46796|33892|40495|55449|52784|50712|39837|30861|54430|14384|44448|26002|21856|11716|44564|43522|24202|46611|34265|35211|11127|31193|48075|56638|58621|36165|31815|55243|46304|29429|55380|23825|24041|37755|45546|27589",0.41139357173283281,0.41200167547997607,0.00060810374714326265,canonical_raw_float64_squared_L2
416,1652,ff465a35fc431635,faeb4c7a461e1067,24167,100,"24167|5648|36376|35181|586|22533|22675|30509|56643|47774|7777|16918|14998|44495|17254|49282|4595|16574|41032|13910|48954|55869|2431|27736|10298|43964|40595|45733|14557|21392|20025|1430|37570|50564|7350|37821|59306|12548|41739|20312|795|1649|4021|31250|25909|59438|10075|43655|21624|52808|36520|58314|21638|41761|52080|48511|48229|46029|26805|41572|3490|59572|57936|47916|43274|57357|14202|59332|32164|53711|40673|9922|12332|7416|10550|8048|9195|14245|23001|25689|787|20643|6718|15334|53020|29335|44553|52493|32258|54720|2306|6970|18305|10302|843|49066|24386|16599|10845|8226",0.82777953766922274,0.82787331658139351,9.3778912170772166e-05,canonical_raw_float64_squared_L2
417,2045,2f03a32733658bad,549f504391861b5d,24190,100,"24190|39378|10471|24313|5068|31932|10719|11586|17296|12444|12649|15224|49584|31387|47794|26251|36730|16645|7406|38582|47890|4768|16417|55438|26810|7761|59952|24848|48707|39237|3283|18818|10561|37773|46374|41127|19388|38888|59221|7853|7227|35113|40623|7016|22741|724|10490|6081|2607|6158|56220|32898|33141|10930|54699|22722|48578|17099|25637|55952|31614|33971|41203|16445|19407|59934|26079|24925|16220|40699|57344|29498|51788|2444|16398|26203|38640|9256|50152|11247|56528|48734|32446|32123|15056|25400|57967|18674|19203|52312|9778|9086|11446|39564|14741|49533|54438|7024|6684|23828",0.67117287354291233,0.67156453259512261,0.0003916590522102803,canonical_raw_float64_squared_L2
418,2292,80920aee262d450d,586693bf2448693a,24234,100,"24234|24738|46415|14687|39156|29938|51563|16286|3247|27570|54723|21331|14809|10533|38273|36455|48031|53670|4649|40050|44245|26159|23551|59312|51271|38264|20273|20913|2280|27146|39049|21866|14902|50609|716|51068|41363|28684|25181|8231|18547|6381|23726|57806|49917|55801|48094|15375|37387|9050|54518|6571|10699|38525|49505|36787|5524|26828|54539|30299|11551|16480|12948|33563|23864|53086|28390|17674|3079|49090|5806|36280|57997|18236|38011|47583|7706|9025|54835|24770|20472|38926|38024|52958|30598|11669|37147|40001|44374|14049|10118|546|36991|57749|31541|54218|23960|48339|51015|57563",0.48345681198733936,0.48360172062309237,0.00014490863575300494,canonical_raw_float64_squared_L2
419,2040,ef3d845bd942608e,78bacafabff60104,24272,100,"24272|54376|7696|16888|34107|46848|411|1268|10368|35147|31202|3479|8024|5012|11559|12944|34671|20772|18724|6612|43395|39512|16634|52699|46968|30000|56766|53619|44098|2206|9617|16356|41403|26141|31514|32100|21499|31630|52313|28021|18435|29237|52904|17878|51345|40728|22126|10845|33197|40809|29852|43357|58842|13733|46746|44057|19783|17884|51952|36144|52673|59099|33317|45595|27446|34784|57968|3729|24874|53816|19918|56569|34810|25329|5994|24632|47827|27001|55368|41862|57391|47609|4797|27680|955|42581|47664|48012|12487|37323|21398|35818|59607|4215|14081|7361|25523|36355|55028|12650",0.55979307327617245,0.5602081882978045,0.00041511502163205094,canonical_raw_float64_squared_L2
420,2102,cd22fa08344b32ba,24a1dcaa0b0bd52b,24277,100,"24277|35766|48794|22862|30026|22496|6899|26463|12905|30035|30071|10317|33356|37153|8235|34843|29734|56379|51447|57964|9717|29174|37398|10962|40915|9800|27550|33992|13582|58994|22091|41913|38589|4553|55646|37600|15927|20954|42884|47109|48836|4508|43381|52048|43695|49489|56049|22969|26328|290|4780|22129|676|20729|14913|51182|59283|51234|27955|13218|52874|42325|49152|5794|49025|53488|33147|54008|8048|44751|17630|27061|58018|40201|44272|36117|34405|1824|9474|52848|39843|16170|49916|58762|6942|38184|19069|24766|39254|8982|54799|11613|48821|13109|18071|50992|13795|15573|22811|52476",0.64356703977834884,0.64366488822286838,9.7848444519543776e-05,canonical_raw_float64_squared_L2
421,2086,cafaf11f2145a811,4d801572a8a91c9e,24331,100,"24331|27083|47025|2199|12385|53626|22311|7943|46233|24683|4541|44065|20245|33705|5083|16818|59559|28371|47401|8811|53800|10257|530|48308|59773|48559|25895|6165|59391|9947|16999|57844|27085|13798|41535|643|15717|15150|40742|4818|43171|56410|5524|45841|30973|15763|17367|33344|24647|12979|38393|55087|20250|50136|33025|27435|15062|34845|29045|17061|57894|39581|50253|14748|18989|50764|23717|22117|33376|16679|15690|38686|39048|48963|4560|52412|23894|50451|56639|25303|47701|44487|36115|16910|54297|34177|35746|37443|57543|37020|5796|5662|23513|3513|26123|28783|33538|54719|45287|7687",0.63805949805085782,0.63835985420514318,0.00030035615428536389,canonical_raw_float64_squared_L2
422,1341,a4fe94487b6b69e8,0a238f8895853f47,24339,100,"24339|40934|18883|39469|38366|24813|45083|9737|37496|1423|19892|56764|920|51214|55285|42503|45757|46393|38027|59404|10183|37321|41533|16899|958|2240|56455|12546|42745|35412|16043|5110|21497|20019|23721|53327|42936|7280|56562|3794|22423|18083|58365|25606|6707|24948|50428|23382|21390|9803|42494|17811|10193|53674|7293|55428|20129|48747|21569|32250|26545|39087|56441|24914|39603|11390|47625|15860|10627|22450|44312|11531|50565|33512|32196|424|46329|40074|27389|378|12748|35976|54360|17147|50155|16883|24546|59351|21572|21501|26811|41333|22256|22473|7506|51808|38132|40387|29322|8704",1.0874607008093273,1.087613211835585,0.00015251102625768453,canonical_raw_float64_squared_L2
423,1551,b37d92687ad808e3,df5e9850ead96516,24390,100,"24390|20769|18773|3667|36624|44995|3221|8140|19170|16045|10835|39869|13461|3125|54889|52769|26558|17778|42585|55330|52760|2604|30622|5760|41343|46022|20274|32900|5574|35205|25356|26670|27348|30386|5363|25170|48111|58059|56680|16748|33100|39744|12135|55682|37291|22192|28256|35652|45481|10584|7049|19653|36171|42997|52923|25840|51513|44094|40944|49859|20367|43259|43868|33427|42594|29459|6451|46820|56024|3385|1133|14797|58619|1346|36630|49817|46483|37025|33998|27|26702|15398|6092|21670|40264|15728|27362|56532|2860|38520|12163|3517|51715|12726|56183|14405|29508|45199|13019|14419",0.94133558166536013,0.94234245896135271,0.0010068772959925809,canonical_raw_float64_squared_L2
424,2885,4696537beb4b9939,8f4e0db8a8886128,24412,100,"24412|45924|13481|57564|34171|46142|53423|21664|51778|16963|2658|21111|19269|5928|38374|41902|47350|23117|1686|34341|43479|23109|25614|14821|19254|31694|18451|50185|11529|100|57142|42754|9818|29726|1664|37104|43664|29524|56211|46680|24700|49677|17444|28807|3812|14823|46614|35985|48009|891|33160|37587|6916|46964|31362|51243|12311|3049|38867|34948|280|48663|12516|33109|30152|2006|37726|26182|26608|55586|55959|50917|57934|29039|41124|15437|26188|11158|57409|28031|55721|43814|38835|18617|23799|16457|15648|33093|12438|36262|11808|25872|46592|31778|11325|50072|51869|30123|27902|8007",0.38516791835581476,0.38535693620224881,0.00018901784643404751,canonical_raw_float64_squared_L2
425,2233,170ef8ba04596fbe,e81905684f525553,24417,100,"24417|37499|51166|6969|42150|34878|44744|50513|31903|3142|35517|37607|2069|25206|47860|54978|48846|58733|10467|23586|39964|19202|14220|34290|16997|16142|55669|14216|42054|33271|13024|56284|31534|27184|38821|3930|46646|58502|9270|28337|48286|38152|50082|27112|43786|1471|24484|33727|3497|35550|5663|14874|47547|11178|19369|12122|43721|31732|3011|26659|53987|12875|43604|49074|20441|43824|58968|57169|18753|58457|58443|16256|50752|16575|27545|9555|27307|53612|48185|34810|546|38706|12213|21215|34627|56886|1467|51008|7147|30547|18388|58603|31176|17945|23473|12976|38402|49963|32275|52176",0.50258040977059748,0.5027275020746067,0.00014709230400922202,canonical_raw_float64_squared_L2
426,1819,30746010ed9efcdf,993e34c2f7b8bd19,24436,100,"24436|41904|24767|10853|25582|45798|50921|23164|9573|4541|36117|2827|32110|18908|19742|58055|36115|44367|37443|7156|3183|34860|31962|59391|1933|25303|51881|30546|16234|27062|37132|57218|40742|41183|1099|20915|35264|18062|59760|21014|47765|40948|59559|44206|45466|36713|20354|4416|29894|57431|57662|59798|17215|45405|32806|51234|3149|52158|57894|43195|11230|27130|35770|16257|8673|43780|238|27215|20665|34370|43616|13297|25423|12841|43401|21375|22553|20405|2292|50372|2609|4997|57786|17061|16612|46375|25991|59517|50260|21950|18244|38393|4492|16617|28371|15082|58028|16152|36118|30492",0.65382593684487156,0.65399783987280447,0.00017190302793290702,canonical_raw_float64_squared_L2
427,2421,bd484d5e630e9ce1,3c0b8c7a392022ad,24469,100,"24469|33623|15487|59307|42747|23309|5051|41955|53880|54635|47144|34782|36225|3759|52229|55684|55661|33389|49272|29266|32208|38350|57712|46064|42146|28388|18916|1406|4532|19689|50702|23898|22519|32187|48467|7165|28226|15152|34506|43790|29558|53778|23903|38004|56051|44087|14111|20201|14827|4687|47183|41523|36619|24396|41219|2106|14126|51749|19951|52214|32756|59318|11926|25821|4862|41789|59981|28843|33055|20655|45572|2922|15802|49640|35534|13076|22044|54567|11065|46112|20585|36294|29660|10904|22974|53276|27424|23869|41830|15718|53044|35413|4628|52134|20365|1881|47555|21382|2216|40930",0.50036229617582983,0.50075312465196697,0.00039082847613713945,canonical_raw_float64_squared_L2
428,1798,4063dae688a5d12c,f007d881b0387e4a,24599,100,"24599|36538|23186|9294|4075|34599|45294|48697|50842|12965|25131|36399|6726|31967|3104|27054|11951|5536|1808|47137|10170|11414|7164|57970|13888|12763|3272|25562|22599|37862|26901|21904|43316|36654|45147|37624|10580|53245|10621|23140|8659|27145|23344|56325|38575|37186|8311|54837|2493|13632|3611|2492|18791|31452|14489|25080|28884|24782|7|38955|35385|38308|47828|33254|38201|31667|44798|13525|16377|19599|14254|51096|59570|44457|44753|12466|21108|9725|54100|7331|38767|32329|11570|58568|20373|12036|27936|9202|49058|40816|42463|20960|30397|41854|6808|28508|46331|40901|22876|45981",0.69350159743064799,0.69385075187985723,0.00034915444920924354,canonical_raw_float64_squared_L2
429,2499,eb1988e1b0fd0eae,bdcde8c963719bc0,24667,100,"24667|58647|44110|11542|16742|53382|15861|50094|30213|50236|52394|22097|844|59034|55555|33039|54488|53167|56032|3192|53787|18179|12147|22210|2575|19208|46490|17929|32201|6879|38846|42646|35077|14690|12765|17664|56614|1754|40049|31964|47922|20887|14601|49485|59711|37000|27230|52442|23252|9852|55751|47757|21382|14355|20782|55859|56928|50223|18146|58|35471|19614|18556|32519|10660|54412|50384|1269|28322|59049|3358|58367|59575|18587|51862|15338|30300|15998|23114|56327|31683|15259|8720|47318|17399|41024|20770|53180|41334|13932|23112|54717|2665|52419|17669|46712|22834|31948|21327|28718",0.53905860577317655,0.53914630005908604,8.76942859094898e-05,canonical_raw_float64_squared_L2
430,2014,ce5737e56ea74e82,47b42b9a09a3ba80,24692,100,"24692|4936|18327|46104|41568|52620|50621|20428|58443|54912|54402|47052|37422|10664|5897|12875|52980|35674|6679|35810|22361|52262|48080|22607|39958|19165|12849|1366|7005|43447|27311|48564|55662|39965|15632|6988|28125|39191|31259|29137|21088|51008|2731|59010|24664|31203|48441|34064|12122|58732|31732|27247|27307|52346|41550|7087|16681|11585|40192|56104|14216|25063|21752|53436|13160|47053|42793|56430|23149|16256|47566|44725|48275|528|28154|50119|46966|22372|18753|34777|13733|23900|25300|55217|2363|45396|13715|21608|30306|14141|13224|47376|18429|8113|35419|21392|59130|4262|41217|14382",0.61899048025348491,0.61947260175900731,0.00048212150552240374,canonical_raw_float64_squared_L2
431,2365,69c8f0bfbdeeda51,5ee3bf373d7df1ea,24752,100,"24752|24456|15768|21503|31966|27955|25796|29493|17973|23434|32738|1506|57072|18102|52194|41779|9116|3240|58373|27728|55688|38315|47807|32748|12801|32887|24178|31658|36505|38120|23751|58189|17020|50337|23825|31530|57889|16473|57832|33963|28033|26015|59232|39210|39981|19078|6322|37387|22091|57465|24414|35588|49960|43356|57418|1862|50712|9951|37653|51488|45650|20711|58985|20461|5546|32832|52713|35406|57082|5408|24085|21880|23871|15390|33695|59749|8940|29428|9025|21813|9663|43383|20737|41366|32512|17112|37509|22791|27842|56474|22581|59105|13419|51419|38862|7900|53140|52893|9427|23307",0.43984281278501358,0.44027868935640418,0.00043587657139060321,canonical_raw_float64_squared_L2
432,2348,fe27a9aede12e400,00c34712df777ff8,24773,100,"24773|2682|13955|38509|12206|34580|26105|30751|49159|28224|47304|28682|4471|15109|13770|6565|47433|16326|26588|14821|51367|46235|31058|53034|4651|26188|18419|59625|28164|13481|12180|35954|15648|33022|51802|29075|38594|35493|31189|47010|12951|46501|15404|32777|29779|27121|17933|4765|43261|17684|17149|46005|22168|383|58418|9047|46443|47744|19836|47617|3645|280|9038|31707|50917|402|4466|14131|37990|20863|45620|656|21115|42429|39032|23930|29726|15593|47945|11058|34642|19509|53604|55265|31386|19269|31377|53023|26182|47548|15088|4113|46761|50424|25524|27749|43180|52383|50185|35936",0.40766599982566476,0.40771365131701254,4.7651491347777686e-05,canonical_raw_float64_squared_L2
433,1878,c6f7732808172b16,9399cae8711a0da1,24804,100,"24804|32296|29482|13947|27883|33388|18288|20020|13351|32634|56496|21388|33843|42977|40541|36167|39812|14789|45861|1273|37472|33805|10471|320|56319|14251|36114|49037|44159|35479|39088|36042|55417|53417|11916|29842|17686|39081|54818|7624|15942|33496|44356|30431|17791|43896|1225|10328|37274|58656|32719|49592|18633|36580|28895|15365|49943|56836|44521|4037|43973|16138|35854|52595|13909|523|32154|33191|38552|11057|19360|21629|22380|39742|20101|26916|68|16652|6822|3432|40699|16468|2358|18255|10014|386|2146|34260|42104|33585|43152|2087|52761|12326|7853|27481|46320|9842|49206|54728",0.74101216013302129,0.7413763547335559,0.00036419460053460639,canonical_raw_float64_squared_L2
434,2385,6ee7f3b2287467a2,28ccf6d3826ee5b7,24842,100,"24842|42035|4429|50746|16862|59820|38545|23061|58475|46776|25500|22909|32997|56988|27205|55634|36602|19281|3992|38864|67|24695|36349|42828|20998|6531|58326|10267|710|28250|29799|50254|9649|24034|16508|21941|51838|36383|37767|58681|19258|46619|43335|38194|19059|38268|2723|52152|59690|48109|51642|13826|17303|23647|21863|33197|41931|19161|33289|17420|58855|52803|35817|59893|41636|36913|23816|17870|31843|42695|9185|16897|49694|27702|44243|54108|9446|27097|47484|2693|26634|47135|13673|55883|47163|31915|37683|20572|31759|16709|33482|54496|41677|11439|2668|54151|13390|12568|52805|17425",0.45386552722614015,0.45410093352973052,0.00023540630359036863,canonical_raw_float64_squared_L2
435,1852,8b95ea4e4e08e2cc,5579fdd718a75717,24869,100,"24869|15962|43254|21256|55204|17292|1257|54177|29945|23164|412|34794|59733|37954|42335|8339|58489|47241|38668|55132|51754|50504|17110|48897|47502|42086|29404|3232|10299|590|34629|27396|37156|44337|51279|57703|8839|30798|3183|6327|6751|975|17833|40251|20650|37408|3833|15371|44588|19476|50590|1215|3083|23242|20453|28721|17095|24918|41453|52299|16055|14771|9600|18894|15495|27098|8914|10328|4357|50923|14446|20100|20877|28695|51747|26409|9775|47913|24125|4922|17746|28776|2827|39902|44505|57174|10166|59468|7829|13719|51853|47996|52697|31962|43813|25008|15729|34260|6827|49190",0.69477933950672988,0.69507242427426874,0.00029308476753886481,canonical_raw_float64_squared_L2
436,2270,8f74eeb8fb3ca434,3487b9f78c9f9c29,24892,100,"24892|41232|10221|784|17871|57107|25015|30248|20784|4315|11507|19933|25478|21513|31409|40197|8330|57917|17306|42798|39034|15979|30742|46253|26845|12290|40794|22124|20842|48272|14759|59419|45678|30307|38692|2397|30310|33607|31994|5467|47757|4479|5335|9736|5458|26263|12701|47632|53503|57539|32277|2884|38143|844|12780|10207|41182|27925|16603|55212|31592|34659|4493|58636|38172|33880|38696|57420|45006|33171|29218|33798|5575|50210|37010|51798|48497|34654|43011|51977|52288|32515|39963|40697|33917|55076|48599|7141|37887|32757|53196|47887|41437|28169|10862|42938|16229|25414|29660|50195",0.52590236135006285,0.52591846975507339,1.6108405010539784e-05,canonical_raw_float64_squared_L2
437,1982,909187237492abd2,52dc91250318e613,24964,100,"24964|46447|57589|12310|16133|39216|24310|49584|28617|55664|16203|27342|1933|10877|52743|14844|55404|52926|877|45003|54890|5009|45184|53460|26978|57788|49322|40707|55432|48698|5906|6599|21648|36388|17566|43131|26326|28334|24550|56841|11955|14849|37021|31505|57673|19999|51575|2393|9952|1812|37443|21837|12979|32292|437|17234|35057|20069|36978|15746|27616|3555|55884|12885|30775|4997|29385|12590|2152|37070|16001|46047|45085|53008|39977|17097|10342|18602|32396|45154|9090|6036|57365|12302|11903|47660|29310|2116|4937|58110|58302|32746|2178|34322|4450|31664|51767|49580|1652|269",0.57613191494569682,0.57767485621398817,0.0015429412682913535,canonical_raw_float64_squared_L2
438,2615,5f4fb0090b06c1f0,0b16e063c1529d96,24967,100,"24967|25962|11860|40027|43335|59795|58317|59825|40116|48724|45938|15170|58899|36777|55026|32798|7811|42180|37602|23817|48270|40597|52183|10155|1832|242|47626|54473|48689|19684|33531|50022|48008|41814|56842|47587|41194|46851|5950|53550|50424|37947|31612|52383|33669|34600|39565|56720|7074|19943|13776|42811|20096|58971|622|23859|5726|46769|9395|16462|40228|12398|16675|41625|48458|30942|28788|14620|58540|33529|9779|33183|20225|18664|21002|28422|38810|53990|56669|1921|30763|82|49835|15582|35887|49412|6173|42603|23655|40610|52362|19520|24136|23930|17714|29862|35228|7719|26396|51999",0.29643524157426987,0.29654515686801286,0.00010991529374299036,canonical_raw_float64_squared_L2
439,1704,9d3c0cba93e26265,9afaa9b16b7ee3b8,24993,100,"24993|8418|45712|34293|3772|22541|39515|24120|43979|52719|33925|26577|11893|21561|37610|15999|29775|26730|44293|50650|53268|33450|14667|45502|5107|55709|14262|56272|16431|56929|47705|39986|53960|4732|12593|36130|12974|26957|13948|22944|32906|31562|14108|9397|46712|43231|19497|18463|45545|52920|53844|5111|8534|17522|14426|7783|57400|15563|20218|7578|16436|42412|47737|43009|26419|53018|13413|55691|16236|34207|51698|29583|7897|23189|52889|47621|28885|5305|31949|42854|25130|24380|49810|40773|47668|55025|52171|6980|12646|2334|7091|32218|15995|45216|25661|4788|6334|19623|13540|47783",0.72045896508571938,0.72208484712536403,0.0016258820396446438,canonical_raw_float64_squared_L2
440,2722,959b0217eed53dde,38f129de7c0bf3fb,25029,100,"25029|574|25078|20702|16049|44672|13684|20726|45985|40700|34636|52456|49393|11497|27615|23960|9344|44907|11793|40778|45937|59600|24202|4432|22022|23799|4092|28033|27293|47608|20041|33521|53403|30123|27655|52973|51271|14049|15630|52399|18515|24132|17327|18609|51044|20984|56052|47669|24821|49851|32903|51011|11692|45666|48583|6346|16159|28006|45648|19586|51311|10817|49090|12087|31425|28279|40780|5600|51263|30141|2464|44599|57768|19995|57742|35268|1229|44709|33206|23384|34093|47770|33549|51805|54512|716|56484|28266|26438|18697|48042|12771|59932|40495|18231|4298|45110|33695|29711|35036",0.4099061840468835,0.41037666973062342,0.0004704856837399185,canonical_raw_float64_squared_L2
441,2004,2a77bd0b05a1aa31,56018a8ab3799c35,25079,100,"25079|47244|966|2282|53275|27491|12476|11391|55011|34064|48746|2502|18301|42814|492|22697|24965|48425|18144|47079|22361|25405|43531|20992|10252|54654|29128|35939|38577|58926|24665|31719|27781|43360|45501|27311|47405|13865|58457|53463|42391|40475|59188|40106|49198|48809|8021|14532|55345|40162|58497|51521|5786|23196|36105|22425|30547|2557|688|21304|43687|49540|10966|30103|36321|4318|15336|33981|42776|44923|14195|38629|20099|18346|41841|16025|26142|11116|21845|13416|33703|58027|6216|13891|17877|37671|2801|59187|47126|40798|52337|32610|41662|37037|29892|20356|36561|3374|28502|33140",0.7475566119122623,0.74766466072699378,0.00010804881473147621,canonical_raw_float64_squared_L2
442,2351,23a5e4c6a73128a6,a0313383b869d450,25220,100,"25220|5130|29531|14280|53342|27274|17382|25962|13814|242|44695|41130|10155|15972|11084|38234|34597|57508|49138|43264|11823|56988|50424|13776|41688|43038|47626|42603|17972|28138|18652|59956|48458|59825|26084|8543|57257|29065|9625|48724|53195|56089|34944|29912|46258|46801|7074|5712|45555|47979|57708|37602|3297|53966|59695|23817|41561|51003|49835|45490|347|45886|49558|22728|45938|36880|49519|40245|59551|58899|15288|50537|1018|28422|31256|7818|4567|41014|34841|4604|30942|3968|30505|42198|48689|56669|8930|5790|22740|10053|55344|20225|29297|13432|8474|18939|28336|26060|15656|49443",0.48996434203211969,0.49029554295817579,0.00033120092605609663,canonical_raw_float64_squared_L2
443,2383,ada858b995d045db,681cd1115e2626e5,25509,100,"25509|32075|6343|27801|4025|57741|43751|14041|59422|4491|25935|12338|10691|57605|48928|39847|50986|26524|27142|7128|27494|53705|42005|17900|30568|42218|22416|51738|53506|12407|29955|29161|13589|13932|2518|37345|18533|8720|27401|13862|54551|5032|58209|24705|8536|41287|6319|12447|43876|59201|47161|55651|8254|33480|52168|56018|22345|50945|32645|41810|40380|23743|50520|44676|50796|6794|15789|12860|41024|8612|35918|58420|6787|14474|15168|4106|979|24835|52452|44055|32869|4098|31452|33401|23354|40775|21603|14355|44980|29332|7163|5749|52442|33039|32854|26867|39165|21556|30548|7620",0.59961391950090381,0.59996739584885406,0.00035347634795024341,canonical_raw_float64_squared_L2
444,1891,9c9c24ca1da3c40e,bce7fe8d0d9fd37f,25510,100,"25510|10662|42905|39404|2524|37968|56107|35058|54727|35047|51853|52190|48115|51707|8788|36415|11172|23759|43719|33224|8975|24214|24407|32121|44521|34287|21273|12902|9947|41135|45959|52116|52465|13332|47512|23837|40494|51639|59865|9452|50014|23242|50037|6610|49584|28163|59199|56672|9432|50767|32507|39784|46190|59775|42414|10299|18071|42084|47007|20587|42911|40774|2206|24125|953|37600|21700|25708|41063|26074|13468|55384|51814|59062|54704|18000|14803|8281|50172|1706|34073|50326|51359|45589|10894|36684|34908|2347|21184|11955|56765|45704|37597|11702|6006|37616|27447|50089|8428|24607",0.66722321606086543,0.66753454947757918,0.00031133341671374382,canonical_raw_float64_squared_L2
445,1631,cc9122532a31b330,5eff6e375444a4f3,25655,100,"25655|17265|15849|35487|27776|18773|17656|45960|40561|19506|1134|40997|30038|3055|37231|39822|24196|3107|37632|27679|11738|55469|13187|43968|27918|10603|24651|13685|57157|28350|20367|24033|4579|10175|27540|44094|14391|22371|25204|19250|35527|2182|25170|33962|38556|18634|35595|21235|48151|35924|43231|11953|18374|24593|18511|52187|47899|13686|43830|15640|34851|39659|13610|39775|345|28392|33116|51773|15392|6417|54641|23053|42056|37846|29755|13653|55576|1899|50502|54507|22840|58082|8866|23448|59261|21962|33648|56226|27520|3341|1986|36948|10586|478|5896|16806|28093|48785|1417|12952",0.79911420363019603,0.79919047461229942,7.6270982103388008e-05,canonical_raw_float64_squared_L2
446,2040,40afd3829e90b1ed,cd99ec497e245877,25801,100,"25801|23014|2702|18198|55753|35718|33266|25130|15225|8930|59065|10378|39595|43173|38051|46245|49055|2975|33960|7787|26305|43078|59874|18713|9137|22877|25379|48191|43933|57624|59525|12924|33749|29799|7429|48504|28328|1640|46246|30976|7633|15024|43507|33300|46258|45927|2826|53998|22326|47812|6085|37694|52025|57340|49274|53481|23558|14078|10221|35096|53899|36420|28733|42510|45494|24644|56748|6315|30626|57557|45163|10155|55900|44717|38124|26837|24429|22740|25905|46749|51003|11759|52691|3271|40908|26995|9450|15202|10955|56248|14343|11819|30880|14244|8543|54491|19392|37227|55212|13814",0.57120944585585542,0.57229083937804859,0.0010813935221931636,canonical_raw_float64_squared_L2
447,2414,25e9bebe3ff7d654,068df026cbb225bd,25846,100,"25846|56327|52353|47757|9952|21435|49966|43481|25353|11398|44990|58367|38101|3944|649|28322|49533|45688|28536|39120|33223|32650|28577|36671|18904|40544|48134|32868|40468|960|39100|18197|29579|26145|41046|23130|24124|300|59049|1063|19917|3281|41476|20021|13300|44934|39785|58868|47318|50223|27834|24529|46885|41299|3853|13361|1148|21033|1955|46661|16668|34769|16606|52641|25935|58698|34184|37773|32825|33154|32515|28481|939|28831|52015|28313|640|43493|17852|31160|57264|51145|21292|961|30292|6940|30748|43473|59161|25672|51749|51546|48940|7853|51300|15861|40510|45702|51817|56043",0.58091181405641579,0.58105858809850197,0.00014677404208618405,canonical_raw_float64_squared_L2
448,1700,c1d311d0e8a4d4c3,8c55de0c613e9a6e,25855,100,"25855|49571|6359|7350|27532|27725|20505|7109|46015|26170|4423|50189|4595|53077|41922|20772|54965|35349|1430|16800|58294|46917|29546|37308|9312|26198|17539|47026|48740|14557|27871|93|3891|32159|34455|14068|9675|45890|17017|37093|35957|38619|6743|28552|3952|18827|35536|34333|21477|16634|38463|30321|34137|24386|23879|32728|41757|41589|13305|41761|20257|18763|51264|6765|29553|13867|24383|25275|37138|34785|39349|26361|39715|32783|53964|31888|19783|19337|21770|42506|10075|58712|29819|56244|22348|15756|45935|31110|53803|18182|25341|5052|59115|47664|52992|49080|19143|38785|58127|25557",0.66020875284843605,0.66026262243386202,5.3869585425969646e-05,canonical_raw_float64_squared_L2
449,1786,73cf8479b482bf05,0a77f24412520852,25885,100,"25885|54464|35031|57195|40796|51610|21969|12387|29677|58272|31927|41157|32068|52301|56007|22807|37435|41117|51930|9563|43327|6364|49209|56026|43065|40032|52359|57845|55727|42601|53549|22733|45341|20607|24895|27597|12741|54009|44201|29081|38641|51108|15805|49476|16221|36727|42874|42821|33448|1584|26446|48600|34393|2559|16582|25950|770|51019|43632|22161|13411|32063|57492|5669|19723|36406|13863|26511|56250|29236|52756|45306|55403|28345|18837|49205|44433|33685|59139|40663|54174|30293|47382|23563|16210|32353|57421|862|234|52498|18785|46164|6783|51293|24617|39703|26554|18508|46824|42863",0.88803150686168419,0.88821455190550558,0.00018304504382138376,canonical_raw_float64_squared_L2
450,2441,d77294bb388bebef,2298fc6dcbc2184a,25911,100,"25911|43080|56636|30980|20048|40398|45555|28188|38234|39397|35451|59206|47626|17779|59825|43078|53328|36243|14620|8543|2112|54315|15754|25746|14275|53340|11823|45692|13673|7089|53899|16675|46115|11439|35353|38721|19128|41407|29827|12109|17382|13485|40597|20225|29531|24429|21929|47|55310|32457|9638|47547|59016|43738|50799|55344|29738|27743|43415|46851|18320|45163|16393|23473|55923|31191|50569|2693|38664|10901|25816|36313|22190|12024|38150|22740|5166|46895|57508|40274|4429|34262|39705|33537|29194|49711|25808|46245|45645|17870|8173|9395|7808|7690|36363|26084|15880|46258|49359|59956",0.38114437232481152,0.38155204599374098,0.00040767366892946466,canonical_raw_float64_squared_L2
451,2840,a299ce5eb54841d3,f19a387aad6bdaca,25970,100,"25970|4651|41902|28897|20233|13481|13075|15946|21111|34341|46680|58795|1686|25126|46439|45521|14821|17444|16734|45924|51243|19269|53423|19254|2707|57564|14479|20015|27749|46964|53912|43479|47375|19730|44333|16457|26105|46655|45982|3579|11529|16219|37690|35202|9206|6565|34580|18451|18617|21785|50185|31362|33328|30979|48350|25236|49245|5216|3292|47548|20863|43814|26552|12079|9008|38374|51399|47433|21064|13955|48847|29779|23440|29726|8007|38133|15648|51587|34657|20751|33109|53063|36799|26182|46235|23117|55196|43483|12686|53536|38594|33093|8443|2658|40590|53829|31189|3039|55959|20237",0.32584231470580433,0.3273601137058556,0.0015177990000512787,canonical_raw_float64_squared_L2
452,1980,6e78674119020b81,cbbc3511e936ae86,26057,100,"26057|26059|54372|25071|3858|31749|39570|28163|55181|25975|35012|29044|23242|54445|59865|50260|48138|118|45959|59800|55966|48766|3276|50979|46999|54363|46461|8773|32442|39118|15495|44013|51980|21289|53898|12292|1043|27447|21282|10299|43401|41592|34485|59732|56701|51834|35047|37600|37058|12902|56672|3137|52116|28027|34370|49584|10894|26635|47930|9327|31862|590|51853|58056|44714|25994|56337|43131|36198|41398|2827|34622|58929|17021|6610|28840|10446|50504|48115|36827|12841|38668|24407|16612|20368|19505|51881|12702|2347|42958|29275|45813|50089|58355|49847|34993|40903|37454|38946|48449",0.64243543631128142,0.64384412254854517,0.0014086862372637565,canonical_raw_float64_squared_L2
453,2183,86a1dd7e74e5a971,204b352a4d0b61b0,26135,100,"26135|24835|286|33666|17669|25478|20139|41024|23468|50094|21382|4106|37369|15259|38967|9642|59034|13300|35860|48422|15338|16254|12459|47388|27606|41286|32201|12657|12860|38825|9852|43541|35573|46348|44110|50110|45250|22591|41287|31982|38584|2575|29161|59375|43743|45881|5798|11094|55066|46049|10801|45533|32854|6593|27356|59194|55751|8254|50456|10015|51764|24667|46490|50236|41722|56043|28739|11370|15526|4063|45870|48134|40585|59833|11353|58354|18597|2132|24529|10364|32917|4904|31492|36948|16742|34524|47228|29816|10814|37569|39889|40049|23114|43724|34035|20906|33039|33232|47234|32373",0.59465789354906584,0.59470188275991198,4.3989210846140381e-05,canonical_raw_float64_squared_L2
454,2331,9ca82e974e8eb5cb,c740aca5c31649b6,26144,100,"26144|17842|52724|22991|52041|39286|45358|14782|46613|18273|27324|59565|43432|4516|52913|22888|757|29944|24319|40349|32954|21869|45264|27315|53070|12325|871|26178|49570|47317|56351|17959|16497|457|35859|15866|18704|25696|50864|21798|29173|11060|37945|27460|5015|5642|19858|7663|31443|8222|26776|51010|22040|39780|59256|16213|13260|42367|43220|25853|14334|33742|41774|4617|50312|56937|11913|33227|43138|7782|1514|8660|6170|20574|34381|25457|16830|44141|9373|16072|15851|25190|53294|37377|58638|9464|47143|6972|56346|52373|46019|36560|24735|58777|28706|16460|11479|32363|11425|55543",0.23584186710835048,0.2359420508495696,0.00010018374121911755,canonical_raw_float64_squared_L2
455,1989,4340de7636d3b3db,e9f98a6efaff8a7c,26185,100,"26185|39636|8814|20644|23252|56132|36822|26479|34999|36026|41094|34322|14264|16824|35056|20887|50213|30185|33069|19774|28478|34325|30877|47972|49742|33015|42996|51333|52500|26917|17740|49046|35768|7870|36218|23856|47170|7558|31380|41581|48567|14108|20714|31609|36779|39644|20913|11573|4985|54027|32525|19711|30883|22371|11510|37753|30918|5491|53596|54362|43304|42195|20810|53510|50236|47488|43276|55105|58316|2520|11135|10892|9763|42377|51362|57671|14133|39294|25556|45177|34361|25103|4094|22569|7958|12140|53719|3550|1655|26280|6634|28596|58629|16969|24888|19274|12479|6720|31417|40269",0.62540911167456081,0.62623513234782302,0.00082602067326220663,canonical_raw_float64_squared_L2
456,1956,05847f1ff0ad812e,8ae579cfe1a82d3b,26291,100,"26291|47823|54275|21921|31549|24783|26160|57810|40247|40133|37603|57283|50986|23912|20893|23671|33593|5055|46291|8795|46597|14582|39750|19815|58626|33154|12505|37921|13652|16495|2361|45178|48325|10890|22359|35143|13496|57890|44314|35609|40514|28395|47788|16799|36037|45549|29538|43181|29298|41810|20321|50426|3217|3839|57741|56441|52292|49171|54073|36318|20243|48323|2475|55156|17208|48686|59422|14474|22198|19559|43156|54624|52975|37699|14566|9607|2790|9153|37194|28577|7133|12987|15790|25335|18334|50900|2943|960|36684|56571|52639|43233|19739|14635|13680|27336|25678|57605|7799|42795",0.70415035204072018,0.70451581507383643,0.00036546303311624229,canonical_raw_float64_squared_L2
457,2549,64fb04e9aca050ae,4f4882ef4663bf49,26311,100,"26311|25615|16497|8309|51018|53248|47353|21217|20539|7509|14755|59075|3263|5642|22847|3979|2460|37324|27324|23256|1249|53475|16116|48054|27315|27855|57347|23099|59565|53024|17844|5988|18617|19094|44165|35243|6276|42660|47143|42057|37160|11873|40442|19332|32256|28924|23157|51399|24514|11276|10911|6242|11325|13260|20015|43368|38091|10764|24755|32990|5702|44688|18319|36858|27537|34834|22308|56351|48635|30280|2277|2902|44141|55543|8297|54909|21639|53063|28706|54167|12809|33339|29104|23440|41628|12265|49856|37439|15107|32363|48847|22418|15946|20751|27571|757|9619|27758|40476|46439",0.25415122350800817,0.25491880056720617,0.00076757705919799912,canonical_raw_float64_squared_L2
458,2851,311f7c1f6751ba6e,286b3b40e8f82af7,26427,100,"26427|10155|7811|57624|56063|16805|26157|48191|42516|1070|26116|51003|57855|54184|53596|47257|22740|6853|16393|23817|49364|9395|27100|23637|34841|52034|51544|15178|8930|14262|32523|44737|11819|35887|20225|56943|11573|57257|37602|8863|30307|46587|45414|44695|32525|40568|42510|54090|54053|30626|59825|24485|48841|47425|7074|42603|41660|59065|33300|13972|41878|56902|29629|12398|40597|22857|43663|25498|37450|45394|45692|59234|46220|13093|2699|7559|43337|8543|43264|31191|9451|10356|44840|9498|15656|55443|30353|54571|48008|8405|21385|38776|20347|55244|14181|26797|17079|48447|46112|5790",0.39679529224031945,0.39687484982385912,7.9557583539668908e-05,canonical_raw_float64_squared_L2
459,2285,66e25601f49b5967,57586bfc286ae20a,26430,100,"26430|19218|35243|48463|31602|20658|34724|56108|47353|42110|17963|58134|3979|10043|11352|31271|9332|44219|24755|24899|59272|43708|1524|11873|29104|38285|6518|58856|1243|11762|12884|50356|9520|15107|10548|34547|46321|13051|38631|27594|36876|58241|53378|12731|974|22608|373|41628|32990|32290|56644|6716|54558|26049|32256|59608|27758|43005|23077|47565|10651|1027|17382|52014|26846|54294|5349|53063|56696|12409|30604|18133|6965|31029|58061|46829|54419|32559|32183|16907|37160|54673|23583|21217|15240|55302|3376|27537|39542|53521|5977|7509|43475|8478|9925|2617|57347|58397|47524|19294",0.31244061025701603,0.3125256901059707,8.5079848954672244e-05,canonical_raw_float64_squared_L2
460,1732,7d94e0991dcda487,f8494390aa9ccff1,26501,100,"26501|33917|58434|24073|40697|37825|24177|571|48909|52516|22414|1845|8859|58589|2550|22764|50210|22973|27224|49222|15366|414|53194|740|34241|16771|24727|40351|39259|18459|2482|38346|3728|35794|32400|24036|25015|40672|57471|30629|41443|56590|21370|38145|39632|39116|39034|20387|27993|17485|10862|22810|43011|11847|50768|7120|36609|27533|50432|32944|23661|25667|54845|4275|21650|52774|31210|24350|31626|30037|5303|53196|57933|47018|14159|31343|49982|49140|41517|15731|11435|50652|48599|51275|54137|54641|7967|18811|41697|57107|31631|31439|41232|10881|20601|12290|2953|26277|47278|46719",0.75356604807129068,0.75366457001789766,9.8521946606977551e-05,canonical_raw_float64_squared_L2
461,2322,3fa431beab9a3389,5c9f86664cca351c,26513,100,"26513|32362|34045|39680|47145|7339|41374|25039|7632|18224|20927|56020|12679|44733|45702|53224|59049|59546|11070|16687|1959|7254|22356|21097|23411|12316|12765|42229|5308|50593|3528|4440|40513|35950|50461|45155|48789|24519|3730|11191|37638|24946|37956|23370|24531|51669|2796|48361|21908|16586|32412|38357|52015|20919|12191|55536|18376|31858|31175|48593|26834|31963|22428|32650|36367|31487|3200|36284|57773|43933|2043|16003|30143|36995|32228|51519|28203|50777|25134|10660|58367|1955|30842|29525|4805|50773|39133|12193|18426|38020|29889|14352|1367|15301|41275|57727|50334|58423|11333|47653",0.51571841221263925,0.51603989329675415,0.00032148108411489407,canonical_raw_float64_squared_L2
462,1650,f50f82a267e2e8c1,8e81ad777fdaf424,26551,100,"26551|14672|58982|52343|56841|48551|42151|12904|39455|21434|1659|58314|2258|41472|57985|16398|55447|15365|36705|55831|12764|24964|22415|27839|20020|7998|59542|27511|28840|16036|50052|43859|54817|14857|37476|51880|43964|17143|6036|8617|7821|29777|35806|35106|35823|39370|39216|801|11726|33044|40104|482|53837|21121|39977|7300|28617|12310|2753|43995|18135|2152|3257|32826|46320|16310|24288|37081|10471|24075|41969|52549|39549|46457|45548|29447|31118|37328|16574|56676|39338|620|14212|17908|42326|7475|21461|56654|627|47645|15505|5703|40166|13343|44132|1494|41469|36738|48954|43239",0.91098130882885542,0.91111165710396858,0.00013034827511315683,canonical_raw_float64_squared_L2
463,2001,9c21aa4ea04513d0,ea525ec891f80b83,26716,100,"26716|12135|6686|4637|56777|17793|43934|58141|31818|19903|56532|10660|21566|37101|23411|7897|9962|12147|41326|37835|10333|26773|33222|53180|27|41303|29579|7359|27206|22834|57730|40544|13361|52867|17778|50972|46407|52526|47976|25935|37960|56327|15526|53382|59049|48163|300|38600|59261|46712|20306|37025|56043|32170|40167|9479|14091|37291|5880|32558|32384|32576|49492|55419|50775|399|34769|15009|18596|9371|41558|44336|6027|52132|18103|5921|25552|15922|41997|21033|17966|34316|50384|17953|1269|37778|29010|25353|36625|25663|526|43473|42980|54203|34885|37198|7065|50418|55183|57002",0.72270463465492307,0.72506295494190909,0.0023583202869860154,canonical_raw_float64_squared_L2
464,1900,c89758eb0400d9e4,eba70feb16f1a28a,26752,100,"26752|35988|37907|17398|34095|59839|24380|42946|54414|10417|57187|7277|50796|7395|50438|49531|19246|30907|46410|48417|12567|2701|28147|44075|39742|55691|40128|14601|19217|23448|45691|39656|13590|11269|34669|49470|59952|17796|10851|3749|53746|10487|12742|2595|28195|52297|40351|47460|14264|14051|48019|58636|57265|12326|37277|58341|11639|15083|22092|24727|51356|55815|27065|58190|57654|12791|21148|1474|17831|55776|59513|29033|40091|31120|1986|47731|11204|11738|7146|5432|7425|42907|52419|21235|55734|218|4907|33781|21349|53719|7427|22297|58783|9453|10758|27689|7036|34492|6772|41648",0.78950238862789246,0.79085673062736239,0.0013543419994699324,canonical_raw_float64_squared_L2
465,2649,4c5d6f6759bf3fca,3d2890bfbd2a4a5f,26768,100,"26768|508|702|23590|25747|20338|31394|7519|43478|52637|44793|36056|45721|13708|21292|42890|12379|55963|54301|52500|33872|10429|1827|40030|5900|44838|52999|27298|43809|18618|29250|33381|16935|36192|58887|961|43182|21347|23252|40039|47192|4152|59938|20483|17325|33980|41100|11575|34193|25481|2793|48065|46979|44250|1746|29680|56178|49811|35370|56438|30715|41782|44958|55654|27366|483|41631|43917|48711|46645|9877|25067|46232|30224|40688|5681|35148|19857|26243|36089|3940|29106|3682|27065|42765|29696|48046|6027|8957|52608|55429|53238|17049|42703|25057|53851|5907|23525|12103|28739",0.67455324513077608,0.67474496859220257,0.00019172346142648511,canonical_raw_float64_squared_L2
466,1805,3b1bdb9fcef75463,10781a10a0e1a7a9,26792,100,"26792|57557|11113|56135|50387|22073|53998|56855|50833|33881|17033|2854|53514|24340|48262|22903|48875|32785|55711|41123|38074|19328|5766|49514|55081|14797|4874|59282|1979|38790|58362|32858|18001|47801|19135|40335|48592|48258|57430|16188|54420|27224|19566|54950|34221|46870|11496|42946|39067|4776|10881|22931|33027|40829|17538|24105|44680|41517|58300|6986|49367|23184|56312|49925|31139|4885|13059|58987|10007|22248|28430|43933|33006|5442|19815|6444|5080|46239|29276|25195|19940|51360|12661|28296|38196|38953|44704|534|31701|38746|35189|51257|10263|58187|53896|19922|46118|49544|33046|21589",0.73031504899783872,0.73057474532470079,0.00025969632686206889,canonical_raw_float64_squared_L2
467,1868,7799d8f7f4b6d761,8ef3c70a1ecfdd3a,26899,100,"26899|29264|38084|27442|9524|53577|59001|22816|48749|45704|42860|52240|58955|29308|22055|52482|33532|19457|24263|13468|46999|35757|10571|15905|1052|12100|35803|9189|45696|34376|44601|4145|13417|17893|20736|15966|877|26818|47751|24607|34640|1364|41114|42413|28163|48656|7048|34006|48278|30039|56084|51480|30293|45377|42385|23752|19429|11679|43321|5344|56982|34287|3399|12702|55067|36672|19590|9602|52667|31669|9242|25799|2029|7600|47266|26737|18123|30768|57640|11223|51131|44936|40092|19946|40034|37954|54611|15092|14643|10101|23648|28379|43976|8416|30024|48541|35399|29543|50290|48574",0.8142200612766719,0.81441980987764029,0.00019974860096838576,canonical_raw_float64_squared_L2
468,1858,176783d669e67c24,0792cd5c0092997a,27004,100,"27004|30000|19664|10368|4778|1720|20452|40809|29888|24515|22262|22899|46272|48902|22833|2284|1306|24484|16511|52043|49658|21453|59451|40451|30517|25930|27896|57968|23725|18013|34206|51176|10346|12861|31862|56434|1926|22602|22108|12963|48215|22762|41586|45387|59233|31774|13867|52429|54937|36819|56799|8298|15466|52169|25542|40213|5709|9799|19207|16634|29166|52345|6627|40204|38842|11010|28049|11013|23492|29277|37659|5633|15407|38191|4777|2224|22514|37062|12493|36636|18435|14123|17221|8214|15014|49905|2136|352|6403|12784|5994|32175|38204|4270|23548|44975|25459|49176|44438|55028",0.52138122014476762,0.5222804288912346,0.00089920874646698401,canonical_raw_float64_squared_L2
469,2185,5b0730b416798ef4,82a92c6bdd170f03,27009,100,"27009|17548|59696|56868|9372|26614|40173|11132|51511|5814|28001|58917|16834|8622|59032|25181|12840|30273|12187|35516|47315|21984|6630|21093|6830|39025|20557|52647|16142|56291|46646|12299|35018|39184|2389|23907|22419|58727|57656|48887|30545|56742|34052|37611|4459|25007|45487|43514|37590|24493|3479|59085|41054|31219|38035|15548|40902|55452|21398|56851|39391|41002|22236|18749|24878|6288|37491|44240|44010|18796|4261|22316|11210|19539|47504|9853|22426|12981|35827|19202|39507|16829|33284|17961|19668|47860|48672|51027|37068|37413|50202|15745|10934|43325|46304|55400|50283|22622|23586|19448",0.4770559816577859,0.47710674726900981,5.0765611223912988e-05,canonical_raw_float64_squared_L2
470,2360,a5cf709de4a93f93,c7981991f5c4d289,27118,100,"27118|640|9952|38774|34127|47442|57259|36684|27616|52353|31549|29214|49747|19230|10889|57788|19758|46373|11575|13261|17566|49949|40544|49966|30748|19917|44872|40892|437|6940|16935|1228|32036|34769|40699|10930|55884|47006|22768|44393|55928|55438|22202|18761|25795|23752|17099|35357|3944|9979|32123|19473|17145|14566|21921|39100|15611|31882|41351|31797|47071|26366|52708|46885|24921|10647|13708|55476|21435|5402|49584|15409|39134|43978|59920|19388|32650|33608|8254|12684|39657|55404|5308|23451|24699|58569|47712|17296|387|4768|58792|14963|300|58698|10660|13337|47481|26160|55121|22871",0.55901739975342069,0.55919859889982237,0.00018119914640168933,canonical_raw_float64_squared_L2
471,2146,3d1c9c143489edaa,64f69d3776a78b8a,27190,100,"27190|5496|57526|59726|3596|10882|706|29230|10894|118|22315|11275|15857|13070|28027|21416|25225|8295|15758|40082|51695|41524|4858|58929|4557|14384|35047|16617|11504|43195|48633|48766|26483|31011|15680|48471|12347|51889|32110|16063|59287|27365|44374|26518|55037|29091|44367|56337|47765|34507|37600|53469|18071|590|41181|14016|47367|39240|52503|38668|10299|28858|5104|25021|55542|32588|50172|47656|28119|52813|25975|58871|5688|32442|28674|19380|10613|29462|11049|6610|53347|59283|53684|53818|50089|13868|38946|33705|43803|20508|34622|34908|6727|58879|32249|33144|19111|56649|21282|8922",0.55334531814920995,0.55392182422963321,0.0005765060804232558,canonical_raw_float64_squared_L2
472,1882,697f6bfeab6e2ab8,532bbb5e4f0654cb,27273,100,"27273|43635|51048|29761|38682|565|15357|6798|24494|24470|9849|18752|5831|22983|12548|4565|6515|26870|23280|6411|16745|18093|6639|17687|54080|57484|38446|19054|41736|4615|5382|6356|43552|13755|52541|52099|25909|3230|26168|32771|51177|20353|51020|31298|19869|7936|5572|26310|41215|41978|49381|15966|50351|47939|21155|54895|8041|14810|44520|51229|47277|28245|42387|30346|52396|23431|41291|51491|8540|52501|4021|40935|29519|55348|30693|55079|36520|60|25438|42707|40283|26652|32|29261|52389|26458|44997|19144|33686|11857|54371|17984|47690|28622|19710|13870|42305|34618|35757|14072",0.69841013992184853,0.69984355548012189,0.0014334155582733654,canonical_raw_float64_squared_L2
473,2808,7b204ec589c6330e,98fae1489dd82d57,27286,100,"27286|47770|38341|45650|43194|41068|33695|18102|59818|16380|55295|45648|55583|20702|24943|39592|50310|59932|34224|17327|18630|49130|43483|32887|31966|32738|57768|10990|8849|49373|10337|30930|42247|600|4765|39981|44773|42207|57465|57139|18505|51311|5546|11304|20686|24700|33406|27615|51044|25872|5614|5093|59499|32173|5600|23454|52838|17011|4861|12585|35256|3039|23659|32840|16010|9796|35014|6667|59600|2169|28033|6702|33206|53585|8007|23171|36484|51419|18697|1229|56052|52194|56999|30123|27170|22022|49393|26672|57576|40479|36799|22881|34642|23799|17685|30141|4096|39927|2675|38374",0.3357895467260546,0.33654789958332154,0.00075835285726694179,canonical_raw_float64_squared_L2
474,1925,41ea2312170e2109,c036d8e6cfd3916a,27327,100,"27327|51679|43896|20010|43|26420|12738|57703|39262|59444|43130|21107|41492|9223|14446|14152|44559|789|59202|27423|1169|23204|57983|42051|17110|27396|10562|31528|5538|52028|28801|21660|53836|27682|6283|57079|58078|11045|51662|11393|13790|2834|8142|9496|21136|3116|46641|34260|8360|54183|22006|44567|54657|40539|21482|7829|3817|17436|59094|44999|2481|20100|24884|40251|59911|45297|40231|1870|32507|39222|38803|19360|47996|8914|42967|22669|55656|7058|40182|40541|30274|45255|29556|31143|22036|55527|6481|58565|30972|16563|6793|40703|30197|14311|55593|4715|36101|49252|24548|39164",0.62405797721905554,0.62438472318539195,0.00032674596633641695,canonical_raw_float64_squared_L2
475,1848,b87350bcde81720b,711579d30c5c18e9,27347,100,"27347|36182|12650|54755|36326|15441|45114|27565|12331|35|40647|30451|42639|25231|3273|5012|29883|39932|21457|36336|1855|17671|30533|22347|6237|17199|55057|24852|40132|22218|55059|39239|8936|34107|39062|38713|52992|14492|21656|9776|56617|4438|52480|38570|18912|39061|29818|10003|58032|8672|23954|24227|46663|32034|23910|18448|6743|1695|12926|15510|53431|52699|35079|31237|49450|59027|25523|21211|9593|16689|16481|6825|37663|24134|42331|48256|21901|7285|53673|46969|22864|51345|10465|28074|37506|30046|19918|51910|37721|55695|11765|28260|22989|12042|12487|39596|46101|955|39512|58520",0.73899000298862971,0.73937468335620937,0.00038468036757965951,canonical_raw_float64_squared_L2
476,2659,c9073525db516bc8,ec494e7f5c5ef565,27362,100,"27362|5025|24312|10012|20930|2340|12684|41287|55429|36768|49210|28225|17953|54188|32521|23469|42780|12379|54073|51715|44055|3707|44486|41809|10058|55387|35615|58090|17480|13932|15294|961|30524|24184|10113|29420|27933|49145|9877|18543|1746|52641|21068|20406|20771|40706|59224|15338|53540|57999|27881|1760|4547|37372|34143|43712|23686|36702|57397|21292|17770|13564|5355|286|13184|53199|42662|23363|37025|5075|55414|28432|31133|25357|30813|52394|57810|42496|15840|21636|43114|57700|25747|36638|46979|11273|45582|1484|12933|18103|50395|50972|34035|37926|41286|48473|37682|58273|15442|17793",0.64380731074849207,0.6438457102729841,3.8399524492027659e-05,canonical_raw_float64_squared_L2
477,2678,1e6268565a3cb1f5,d40164ec4967c4d3,27366,100,"27366|19112|59706|4811|40623|21347|9592|2393|23037|3944|42765|27377|13186|32825|13708|49699|6260|52637|3095|52858|15837|12103|4635|5561|29525|33874|12649|56438|16849|26768|19184|59869|52611|11333|6603|55227|34193|17496|537|47481|34816|7024|25400|30176|25747|11575|52608|16559|21512|23281|19900|19560|702|56178|37773|7519|9961|3946|51325|17325|55476|20483|36680|10594|36699|54669|10719|52175|38461|24218|35566|46467|27230|55555|41252|23287|54679|36805|32658|30549|47442|46323|3538|21435|27452|6622|2695|1315|51989|28186|863|44958|11110|38517|20021|7388|8454|46805|52312|38811",0.69645849508890723,0.69722654911022941,0.00076805402132218425,canonical_raw_float64_squared_L2
478,2420,502bbb5684cc5d71,13515b172d54b283,27414,100,"27414|4062|2340|56487|57810|960|44055|2099|53025|24921|50580|6940|57700|42780|10058|58771|52641|2694|3853|34936|28432|38461|41476|4103|25935|44934|15071|59982|20921|48351|39785|4831|15442|48373|58569|21405|59224|23570|40468|37926|13440|55666|47302|56161|26478|32825|28481|7403|11202|42067|1876|20021|11209|29214|12684|19917|20541|34752|6246|31135|35949|22210|9877|30852|13077|3588|28186|3976|25551|30748|13708|23469|12308|59430|20386|25943|22968|18910|37773|55075|50681|33223|27856|25113|42525|9339|27834|56894|56327|34127|50277|33608|21033|48250|2123|36638|55429|12591|36241|27803",0.6821828705480959,0.6823696027046835,0.00018673215658759901,canonical_raw_float64_squared_L2
479,2361,6cd669d1db723a3a,37c774ed7e04cd66,27431,100,"27431|7859|2804|49535|48481|43814|27749|16527|16734|49446|57307|41635|906|4477|34642|49250|34382|24907|42844|4651|12199|1673|18444|33225|6247|13640|889|12209|54003|28016|41714|26015|16457|26147|22791|32738|34657|23219|40019|57504|13095|16161|24766|39369|30423|43356|30040|27318|54556|39210|58994|11630|22506|19894|31802|24467|57576|52497|15455|48174|55589|23836|2658|36324|45521|25891|7703|20739|57072|25970|29734|23746|52113|51866|27061|58762|33695|49684|13274|1092|7614|20729|46538|34856|40733|16170|54799|48291|7360|43180|43125|32173|1119|38608|45162|50359|46343|8096|33911|44816",0.41362053259317394,0.41372093228315854,0.00010039968998459825,canonical_raw_float64_squared_L2
480,1738,e3bfdbbd5d036f34,0f919ed8fdca9e95,27544,100,"27544|1591|48452|14223|57443|43550|35040|49648|10803|2938|34668|50993|15362|28202|43543|37105|31610|26906|2717|29010|478|6585|18314|59375|12239|46712|3321|52487|16375|57162|38006|40055|814|14047|25751|36372|55751|13993|35609|13914|36362|15475|20451|4796|25663|20091|50418|25791|18447|6094|14282|20872|11826|22493|59827|58943|55459|54275|24786|46291|46165|51415|10808|29381|58140|45881|59821|11947|28982|14371|16799|34458|40603|56177|10333|13596|41763|2015|47788|37897|51777|45271|15724|57554|24991|55550|15228|41669|55005|53949|30868|30017|19176|16749|6815|41850|51812|34207|43222|16345",0.82045614359746566,0.82067228308298745,0.00021613948552179352,canonical_raw_float64_squared_L2
481,2396,a153f0c0dc62782e,d6a1bf98389ec337,27550,100,"27550|58195|21333|22899|37153|42884|41913|25936|16170|11049|48836|28818|39843|22108|26328|19416|52546|56343|29734|49998|7614|37823|14384|58761|38958|42066|54799|35074|57964|38204|19167|21579|23923|15333|6403|32311|27997|3324|32301|22862|48342|27955|48755|11010|20352|24855|33571|28798|52043|62|44835|24766|12905|25888|57576|14913|58431|22010|31152|28805|57946|51866|10346|3165|2764|2110|27589|32463|5301|19415|59846|485|22762|49767|16340|46413|45309|31125|26352|38589|55037|18349|9693|20739|42844|59568|290|34894|22827|2289|58249|54621|8225|53054|50383|38933|1632|43522|27318|39501",0.4116548052800364,0.41199835723886313,0.00034355195882673772,canonical_raw_float64_squared_L2
482,1805,9e87268352b69efd,7dc127131d21112c,27556,100,"27556|4098|3057|36219|46947|28147|11758|24100|56870|51966|18387|8104|15794|31309|20390|50268|3447|24991|7685|9612|46204|1826|38940|37897|34334|15300|13590|33975|48896|36772|55029|10958|42470|4151|59308|22453|14691|8694|23448|54147|23475|49116|8302|33731|13584|40091|38471|17040|55856|1542|14601|55581|7897|29012|19021|2722|57395|54960|47938|46074|46433|21009|31236|42122|13822|6110|30815|12019|21810|44301|550|36664|52419|4745|3756|48444|16781|5942|54717|55588|40985|10565|39986|19968|35987|44229|43255|43707|6492|45568|32524|24845|28478|37834|8497|39487|52003|42038|40066|4672",0.6822301902029887,0.68227575300249077,4.5562799502074647e-05,canonical_raw_float64_squared_L2
483,2059,0e3623caf248a713,37c7f5b59bdf5ba5,27570,100,"27570|28949|14809|38273|53670|43329|24234|38071|17234|2802|43780|10533|36280|15717|5524|41245|26348|40094|48031|40050|47343|53691|24770|7337|39156|17061|17747|59367|53727|38985|59545|59629|26123|55967|15988|18832|20250|42410|45287|21138|40043|11549|57376|31457|20675|57589|59312|54324|59510|16664|5360|12700|11551|59487|2768|49643|6288|7706|21632|2351|33025|12743|3827|59320|5768|30664|52748|39546|42735|22643|49124|34238|9941|51187|6381|57788|3078|16255|12063|27616|16258|46623|33198|31399|10652|33778|29182|12662|59896|6668|47006|4914|48171|17722|33724|26180|6165|29212|55480|17591",0.47707027089704257,0.47754277346971419,0.0004725025726716181,canonical_raw_float64_squared_L2
484,1884,6a9d7020822246e2,3c6f6f35b97bc8d5,27664,100,"27664|21059|33142|8534|5491|9637|1402|13948|25550|21832|29785|33634|13521|28323|11228|53375|28881|5169|40217|20659|56902|44852|56537|40329|6351|57671|26425|23804|49845|12858|43743|54958|38851|48444|39986|47938|25272|51484|59485|14337|21126|34790|23362|36669|50446|18004|25863|14700|58316|55251|34702|26215|17340|53509|43550|53268|58382|33355|11279|810|58524|16610|1542|19853|17498|24196|21970|2520|25276|35125|26710|56674|14414|11538|44108|839|29755|24958|23604|28478|45139|32517|39681|40091|24498|2770|14992|59252|10423|11573|39173|56943|10582|39665|40985|25366|47014|41178|53719|22569",0.57546178216767374,0.5758217366807743,0.0003599545131005577,canonical_raw_float64_squared_L2
485,1968,c3c668089011822e,4162fb7aa8fd3c1f,27731,100,"27731|45258|27730|49040|32665|45194|59788|46219|39912|13869|36400|54236|48681|15462|48612|43317|57584|12071|20273|37465|1447|18927|29894|27792|37782|3316|55797|41230|3129|29791|58356|45485|26742|33063|22479|3743|10415|45500|53520|44728|5834|1901|29494|59457|45466|30570|13534|49426|17516|44367|14357|11196|57376|20079|14367|52393|7774|16882|25652|31783|53488|2268|34474|7735|46237|41192|14129|10038|21270|50619|17750|22417|53293|27260|34405|46782|55394|54992|43195|31166|32681|14524|36512|27589|21282|58596|21437|29938|24975|42637|38778|58915|51582|3183|36906|37490|47489|44247|28539|30062",0.506629909755138,0.50692093125823967,0.00029102150310167385,canonical_raw_float64_squared_L2
486,2209,6a794138ce9abcfb,cdd7309d2855bd7f,27782,100,"27782|19478|10216|19198|14262|43833|54137|5347|26543|10221|38172|46957|18294|39034|4479|28727|37073|2539|10230|24036|8646|37143|30900|43189|22216|10800|26615|20784|38678|30187|16603|26845|50927|46253|7101|51320|31852|3163|26573|13987|41587|59638|12290|19312|53550|55203|44360|55234|31341|34776|48613|5525|30353|36588|45571|45712|38609|6443|58316|23094|36345|25015|1055|14226|13201|29629|40197|4315|22857|20913|13183|34487|18488|50228|47383|57917|13203|30925|20810|47887|48548|49675|11573|57539|41777|4982|10932|50464|19853|18493|27859|12198|7742|55076|28892|4216|40600|24951|4427|56223",0.49905123300059284,0.49927926565639952,0.00022803265580667587,canonical_raw_float64_squared_L2
487,1839,b72ce66893f049ac,3dd3b258d1c6ee31,27784,100,"27784|20827|1577|8469|26115|15749|32350|42022|24709|25091|33089|16884|30701|14783|35106|877|23216|49029|30215|9721|39574|18932|307|17643|5616|15023|37751|31490|683|37928|46018|59609|13520|13044|50816|52730|56250|18716|56841|52359|22451|14003|34640|54608|10214|28345|59958|42385|19841|50940|54681|47859|6316|55092|3343|38852|51967|48152|36010|2947|274|14849|44201|56007|10930|49476|24310|43055|30352|25461|21833|2206|41862|48781|49127|56454|46824|14746|23752|53549|8432|7494|17296|59717|48696|1089|14674|36873|57805|46999|13588|20388|18038|178|45|202|45307|16644|26729|16210",0.71073167815237381,0.71121200883823521,0.00048033068586139649,canonical_raw_float64_squared_L2
488,2334,60c9f4f59b2a06f1,63d722b25d2dc81d,27801,100,"27801|48928|23119|16277|1881|55651|30568|23576|58703|27424|21045|56609|27044|57064|8761|43842|16690|30085|34614|10669|52137|31145|33480|3985|34044|54567|47167|12833|1406|21697|22030|1091|36294|35834|24485|34736|26283|50563|50205|23460|11285|2106|7837|52362|45452|35500|24136|51308|409|29442|39067|47837|10296|58899|47161|36307|39003|50543|33090|36514|36788|47297|31860|40301|12190|55870|43034|32268|23603|9615|11067|10356|42858|14313|17148|57783|39123|12601|53914|34621|19183|40385|24265|47720|35656|32950|59422|53705|38215|4002|51730|48008|38134|32642|50323|197|42218|10691|50039|8691",0.4680193315740851,0.46827095997082369,0.00025162839673859017,canonical_raw_float64_squared_L2
489,1739,b085fb4c2c778aaa,9614832116439e9b,27802,100,"27802|7350|52202|25926|2795|29519|52744|21624|39987|32601|23248|20536|52493|12917|49733|52645|4100|10035|27344|28232|53948|20670|53027|4289|18413|26530|44483|52954|1599|18097|22349|2431|20244|18982|97|22688|55262|8227|40693|48165|18752|31998|16039|24188|51545|31122|50871|57140|9857|58799|14643|41336|51811|15935|19710|49926|16594|51260|11242|39434|8550|8843|16992|13099|28547|32600|54250|38816|30771|32488|53001|8561|3531|20552|38785|52730|32727|6318|3230|31869|22451|37538|23925|41495|57936|59974|16551|2731|6869|5076|12350|49147|978|46559|16682|56290|9524|10491|12158|50469",0.73846014512545644,0.7387930364450489,0.00033289131959246543,canonical_raw_float64_squared_L2
490,1702,1092579c2489dfd7,0b60b3ab8c6e96e4,27885,100,"27885|5055|35547|43156|5509|16353|24153|18867|6447|1503|32833|44934|10349|38534|17478|26785|37699|35949|37765|9537|26291|5755|15193|11818|54665|44848|15686|16799|38513|54407|2475|51081|25185|33593|49495|2972|16600|3986|35918|24546|1805|44772|24783|54465|44163|58570|26079|48383|28854|27834|49052|43515|46080|37109|43248|43181|24207|21792|7345|21266|54138|57317|35107|35609|56224|56487|2691|58664|28395|40972|2361|37802|21560|9219|57945|55713|47823|25610|4166|43912|3040|46291|54275|22198|5689|44862|34394|29298|492|46393|37194|51035|37603|4421|4103|54119|41719|31415|25572|9153",0.79719926786833029,0.79724945616799558,5.0188299665299141e-05,canonical_raw_float64_squared_L2
491,2165,b8fce68fc0714aae,227784a9efdfc50b,27893,100,"27893|47563|47505|26957|38392|26969|2246|1199|33880|56241|40860|33090|17332|12642|48199|50601|882|10661|17055|57602|27289|26730|37531|51581|53924|26529|9272|5111|53733|35525|47180|52735|13948|51700|30960|28594|30145|10206|47720|58766|43979|18734|33319|36769|18053|28766|35872|16431|22819|44371|34736|11519|5950|21607|4398|44121|18245|7449|36197|39954|52251|17016|6296|19985|11349|40763|53194|1768|13506|59822|57928|23189|26873|37720|59925|17206|12593|28169|38543|8691|5871|35955|197|38118|32342|16134|37761|20724|40870|24702|53280|52660|10156|1139|5724|54982|52137|42813|23460|17067",0.51092899218816989,0.51131501934107937,0.00038602715290947387,canonical_raw_float64_squared_L2
492,1760,a52150ee5043136e,93c467e6f86f5f59,27928,100,"27928|5419|43933|9320|22336|33069|53600|48619|9416|37545|27810|51657|41561|37725|20681|1156|2796|46229|48592|31857|46800|19584|48203|55536|1435|7429|24694|6399|41311|50282|48180|11496|46179|46577|57174|2967|22502|39415|19239|15202|58316|26305|22872|1107|59579|42646|57557|31494|59065|19392|14935|10089|4994|59621|26151|6315|12076|16034|4748|7473|33450|337|5398|45236|56382|46342|52126|50550|59331|10223|50448|55306|22392|57947|14473|50713|44533|12525|38846|23086|15371|18811|26953|52038|2581|57430|21965|19742|32412|22793|28430|56127|51455|35903|33354|12924|10735|27016|12191|25195",0.56487769450943681,0.56493108520871127,5.3390699274458164e-05,canonical_raw_float64_squared_L2
493,1806,ccccf005422bc1ba,aab917acdf53c03d,27964,100,"27964|45616|57624|3027|14331|45592|15482|48807|52562|45624|41175|7870|21832|51462|57659|56902|15533|41820|36588|217|20201|34702|34247|13093|54433|46074|6980|15399|7091|26710|42522|53375|33517|18512|42891|1937|260|8260|17340|33462|12858|22149|11534|54632|33828|2520|12235|9633|12956|5128|53596|27180|20810|16081|55252|43276|54958|24485|51484|26419|9073|39186|8534|6110|15178|14974|51302|5165|57671|59485|55544|14244|8863|22825|48008|36514|45676|40496|20585|55165|39177|5491|19048|48589|21659|3077|48244|25473|1100|11433|58322|34793|13356|3550|17498|6958|17649|7634|11769|53791",0.64329467746158953,0.64423551608079666,0.00094083861920712941,canonical_raw_float64_squared_L2
494,2297,66269a90b9efd87c,323d6c5caa56b2df,27985,100,"27985|55904|54825|42951|30307|56946|47887|53524|48394|44360|17177|39080|30760|15647|26264|10221|31826|16493|55534|5950|25070|28727|17425|20908|33659|40197|30464|5774|4238|28165|284|41777|45751|40794|38435|9577|1614|45267|51320|3314|49520|2539|54214|10657|2573|13514|23690|22813|9306|24853|372|4479|38188|36383|31234|21650|36685|21613|15243|47624|39144|22857|20049|34378|27845|20303|11300|45441|18459|1854|720|57539|38394|49002|17635|49334|39034|12140|54896|14671|30187|17259|10800|41897|59386|15511|14852|59837|55026|45858|49290|58475|16047|54137|10481|56473|40116|28073|40286|57896",0.47865335660100916,0.47895096655341574,0.00029760995240657451,canonical_raw_float64_squared_L2
495,1755,9211d0539510b9ec,1030c681c458161f,27999,100,"27999|41333|23293|5894|54393|52365|47482|6533|7269|23743|39457|16166|34661|8338|4727|2713|59640|49282|44306|38472|9803|6345|54700|59729|38108|37346|29474|28301|8603|28290|24159|38454|43156|53327|27614|53071|25219|15391|27734|2026|11068|26154|21590|42562|34067|51062|33012|41109|29123|26897|48229|24473|12273|25429|14881|45029|40461|7189|52453|34311|22961|48198|3391|35755|10873|29095|22291|12177|56584|35740|10550|46103|57203|54275|55428|8247|32756|22863|13136|20618|40202|7402|11246|41491|4394|13345|43127|16112|53026|19372|21922|20939|7280|49437|54321|20332|56134|36301|18256|40106",0.78022133744860589,0.78044898767953463,0.00022765023092874426,canonical_raw_float64_squared_L2
496,2637,8d976a068798e76d,9335fca54f849ebb,28006,100,"28006|379|1770|51311|25111|46139|51011|16072|14483|1439|59326|33521|10065|48227|52724|29828|8429|13684|47685|34743|6773|31625|17890|52456|45386|5600|20762|2464|54649|12513|54316|26438|19587|22760|4298|40458|32132|30860|20942|28599|24821|23728|30328|16049|38733|8222|29786|9499|27171|44727|3144|3353|1278|42236|52223|554|28279|4432|43183|16159|45325|14684|38949|24735|23148|18741|39563|45937|40136|51044|41988|35345|48491|54512|5765|59144|25078|8663|29782|11665|50482|48335|57742|42220|31556|52973|34527|4713|15866|58441|31426|31617|31423|56424|32461|16422|54196|34636|20686|57103",0.27516676882616464,0.27563233112333324,0.00046556229716859798,canonical_raw_float64_squared_L2
497,1613,8b36735195294371,70be7a0922f2e651,28069,100,"28069|34833|11491|28172|551|37317|10807|32833|4422|11262|16538|28661|48797|34221|57338|35166|55246|5151|55872|43767|17778|26670|55817|239|38306|15408|17527|38503|20429|16314|19085|22412|3622|48377|9167|7293|15364|34398|49431|52094|3358|7319|24850|55708|11314|25408|40682|24926|23490|23724|36120|4714|40030|12892|47388|542|30952|42865|13034|14360|31582|42964|18297|49649|40688|23378|37228|39495|4844|37291|15176|24209|18176|18001|8866|46069|2717|49867|1661|17667|58983|22632|49309|42555|25170|31995|37467|2416|59123|55816|18858|13111|31064|28885|21148|8947|50396|14569|11039|54994",0.8248144894895888,0.82483476586723359,2.0276377644790067e-05,canonical_raw_float64_squared_L2
498,1915,5654e4a6b3d7b86d,5109791534cbccb5,28147,100,"28147|27556|36219|20053|42357|23335|55856|4948|52419|31137|24575|54617|11758|54717|33731|40091|15722|2722|15786|23283|28146|29758|37000|45545|10758|10177|50384|11093|13590|43707|251|57221|18781|3498|28718|13584|4728|9460|5921|21061|56890|43654|57214|43425|58692|10924|29327|50236|52187|37932|59968|4672|30213|39244|30393|39186|35328|22453|48896|27413|2482|47976|35851|16610|21271|44301|7395|14264|38851|20432|27831|49485|20152|20059|23642|52867|44550|54844|534|40360|8344|36440|3107|15320|50679|53719|16806|48843|55479|15794|7897|57395|39751|36772|28447|22865|8104|46877|9286|11738",0.66315283270976888,0.66328999627170493,0.00013716356193604895,canonical_raw_float64_squared_L2
499,1663,02d7f85a8832e520,e1ce38553b8e9f71,28241,100,"28241|59939|56310|16377|58363|17293|21889|45698|11376|46836|33820|40433|23378|55947|14408|1134|52683|12440|29969|33311|45913|54507|25170|29012|2236|58336|57118|24128|16646|48785|25074|26791|15403|10175|15212|24047|59148|54551|20422|8866|19506|31309|45473|7049|7987|9537|57971|45508|25284|19580|3867|42064|51660|26736|3017|17278|37317|27662|29508|58625|53798|4850|3557|52012|32524|54966|58033|7229|15408|55713|27331|58618|33018|38709|6444|16781|45125|35918|9929|21239|4626|29276|37676|2933|44276|1503|6742|17501|59944|10705|50911|37419|27967|4814|3302|22686|9624|45207|3756|12851",0.79115357252706786,0.79157404239960338,0.0004204698725355227,canonical_raw_float64_squared_L2
500,1831,3718d0913fa3ea13,94b24a439f0a6bd8,28286,100,"28286|14957|19742|45583|9904|28909|20144|27918|56097|7280|17265|23348|21794|21179|21235|22834|40419|42056|9355|13067|22787|37231|24037|39445|17094|59952|52683|35125|12931|12974|56018|57662|50039|9190|49636|47351|23963|16610|10203|59180|44293|50250|54947|52171|15849|35227|7897|15212|47739|37344|12567|19958|51580|29464|58080|13948|56671|55708|54160|24875|27671|50384|37912|11322|48444|25661|8621|34851|53242|6417|40528|39123|16431|24663|45545|22861|9167|9011|15858|58904|2416|24813|24836|21672|46286|24176|46650|59422|4098|3492|11004|1873|8277|40353|46727|44736|2722|27805|10948|4752",0.66358928544882967,0.66374497295087997,0.00015568750205030568,canonical_raw_float64_squared_L2
501,1901,27c2119997967724,e71c192a3f3ce245,28352,100,"28352|25306|38402|26064|27350|45403|42443|17802|57169|22745|28963|59373|24616|17991|47377|4970|50513|48669|37499|30582|16575|19609|58502|34878|44231|18223|5897|14716|8783|29951|43604|22938|59401|22316|6371|10404|12122|4459|6550|16142|41607|7147|39322|24417|10035|39063|38821|27545|26008|11971|4942|1215|25300|20441|1958|58057|33271|1810|25331|7721|6969|19202|18786|22753|34810|16174|55566|9216|10467|54999|50752|37607|37491|56321|12849|16716|16975|34136|37476|35517|34540|14336|41859|15248|24018|49362|26790|13763|41159|9610|17945|23684|57501|47076|33112|32478|59227|3142|29205|6367",0.62448115075469213,0.62565184338389468,0.0011706926292025521,canonical_raw_float64_squared_L2
502,2023,943bea2c831005e8,1fcd7e5af6e8b076,28369,100,"28369|26628|40238|44923|50435|40004|13865|34260|14191|1075|52710|48706|19691|55497|2404|28502|45593|33585|58499|7457|26496|39341|9560|21364|13199|56319|32729|51754|25947|30431|51472|31224|58486|41836|21609|25458|57799|19262|37037|40456|10088|31084|44990|47308|39063|28721|53134|52071|50045|15646|16417|2413|9086|26076|27098|45495|10077|30581|39065|12873|40869|43254|6024|33334|53463|9271|47415|5637|19700|523|19744|38752|53090|36321|149|28603|3691|33374|10789|59492|5747|51476|29350|11315|15543|10781|35093|21371|44326|2834|47461|20270|32719|46696|44578|10966|44380|44080|40892|41668",0.70070904048280913,0.70106580744959746,0.00035676696678832442,canonical_raw_float64_squared_L2
503,1643,3bede68eeb3d7ff4,41835064abd04b5f,28403,100,"28403|45543|48526|18386|34959|16844|33980|31118|37486|50418|12051|19396|1827|15395|58190|32480|19434|55834|48250|22678|4268|4833|7814|14051|40360|33267|15251|52253|2144|57368|17796|36436|58586|14570|57265|8106|34029|49094|27186|35596|46785|34028|6254|55876|29010|8709|1134|25561|32031|3331|16851|9479|27408|32085|33803|8467|8527|44478|6093|40133|45869|41108|47788|8161|22002|20887|2146|33656|40405|35819|28439|28711|16175|26281|39429|31910|58912|18454|22327|20872|50236|1121|18978|34644|44261|41812|44012|44929|37441|54507|4251|16568|59461|32899|45434|8805|43740|52666|26802|24510",0.91098158774815507,0.91231944404519993,0.0013378562970448593,canonical_raw_float64_squared_L2
504,1922,4787a1b35990e711,3c0ce963002a4ef3,28475,100,"28475|18606|1100|58382|47246|18162|22226|24705|59157|39614|50599|44301|7881|48015|32322|47938|18576|8076|19452|14974|31738|2892|50236|3550|47650|17506|24196|58670|51848|41788|6985|26224|8131|29541|17498|3672|13471|30841|2628|4672|36701|4151|57084|13001|31380|19427|57608|42408|59961|10609|48685|2520|55105|51462|25367|53569|33978|53512|45568|37218|45448|47219|39633|34702|24314|28459|16133|8538|20390|39348|28478|45812|50024|51599|46567|9280|36|14558|28228|17414|54717|8066|49173|52230|21832|36219|20032|28146|23622|14683|39186|26445|29070|24593|53073|14720|34659|14929|19853|15873",0.64829239132415351,0.64842571291751905,0.00013332159336554295,canonical_raw_float64_squared_L2
505,1996,8d8a831e9c9dca11,b51a83d638bc27a5,28547,100,"28547|3531|42718|24310|27959|16938|13715|43910|20670|5275|8561|19149|31089|4768|12775|34129|56841|47985|47124|12086|39361|9655|6721|59598|48503|20088|50023|59258|41197|56579|14566|58763|38925|51980|50940|46018|47462|56429|11801|11517|583|26508|38852|10930|28326|52269|25048|29405|29504|16599|57028|27229|44912|13910|54284|15302|31033|58814|39549|26115|33089|49035|1247|42733|2985|482|3166|57819|45307|12444|30752|30771|32601|2887|49147|4963|55957|27118|22126|1494|7621|23752|29458|53979|52744|59061|53856|2191|4944|52493|7298|40623|4289|7821|57890|39844|23149|49376|1311|31998",0.57222629766325284,0.57239324968193817,0.00016695201868532905,canonical_raw_float64_squared_L2
506,2411,8ea93b97ebba65ce,b47abcd53f4b5922,28555,100,"28555|11859|51730|26419|39614|21626|32342|12956|35525|36514|3843|48447|23603|41005|54765|8260|26797|51462|2520|22149|17338|29821|10958|4857|48426|20655|56298|42109|13542|58647|132|18523|34702|29896|9702|30585|24136|40496|53671|15487|57874|6877|38896|45668|29541|38584|45383|11092|9528|38012|51123|20409|16434|25636|16621|32208|23013|35250|32201|18916|5189|51637|34736|4206|17498|55165|53914|42153|58899|41656|54553|14589|2779|50807|14974|32127|59076|36788|55252|52834|24485|28217|57590|15156|39952|5212|32935|43497|32029|20589|40397|2359|34139|14522|25687|47716|47837|55885|40049|17430",0.50929922975954911,0.50946047633307234,0.00016124657352323268,canonical_raw_float64_squared_L2
507,1580,47560cc58e6a7a9b,9254e7ed6b0601b3,28605,100,"28605|50894|10090|27152|58194|49932|53029|12946|55285|22474|26321|43217|44412|13244|40522|14892|18378|3437|44870|48977|59803|7238|58764|12306|30471|6238|33126|32644|47213|23093|5374|33402|43268|43603|43480|43986|56984|56992|30387|36591|2571|36975|59588|3512|49636|34120|32623|34481|30193|34982|4185|2802|20107|8769|57309|1453|28137|57387|14682|46634|24833|59455|45958|38250|14209|7053|13779|15992|18719|56301|32702|33430|16083|40929|16964|9561|37677|27264|50204|45734|41458|40076|37203|12816|56809|35933|59758|56166|18660|6130|4409|45535|30693|2763|25904|21245|8983|33625|34890|35884",0.97004284300704091,0.97121195259947402,0.0011691095924331041,canonical_raw_float64_squared_L2
508,2125,36e4f5e1e630bd0c,1200a453bf1753a6,28703,100,"28703|57523|53823|21758|32149|57077|3515|39059|45679|47957|39723|27820|20702|698|34459|9890|40334|54426|26879|40702|56998|17865|21140|45546|13674|33145|793|42010|53651|52569|24404|15353|43757|36750|106|1749|23438|20726|44672|24929|4432|42934|41055|18797|49195|22112|34002|23019|37493|46944|10498|26938|6346|31530|33513|25820|58648|25190|37044|8898|8549|50072|34546|17959|45666|49568|12010|17630|45904|574|36484|23043|34201|44961|4758|6142|4271|15153|41366|3184|32903|52792|44907|21743|48583|46990|58234|14248|43542|13302|7925|7655|40883|44369|54807|48445|7444|55491|18269|3352",0.52627701476163757,0.52800566952955008,0.0017286547679125075,canonical_raw_float64_squared_L2
509,2193,a95ec7faee13fedc,5cba5e6c795a0f45,28718,100,"28718|1754|28146|34999|50236|39186|8720|37775|20770|16432|16994|9612|45533|14264|30213|44899|43231|28947|17669|47723|58647|29816|43743|50384|19208|27666|56537|37000|44301|24582|40940|31948|43550|17667|57395|43425|25583|33199|3192|10067|15499|54309|10423|9852|47922|57336|32951|46805|10250|7785|48019|24667|12472|52442|4063|12925|46239|38692|48497|39952|11933|41286|23252|18179|5490|45545|13661|7365|31492|43513|40470|17123|20390|14690|44446|54950|22097|7395|3109|32854|6855|53502|40600|16742|48134|24209|33666|1991|30877|55231|57002|23231|29011|6351|33731|11738|40360|7091|3358|46049",0.56499199395610999,0.56523147057006717,0.00023947661395717912,canonical_raw_float64_squared_L2
510,3063,86e2712faa2d12ef,b41f7b644160c335,28807,100,"28807|49134|25694|58075|46987|9664|38978|32726|28706|48690|45148|53155|49429|31426|21710|50757|56342|23728|26608|57142|53912|57718|16509|16963|2006|22796|40391|18777|3039|23109|56424|6773|41434|16430|26316|43709|42236|54649|53423|14684|9818|18617|28363|4713|20467|51778|9796|8007|25095|32861|34250|40458|31694|16483|51011|8222|16140|457|57103|56884|1323|15688|11207|4061|28922|20942|24943|11158|51311|53585|14483|35345|5614|54701|52847|46592|24319|30860|7810|38133|24139|4096|54256|3049|23446|8660|35985|55110|39612|8429|22690|50055|11325|50312|38949|28599|47091|22827|25126|7328",0.25390309968531155,0.25440507478458141,0.00050197509926985795,canonical_raw_float64_squared_L2
511,2316,7db710e4ad22c0d9,ef277ef3172378cb,28815,100,"28815|39541|20179|48237|45127|23903|11926|32579|3824|42595|23561|802|40694|2977|48826|58599|18195|22128|51799|18632|10267|14284|52518|47195|25813|12794|23787|10916|363|1349|59837|36959|59547|7219|13892|58784|6460|34627|24920|7896|47497|52559|56667|44700|27035|19393|30379|18222|26697|26799|29582|14196|34782|26285|24686|41438|50794|16464|38415|37381|50685|22942|35462|2232|47285|8770|58536|58821|41268|8236|30310|33055|12935|26676|50128|40790|36562|30192|27050|11101|31420|19689|54521|57696|35110|15369|33902|31167|58091|11254|46011|24320|30307|49141|20439|53574|45458|22015|14697|55992",0.56926041414704098,0.56937348318679359,0.00011306903975261129,canonical_raw_float64_squared_L2
512,2600,5a2a44bbe7e8f88c,d349c5d3ab37d178,28873,100,"28873|52000|38024|3811|40623|15646|38082|15687|22503|39657|57788|12245|4856|11404|40149|11755|56731|44030|26348|36844|16928|11683|44314|9090|387|59391|19877|41911|59150|18226|31460|47764|24109|40958|22367|9646|7556|27564|10495|9683|48899|54863|45768|53418|20931|57376|2768|1802|22063|5086|3929|16396|43780|17747|17287|19365|20113|39361|41672|9855|47641|46177|30503|2838|54719|15063|26384|57810|20307|5|7786|44026|32737|51258|56426|19419|36215|41630|5437|36102|143|6125|30465|28481|25291|49539|16849|7232|22060|27616|50619|15093|46418|45405|437|22166|5819|58302|16124|20245",0.62252735658850022,0.62272577042349753,0.00019841383499730192,canonical_raw_float64_squared_L2
513,1989,1bbe295304e22c4b,9ff9beb37d581aea,28974,100,"28974|38277|48196|1975|58323|44638|48150|28233|25404|49908|58864|21648|49584|10793|13512|36045|40494|40903|59875|46287|27837|22867|219|16612|43131|41284|19380|33790|38473|36198|14723|42560|118|54261|3613|35433|41631|53609|21907|14361|19534|45984|269|12638|4005|5145|50260|26057|33681|44206|36697|127|52467|13782|18357|49546|11126|50970|31722|33758|8310|15507|36659|5234|10894|5997|1043|51915|278|17097|59463|24964|46514|33813|7708|23639|44013|13580|7080|1305|37021|56180|47644|8428|7746|13074|8413|11797|39240|16699|3596|27798|15729|55120|47307|21159|17468|41760|37739|46955",0.65855643497217431,0.6591485176439793,0.0005920826718049943,canonical_raw_float64_squared_L2
514,2190,0bc4207b02945a52,c578e8a1c43cd735,29078,100,"29078|32056|43980|1753|6182|30601|29274|48651|22350|24072|19630|48587|48239|45445|37432|5604|48556|1589|14739|51735|5304|1540|52124|5163|39389|32560|7793|43771|11936|11509|24030|49441|50735|28085|37870|39379|40560|50956|9925|48148|2962|39904|3971|47411|47214|31759|39390|50281|46584|37261|28782|25942|11772|27072|12165|19019|29587|38154|10596|48687|16532|9188|50685|21012|57990|46224|47418|55652|17915|3689|33442|52122|15379|51189|11591|31489|19281|53672|34135|26536|8770|10741|120|7174|22873|5947|6050|39571|44545|58909|18757|29362|34094|15568|45320|28927|57696|41677|1438|6427",0.63625281106041698,0.63828913093387751,0.0020363198734605348,canonical_raw_float64_squared_L2
515,2714,fadd586c0352897f,5a226384e8471c86,29104,100,"29104|1249|48847|24319|58856|35719|27855|59272|24755|51010|59565|13194|2391|5642|6276|43592|49570|8309|37324|42367|22888|2403|53912|44333|13260|27324|44165|3263|26178|871|54558|56696|27537|1711|45148|7509|32990|37945|27315|55762|30280|786|56047|23157|29944|32444|20539|19494|47548|19730|16213|3979|31602|7520|757|44141|28706|27758|15622|20015|47091|9199|34834|21217|18617|23077|25615|51018|43432|17842|7810|24212|32290|56950|39780|33869|24514|7663|43822|1872|14755|33205|54167|32954|59182|58694|32256|14782|1060|36876|8820|16497|53660|29737|56346|974|15851|27460|38631|1601",0.24279983654685655,0.24296076117719478,0.00016092463033823279,canonical_raw_float64_squared_L2
516,1517,632b27d9be9a72ca,e0eca2bc0219d37d,29263,100,"29263|19613|53844|51812|34885|6151|34659|59821|39186|44361|59596|28426|41402|37889|49101|10288|8068|6315|47570|12420|1107|10006|4748|27096|38692|9236|52589|43885|50550|36078|17472|33477|20205|2938|6980|30213|33725|43933|22124|5617|11434|7593|32218|266|54635|53680|34111|14369|26125|19951|14244|47351|52171|44597|29005|25733|4982|28332|15133|37105|25130|56614|51709|844|46712|4732|36920|19584|3194|2702|52997|13356|39410|16034|45342|53575|19830|35413|43550|48988|33607|7897|9128|2078|16110|58661|37656|35386|37768|43009|52283|37560|14386|9093|48005|54900|7830|46165|29660|50384",0.8169046488862064,0.81784934004137511,0.00094469115516870872,canonical_raw_float64_squared_L2
517,1893,9a8a5576a38fc9e6,c9a2948c7f56a3c7,29304,100,"29304|3158|48240|56223|24036|24624|31281|7055|17265|29450|50416|54641|24536|13187|28389|19832|59286|2669|41506|2977|8464|46006|58821|2539|39835|53722|17177|4396|20601|22289|20784|9773|37381|21047|21963|57758|25015|23000|59374|49118|28341|944|19794|27223|9736|54100|11254|11520|45725|46606|10778|5090|12842|4312|38394|22942|40997|59309|49010|13892|13100|10586|38358|20715|57192|19591|41416|37304|7592|26920|10603|50710|26910|15999|52774|31350|12088|28727|41877|29914|4255|28169|17863|19263|47285|10263|24123|49729|43168|35110|27035|16251|28612|36352|55922|32283|39144|59620|54456|15849",0.65662300039751387,0.6581010580706026,0.0014780576730887285,canonical_raw_float64_squared_L2
518,2099,16b9ef52ccf24b67,db0c8bffe27b5343,29409,100,"29409|27589|12299|24085|47860|36668|1306|38842|28798|56522|50082|27545|7010|11027|39437|48133|37147|18171|14384|42967|23646|53368|18236|58026|6646|41585|25857|37755|57225|4797|15897|21890|21330|24929|1862|47159|13808|30445|53123|22899|11407|10717|38493|11524|42571|36991|3501|55408|15100|44280|53718|9536|26671|12037|49473|22581|33322|57749|14358|51838|49128|9893|37044|46324|56831|8162|716|20352|34052|8468|51927|3485|18832|42007|51176|34681|28337|14008|55002|56810|53350|33963|24041|28671|42035|38276|58133|2723|39199|55279|16952|38484|51200|34870|19671|41858|17585|38204|57946|27842",0.50597812104590512,0.50610810695062158,0.00012998590471646754,canonical_raw_float64_squared_L2
519,1583,d393b04cbc791566,a041cefb66c06e45,29647,100,"29647|29012|22678|37676|39195|34353|12391|174|42935|59939|12039|17155|45913|54655|22639|34407|18072|7982|45585|44164|3756|2621|59944|31933|16269|41945|30389|52759|11160|24418|55743|56370|51774|20615|26174|32238|40878|5606|36899|26281|26960|37876|27585|43920|9929|15091|49414|13581|56711|4814|36990|33938|1961|54966|45082|20849|5126|38304|47103|16408|3340|56787|56722|5646|5200|854|5942|38290|58019|24973|47095|48775|25053|46403|57491|48144|56901|30339|54844|20861|26330|34704|2165|12833|12851|53561|34926|56604|6225|48110|35410|58279|55156|27462|14093|3867|23524|38942|4741|50998",0.86360071868248667,0.86442546305955981,0.00082474437707313886,canonical_raw_float64_squared_L2
520,1738,82f2bd316944ecd5,afd72fcf6b8b81ea,29775,100,"29775|24993|52719|27701|46712|52889|12974|24424|28885|1916|26883|23162|36362|7897|38290|23314|31818|34207|14426|35247|478|52487|36196|38165|20451|38196|38846|46650|24226|9933|43550|38775|11947|14667|3867|9710|47493|32780|10835|13948|32576|2938|57554|36075|24461|50094|42937|48195|50278|1634|34793|58232|34048|3902|11893|29213|44704|29508|22679|23283|59375|26906|19830|39414|51698|25751|37436|17664|36809|54976|29816|28894|41928|44516|19726|919|37467|19085|18314|6444|17006|44301|48376|37105|11496|48785|24295|908|26735|21915|34659|36660|43314|31437|48444|55493|38692|18387|22097|47786",0.79169582294801688,0.7917229582370291,2.7135289012214514e-05,canonical_raw_float64_squared_L2
521,2787,53bc2da6f3a3ccf5,b0f3c6ceef3fc356,29786,100,"29786|58117|17890|24501|52456|16072|6008|379|23148|4298|59326|48227|25853|11913|33500|8168|54512|39927|46431|5600|54649|50411|1665|4303|20762|12513|3918|36146|40136|8489|41613|29782|47537|18697|30328|19586|26438|31423|34814|4432|27155|24248|28599|40474|1770|3829|16846|30141|10326|43183|20574|47685|42220|46139|32356|29317|9430|52223|19232|33521|8429|29173|15435|52857|59512|40818|2109|31556|54145|41434|35256|51011|33011|28006|19656|38733|31244|42247|45791|554|22760|17207|51946|57103|4617|9117|20686|33206|54316|31443|43505|21755|35210|8660|34743|46111|987|43265|32070|6773",0.2660765385771055,0.26617419068153436,9.7652104428858078e-05,canonical_raw_float64_squared_L2
522,2523,4c0f6c66d4bdd877,4b54211ee5278dc8,29831,100,"29831|31515|17635|31167|549|33667|46112|20|49720|14513|36556|34076|32997|24369|59195|17425|53671|50849|9498|30243|6498|58180|11254|11285|28729|46998|27205|35228|12997|55102|13673|12003|33688|34797|35213|42080|10549|14827|53605|20571|24513|56785|2875|47837|35250|55012|33555|23255|152|41656|50476|4905|29450|20439|4032|48716|54571|10815|43111|23414|51535|22572|58145|23144|7642|7896|14894|51771|45820|55942|40348|8819|16277|9112|44330|2573|372|10350|17870|56778|21619|14852|51637|6146|55659|17960|42553|16328|28250|45022|37871|12140|30921|23119|46118|15415|22580|25792|20593|14404",0.48311546991506293,0.48329645295082191,0.00018098303575897479,canonical_raw_float64_squared_L2
523,2473,c09d44a19f639d15,85d5db52b44a8bfe,29844,100,"29844|56258|48054|24592|49950|33343|19312|33529|26708|19281|19771|41772|7733|39389|54858|28913|55951|22203|14796|57990|36881|24756|28340|34600|4588|30706|58928|25969|49307|28893|18734|12818|50737|14385|52961|41897|47846|20967|8913|29286|56768|30667|51003|31651|7364|39783|8309|56966|57735|41865|11050|5728|48191|19421|3713|53252|35574|40486|23816|4208|45878|6923|11326|19942|53379|34858|52124|8820|1084|35146|55631|20207|30544|38054|47912|46776|28188|44695|29706|22563|42995|33287|52041|3376|52075|53535|28272|3957|7247|13880|32954|33655|16028|18554|51167|7520|37992|51555|35393|1163",0.42418251645917654,0.42435845944837913,0.00017594298920259321,canonical_raw_float64_squared_L2
524,2531,4f492d9d5717326b,e7cc2b83e6d55426,30112,100,"30112|24040|54535|3207|51089|40049|15998|17831|23255|10136|43111|24835|19138|52033|41045|55792|39046|552|25672|53767|6548|42553|31406|49430|42156|9498|15492|32384|59049|58647|45383|5723|45702|54571|9553|33885|48497|47982|43541|47757|7964|34669|58636|44110|6339|52353|22832|51350|58698|22242|28851|42005|18904|27154|9979|28461|22460|4278|50130|2875|39952|42321|40706|55650|38967|17529|14296|17929|58792|8246|34617|31852|24671|57266|14759|12124|730|43351|38246|9782|22580|23411|5857|42836|39171|10861|2884|4710|17603|4862|46546|21841|46932|50456|45366|36843|46490|4644|46805|11542",0.5724539816308305,0.57299929540276229,0.00054531377193178798,canonical_raw_float64_squared_L2
525,2191,74af595168242cff,2092a74d6326b515,30116,100,"30116|1981|21169|35967|59424|19843|8296|10486|30612|7654|13086|42729|58853|11545|27176|51450|59044|49443|33179|22997|13860|33323|14313|52426|52938|57038|41599|2867|41211|31647|12686|17916|52189|59946|49179|36170|7217|9813|23944|49156|14793|30493|53177|33396|54034|22513|3889|11490|37189|59826|17308|33578|24791|54453|37111|42804|48825|30429|54286|40189|16590|52735|6757|36626|30786|29757|24670|37720|59154|8304|46759|31435|29611|2983|11454|10940|44073|5828|50112|54375|37076|26568|46902|31919|17573|42112|11362|33513|36673|28953|7029|34425|30961|46216|8874|56976|20584|18746|4165|56824",0.51658927286239031,0.51846239126763338,0.0018731184052430683,canonical_raw_float64_squared_L2
526,1659,0d6875fb426f547c,fce4b7da61daefed,30179,100,"30179|34435|46986|53449|46174|18760|19687|35113|2308|21216|52416|30346|25019|16899|40447|31118|18256|35657|55428|10640|58199|24218|58291|32530|17732|33036|25675|56281|51570|34028|16267|59739|49789|29627|53492|25226|17285|25200|55464|22464|13889|58168|8393|13881|25647|56076|24861|51136|57710|6307|38030|28887|16107|2485|1186|10984|18454|20155|10030|23958|31656|12033|45905|6114|22258|44929|51795|58369|30214|40040|58477|7024|44526|39742|54761|54490|9457|29842|3405|38804|35700|48578|35607|42124|5547|18932|25604|51149|46107|26468|2667|41203|29089|15464|37838|15224|13186|28053|39441|28711",0.90914354985613322,0.90992514520416101,0.00078159534802779707,canonical_raw_float64_squared_L2
527,1942,e2d88f042028ae4e,d5b6e5c0c389030c,30215,100,"30215|24709|877|12038|8009|24655|50011|39250|1332|19590|55141|53544|683|26737|3715|47859|16398|1052|10930|25590|16309|17928|48152|33910|29560|11140|12444|6701|37390|19324|50659|42022|31748|34376|30999|43859|48106|40248|38517|2497|2206|14746|37928|43995|4144|8432|50987|6035|31790|10719|13320|3893|10101|57639|17254|40035|14803|53295|357|35657|13096|49029|46999|16310|12653|19581|5009|5616|1089|12755|30424|55470|57830|1315|307|31742|59717|37040|31656|16884|27784|11638|43964|22816|57640|24324|33303|30352|28923|10490|9382|20025|29107|9254|18932|21640|10030|15512|49820|9721",0.63717313812099952,0.63814030646806996,0.00096716834707044619,canonical_raw_float64_squared_L2
528,2342,b74b315646feb26b,0ec6f301fb59c29d,30271,100,"30271|26546|38399|9579|53650|54234|12951|49443|1261|43059|55721|12149|1184|46405|13746|53184|19936|59695|21140|12673|49535|58317|4702|45822|53281|7409|36365|27023|39385|46902|50655|5726|50424|12699|4841|18746|33578|46895|26437|33513|54295|53537|19684|48825|38092|47010|36363|9903|43996|46486|34580|46801|2817|34948|30961|30442|18900|26795|7283|43672|58069|42429|33049|33960|48370|30152|43458|40553|5752|45447|17438|56842|42729|57038|18451|49827|22582|52072|35569|42344|14948|34546|56366|36744|47945|24967|27749|45521|10398|21451|37903|57733|41635|55959|21934|53693|59044|56407|16693|6134",0.44209486332670345,0.44228064923844523,0.00018578591174178705,canonical_raw_float64_squared_L2
529,1980,43be87981585e3df,5a0753d24f68faaa,30291,100,"30291|18891|39853|57344|13891|50587|960|5405|44525|54465|23477|34127|32680|53326|489|18346|22258|9765|26142|5624|50032|44725|98|41127|33334|41248|27103|55983|58889|54700|43974|13315|13715|30657|15464|26772|29353|28962|36682|25529|21912|1627|21896|34813|54132|31853|41841|19803|22372|41066|14621|4262|50267|34985|1013|53296|12591|10875|8286|28019|58398|11333|16852|48655|6892|2361|44761|31980|47756|33766|49041|31916|7950|53706|53463|29498|28536|25620|44934|59377|53360|25401|25785|2769|47053|28434|30823|47123|21240|14857|14090|25494|18135|45019|49098|35874|16243|3288|31310|21820",0.66623945248017824,0.66633852927831305,9.9076798134811739e-05,canonical_raw_float64_squared_L2
530,2835,f4137c33f942fcc6,86dedc49c49b524b,30303,100,"30303|54256|49429|35361|48757|42017|59912|58826|40191|7514|11158|9818|21236|18231|27710|41779|45912|29746|53111|21253|50265|26672|31184|25721|18675|53585|53686|5093|49530|7007|20132|23043|17394|42066|51144|31581|26316|16430|57485|15688|47077|25872|15590|51263|6717|57142|19305|51011|42236|23836|20089|27760|46592|55395|19097|18382|36939|45985|1323|18349|20467|3721|26608|4975|12061|59561|31019|58075|26015|16509|30123|33360|45608|15716|55586|32714|3324|3039|55146|38374|36799|38599|23799|51311|31379|58248|31635|17327|50044|31694|42465|23384|28279|47130|24821|34250|53155|42621|52838|2006",0.32884388755459698,0.33054665736732314,0.001702769812726157,canonical_raw_float64_squared_L2
531,2641,ebbc873ef8fca925,81548271e1463275,30333,100,"30333|13970|57022|49877|17114|17859|55077|17844|13465|11276|47565|3549|42660|48729|2902|5226|54419|43442|52570|9556|54909|51018|43368|16004|3263|44688|23440|30979|35763|52507|1340|26656|3979|33258|16801|20834|23113|5856|5216|9078|53094|53475|51399|42057|3259|7509|42112|20816|25615|10764|27492|23157|40590|15946|30602|33282|35168|46116|21849|12265|46655|32990|13879|28558|27571|14533|21217|2993|43005|36858|48635|10651|56824|11554|10159|2460|11991|11762|54286|43630|11325|6242|50857|9619|5702|40476|12188|47353|28031|31687|46321|19094|32629|24420|27855|2543|20539|31602|41454|21774",0.24520943430404443,0.24543309613991782,0.0002236618358733844,canonical_raw_float64_squared_L2
532,1661,e21635fa0ebcf04d,ddd257e9d9e5a1f5,30358,100,"30358|238|55765|25619|55135|42963|8480|38191|35346|49213|37245|52345|19657|9994|26180|47020|17888|26553|42911|44630|10415|36529|21553|45813|23717|38756|36891|37021|6036|37139|54927|43573|29193|43452|41505|24660|38541|3231|28666|26480|9837|7709|20100|49584|31476|2054|37968|21138|31182|24985|29120|22829|46264|5052|18795|19190|49252|6430|2768|21873|20951|11972|29937|33893|56313|19185|59510|16051|25173|4997|19992|33922|9156|38797|56256|14068|21482|438|27957|33428|51692|44487|42673|6791|4068|54945|29405|58162|45055|21729|1388|35401|16563|28335|37730|17061|24051|54254|27791|5827",0.61943717192981851,0.6196029963152303,0.00016582438541179467,canonical_raw_float64_squared_L2
533,1795,d413da7d2b9fd914,8565f06e80ce9360,30376,100,"30376|4919|48108|49557|1988|15332|52672|34938|38225|43682|27777|29079|22326|53859|23738|24679|49896|15037|8858|12517|26522|47274|2223|49377|17284|9525|34022|27646|19673|24685|37648|53689|30158|30408|50792|24644|38396|43672|17939|45927|11707|33130|5855|35393|30067|29224|51446|53680|34019|1458|2401|56872|42847|52544|21897|14567|13826|34984|55046|26778|19033|34969|16754|36938|53184|55212|34408|41731|56931|7279|15434|29499|26918|48104|6980|13287|26162|17328|10796|40135|17978|46798|47381|2987|42126|48411|28637|9701|48113|37903|49832|783|51310|8953|1449|11105|18955|37953|2190|59359",0.61214408043070978,0.61222234200724945,7.826157653967325e-05,canonical_raw_float64_squared_L2
534,1949,dda416d52ed33581,685c680aa74546ff,30430,100,"30430|59331|7895|56012|57941|51698|1156|45545|52889|48497|21201|48649|8859|39103|7783|59268|50855|2260|1936|20255|29824|44939|46577|43836|56420|44039|32304|18869|4177|31555|10862|22461|7006|59210|49544|26|19246|1411|52297|20579|13226|50085|42946|5223|1207|46229|44664|39381|28430|50444|11496|23283|4341|50663|38846|39077|55613|49880|49467|853|42547|28808|37198|24819|15457|17578|44293|32642|9186|50478|18470|55025|27801|55910|52023|23234|56855|26957|882|29365|40763|4433|40717|14371|2748|27142|59468|14108|14041|47705|43685|32719|24727|1206|6213|23189|15320|54764|46369|36075",0.67654301557367835,0.67679936038128508,0.00025634480760672318,canonical_raw_float64_squared_L2
535,3047,9d1ae2954fc160a2,8ce5bf71ba98e3b0,30466,100,"30466|49747|58698|55638|960|31142|18376|50889|31564|17623|9980|11181|39|9060|11486|52329|5342|31963|53124|28313|21747|9924|28600|57143|56703|2043|59400|51669|51661|31515|8490|35566|51325|10719|2871|19705|42158|33247|58613|7137|2786|50334|9858|31487|55499|4055|34612|58398|35191|51667|17603|35950|27253|27003|52673|11191|29550|2112|5624|6932|1047|21673|1470|924|52128|17546|57773|56446|32825|52213|47756|13344|30748|34430|15925|29560|31733|51145|12684|22804|47150|5785|54943|7407|55421|42229|39100|50569|53581|15071|20501|22910|42702|23985|37479|36665|45002|2424|37705|36682",0.50335865305086869,0.5033875682543042,2.8915203435508907e-05,canonical_raw_float64_squared_L2
536,2094,ea2d84013fea1c9c,3799ce68175dbf88,30571,100,"30571|19103|9446|2603|56988|46630|53272|8421|4420|14907|15335|41459|19671|38194|54042|22684|46576|8956|7470|21171|24571|48147|16709|55324|14399|41636|36338|1174|276|45369|21666|49246|6531|17318|7793|33573|21460|17303|32143|37339|6072|20098|51173|24842|15616|38130|54106|3411|34744|57320|42388|10267|2420|39334|37286|44243|59774|59280|39301|6059|58371|4804|12781|46722|15813|23061|29286|7877|41677|21568|21439|31004|56036|12192|29878|26242|57396|19084|30991|19093|598|39705|23607|53698|38937|29566|47984|19015|59987|12009|44567|50566|17735|35098|10729|45265|43427|2350|10146|23647",0.56789968411544844,0.56813839895464724,0.00023871483919879477,canonical_raw_float64_squared_L2
537,2211,be72fa08d6642aa3,f3ac696c93a907b0,30631,100,"30631|38383|17406|772|23451|40204|15090|14259|6900|23916|32278|25824|38891|26384|8266|50987|18345|14152|15670|9994|46373|13263|2393|5709|3371|15016|21807|32862|1608|39729|53885|28494|7388|30405|8754|42418|22838|11003|45801|42224|30759|9410|12164|52564|20231|28123|14844|26698|19407|5343|21482|53816|10719|9084|28666|18296|24182|53529|15297|36401|49787|35843|31862|8107|16177|50807|31460|17039|46418|17797|36008|48786|15958|23403|22193|35723|28981|48330|13261|14768|10743|1436|17747|47465|8381|44015|1642|35208|44898|35293|47442|57390|22741|50831|57036|27291|35240|48159|5319|39181",0.61219649078317118,0.61266676422156274,0.00047027343839156632,canonical_raw_float64_squared_L2
538,2845,aae861946df1a149,a2d023c4c4200223,30635,100,"30635|56295|54666|42324|33245|21329|29862|55242|52847|47163|13008|12176|27326|55793|9415|52398|53943|46758|40553|7283|47626|27339|3357|31245|17382|48792|26266|7810|34989|35347|7690|436|9199|23644|53681|19942|12061|22582|37903|27349|20904|12789|21002|45608|8512|15902|8899|17752|12065|39953|52784|21863|55740|2817|55402|22951|8941|5719|40492|46686|39459|14131|44940|38978|47550|54096|1221|4597|15582|43059|14571|30442|49188|49835|40597|53585|26338|57934|5657|20259|7431|57038|58339|12891|43505|8524|25172|51409|18630|34235|22728|46115|27175|31700|35569|21365|29726|5089|46902|15593",0.33931034449147146,0.33936389499875685,5.3550507285393678e-05,canonical_raw_float64_squared_L2
539,1976,68c6dbd5ef6a8194,fc4f5a598182bef5,30651,100,"30651|19026|48642|31952|9672|49363|41319|22201|6528|23505|1483|36190|50745|47482|40406|37302|37985|51415|52776|53760|2474|24052|49241|10685|43185|15917|8885|41781|9851|7922|11656|1927|27529|34010|59945|5608|34228|59372|7829|54728|45874|43823|4706|53345|20433|12177|6481|28895|11697|31723|46942|6218|53860|57079|45764|24159|41492|54664|3996|34847|13345|30190|41836|14370|43510|2135|27233|21181|26494|56723|53944|7028|58237|4258|16967|56390|52658|44169|45256|1179|18923|42977|15547|22624|41000|21225|40251|45365|24080|31262|1414|2074|33106|51531|4325|57426|30455|1791|23296|13092",0.5728877659267595,0.57349465412397826,0.00060688819721876897,canonical_raw_float64_squared_L2
540,3089,46b15cee212e2f21,c7cd8f379bb9a21f,30715,100,"30715|52500|1760|41722|52637|702|43478|14291|5355|16742|7254|14505|15259|25747|24312|7519|13708|44274|23370|15744|50110|49512|25481|28186|3712|1005|3178|11635|57336|29680|42308|16372|18179|11406|29368|35455|45533|48065|48400|2787|23252|387|27065|33065|36702|35968|52394|47922|42721|3775|36056|11526|34816|961|14267|16507|53056|33234|41608|14296|49776|5844|10814|47630|41308|23590|26771|204|24707|54127|18146|41318|20782|16453|42108|8488|10877|37442|57294|4440|48665|20483|11575|6027|51608|32825|44393|35114|46490|33872|34322|56013|35370|5263|33953|3095|42229|35930|55121|20887",0.53847378663255507,0.53864245215093254,0.00016866551837746435,canonical_raw_float64_squared_L2
541,2067,eeae02d9180f3f29,c60f54bfcade9e8c,30724,100,"30724|8431|30559|19403|25134|26469|29751|23678|38355|41293|2274|10531|5206|12679|55686|154|36995|23531|7383|48789|36310|3227|51832|34045|14075|49533|22860|38968|46388|21354|27134|26513|57299|58833|21729|59049|39581|47145|21052|12055|33364|31660|24992|32362|31598|23704|31175|2011|3730|32228|25155|6369|29223|12979|24519|37715|20927|41749|56934|48593|28739|55664|44708|4885|30944|56855|32764|40170|6324|31701|45101|40879|1959|33470|3412|12778|28322|57408|32412|42742|33715|8877|55884|44206|10415|7648|1489|37295|46320|51460|12862|12191|15373|24397|15962|27606|59039|21097|37417|57673",0.674105780430027,0.67478673718083348,0.00068095675080648288,canonical_raw_float64_squared_L2
542,2845,4c4b8c4af97c432d,1a95f2ec966e3d9e,30759,100,"30759|49466|51154|15513|53605|31279|16928|28056|35117|16622|28374|33349|42836|46112|48884|23076|43494|4905|49621|3408|37569|16874|7860|15297|57310|12124|48267|37682|9020|22242|52851|44095|54660|35506|33480|4278|14984|31948|50049|52575|54535|35293|14906|26797|28461|44110|26384|23451|22044|10786|4263|5343|23549|22460|19420|34612|32237|56309|15660|46587|34565|10851|2566|57299|10938|22343|4063|48160|39233|58164|0|36997|4947|47961|31460|1788|2944|54454|52288|4147|2487|47387|2787|58636|15338|52830|53510|20628|24835|30143|22741|41287|11161|52547|48605|7388|41399|46490|14065|16003",0.46739135937398796,0.46748159438538639,9.0235011398431819e-05,canonical_raw_float64_squared_L2
543,2019,c838ec8026981f3d,4b765a149d4b23a0,30764,100,"30764|33025|42263|29514|12541|35746|32192|12562|9990|20430|30068|3489|11876|51221|24788|7687|16849|51060|14020|3045|49878|23758|24483|54480|2664|27435|3149|15932|13798|43496|8402|21133|45943|56377|34800|9177|22311|55143|23426|59582|41173|6431|33053|57236|19680|35257|1233|10481|29529|54253|39116|3946|24173|11854|29045|3239|7391|4667|21321|14279|16999|6692|21212|39418|33428|18235|32589|26123|27341|15817|38481|148|44065|16698|47515|41169|50136|25317|51654|42857|12385|7357|42739|30479|8125|33433|36719|42149|57632|55974|17186|28753|49942|8290|19190|11700|27256|46141|26828|49112",0.91518862741031493,0.91521476188909001,2.6134478775086123e-05,canonical_raw_float64_squared_L2
544,2142,e1608f7718439fc5,d2613488c1342c53,30809,100,"30809|57099|50647|7178|25465|59874|41565|54834|34243|26475|56422|14673|23059|28880|53566|29372|57582|51337|36810|36200|45071|39473|57712|52236|6883|17670|41789|36796|53481|392|2716|27167|15549|28590|11064|23309|32352|25912|153|32073|51605|23898|9568|58428|4104|30375|24396|3759|7208|44147|18233|43463|39145|26024|1998|5848|46896|32895|17193|6980|39321|17009|53595|10324|10710|19532|19644|51883|2567|28779|29180|56423|13453|4532|43308|45998|29471|16135|27764|19897|20704|20299|57094|38021|14244|49935|35437|44561|57779|49033|55829|48208|51887|2147|28904|25520|52214|41872|59160|52763",0.56683209720063754,0.56749453046419762,0.00066243326356008048,canonical_raw_float64_squared_L2
545,1876,c27dfaf512274c10,4ae8e9133ace7313,30978,100,"30978|32664|34999|2416|4885|24772|48708|58187|35471|56438|32412|56855|31609|293|50583|27443|56178|40773|44838|6603|36997|58983|29751|30450|49395|19731|46667|33701|24734|54742|4519|47815|40151|31701|22903|3141|41334|1851|55172|21570|26745|10385|30849|57365|40823|45245|42243|50168|12941|13818|39651|34352|33139|23189|14333|56992|2011|50236|29683|50820|22392|34188|57310|46930|58617|56421|10531|56929|1232|43933|34728|42703|51360|3533|47388|1691|56293|34322|12593|7644|27230|36680|48592|32764|3453|16138|48974|1893|52595|21837|20429|39217|29125|20826|46800|47720|4677|37868|28661|44708",0.6632764778253083,0.66628736919331966,0.0030108913680113591,canonical_raw_float64_squared_L2
546,2223,ec5e81ce407288f6,ee8395b75b8a495c,30985,100,"30985|50626|30771|7594|7704|27564|23341|53979|45959|39434|19034|30503|1000|34860|5772|29956|5352|39361|12775|5881|11773|11517|17163|21289|3232|53805|25297|11533|11771|58763|29504|28567|9936|1263|59674|59207|20069|43863|25586|48503|43910|58814|47512|56176|3463|5009|33868|44134|17099|56784|56672|953|24310|54540|22718|21690|16454|7821|50487|59332|29602|679|25461|52493|53213|22090|39014|17987|58708|48509|24640|57512|23242|39427|42387|34129|48340|25001|44372|39987|17875|36818|54971|3766|26531|34370|5801|5884|2632|10983|31113|8975|7692|4944|47148|40181|58927|11488|16599|21242",0.66778164338278956,0.66863753859093,0.00085589520814044473,canonical_raw_float64_squared_L2
547,1601,23187b5ba36bc829,1c94906b6f04f3e4,30989,100,"30989|54655|44377|49324|41139|26028|10635|54844|42737|16341|57279|54915|47090|25356|2711|24991|3667|5555|26281|35918|2048|36362|16449|35986|38557|40433|7978|27690|42111|25840|37419|41928|13612|35247|8745|43767|28864|31309|52306|11530|16798|3057|45271|30339|43543|6794|3756|33940|32386|1801|47647|24128|45422|24826|23228|9624|53290|7677|18858|19800|9531|40779|49178|14047|38634|31823|50998|40105|14051|7049|44055|50520|14408|32379|37964|32682|11174|8252|44079|25658|5046|478|9421|16345|37009|15989|42479|46621|9613|9688|14931|37932|35040|17278|7987|44234|3060|54830|35641|57291",0.86318005834289024,0.86359319398774215,0.00041313564485190302,canonical_raw_float64_squared_L2
548,1542,2de09b1383e9a3ee,e7f09bca58f6edce,31005,100,"31005|33677|12693|58119|28108|194|27665|34255|11313|54433|23656|858|45712|43300|28680|33035|2093|31949|4518|5575|49644|21223|15890|12290|33880|25640|39646|12287|7769|26573|1845|43189|38609|54883|40078|9144|44903|18368|47632|58650|17304|44955|36616|10182|33484|49972|32510|13286|24210|12515|12216|40224|10241|5340|56925|421|5721|13201|31255|53908|38906|20968|36601|51700|34433|59638|7091|46934|10216|46451|45676|22944|51940|44820|20842|33989|6022|10060|37750|15985|32179|53783|56512|20690|41856|19615|56428|35947|7671|54876|28169|45335|54724|16232|3767|24951|35591|48833|50497|16070",0.6241117613679914,0.62474335860197849,0.00063159723398709122,canonical_raw_float64_squared_L2
549,1764,31a8eb9293626d22,4c8d29a47be65c90,31126,100,"31126|34700|15276|11223|25945|40248|35106|12100|37320|30810|28154|14836|41666|16310|22055|55092|30768|52111|55622|1332|1052|34598|27011|52482|10571|53553|14067|32258|59580|34548|58215|2094|45377|49376|50469|29543|33640|307|15814|54288|15512|54531|51811|18134|28954|28379|9602|40166|42163|1724|46844|21230|55365|4011|56841|34376|10420|34535|35404|33417|1631|23081|2012|2599|6325|39204|24042|48622|41579|49769|50493|59466|57129|41392|59511|9959|25150|12932|16673|11140|57030|47985|27543|24446|19324|22314|48816|50659|37751|12986|24607|36594|5923|46579|8211|54890|9407|43976|5616|47168",0.7692942227667483,0.76947514102303394,0.00018091825628563374,canonical_raw_float64_squared_L2
550,2091,c062662801583c7a,656504e97bb0238b,31129,100,"31129|2064|36654|27145|49204|26800|23186|45756|5930|57256|51096|32032|5162|7164|58080|3577|13516|1808|29419|53242|27328|49299|42953|23420|4710|45147|55885|5189|24836|12864|43146|53671|42533|37810|32525|59953|2943|1644|3408|51951|9237|15212|6110|42145|41416|46049|32615|1654|48697|58452|28528|9612|14669|32329|54626|58902|3146|45294|4151|132|53095|27494|13602|4075|26874|1373|51637|27054|41287|17552|37272|16263|12246|58336|29359|9526|429|36538|42760|21982|13256|36784|54837|54960|34268|52683|3272|9782|49192|14589|22359|27659|1459|9202|58556|20966|2575|25750|14607|4747",0.632788979086923,0.63289091234804118,0.00010193326111818113,canonical_raw_float64_squared_L2
551,2160,635f344f33a7ea5f,7a7cacb15dfeabcf,31284,100,"31284|16634|38619|24632|15584|31959|47462|42021|42473|18037|25516|4533|26093|31033|21249|14726|52327|47907|39951|41589|52501|45839|59717|29852|35474|2128|12404|31429|37396|56799|25523|8024|13715|4963|13177|26379|28089|4777|53139|20772|33457|23630|43494|35151|30504|7361|8186|27725|54376|47886|35843|30177|30352|18724|7298|58842|48707|21446|9830|6743|41216|44098|19207|16710|37093|42505|20884|38517|21491|51486|458|57651|27600|40859|37298|48366|19143|49881|24928|13515|572|15343|2197|40774|7993|11765|34108|36355|43506|9084|7059|35561|39|50987|59099|10950|4753|36805|21187|53229",0.71817210437223422,0.71936584647989466,0.0011937421076604338,canonical_raw_float64_squared_L2
552,1637,8301d228e29f2e30,2b7e1a9bca296337,31346,100,"31346|15526|19990|43331|34464|48591|53822|59152|57784|51774|14136|45199|49173|6111|51032|50277|14256|19452|57135|58166|1311|52872|3517|21033|35641|37960|6911|19441|42011|9609|53602|35538|11457|29539|6492|39258|1639|18761|49402|25014|813|12370|34294|34127|37243|18998|52441|46512|10672|47234|2238|38101|22871|25610|27558|51298|10175|24264|44908|8201|30587|26886|5380|46185|5116|445|47327|16767|56086|54293|24332|44055|33429|57448|36630|8066|37900|42555|14419|29705|17924|32262|44249|47729|43683|45634|36701|24490|37576|19256|48940|20935|39013|58354|391|50224|7624|46532|32276|33181",0.84830902142825171,0.84856716133812449,0.00025813990987277879,canonical_raw_float64_squared_L2
553,2337,7d8a022cd63050eb,4de92a66f257fd94,31369,100,"31369|19586|4356|39849|47550|44592|22303|41407|4597|34647|57974|35934|46304|44374|33780|38003|42786|58884|46949|56758|18886|49641|23746|45791|34747|25743|52869|33603|40135|10987|16286|57872|3878|20686|31423|52156|46796|41976|40435|2764|53555|55589|17154|45095|14752|3770|48238|53943|22506|6322|48691|35371|35132|49090|45556|7788|58441|16049|38291|22954|35196|47130|48792|29468|31816|11900|42687|18623|8359|16570|15060|54116|8898|48583|25762|17827|5573|17092|17486|19066|50712|39947|59666|29497|12375|3073|25029|53425|1144|6015|37648|58564|51629|8733|57681|46450|28491|33587|15972|28627",0.59923595537759289,0.59948885609090674,0.00025290071331385278,canonical_raw_float64_squared_L2
554,1999,9546935490ebb06d,d4581a4f937cccf3,31461,100,"31461|18014|38749|10719|22318|48229|29683|13186|8603|52611|32085|31891|2485|39176|48204|25019|22201|39036|37171|26841|17077|49029|55555|59945|40447|54017|36114|24218|34228|25647|58291|23743|33089|14594|28373|29557|16324|58494|22741|59659|545|44033|58168|13320|56016|15224|1692|58369|4956|54448|47859|25675|2364|36684|43588|45989|8367|29095|5815|53885|29474|19407|55977|32969|21512|39667|36904|43152|17956|16267|12359|10561|14603|58190|37119|38227|6035|7388|17686|28895|14810|9142|3699|39742|35774|39378|3432|2607|39237|7829|43156|44497|49796|26897|22258|39307|26865|4620|54490|28630",0.67681707398497171,0.67682965395534045,1.2579970368742366e-05,canonical_raw_float64_squared_L2
555,2541,3f49a030e809cd73,3143867ee7c1d775,31592,100,"31592|41878|5467|17714|7818|13781|50544|40469|4479|27180|3767|43490|11899|7472|32523|19933|45692|57917|42813|16603|45129|42012|24323|27092|45006|7178|50937|31038|48191|33798|30307|55076|53393|10155|10221|31953|10710|7208|17064|54249|12528|20842|25015|46258|27193|24951|34764|32641|55289|57539|56768|19478|39321|30235|33880|58134|47826|51303|5421|21436|35887|23510|34391|46253|48208|28348|10182|15213|17445|19312|43594|49055|1788|22981|25854|35620|37518|29637|27138|10712|57107|6126|11519|48937|26723|20412|32757|26845|47524|51116|50799|55717|41565|30031|28375|21343|31739|2975|8582|37626",0.42438925036603331,0.42441308796033372,2.3837594300413212e-05,canonical_raw_float64_squared_L2
556,2202,897f11206ba4d044,0720ec38ab9d6fe3,31622,100,"31622|55513|38470|57629|46342|52237|41801|57123|2296|49929|19823|21606|3411|10220|31857|4668|28542|51140|41561|27138|20005|28110|45369|33400|30706|15601|22512|51135|23787|36633|38662|49444|54475|56131|58897|30938|17952|26712|6391|26622|47352|95|35353|19619|4452|45208|2674|1360|35001|13287|6085|22502|59016|24479|50128|47984|27814|10949|39542|28501|51455|38088|45057|58472|44492|29898|10783|9862|5421|46182|2605|42437|17583|11445|19135|5790|44795|7749|47135|49297|12906|38114|36061|51978|55711|30666|54767|26044|13920|25761|28157|58134|40677|2159|3309|56946|20885|47552|22909|13076",0.51150746872716091,0.51155465525438648,4.7186527225573371e-05,canonical_raw_float64_squared_L2
557,2866,ba17b90439abf5f4,b3255d44e10b3b33,31679,100,"31679|50159|25768|55863|37987|27946|21779|40553|4527|35347|6389|13473|5719|47091|2341|7283|19942|41667|14620|52025|49950|25172|36881|8899|47626|10721|8524|23859|47561|58928|42324|8543|55242|5657|37748|5634|22740|12891|33245|24019|1184|27175|4702|31475|35887|41878|55740|54873|40639|55164|55331|44910|58761|34600|46586|4198|46758|51712|48721|21819|5415|2764|1018|22909|53650|403|2610|52075|13746|10951|50295|39451|55344|36365|13340|27205|45878|27072|8941|59624|59397|15170|26637|50630|42995|29738|33029|59762|30635|33529|8763|42190|12936|28188|9199|22449|59825|1838|7714|48270",0.34526690957049277,0.34528012268273756,1.3213112244780945e-05,canonical_raw_float64_squared_L2
558,2962,606adea58acc8287,58c97a8a6d6df123,31694,100,"31694|57142|16963|46592|55586|28363|28807|23109|30930|51778|45924|2006|45912|11158|37726|33104|38374|49429|46987|42754|55707|26608|23117|34235|53423|7283|57564|50185|23446|55892|32726|24700|47350|9796|35014|2172|11948|9818|6916|37416|57718|58075|25872|3039|34341|44294|38867|54701|21664|1686|7514|13575|53155|12061|6337|10337|38978|16430|46964|18306|26015|29726|14131|782|14934|8007|53585|31245|49134|34948|28706|41124|39504|16483|30280|55146|39105|57934|2156|24412|50055|29991|34171|54256|10537|16509|58248|35985|43664|59912|21253|30123|39138|55583|26977|51938|41325|22132|21111|13712",0.30509952509813509,0.3052837663173269,0.00018424121919180525,canonical_raw_float64_squared_L2
559,2784,ef537afe5ee19285,0576b2248370326b,31695,100,"31695|30968|57655|7327|11304|40474|32070|6667|46431|11676|55454|1323|56424|40391|47676|48491|9826|8429|39927|24748|23728|4061|29949|35345|48752|48311|34527|52456|39563|39621|29782|29915|1688|15914|38540|22760|42207|48335|17890|25737|41988|20942|35256|41434|24943|30860|10130|21710|8168|56950|56342|33521|57436|21755|18697|17917|34814|4096|18106|17432|12585|32861|43831|19859|16140|40458|58485|32188|56395|57139|30141|32726|48227|31443|54649|54102|14483|27067|1770|21798|55110|4298|24319|8207|59841|11665|28396|33206|43183|5015|30640|42236|10142|1439|25853|41059|5614|50312|42247|42621",0.27783886385772255,0.27809321007260646,0.00025434621488390485,canonical_raw_float64_squared_L2
560,1911,d6ccb50f2a9821a0,58df8301176a6cfa,31698,100,"31698|54624|44011|57605|7207|4437|32598|35016|46661|51094|50964|14038|23743|3057|28454|53258|58452|53118|38936|24781|2602|20177|7082|4805|17035|17953|29465|42145|46570|17744|16851|46204|13440|46273|18732|4025|16546|26089|7133|55029|39527|25509|24875|27317|26785|27834|56651|55839|45778|13061|1367|21424|57479|21722|10471|39526|4309|17676|25903|37834|14162|54073|9479|46144|13536|14474|29550|47743|50777|33154|24283|24184|21908|54960|48925|8253|10383|16507|53199|26834|31891|51029|41652|4946|42038|16269|16052|24192|39626|32035|960|50535|4596|37479|6110|14677|46256|47567|25357|11441",0.60712989620148017,0.60725248631923157,0.00012259011775139772,canonical_raw_float64_squared_L2
561,2760,b6278a1157841a17,2fb1fe241e9aff02,31759,100,"31759|19281|22350|27072|710|11363|42995|49138|51189|38054|28188|28913|17382|42297|41040|19943|32457|26837|51003|15262|20852|41194|35574|26226|9638|15656|55402|18398|39705|29572|38234|46851|11823|59825|49835|30544|14275|16675|1500|58928|42603|36913|18320|19942|22909|18632|21863|50630|45555|8543|34600|58370|47552|7793|32197|49441|54299|2341|33529|26566|21941|45445|36881|17972|14697|47626|9631|15587|8763|48191|38209|14620|53563|31475|33750|20098|16274|1287|34083|46284|5415|38845|21929|51409|29798|41677|14772|5717|28828|13673|11402|50685|55740|7440|25469|43335|17519|12936|11439|4693",0.30641495817473852,0.30651007963986687,9.5121465128356064e-05,canonical_raw_float64_squared_L2
562,2687,b2af89f5cef9b29a,28bdeafd009e04b8,31843,100,"31843|33458|1640|622|15024|33273|22153|49719|41249|45703|35887|24572|12944|27417|55775|21197|37694|6802|31061|27205|10155|12797|25931|2654|41947|52961|4215|34076|28913|53550|19118|5908|2197|18475|7811|42915|28338|46245|36383|10657|55022|34841|12437|22857|56053|23445|54571|55702|18599|29827|25231|33197|31191|59825|15596|34808|33529|3559|41878|15531|53524|24513|11819|32526|36420|27100|37767|1221|55985|41058|13673|15203|46851|54184|32799|11892|2725|14652|57848|17972|23817|52904|58475|29528|42616|22321|55131|11550|59795|21929|48394|24953|45555|7559|12826|40116|8404|9779|53966|45595",0.35367705637295677,0.35503000838733922,0.001352952014382458,canonical_raw_float64_squared_L2
563,1895,362a3b51fad3a00d,0f0a79dcf69ff216,31877,100,"31877|18826|38336|46429|52872|49533|55666|48373|2152|7853|57127|44934|19994|59212|36318|45715|59226|34985|19984|57606|960|27803|22464|9198|11209|42795|12308|12310|57870|26079|19841|30727|56907|2538|31430|53837|41469|43465|40047|16421|51145|55949|1494|36138|13870|17646|45070|33424|17285|14162|53240|52708|43995|27839|22836|7133|54293|58130|15719|18135|52197|7300|7916|9219|32036|6837|52334|57784|6036|19990|900|40587|15365|52863|43973|55241|10256|36998|32123|2040|41203|52016|36104|22522|11291|47096|34936|53717|33154|26541|30852|15746|25638|41969|55839|48532|4103|20717|16310|22",0.74938352097749683,0.74938726150663204,3.7405291352099468e-06,canonical_raw_float64_squared_L2
564,1812,bea6e70f877b61a2,09102eb8ee1359a6,31904,100,"31904|7784|59802|37041|713|10893|14708|13561|44545|3852|59052|15008|29893|9934|29655|29374|40679|30114|695|24476|35042|37999|36149|55173|9181|5037|50184|19084|53105|51963|53146|6427|43949|59030|59360|50382|25415|5864|23241|7793|55652|10008|41751|33296|42519|25318|48217|55631|55027|53294|32471|57425|32444|46113|56648|18466|50946|56003|19041|57746|7962|7251|17525|49525|41774|16825|55788|2996|18765|41557|5327|54515|45458|34413|25316|1467|53321|48148|687|26570|56966|34234|50021|14304|46829|22683|44167|15274|14153|20241|2322|5660|59831|37605|11849|28636|32327|46889|48147|56036",0.71151345351621975,0.71167068304608572,0.00015722952986596539,canonical_raw_float64_squared_L2
565,1654,df5488bf88cbb642,cc7791316cd23286,31976,100,"31976|4250|42449|51750|17192|35850|296|24486|22616|57696|48100|9493|44057|27706|12084|58530|31087|24979|14429|34004|7274|38928|56805|4395|48971|13160|33410|49074|14388|7827|47782|19987|47404|39239|40137|16948|58536|44050|54106|2426|59786|2211|4163|44288|58516|54505|59015|8995|58498|31989|12543|29864|20181|11559|43772|38433|40240|55610|56881|33524|4602|19667|34514|23478|28187|5394|223|27496|34152|43518|55257|2534|25966|34744|16278|47839|58457|6845|57509|33378|18796|30014|54449|10202|48164|19330|27625|14727|46448|20570|4804|22369|26866|29762|54689|58917|49503|50867|10614|54738",0.57928430806861519,0.57939300024721119,0.00010869217859599267,canonical_raw_float64_squared_L2
566,2227,b4a252875d0a5642,e4ac8969b62dedd3,32406,100,"32406|15531|1877|28955|45628|36571|23586|2389|35953|12674|38416|26164|26141|36019|20570|25101|52593|25657|11962|35300|27625|17025|29237|50552|3840|58516|8658|40612|34152|8569|59016|49588|33400|24979|47568|37353|18069|56208|59906|6034|48751|19572|26852|39196|15871|31188|43540|56845|49764|49865|50124|58371|59119|7597|6612|23560|26968|28187|20869|55923|5732|26927|46665|29919|31881|7013|12944|4804|47414|30232|592|43454|15880|41615|27496|22622|40075|33909|4683|26220|34963|34413|56815|38864|46619|13526|35028|26659|7970|58205|47|27680|59916|44782|47504|42437|56789|15745|51345|3720",0.52023393087584713,0.52121676640288306,0.00098283552703593013,canonical_raw_float64_squared_L2
567,2167,ce61707a8d3453ba,51d9753962cfd19a,32425,100,"32425|10709|41720|44087|28700|3948|46299|30085|11622|15166|24442|2963|13756|59307|17214|44700|35754|36567|28843|44536|45752|4463|46524|23634|58288|46065|27771|21914|9832|5700|12931|5421|49935|29453|12528|26799|45208|24037|33480|46896|52768|36718|1088|27430|23874|22512|38992|48331|33055|15426|34054|58600|15802|7285|40567|13159|43103|11334|21663|47011|26024|31978|11926|46010|16701|53503|25376|59729|23787|15321|17879|13142|21343|28772|52613|12045|7938|32428|47184|39233|50514|57712|3524|10430|34299|21211|18222|18468|20663|24265|12223|34846|28226|38944|31156|33723|21900|22999|51906|45705",0.53539991276574794,0.53659331069508853,0.0011933979293405894,canonical_raw_float64_squared_L2
568,2404,79f95a1762355830,3cac1ae085978014,32506,100,"32506|9117|26140|32955|59347|14292|24586|24976|24248|4794|20949|34977|18631|5910|49852|39917|49551|17416|44691|21226|26888|57468|20105|26484|40344|32014|22400|33335|31879|34125|52921|40136|3063|58186|6632|4303|36708|47635|42025|19141|9644|4277|37643|43705|54316|19656|45771|4617|5217|17730|25061|42220|59916|987|16072|11913|27846|16830|10530|31423|23172|12918|8489|2220|17261|46001|29811|50124|58117|40287|14529|33802|13072|23425|29786|38625|28750|58151|379|41335|35367|52223|19539|1397|25853|54145|11515|41002|48752|25111|43220|15323|58991|26216|50864|8268|12497|35665|3518|12249",0.31938040680711632,0.31945096673700307,7.0559929886748751e-05,canonical_raw_float64_squared_L2
569,2307,036606e5a99f12c2,049a75ef413dbc9b,32522,100,"32522|11400|13810|49144|25888|35262|35282|26801|3740|19541|58158|42161|22682|26304|10673|40925|58223|28140|42713|3380|13197|49415|45262|14826|5589|33892|48553|21564|52784|48562|5987|2166|12189|31152|5030|12457|53946|29290|9905|8026|23355|5048|42182|47585|54430|36451|59051|4060|5301|36678|51856|19141|10292|17758|11595|41171|38686|12153|11368|42969|39628|56915|4711|53447|19587|10425|55729|59204|7187|33030|3516|14210|28273|8138|31245|26514|40113|126|53054|49821|3681|35199|16100|9747|5717|47468|49511|26226|7112|9696|42676|40156|24787|27760|5415|11946|46366|59897|40336|20668",0.5031577282604196,0.50317450704449596,1.6778784076354469e-05,canonical_raw_float64_squared_L2
570,2900,ad30a4ce1ed91680,9f3dc1cd1e13820a,32581,100,"32581|40568|45414|20225|242|53596|30031|14181|59825|46258|16393|10155|43663|46539|26084|2106|95|30683|53227|45692|9395|39705|46220|40597|58899|22740|25406|47595|49364|57855|22709|57101|18801|12398|29827|10356|54524|17960|44041|52362|36514|34764|53605|10400|53340|49359|42516|26054|51140|37518|25498|20890|47752|15925|42603|10815|46851|21183|19420|37626|8930|6391|8405|58368|5857|47297|20948|52783|14244|16675|23739|55900|24920|10551|59795|55523|47979|7867|48447|35887|20377|17972|10046|12254|46587|23655|51336|18320|14078|34702|35506|8543|12596|15116|48841|47626|32997|31455|15656|22282",0.33459042453554255,0.33479682021925727,0.00020639568371472183,canonical_raw_float64_squared_L2
571,1732,219f3a3cb92396d7,f2dcf6a4de8f072b,32601,100,"32601|56048|8561|3531|3463|31122|20088|14890|25048|46598|28547|8435|18097|8550|47985|35174|42085|59882|45427|55347|47700|24310|49147|31348|39987|54284|12086|23752|33847|1494|7124|56841|19086|17454|29519|21141|12575|28908|13641|56429|52708|40207|21080|57819|22349|2628|19226|32937|7821|21624|18134|52080|18752|57483|6967|30613|12521|15496|16938|30245|8119|27694|12350|39549|59626|50241|55624|46269|19710|20914|4013|13088|30771|877|21796|43910|23001|52493|27994|57297|13910|9857|40181|50940|41617|57448|48591|34229|12715|53856|51937|46651|23887|50660|48622|55092|11457|12158|16551|29258",0.65040076272554592,0.65058181728571629,0.00018105456017036836,canonical_raw_float64_squared_L2
572,2832,d7945783f73115e7,7b4402bb22b0d17f,32636,100,"32636|20773|11860|55523|24967|24136|13403|51730|409|31673|59825|1055|24485|47837|57855|7074|14947|16805|23655|43335|34702|26215|10155|43663|14992|58899|25962|37639|1199|9528|54249|7811|22429|20585|59795|23119|42198|28422|20890|49364|35887|58540|46769|47297|34361|12858|52362|50563|242|10156|40597|82|42516|42180|40568|44737|40228|56902|42510|10671|23943|42603|12398|20225|9395|20659|31190|39565|34764|13972|9502|55131|8405|22153|46220|17614|53596|35228|14262|10046|36913|2106|197|38215|6853|2826|49274|48447|17338|53340|46539|37227|13464|24969|38912|33300|18599|52212|46258|29624",0.37185249341196785,0.37278763855845615,0.00093514514648829206,canonical_raw_float64_squared_L2
573,1860,e77589f89130da81,20ee9283a8917172,32647,100,"32647|20549|51711|22037|22175|33545|46871|23983|22936|578|34616|25881|40149|54237|7019|49436|52616|56415|58938|57001|48820|10912|26491|49539|41138|25700|54594|55970|21604|39405|17860|15797|35933|9765|9054|25611|38838|30650|37551|36844|47606|31512|37269|43602|17726|51439|20667|12049|40046|40431|9745|17593|45642|3268|13366|9561|44575|47962|35948|7538|22335|46840|29545|19745|24119|43132|42150|9946|16575|6955|1604|16036|25429|47288|39911|6040|10943|32462|24425|55127|19107|11418|31776|51837|19867|51444|34871|36852|36732|31830|2001|47377|44026|18228|34249|26267|36813|56426|55007|53678",0.65902180639106356,0.65941972646483427,0.00039792007377070782,canonical_raw_float64_squared_L2
574,2360,273bce93aebc8871,5622747f1033e217,32670,100,"32670|54381|22424|21313|7896|59620|14086|12552|54732|59837|51771|2060|54353|23414|16270|13793|23135|12667|55093|9018|48955|15236|25346|9915|23388|27720|57914|51535|2195|55168|20967|6062|13769|1547|45737|32525|37842|18404|59019|11289|38195|12737|15613|41268|30767|10267|37639|8913|38575|20913|35385|15589|59962|55209|8236|3411|53671|9694|3213|41633|19834|56693|31289|5812|2350|50648|48319|15646|58293|36914|39228|22655|45383|40892|32845|35956|6644|24018|46284|33555|23144|34627|45147|29566|46011|22937|44656|49359|22203|21865|5423|17886|56791|2977|7642|43860|52152|2875|48716|39127",0.62842206467596862,0.62920938778575597,0.00078732310978735232,canonical_raw_float64_squared_L2
575,1943,31eef0dcf1b0ca6b,622c3c49d6ccfde5,32742,100,"32742|24310|30771|32254|8227|18800|10309|35080|15096|10626|27994|40181|42362|39987|44380|13740|8435|5390|16077|56971|25405|20069|54540|43591|15646|34876|42561|43398|27959|28567|13924|39014|47177|12158|26763|50045|50626|15105|17896|42733|29519|52080|53948|52071|44895|7735|52493|49973|25048|19034|319|50133|33637|32601|56841|43863|26115|31113|58891|40254|39115|29401|9302|43544|46656|14927|22718|12086|13910|26531|1075|15056|3463|7821|27564|31008|307|16036|28873|16725|18691|57297|46696|19710|47405|27344|44990|18413|44030|22033|44134|270|813|19756|8896|42085|18097|20901|59226|53814",0.67938608404145451,0.68031655539027158,0.00093047134881707461,canonical_raw_float64_squared_L2
576,2636,a98706c9690040f1,db479973f06bcb36,32751,100,"32751|57855|36385|9498|46112|1788|3146|22321|22750|58636|40164|40568|21385|42636|16926|8330|43499|45022|22243|29624|47716|16805|51801|50038|38896|6884|48841|21619|12636|33501|11190|9543|22460|30567|24911|1609|47155|14873|27224|28461|3207|40071|42219|36025|6548|26837|50799|7811|74|56098|19462|34669|54535|36685|13972|11573|47223|15656|20108|82|2875|37694|19689|6760|32456|52270|33020|2154|15116|8418|24443|9451|27193|51771|54571|31515|54249|40203|53098|42074|29098|56213|30626|33199|53606|53671|22953|20913|49466|26157|38197|23181|44717|254|30976|41320|34764|20278|8819|43072",0.46864523229552885,0.46897995930263187,0.0003347270071030195,canonical_raw_float64_squared_L2
577,2148,fd9c20da5bfd6eb6,2f90b3a5879cab8a,32787,100,"32787|57688|4163|36555|21658|8401|32744|11422|41163|15570|56247|20677|36802|18388|35999|9572|2077|2979|13527|33944|43700|47404|2211|43518|38416|22616|49391|4602|51750|18018|49356|20400|21565|53947|32034|53373|58530|59015|475|13233|4250|11897|40137|28619|24486|2534|56284|52870|28274|37524|7907|40270|4338|13952|48971|8715|34577|6825|40415|30052|5528|45827|2895|39239|40143|16697|20181|27706|10838|54106|12543|42248|20305|40169|43772|46327|43485|7347|50675|38052|53817|22661|56845|29060|18659|48257|16649|34152|2426|8569|32469|48175|13690|53848|28074|2689|54314|54523|52593|40896",0.62559259694898994,0.62570636867544382,0.00011377172645388178,canonical_raw_float64_squared_L2
578,2227,cab17fa2b4e8f49c,d9130053dd0cb954,32793,100,"32793|26326|28556|17566|11567|45864|16664|34076|2875|14133|36943|15717|55022|22202|44018|55026|28769|47006|47442|13261|57589|49584|32516|51707|27616|59962|51771|30920|38736|49949|34457|32822|54699|1547|31417|37463|20913|59893|25704|16622|10877|9855|47600|26205|33137|33273|11489|57239|44370|57389|12140|20193|57788|44605|49580|17234|15534|15643|38197|17496|31826|31682|176|28459|23513|6747|33619|22788|5796|3037|48072|28428|47559|45022|17591|9952|13441|59919|9090|12979|49296|2393|40155|49334|50069|15409|8169|5284|44225|40028|46467|47636|51767|3022|50465|33701|14513|29528|44239|9487",0.51351168900166,0.51427515615886454,0.00076346715720454483,canonical_raw_float64_squared_L2
579,2161,a8565d5b708d706f,b2ae2fa7278f577c,32797,100,"32797|53952|17848|57520|705|1470|27725|56781|9799|24848|896|11110|41806|32680|7024|48707|37805|23639|33209|40231|2191|30822|13715|35843|4262|29852|12649|44831|53269|15958|45221|29353|32446|34896|22672|12522|11348|20142|36682|45769|46812|39248|38517|37465|49213|37093|10719|6623|31684|45801|38640|15584|14073|26152|14102|4091|41485|47462|40978|53139|20870|7621|45109|13733|26326|13114|52673|10418|39|18674|52690|52851|2489|44028|3944|24313|48682|13182|29867|34474|56497|16364|33038|41294|46368|12324|1436|31928|49088|28494|4186|28666|47442|6509|12896|15195|8381|48712|843|21264",0.65003772457969711,0.65030926134211542,0.00027153676241831182,canonical_raw_float64_squared_L2
580,1643,e6d0c124d0e55890,010a335b4f4324ab,32833,100,"32833|10432|49116|294|43543|4478|30098|16154|42177|10878|28772|22412|2375|26670|6140|54469|38510|47424|7815|11527|33820|16960|52652|50094|38140|1096|46378|35784|1634|6797|17721|43526|54665|16795|36962|10007|15979|38306|30956|43767|39645|10028|48453|32858|40684|37419|21382|10278|12005|2691|46080|32774|26023|38165|45881|5943|7940|21543|32225|32312|49396|54797|3229|55713|14797|24875|426|1825|56297|20269|18858|1833|17778|48775|3017|22115|18314|17236|3993|21190|24845|18507|35557|17278|3524|39465|9547|55907|10706|16345|50460|45066|53985|14932|48020|22453|50278|49414|48377|15481",0.68283437421755222,0.68298604538860985,0.00015167117105763239,canonical_raw_float64_squared_L2
581,1938,ee3755c353309e30,13e639c92a2e712a,32858,100,"32858|36367|39067|38944|46667|8621|52292|29050|12505|31452|35684|50384|22359|19958|9231|56365|47788|16799|50900|51650|49506|52472|25781|22686|32645|55560|18732|10432|51680|59729|51519|9607|21922|23261|17033|54275|17552|28891|25804|23354|23743|32093|45545|58873|52430|30474|4098|9803|49437|52683|52649|41333|21108|38074|58080|46296|2943|6213|19940|22345|19304|40133|19922|32999|51862|4850|17278|20808|37654|50945|56674|25755|38306|59481|23068|21543|7331|33246|41108|47209|52003|42646|45987|55029|40342|41522|23963|25806|5074|46103|59422|24868|8338|9624|18952|9956|1109|56723|27016|24672",0.54702886133654294,0.54754300026075953,0.00051413892421658947,canonical_raw_float64_squared_L2
582,2630,20ce8d98118e58c3,b89122f1251fa14d,32954,100,"32954|29944|22888|56950|5642|27324|31591|55543|33339|27855|45358|22418|24319|48295|24212|5015|25615|2460|17842|53845|26144|51010|24514|13260|9985|20539|8309|757|1249|33655|16497|39780|47143|8820|6112|24592|51399|52041|24755|54858|53070|59565|34834|27315|14782|23419|2902|10008|29737|28706|29915|46613|5924|29173|7782|7060|14334|48054|7196|47317|48847|557|37324|42190|2391|34381|24919|19859|317|16450|50914|41200|29104|4061|44141|10954|31443|43368|52724|6276|18525|7143|58921|32444|3263|59724|10911|21360|24349|5702|26495|30280|43483|7328|49856|52913|20574|43592|15304|30380",0.25628358084197245,0.2564784742349554,0.00019489339298295327,canonical_raw_float64_squared_L2
583,2354,ba6f64d3adbbb855,a864cd57adae7398,32956,100,"32956|11889|21540|30182|41274|15898|42072|47889|25697|42260|34230|4471|56431|52853|13989|7184|24315|31220|42144|34792|44172|2462|37526|13557|14926|26352|36494|50092|18700|10118|26654|27478|32542|35605|4489|58994|55648|24984|26981|5259|29417|38412|13008|42792|323|262|18890|38425|58373|41889|53034|32748|58652|36500|8825|38571|30087|42132|42183|57551|29924|12200|50113|17613|57082|45333|43356|50494|44448|13963|15792|5155|16340|34642|57663|23615|30969|53892|19078|46933|48380|50376|19257|37409|57190|54096|59412|44220|743|23303|20558|43180|41498|18897|27444|58106|32475|3644|14006|25872",0.49912467114368597,0.49991965527239468,0.00079498412870870894,canonical_raw_float64_squared_L2
584,1856,1e2518197878ec17,960c67b22774aa87,33015,100,"33015|30900|36026|24350|6426|55534|14564|21650|37217|18096|13421|54723|20714|41402|22973|8496|59238|17161|20644|59972|18499|33171|54137|40670|39644|32507|20343|59621|9775|21652|13067|55309|21222|36588|42047|58670|12186|18110|47344|53470|59845|48394|18459|4480|54938|43141|50521|56902|36118|48240|30185|13078|31646|27810|12140|20564|43785|23551|49917|37391|42665|59418|20913|18185|4238|29805|40789|8765|11351|33359|16617|11584|57608|1055|47765|17110|19642|35519|9810|18475|57429|3022|58316|6545|3029|9298|7335|6647|34487|32473|45673|13282|54632|22315|35056|18491|1100|19853|4416|20460",0.56326368363860924,0.56339218545052905,0.00012850181191981225,canonical_raw_float64_squared_L2
585,2411,27788d6f89e2b4c8,5d0ad2c12b01f7bd,33081,100,"33081|2693|39861|10258|23147|45606|411|11641|33573|53563|41040|58681|24622|38745|11785|14008|16952|2069|24631|29582|28188|59893|24610|10605|35288|29522|29528|12557|25469|39705|30000|39|49554|30767|27072|8763|52673|2637|8186|53681|21446|26566|32582|31515|54937|59038|11363|7458|12324|44570|17591|1547|33124|17425|34555|52169|54691|27253|35843|1817|40978|28280|31577|2310|38234|43640|5818|4778|23630|3485|20048|1260|48667|41684|58928|8956|47449|23717|42967|11003|43286|12576|22126|4429|26180|51838|14143|51771|9050|50253|58717|12819|28882|21813|41193|36040|52629|5633|2971|58468",0.48426052961053273,0.48468558165768205,0.00042505204714932132,canonical_raw_float64_squared_L2
586,1951,bb537382a2bb5a67,093af6953bf0ae3f,33161,100,"33161|13663|20923|38063|38241|36663|34868|25276|29605|12973|24098|37560|38888|25821|25662|36320|52613|39321|43983|5872|45517|33649|153|2414|51415|20586|32411|3759|31839|43927|11995|18170|41384|24276|39500|24890|39925|4188|20108|2057|33977|34954|45290|8639|15625|17513|26475|23372|17659|3496|10046|57327|7751|32677|55829|23784|41523|44087|53503|45782|5462|46528|41412|6547|5613|8002|2175|8013|32097|53839|2075|49431|53276|7938|33993|8405|2911|10582|28787|1285|56919|36692|32914|51752|3627|13087|50650|13598|42016|53759|23369|25834|43044|6694|36718|19145|42616|29372|24330|3043",0.60144948732572001,0.60172501354327812,0.00027552621755810858,canonical_raw_float64_squared_L2
587,1603,ecafeb31d3bdf6d7,3726cc592f5517ba,33181,100,"33181|6366|2628|19452|31998|39743|37012|11457|44339|42349|34468|27880|24388|48998|55627|1670|48313|53856|33394|55226|56841|583|12745|47639|19383|22905|52708|55697|44581|25585|4596|22871|57448|23752|36488|56040|7821|14019|12893|38579|55092|8201|8432|6111|13870|3606|17462|47539|47985|33592|49602|17506|33847|31122|7813|20388|31702|307|32160|47124|34127|1639|5285|4709|1311|2097|27584|34966|24310|28019|6670|48892|16437|43326|49173|482|3374|18135|49376|40583|54710|20421|11954|15121|53033|25981|14531|36594|44973|47680|43559|40273|20513|55040|7206|39424|186|25739|59041|27566",0.82112934113630331,0.82118792378386229,5.8582647558980128e-05,canonical_raw_float64_squared_L2
588,1419,059acb706fa431eb,ab0b01095560ff44,33279,100,"33279|22820|31844|47810|22005|33553|23553|11781|5364|16648|21260|57823|43870|58737|33597|49902|15529|22049|49984|48223|15873|49618|50634|51|53188|45310|51607|4424|39751|31199|58660|34051|20276|16295|46778|48843|14800|28084|44071|49267|22098|35811|18044|24777|1826|5504|28697|47714|4057|14972|1350|36532|46198|59549|12681|6197|13502|30109|43151|44197|30814|23279|47142|48685|4733|54886|13478|1804|31393|15775|30008|45263|56333|11758|8156|26349|45828|36832|21117|5905|57019|28609|42997|8793|28062|3252|54832|36054|56523|57628|7882|42635|2990|59605|46568|36833|50033|13371|7946|3383",0.96133743799784555,0.96281173397941966,0.0014742959815741141,canonical_raw_float64_squared_L2
589,1656,c2652fb6553df919,679f60f52b288414,33308,100,"33308|20053|42703|39497|58625|22239|38807|26010|43767|6577|55691|37868|18001|22634|32900|58070|27689|56135|3580|42964|6028|21739|54641|34946|31910|30871|42286|48377|51901|7769|17297|57368|34221|30877|27016|542|56525|43275|9167|449|42412|24105|28693|28108|43651|13245|4569|58912|32199|7578|27443|53259|40404|49858|47225|10881|50302|49803|10737|53142|26281|54628|49514|48004|23315|21744|11795|17538|8452|18156|25840|30824|46667|54352|2686|43665|39656|45980|46785|20562|2860|13100|25552|41534|10880|22192|47209|18005|59953|33622|26700|3055|14700|50396|31766|2684|4901|59123|49726|3622",0.89025415008928932,0.89196489387808298,0.0017107437887936561,canonical_raw_float64_squared_L2
590,1817,6605c8abe4d65f5e,908ea90f540dca2e,33329,100,"33329|38005|29938|58434|26021|8167|20947|47435|52670|58621|1602|34483|46345|24296|43652|50517|219|2953|22417|57950|38868|45984|36717|1140|28688|47307|6052|57524|39022|20380|58915|53086|50609|58148|10415|7841|43943|31624|37825|38561|4907|14687|45080|18148|14809|53128|21127|47185|24660|22442|38759|12112|56274|50400|2973|48339|8505|3389|29077|32041|28753|39156|10316|10118|59516|7335|56955|43159|33291|37886|48211|19380|54518|54549|32110|7001|57752|27254|26123|12186|54835|59312|29234|25975|25476|23608|57720|53186|8807|11495|16163|36297|45732|58039|48105|36458|39240|8575|2653|16480",0.73599470481868068,0.73636392604161294,0.0003692212229322589,canonical_raw_float64_squared_L2
591,2796,321293307daa370c,217feb607cf98b73,33373,100,"33373|55402|45595|19943|56053|9631|41171|21329|7690|39591|32457|38054|11287|43681|32518|24252|30707|54299|7089|46566|26837|32081|51154|49138|6806|25962|6067|29147|16290|4224|14747|31612|42180|56981|49412|4521|43118|49835|54691|12944|18599|59986|58637|36841|46851|20572|26226|40116|48270|10436|39756|27487|11431|16675|59825|31759|29492|52097|17972|53340|17383|24967|19370|29572|1166|19207|29862|41947|29827|36404|6165|41194|57785|25286|49719|3554|31843|8024|15656|41689|35451|9784|55026|38776|51617|27214|45221|52383|622|13049|27417|37719|1221|58842|28188|43501|53139|22540|55310|6796",0.40243509757921403,0.40302431243611836,0.00058921485690432984,canonical_raw_float64_squared_L2
592,1722,e2b5a011f8b28b79,3e449b7531d8ff09,33415,100,"33415|14855|14957|24247|1724|19571|28417|46727|42596|32727|28541|9547|17331|14147|13907|41607|48474|408|55468|54266|12874|58904|57675|8882|45783|6596|41336|36387|46871|39532|40367|34025|6653|19404|34616|43153|7206|10476|49015|32494|9765|45178|47361|16471|58836|50039|59071|41594|17606|9772|44654|7322|50869|24375|14582|1628|55809|43770|28253|43048|56527|22548|17|51501|8610|46748|10784|54987|46205|2348|45012|16575|28089|13288|29871|21174|38739|55156|49602|15660|31469|34407|36033|52928|28213|52644|4442|33228|56763|43842|16374|21749|55622|5356|16815|21474|8230|57282|10845|17881",0.73594382146873416,0.73664516004723535,0.00070133857850118719,canonical_raw_float64_squared_L2
593,2257,f0b311cb4be870f4,260f869b8a5eec5f,33458,100,"33458|31843|52904|10465|28338|2654|25231|13392|12944|14490|4660|52609|3559|11892|18195|12437|9776|54625|45703|33273|42339|11765|2725|35888|27417|23445|21197|39937|24327|15203|7911|34808|7285|51255|49141|30884|46616|23372|15531|55022|31061|9802|33667|10235|40570|48707|23784|34076|33688|40023|51486|5409|7896|28696|19118|6612|17878|8417|31429|53624|52770|57391|9451|8987|9761|12357|57677|20588|2869|24513|24134|39925|25523|57213|23144|53309|32413|44098|51345|24571|43494|52209|3855|42616|42915|31167|46601|16665|45517|10712|4215|12346|35462|43874|31860|35808|29883|31735|25498|2197",0.46288110876167221,0.46293736948268427,5.6260721012058035e-05,canonical_raw_float64_squared_L2
594,1747,21d6c8714cde6eb2,806ce896e848d8b6,33553,100,"33553|57019|11781|1826|48223|18606|43870|13471|26224|5998|34011|2990|38775|56253|57618|51607|3383|21944|59961|30109|14972|37964|25925|45263|52230|15470|51|16648|50236|6985|50599|33346|24777|46185|27534|1952|36362|8117|5114|48843|14047|18162|53067|3750|29743|3260|9873|54614|49902|36701|25240|43733|33731|29997|18544|25949|8066|42349|59157|28184|51848|16323|42635|48685|13846|34051|29705|4733|52409|46098|37184|6157|28508|32576|4424|10247|1491|23279|8151|36866|1804|32929|50943|54844|36332|47714|45082|17914|28447|22820|15442|24705|14366|2007|43683|49550|21417|32276|22453|1274",0.66943775582389442,0.6696771398026482,0.00023938397875378215,canonical_raw_float64_squared_L2
595,2414,11d7222878b1499a,73892984c238ba91,33647,100,"33647|5785|8236|20489|36938|7910|10419|9924|32997|39127|39705|53098|30632|56559|42759|77|47547|5193|2875|14284|57143|28509|22480|59893|32525|14807|58681|9018|58386|58383|50569|42495|48109|51799|46630|21939|37615|59206|38706|42881|47120|53671|50582|55421|57975|41387|1294|47374|36025|20270|31515|25556|3690|45260|12109|49089|42158|47716|20439|22953|10267|39757|13826|58981|56480|29528|39537|39966|5423|18404|15589|21694|51771|5857|26566|7877|43139|3306|48183|48955|363|15493|15713|49359|25301|34268|45764|19262|22693|36959|13865|57508|12530|23647|47484|48846|57935|14697|53605|7407",0.52593476366610792,0.5259913892624074,5.6625596299486602e-05,canonical_raw_float64_squared_L2
596,1468,ac5fd45393086f80,5eb457c51d6714ea,33682,100,"33682|9457|2988|4692|183|13278|19892|33645|47703|22009|24813|29498|7261|51284|13611|5826|24861|33657|54318|18883|23741|11840|13878|35041|20423|26447|4049|22812|51907|13323|39161|17402|42041|45880|44312|24936|561|55115|56415|58108|48412|34775|4696|26217|50155|31319|43362|49971|25675|35612|44792|18227|40517|12137|15389|18577|57285|42910|35004|263|41859|40272|7350|23382|12169|23487|2353|57329|58255|55391|17125|24793|18352|38430|17732|28643|41676|2237|22384|54773|30046|8704|16989|32624|52954|25219|8563|23677|23910|16575|37447|59729|22790|50071|52772|11112|48077|3367|48666|6300",0.8139038099338165,0.81480207944725236,0.00089826951343585648,canonical_raw_float64_squared_L2
597,2299,bf6c965ffa570798,6464ab5e0f539633,33764,100,"33764|50821|48154|17714|49055|10752|53378|48191|42|23972|25520|31739|36313|51124|7285|6694|10465|20904|25104|24645|53481|12070|31169|20704|38570|49719|8409|3448|3949|21674|54675|32957|24679|54475|3376|46616|7209|59678|44561|24572|25498|16241|53566|38486|28375|42616|951|57257|29531|59913|39293|8447|29738|27753|12109|23670|34099|56888|57582|54200|27100|55635|18362|26325|27372|10710|57354|27109|18290|39027|43494|25646|50647|420|49340|7178|54246|46284|28340|51555|32015|40849|55046|30189|40180|34262|8589|56422|56768|38613|41412|59627|24134|33055|16179|7714|48414|4931|23372|26799",0.51947311151344533,0.51958730355097038,0.00011419203752505158,canonical_raw_float64_squared_L2
598,2804,8277ab5e7817d721,292e1f4d3b0b2d36,33787,100,"33787|44712|47302|1746|41722|54454|58523|37097|17060|5159|12407|34316|16387|44862|46052|42108|27602|48230|46979|33953|7252|10364|31601|25003|14505|44251|34035|52149|6536|5375|29106|31142|14474|59400|37682|22428|14981|26940|13383|56809|23469|25482|32024|58367|1489|55561|4946|53775|34338|49210|17132|59039|47536|48941|53085|18596|59224|2787|721|6319|13046|34798|28998|33948|44365|10273|47567|48658|41641|57057|13589|15667|39626|43529|12447|39527|46340|46885|200|32689|12379|39100|9087|55121|5900|21908|12624|56783|51489|7701|36712|40884|14625|11406|49516|34994|40468|50617|59513|204",0.60065901403366284,0.60077693934984933,0.00011792531618648461,canonical_raw_float64_squared_L2
599,1895,4aa4b4194a38326f,e87f3bbac51233a2,33809,100,"33809|26805|13263|24550|27736|29157|9302|55440|59559|53982|37443|30619|14217|29894|18244|12085|54070|49973|22918|32064|57218|23001|41576|16133|3838|15117|17210|16234|29228|3881|12885|1231|25009|2827|50921|4492|11755|49879|53800|16551|47765|20650|24436|37132|50372|4444|28415|1447|11007|51432|20901|32115|38393|238|24767|57431|24718|45254|17254|31664|18467|46292|35080|50923|10075|19505|58250|5502|27799|46131|59828|43921|56127|28371|39570|29401|53126|15803|33028|17359|40948|4416|6539|47002|31705|53560|56971|58499|39415|31166|41904|6613|38441|6718|35568|45733|7735|27260|15729|4541",0.70447063678317912,0.70477288202676314,0.00030224524358402061,canonical_raw_float64_squared_L2
600,2891,febc64807c7ec8bc,346360bae0907aed,33828,100,"33828|15807|48005|56098|30918|53596|37368|34702|55502|58971|34764|46220|12956|41590|53227|41918|45624|45592|16805|12636|51123|49742|22149|55165|39186|1126|32342|57874|12734|27848|36788|35620|48008|39617|4105|22885|17669|32581|42516|19295|23915|48446|56943|30031|55159|56902|18033|7215|38391|45417|9395|2494|39952|51140|12398|4063|53375|10477|18916|52783|36514|17557|24485|20890|17123|38792|2106|10220|51666|46539|10861|1070|7135|20263|46208|217|48019|19853|27008|377|48841|7091|53340|1937|34384|33848|7560|52034|32526|20201|12003|58899|3207|35600|58647|31812|36588|51336|15116|58622",0.4390265974686488,0.43942007078973822,0.00039347332108941036,canonical_raw_float64_squared_L2
601,1722,ffe1f8f05cbd1d0e,9a3ea27d9e370b61,33838,100,"33838|50656|34128|44210|44107|13152|12335|9754|33198|39674|10168|20851|40279|52757|18238|26578|15633|57527|20391|32837|49354|36473|38191|29143|20933|59592|50619|51410|17475|51232|33778|9322|14851|16094|48612|5052|44710|8094|9266|53699|47495|21154|39660|18181|26742|22643|43235|6420|16563|20245|59788|28537|36507|7358|16622|7548|12071|4767|30783|20307|18709|53520|58282|21448|58356|53389|47704|2016|26822|42637|30062|10590|9653|35556|28394|46514|3387|4010|11196|16533|25563|32665|33063|40185|25652|16390|43376|23195|46237|14524|21280|12608|18689|17750|10166|29731|1901|28844|49426|21437",0.73715470309168274,0.73780301915055058,0.00064831605886783716,canonical_raw_float64_squared_L2
602,2195,db4dd7937f46fa46,89837f7d5e75299b,34048,100,"34048|28843|18427|56506|22679|36347|41720|22766|31547|9184|52860|38692|44485|27392|45340|25952|31671|44664|46065|40783|1244|30885|41830|56513|28145|48362|25971|54996|13142|40849|55212|50212|38839|9051|4715|53917|29453|19176|13400|26263|46146|41819|57298|16510|49715|46887|55532|18701|40585|49422|28889|9909|25376|35559|20247|18852|13272|47011|23943|23314|57437|26735|46896|24485|43004|41022|9295|48047|59375|46472|32935|15039|12913|43129|59468|24226|14574|58749|56298|45092|45493|15361|34397|13076|24054|27050|41820|13093|32780|51720|45128|58392|28779|28442|4452|16540|30925|57032|18938|57935",0.61948691908102482,0.61950158468068861,1.4665599663787887e-05,canonical_raw_float64_squared_L2
603,1647,bceec41e84c82b96,f6b542394e09ca3c,34115,100,"34115|59424|30786|39687|54123|37111|18225|53538|48370|59632|33950|9678|9903|53281|54234|33513|59044|20138|29611|40622|9579|48835|53533|40062|49471|51007|59094|58988|20763|26175|39072|20286|30961|24670|11015|6891|8235|11454|56065|28607|26923|10360|10901|56546|51702|13243|41999|43826|34354|44302|45060|25939|50559|30454|30391|48794|58860|3301|16660|36626|2346|6704|21039|14154|13397|46115|54295|34805|17291|42267|29433|30040|21934|38842|46933|35360|6448|5653|30437|49871|43029|14756|27370|37398|46759|16527|36006|44765|48530|24927|49683|37903|25887|39272|47251|8304|14585|55785|39786|21090",0.58409933366846412,0.58441125411426564,0.00031192044580152789,canonical_raw_float64_squared_L2
604,2930,b8c240e57b13cf9f,21a7827049daadd6,34341,100,"34341|41902|45924|38374|53423|57564|19269|17444|13481|23117|46964|1686|4651|47350|21111|46680|50185|38867|20474|8007|25970|24700|42754|37587|51778|29726|11529|2658|3579|35985|31362|57142|19254|55586|43483|1092|43664|41124|49677|25126|16963|34641|43814|100|2006|27749|45982|21664|47091|28363|45521|18306|891|9818|26015|6565|26608|5928|39138|25872|51869|37726|26182|34948|23109|46142|30930|16457|43479|30152|46439|12268|3039|4300|20233|14934|3049|12516|14821|11158|46443|43014|30280|50055|34171|48009|21064|24412|58248|11612|33104|26722|52102|31694|18451|44967|18617|50917|32726|34657",0.2813623395581315,0.28153294541349666,0.00017060585536515793,canonical_raw_float64_squared_L2
605,1930,77025912c31b46e9,042514b770e1c13d,34427,100,"34427|49173|42349|50972|10497|58569|21234|36701|10660|1311|42504|14552|19452|12370|13361|6111|59637|22871|2628|1639|52353|13803|10196|48134|40544|22921|34769|34966|38037|48940|5008|31122|18135|44249|3290|48736|52708|10629|27566|28821|34127|34464|32036|7670|51518|14019|36671|54529|23752|33073|5998|37835|13300|17506|23814|36485|32102|2937|13870|54499|30671|21806|48313|10930|42507|35648|28617|43650|49376|466|15121|58792|58763|24699|1326|39743|27975|36411|27118|32707|10941|57028|307|5114|18857|36873|48163|27301|43473|23411|15667|28235|46373|50314|17000|57259|2058|18761|36594|11904",0.71420634089938195,0.71462551732555701,0.00041917642617506079,canonical_raw_float64_squared_L2
606,2571,a4fcd6f2bbd49068,be30017777c76547,34620,100,"34620|30602|990|46563|11362|42660|31058|18199|11873|23732|18319|55077|5554|23865|17844|13955|19780|16801|13879|19435|42811|36858|47433|2902|28031|59639|56118|9556|8280|51399|14619|11529|52200|852|44523|46443|23064|46801|33282|2093|56768|33550|57356|47224|1184|982|19269|20834|3246|46989|2983|13970|52918|44910|59844|52570|3549|16076|27156|48833|6090|47022|48608|56824|58716|55721|31647|36169|9144|4398|50356|31173|54419|11061|5720|26167|18820|2247|42483|43479|46934|10027|20178|8219|39185|35936|20724|35477|32240|52938|27492|30333|38352|42014|20863|54286|50291|33730|6156|40476",0.35463155257419687,0.35499757169797741,0.00036601912378053658,canonical_raw_float64_squared_L2
607,2413,0c73d15a6cead009,669e9960d1c1ffbc,34665,100,"34665|18696|46304|23647|10038|37413|55400|3878|20370|24609|30528|19826|26002|30861|13919|46611|54609|35910|40413|17978|52282|45195|45225|35943|35827|6495|35995|31423|1329|51824|17961|37953|17827|18846|54151|58993|43739|38866|7608|10876|38291|59916|31816|45332|35371|9945|17849|41015|57974|31819|58592|24923|2671|38864|30545|52192|24131|49864|9372|40135|19625|44822|18112|20950|41054|10390|19976|55137|67|8994|23568|52407|47656|32495|44436|58066|44240|44602|12891|44010|6034|28215|57260|34549|48263|48003|8268|18485|12192|39459|33156|40145|24493|52152|34989|4539|35196|51409|43618|46535",0.41277206221417445,0.4136383993458066,0.00086633713163214443,canonical_raw_float64_squared_L2
608,1826,46b362210d117464,1067395737d9ac31,34735,100,"34735|12267|36677|35276|22846|20780|24468|34261|51749|19929|45523|18560|48767|5062|14636|38110|35140|2282|1544|4318|26048|12848|18559|15074|48338|37911|45133|44006|58170|52631|48383|54652|37577|44689|19423|54465|55410|6299|56521|39529|18393|36037|15200|42750|14744|20363|55345|32198|688|32610|27051|17155|47318|15254|45160|30095|6415|15485|28831|38173|3547|47598|53420|30290|49826|43515|26297|14459|22345|20170|13652|33018|40058|39878|52134|50223|53571|35485|11065|28002|41968|12727|32615|14225|28102|45688|17943|34144|12272|3182|41202|15574|55813|35252|32892|33582|26997|50134|19721|9428",0.88708383662596957,0.88771120486280619,0.00062736823683662291,canonical_raw_float64_squared_L2
609,1680,affef3f3a04af11d,8f0be9f999f9c6e4,34801,100,"34801|16353|37813|16285|47234|13680|45075|21299|15651|26545|46291|56711|2621|56527|50986|2649|36638|635|49320|11160|50978|5509|14474|20615|54407|36079|13440|2181|57741|35918|51774|51081|37109|26160|19750|28854|16955|58495|48474|26111|43912|45178|91|4025|55694|25509|24783|40972|51094|36922|29538|54275|2542|12308|32035|22423|54119|26785|54526|2361|16799|55743|44772|17689|46960|23743|37481|34849|30016|44555|56856|25849|58570|2348|52267|54172|58870|54722|37921|4810|11531|55156|34103|42620|18867|51030|1805|1503|4535|18072|15991|1192|44077|37966|22719|58910|42086|32196|21621|38430",0.75971743822160853,0.76015801545475248,0.00044057723314394615,canonical_raw_float64_squared_L2
610,2013,5e0b9f5059075306,3b2b568e220c8f34,34930,100,"34930|19603|25101|35255|46854|55492|13660|37179|14229|5803|27147|34413|50201|23781|23617|19103|448|34181|47543|2829|20098|55844|3961|2718|43838|50498|29606|27097|6904|26108|18631|10141|11633|55806|40156|35300|55160|9314|7008|57018|12891|39507|41002|29811|57402|18792|18846|6660|48788|5470|36395|1663|52185|17735|47119|54146|42734|45419|341|58727|39974|25061|55124|44691|40336|17366|23907|11342|33135|35574|54686|9844|49764|48805|37555|715|4594|59948|31613|12749|24365|24586|54106|17261|26570|58290|16721|46576|5480|57320|42713|46590|32730|10370|58592|17920|7112|36356|40592|20572",0.53429333160864911,0.53431634978209264,2.3018173443523082e-05,canonical_raw_float64_squared_L2
611,1607,317cde6d6fd7cd37,a886b5d899157bce,34971,100,"34971|1134|16799|32196|58626|4909|43912|7345|42670|32858|51588|39973|46960|20872|40342|51270|39472|8603|34103|5651|46291|26111|14017|7978|42737|56515|14797|4025|21062|28982|50418|54275|49614|8795|18658|23743|50844|13685|9153|9607|15527|32899|34686|31823|7257|48925|33593|28854|45271|18588|2108|57149|40922|42489|53056|48229|38244|42790|41108|34884|21590|8467|30908|22830|54975|20292|25333|11115|52867|57741|19328|17912|27206|54407|28202|47788|3107|57899|37359|54507|2026|2686|50998|12779|29276|22863|297|35918|44641|21556|16353|56856|15339|23448|35806|4122|10863|44163|55447|7427",0.78239450275659816,0.78283788977652335,0.00044338701992518992,canonical_raw_float64_squared_L2
612,2596,a9370a1192793ff3,9fa4da6275aed9f2,34977,100,"34977|24248|38733|58117|48752|20949|1665|26484|24748|52921|40344|17416|25737|43220|8429|38625|46139|46431|32356|7051|25853|4298|34315|20762|40136|54944|19656|11266|34125|16072|4303|15866|17730|32506|5910|27293|16830|54316|20105|5600|51101|29828|11913|19141|8397|34712|50482|9117|52223|20984|20942|22991|31556|22400|41988|49551|31879|10530|1853|30328|36560|135|28599|23172|11141|49924|40780|43265|21802|54145|48227|32014|54347|379|35210|33459|6163|871|31066|31443|36708|31423|59600|12090|35671|20604|25290|13072|37377|4617|8660|12513|987|45771|27155|1431|22760|18631|2109|40474",0.27287692262623559,0.27305318900067604,0.00017626637444045912,canonical_raw_float64_squared_L2
613,2085,cc9ab172e35eb762,e9c9415ece9fa7b3,34988,100,"34988|32758|34868|53041|53065|50320|45139|46013|36514|1285|19752|15216|50008|18512|53779|10525|35970|15830|40397|29436|35459|11617|20655|41384|19548|46799|2892|34777|41820|8081|30318|26406|18523|8239|28787|45092|32320|51730|2779|26503|20363|49355|12846|32703|21626|52560|44804|37118|59536|8473|47292|15625|1615|32029|4600|26559|30402|46042|59505|52391|12595|55252|350|47018|2943|39878|49577|24393|2266|35395|86|7165|20586|23404|13256|27088|7213|21076|8652|42089|11249|45688|8260|16971|32342|21868|40496|24415|10472|32208|38269|15487|6583|35525|32468|52623|7290|18834|30832|7035",0.55312103543483171,0.55348215865159567,0.00036112321676395887,canonical_raw_float64_squared_L2
614,2227,8cd949441967605c,3924023e8066ac7b,35021,100,"35021|991|5552|250|4505|51621|58990|36419|53348|30183|36081|42157|7649|54300|56472|50422|53794|18562|34094|42443|5483|43980|53105|33655|22236|23933|23312|17169|59487|2328|37873|33563|6050|7793|54999|3656|47981|1356|10714|12537|57685|58769|38522|30335|28085|36746|57656|12916|5207|59566|44711|1287|46224|37335|58132|52799|12840|16829|44915|29759|18011|32327|13462|49643|360|12295|21905|19281|37052|24583|46445|17891|51511|26320|38817|48606|47315|29362|28876|52196|39571|1195|45487|3478|33384|40173|34284|29781|18154|18950|59491|26528|15113|35574|2666|30544|25054|55245|36591|7095",0.51479813480017245,0.51520405267187808,0.00040591787170562998,canonical_raw_float64_squared_L2
615,2344,01d327e8828300b4,32a7a1c2e90f73ed,35072,100,"35072|966|15342|41955|54065|14113|53255|31063|16073|29128|2922|20900|48368|40280|21188|49758|14258|35797|49109|23882|40186|40949|34406|28812|56622|15773|17513|28578|41191|21194|34638|59205|28290|26515|45572|47436|43584|56802|30593|41758|20923|58779|14521|25834|29041|22183|8705|10466|43983|3649|7269|32187|973|10105|45290|8639|52882|28569|5804|51146|17400|48945|39168|45846|7743|34777|46383|13991|43930|13280|17934|56521|44832|45396|4446|6270|47079|42088|33855|51215|14787|520|7531|23869|8021|13224|57070|47958|36225|12733|35326|23415|43460|47921|51415|3844|52881|53503|57550|32615",0.54499280763379998,0.54575784765094437,0.00076504001714439163,canonical_raw_float64_squared_L2
616,2422,ef6f3b48b340869a,fd9fb1bd0af9e21a,35187,100,"35187|55883|47631|26634|1621|13049|6000|705|21673|44061|56461|51661|58681|25513|13250|57391|7761|43501|57773|39685|49655|2253|39|52053|30379|34474|9515|10935|56013|18404|15038|50849|1436|9753|2056|47484|55960|20794|42221|14073|41193|36026|32750|55022|51771|11110|25181|11682|8331|14133|12522|14919|31143|51838|3293|20795|34076|25486|15507|37767|22838|17710|9050|50334|38268|8186|58369|35105|39417|5885|38122|6288|2971|1563|4215|13186|23445|21247|33595|37083|58051|28187|49046|31217|36908|28971|30522|50167|12324|31417|21446|22428|41790|27473|2310|35659|50038|26091|50069|32997",0.58036277695321392,0.58109654094984942,0.00073376399663549474,canonical_raw_float64_squared_L2
617,2058,739f7adf074395a1,1052ba974e1f2869,35310,100,"35310|34461|39486|22329|35466|27109|19465|48537|8767|29995|37645|8478|3382|15285|31543|56063|37415|54273|53195|42461|6470|42847|10776|29738|46728|9625|11870|16371|5177|55344|48113|41688|54511|15949|25017|7000|5486|28867|1949|29803|52762|20225|55735|47235|26902|57023|25825|29980|26889|27021|22740|33621|48381|57624|13432|43499|59410|24645|31190|42605|49364|59815|25764|19612|39662|36462|56360|27308|23558|24600|32880|29144|42388|48191|8543|4322|44561|50510|34597|25087|15560|20308|55955|7074|8474|31886|43264|52805|21974|24557|30041|50406|25143|13844|3949|30955|24881|20556|7213|19823",0.52411290434359714,0.52540530334708013,0.0012923990034829913,canonical_raw_float64_squared_L2
618,1556,dff44833639601f5,c916014a64a37c6c,35348,100,"35348|15139|50086|51775|12987|23129|44363|15070|19617|50986|47234|1591|13653|26474|54526|54172|50068|43052|8795|56454|22416|47016|26160|36684|4536|27336|56441|55428|37921|29538|52267|19311|37542|28032|22423|39689|34044|6684|46291|21556|22099|6707|32446|54275|11966|25606|5940|43156|17716|45948|56911|36157|23397|32829|59404|39441|17296|58111|42745|30382|18686|21772|16715|39750|46438|12359|49565|12546|10181|14783|22768|59216|37765|43121|37447|52336|39250|36247|37171|37430|58354|26545|3502|44181|53404|15740|25992|5568|31549|36010|15362|34800|49495|26134|38306|24981|22574|28982|5002|58626",0.94198698279761217,0.9420474212971639,6.0438499551729308e-05,canonical_raw_float64_squared_L2
619,1809,ec7e79e8c192d38b,65a6dd5028422d3d,35404,100,"35404|12902|46999|13509|40248|48278|22233|51158|1572|29044|56410|45704|24999|7350|35508|9242|35058|54611|14803|9715|42913|11679|6683|35105|22816|21558|30050|39892|7862|28163|50979|24607|52482|12849|29356|35852|20366|41861|49491|22605|33028|17361|51545|17746|45876|5344|34078|1215|55431|6152|38405|55181|48995|42065|590|39908|50997|20775|39940|1332|18246|50493|32115|3315|580|57059|21398|39902|43169|2632|47930|8416|53225|8009|48816|56951|53898|15114|26293|7370|12702|50358|30999|39199|46718|9602|38484|49266|28187|58502|34376|23190|57860|46844|9192|20025|53295|7993|41579|19354",0.63448027998515411,0.63484569031201032,0.00036541032685621921,canonical_raw_float64_squared_L2
620,2643,2690df947d4ce483,907c722b8ac71e23,35562,100,"35562|40287|18797|27293|11266|17730|40861|38198|54512|44122|1853|1514|54667|21594|52919|42006|39364|15900|48583|20726|41774|31423|6396|5222|54316|23960|17519|41651|8549|42677|21165|56937|17959|25696|29828|36374|39198|44727|42002|3832|19283|58460|20889|27460|18609|19009|44672|49625|19995|31625|11908|51409|16072|379|11141|7883|46392|24735|811|40818|34315|16830|37845|18925|36579|50864|33231|53586|55140|49851|17416|37240|45666|37279|14037|43220|49782|20686|53265|12231|27281|25853|52724|51349|14208|9859|44188|49764|12172|18704|7431|15102|37022|51027|30324|6773|48197|26438|25111|468",0.39010187314371209,0.39114542768975763,0.0010435545460455442,canonical_raw_float64_squared_L2
621,2357,30b35317460718e0,a1e431367da6406d,35574,100,"35574|21387|31759|710|19281|58727|39580|59032|4703|11363|35509|7733|23135|20852|51189|30324|47568|54299|33791|45487|20098|43540|20950|34026|44280|33273|17939|44915|22203|51621|16831|7793|40131|41651|7970|55434|25160|38327|28188|47315|45369|15548|44010|58917|29118|36530|6480|33537|2077|29286|13673|47|9493|12807|55400|17519|1953|1877|21863|22350|28474|59165|18632|30575|46646|8658|29798|21076|27097|36747|22909|44240|811|19942|28653|5682|1287|24609|52282|58460|35371|33683|14572|6288|19834|9050|4683|17140|40618|58326|38054|9265|48818|11101|47552|23312|4155|13507|24493|53794",0.36471941450883971,0.36477400617273359,5.459166389387704e-05,canonical_raw_float64_squared_L2
622,1921,2644a89c5ec93847,fb0828443cbec76d,35635,100,"35635|16363|40006|19823|29335|32410|51709|26712|10916|14094|48992|15650|37570|19135|28501|42968|12924|45892|32155|52689|20123|2557|49640|673|29293|8021|54900|18575|57727|43933|22480|47145|21136|23348|36046|43008|27648|47821|55941|18650|51429|13865|9661|14220|14998|55507|58828|6216|51519|55981|2834|57308|4802|254|55711|54511|11346|25713|13991|11440|7339|52642|18170|2796|55921|1650|48331|13988|24028|59729|15825|31494|8307|13749|58733|16926|48903|27050|14403|19784|15223|39290|24398|33727|17879|36367|29383|3530|59457|39582|39415|57458|46112|53998|27559|40761|20593|40371|29422|20005",0.62824141558596747,0.62828857131609983,4.7155730132364404e-05,canonical_raw_float64_squared_L2
623,2120,4fa4a0dbeb52cd4a,95c4a432c7da38f9,35650,100,"35650|47783|19650|9628|34113|17513|7141|43399|49649|20493|50195|16475|3358|37679|20139|20018|42798|2078|46733|55867|30742|15979|15344|16105|3410|31446|14111|29816|24584|57338|5798|20152|38143|17306|10207|16229|16839|31234|50094|47757|25478|22124|10006|45881|12617|38165|7897|3524|21382|45545|20123|56097|28246|10060|17664|47318|54635|38692|29660|8330|39356|14869|5051|4422|53044|14738|31341|7769|42442|46348|55066|51647|50223|20108|24637|10800|29218|12848|48880|50278|54828|49431|19951|23903|24226|39018|57711|21589|47351|37224|37560|48444|35557|7815|40045|36195|55550|25436|39963|22974",0.58781225822564531,0.58804737783288685,0.00023511960724154068,canonical_raw_float64_squared_L2
624,1990,0589c0a4891b5957,e5593d701c8b086a,35741,100,"35741|22315|59845|33251|46222|28459|19853|40388|50172|54540|38038|4416|51372|59207|3677|57630|29985|23926|30918|38328|51435|41360|31820|53469|43195|44789|19426|10894|41713|39115|5562|48345|36425|13301|30892|36|15680|11147|6613|28713|52469|28556|34860|34702|31008|51889|20913|40329|41524|36118|23341|17292|13686|23242|26113|10226|14484|34818|53547|17403|47785|41027|15371|16617|50158|46920|27788|47219|36588|54536|1150|38383|53684|48710|56337|14971|58998|6545|4492|41633|55425|28027|47636|12045|50626|5365|45673|39285|59726|16063|11351|1100|34423|9820|58670|3545|12956|19260|19742|28881",0.58542183486297916,0.58690122832681935,0.001479393463840184,canonical_raw_float64_squared_L2
625,1736,b8d1b26d779f86bb,d81afdc4a6c178a6,35760,100,"35760|43517|33273|43460|59962|14266|53192|41268|29556|25767|7008|39536|8316|32925|16527|15730|33825|4971|12985|50368|49547|44227|54616|7896|43573|29937|6430|52340|14362|29961|26205|51628|5901|50528|6660|35400|11810|59094|50729|23492|22704|20967|52625|44629|4716|50720|12496|55492|46659|35462|38119|53352|33667|37688|22942|33325|33378|22304|18924|2224|40962|26667|12971|6069|7266|8939|59837|3919|57239|51952|42612|16315|59853|5319|57614|57842|38033|14611|32597|12415|39132|14193|46325|59620|45530|23610|49213|39849|24571|59035|41274|18137|43361|57418|52606|47088|34781|55222|43568|37381",0.5713877629756261,0.57236586778132237,0.00097810480569626712,canonical_raw_float64_squared_L2
626,1994,d56aef4cd28d1916,abcff7d941c402cf,35794,100,"35794|25738|36917|13673|59917|50690|58997|50786|21189|13403|13931|515|41661|40851|6917|36913|50254|12501|47809|15765|41198|2509|12225|27092|44972|38834|29810|53884|42185|43335|29399|22909|31942|28872|31792|23119|48909|25861|28732|49822|2522|9126|53435|2573|44259|47184|11442|45532|45878|47432|8630|33712|46776|25792|57791|59804|28366|2973|45057|28540|49001|55042|50950|39285|9423|57527|17635|57989|50478|57602|42167|39753|50304|26617|13418|27254|38996|1066|24882|12088|34488|40348|7734|49457|24576|27289|52516|21168|14157|120|30130|25977|49929|24177|3164|58923|59309|30258|42206|22735",0.56781363833583864,0.56796463747925086,0.00015099914341221155,canonical_raw_float64_squared_L2
627,1964,56c785e877a3b3bb,2fa6a5fef8c66b86,35830,100,"35830|6424|54161|13291|54130|32985|58945|50093|1447|36906|2866|326|50668|9278|59530|59325|6804|32548|49192|35737|44380|19467|37408|5086|32125|4450|51125|18682|13046|19820|46306|37793|32855|10231|12259|18353|57512|37851|34136|10769|22070|52071|2089|12288|6960|6582|11052|26424|55058|29401|58442|43397|59150|31889|50626|37045|41644|11066|50616|29545|5257|56658|39084|17566|12085|16357|7278|53664|7694|39844|31248|50043|40215|56635|44470|35585|54887|16338|10943|58814|57302|7891|31765|33274|55094|9010|28861|22718|48393|41622|17234|39902|55956|20901|55660|42748|52493|7735|34072|4899",0.69771587690363446,0.69823133947632721,0.00051546257269274864,canonical_raw_float64_squared_L2
628,1524,a30a27f58e67b477,3d974e556b6048a5,35832,100,"35832|45935|45027|25855|39596|20944|27871|1430|10845|47026|34671|30295|21585|5482|183|54965|46917|24386|7350|5006|49282|14557|59266|147|22919|21901|31959|44553|39368|35957|7416|3539|48997|5714|39512|11243|33675|52290|34194|11068|53619|39349|19451|1671|19783|36096|34785|16800|10510|9508|16574|56857|45406|47542|38619|49571|13148|21575|53933|47991|52992|37476|38108|28171|37308|37093|47206|26485|20162|5098|30911|28582|26170|41049|49679|46663|53327|54337|7849|4562|787|18142|28745|21457|45299|38833|16932|42023|21392|56497|12975|15769|35017|47907|49123|25119|34449|28301|27725|40111",0.9894430149163933,0.98944981963709855,6.8047207052446268e-06,canonical_raw_float64_squared_L2
629,2456,1555ea9f470c161a,661f2b4a4f9f8938,35854,100,"35854|14939|27060|21078|5051|34617|11656|27217|51415|54571|50897|19026|14319|40916|34672|10371|44200|20108|44125|48980|55661|12177|59913|13749|23474|12858|54544|27913|8885|11697|20544|21136|48579|3690|29052|34506|24846|29471|32525|22580|45616|38143|19951|45365|35816|57935|37985|2486|27050|33722|50858|40849|16105|26953|15103|34702|54213|21382|28881|14370|43242|59259|1173|38354|36347|49888|59252|20139|39177|49841|15399|1483|34247|34361|51798|2232|33496|767|20471|54322|4706|59701|45394|20642|1791|52562|14375|49241|53276|6528|41438|58565|13663|50812|22201|50578|16229|50278|31796|254",0.47004451700602867,0.47028302769285307,0.00023851068682440024,canonical_raw_float64_squared_L2
630,2374,4ae36b1a7af05988,24fdd6a215ba771c,35879,100,"35879|45364|3927|18046|41171|2162|26756|53761|18045|43118|20039|59986|29925|50712|38608|700|26603|59787|5496|33373|33531|6232|25888|53847|4149|53318|52534|14384|30177|54108|56858|36238|57069|29102|30898|43672|12944|54869|44060|37747|9176|53054|46008|716|23836|27760|51015|12921|3554|39462|39609|2894|48127|24967|10715|22581|43288|49960|3968|46166|44565|48071|15582|9696|27699|31881|5806|59490|36909|10699|28793|39309|51075|25851|10742|25514|46822|33183|54096|35262|3721|27211|5688|42306|25524|37950|46735|34567|46060|44586|55707|32467|8926|23560|592|6418|50694|56766|16290|4608",0.61033287978755579,0.6108039743854452,0.00047109459788940988,canonical_raw_float64_squared_L2
631,2020,679ba6f8c7aec5d1,43fc47ab416adb37,35948,100,"35948|58938|52616|23983|30465|29545|22175|54237|32737|16023|21604|18879|52000|9561|9340|18801|26275|45535|47606|48322|36852|33545|46634|40661|39305|31512|33083|29809|7019|55127|4403|33332|52943|36215|9690|26395|17602|39405|38659|51837|22037|24119|46840|11418|43132|41768|58772|15557|22335|9977|49192|18074|57777|48122|40149|49892|9745|52894|41138|1304|49952|40387|57512|36844|22503|16250|18682|46730|20549|18332|27465|13046|593|30471|22439|4840|36841|20931|8983|51195|26443|29408|14740|42228|47962|56585|20527|37579|33497|57001|302|30650|20767|58764|1047|48603|25881|46679|45944|43561",0.61584917509597514,0.61609003451426414,0.00024085941828899671,canonical_raw_float64_squared_L2
632,1906,5f1547965d47fc48,1ca684e550bf4df5,36029,100,"36029|1102|43942|1672|27959|16599|27891|48509|57694|19076|36277|51222|46968|52202|40628|21474|50626|20884|44895|50023|2632|2338|12404|26763|18724|27607|20775|42023|18800|428|34129|22725|28021|48465|13499|30771|7350|7040|25586|46656|10845|10420|55107|48954|36144|21392|23149|20670|32158|41472|14746|15631|20914|33013|9814|57113|11561|53225|21609|25907|49873|17023|37298|30352|43596|41862|42733|36397|25466|25461|29451|52071|9936|50771|15976|52493|10088|22126|3715|20772|2206|22372|13715|24716|58327|59332|53001|33821|49271|13910|49879|14557|17309|32315|27668|12917|51739|16039|58814|29401",0.59744208483287875,0.5978465445298351,0.00040445969695634965,canonical_raw_float64_squared_L2
633,1727,81c1798edfeec1f2,feabfc049e25191b,36257,100,"36257|3794|5512|17680|28643|27834|33241|35163|17518|17402|19941|29498|8230|7673|43107|36177|23662|34849|15464|9497|29095|44004|43075|44963|48229|8603|52101|14110|7849|56441|33657|52290|42879|44363|39163|16932|42862|14719|10550|33377|18519|51910|59351|34311|916|53394|59100|58495|8191|34662|50608|50417|23379|47713|26897|9074|9457|1019|25611|24861|44163|15819|31891|13641|11915|26245|10984|11118|34536|35489|9256|41216|37119|20155|22404|43156|18332|28763|54722|13036|15148|2026|25429|36732|38534|37921|52105|11744|20227|24119|41823|8965|32094|50844|5676|23741|48412|2485|28938|12964",0.76122850170876211,0.76276521076429371,0.0015367090555316043,canonical_raw_float64_squared_L2
634,1803,e6159a329d3e1b73,5868ff9eeb04aa20,36332,100,"36332|43468|47976|56253|8151|33553|51128|5114|21271|20326|5998|41343|53025|57002|4733|1804|17953|25153|30298|35334|18103|47189|2009|57730|40745|14047|2271|2238|6985|19140|25170|41353|26713|32276|1339|57019|17286|31135|56327|56745|11341|3260|56890|40977|8822|22453|44480|18596|49329|15345|50730|29070|9962|50236|36362|29793|56092|48940|43733|50775|53809|45082|48787|59738|19521|24991|13612|48685|33388|48223|22749|39604|43296|14544|478|36317|57221|52641|8117|30339|46877|24777|15442|34692|7105|23228|51526|7094|41691|38073|24077|47399|44071|11199|5992|27534|45634|1269|46407|49693",0.75289366267619406,0.75327882887880082,0.00038516620260675705,canonical_raw_float64_squared_L2
635,1821,2154122d07d28528,2ba2a03a22555eb4,36359,100,"36359|16938|42413|57483|55624|20670|10403|28362|49163|31110|482|15961|6769|59592|8550|34129|57819|12086|51980|1578|49820|30463|28908|312|1090|32121|36774|28326|50997|29966|52238|50330|12775|59598|15749|27584|13006|59258|18181|49980|39977|2656|22976|37829|24405|7821|11517|10930|42761|32601|29458|28547|20801|47985|57424|33417|13417|22805|16359|50968|50252|23216|1494|47453|56989|57985|50500|51569|49958|14668|52932|57876|6967|7579|1247|42841|15958|33460|36684|12521|45231|5052|32211|37427|6066|6036|50940|39743|20311|12527|3166|3531|55300|307|16815|17505|52493|52730|49084|28617",0.69642238829120351,0.69723411084673703,0.00081172255553352279,canonical_raw_float64_squared_L2
636,2021,e3369fd038c3d679,7790226349747f20,36493,100,"36493|35577|4309|2475|35715|38020|58570|53199|54275|55530|52472|36638|13441|33065|46377|39067|52743|35672|7768|16586|34286|12316|47567|31609|26461|52639|48453|24290|43912|58209|1588|29339|34686|23038|59976|16353|43156|54073|8460|25849|44163|39626|908|25032|5075|40513|8536|42145|9161|30474|44011|25492|1367|26072|22416|31009|4437|5109|36318|25185|16799|58452|35918|49070|21424|31769|45155|23517|31452|51680|5442|1503|56293|23461|24531|55458|50964|6213|28776|59268|58090|47438|25864|7473|54119|21908|33066|42790|57605|33283|6118|51029|55442|42960|32035|57954|53717|33701|3262|32645",0.69048701607124974,0.69065530811558196,0.00016829204433221889,canonical_raw_float64_squared_L2
637,2725,351c45d258162d31,7c02c906be424f4d,36494,100,"36494|39671|38681|50113|18700|50265|34230|42132|50592|54096|3692|15404|34948|18045|37409|3368|18432|12200|11939|4471|23559|41498|30182|39661|33730|18293|46005|5609|9038|55648|37008|8676|52298|33287|1184|558|11884|34567|47746|43003|56431|30152|57564|26182|7387|21819|43261|15982|100|6841|10433|14131|4082|1732|32542|25187|15593|19790|35954|31386|15430|26621|55586|58132|50655|1867|53034|37628|26398|40530|29726|41864|24315|49427|36131|29417|18900|11577|44735|14186|25872|7360|14341|26188|42249|56858|40483|12311|23638|35347|43483|13108|52155|47260|36863|34359|14823|42144|13886|45333",0.40135546663061639,0.4019734632819616,0.00061799665134520954,canonical_raw_float64_squared_L2
638,1887,4124a62f788375b1,4f96aa52617d2a35,36598,100,"36598|9930|50578|23104|7325|24098|30059|37055|45909|33977|56249|23373|15207|28281|19522|6255|38912|23372|6205|51195|7938|57327|19373|23086|41327|26996|10371|43494|12042|28816|21126|36613|6636|7634|44173|37560|40469|15441|21344|36871|50688|13321|17937|24322|5340|43323|54471|12858|17590|17175|11016|48277|20108|8330|39321|57671|51209|34934|41438|4188|15178|11147|45517|22594|11484|43330|7935|19823|42016|2430|8594|15399|45394|55155|45703|59820|25550|32097|25693|56568|11765|40830|12552|43093|27913|35801|52002|35842|56338|46616|48627|55661|16496|11995|14331|22892|2414|55756|16969|24890",0.65902087520071206,0.65984853934029486,0.0008276641395827955,canonical_raw_float64_squared_L2
639,1644,1e15bc29b8f63644,4dd4fefb673bba58,36604,100,"36604|3374|59984|41654|41389|49328|46037|16224|38101|37924|21672|23678|48834|49928|11880|35790|35623|15975|9609|30886|26785|30077|40510|14893|10559|44990|8108|24705|31477|32515|7812|2500|34261|19117|7004|55875|59748|12370|35538|32892|41137|25509|40170|2068|33073|35357|57362|10707|10609|48946|51774|37960|583|50986|2758|49602|32284|46352|1288|7656|39602|8066|31797|43994|18983|19471|15212|15526|59041|23173|14014|52549|36488|24734|49802|34217|47995|30045|49402|20805|13698|43734|26130|29425|22861|19731|55884|11252|35126|3040|34773|36987|56553|31346|34464|25935|1659|1842|54323|42809",0.94209982529216441,0.94250665333330774,0.0004068280411433367,canonical_raw_float64_squared_L2
640,2248,7642d3832a227817,2a2260e815f05d05,36685,100,"36685|49454|20913|23810|40197|28556|26543|24953|54214|40870|21613|10083|45712|33659|18488|45287|8496|57539|10221|14671|3028|40286|17161|4158|40764|26819|41777|54137|54632|14777|27859|52481|4479|7091|28892|13353|58401|40721|10800|38225|34714|9451|44583|27985|39663|27224|48104|28165|25452|4216|51475|27844|1854|6298|10216|43337|6022|41023|35471|24853|4238|3726|55203|35714|44360|12935|47887|20908|31826|20489|36385|30307|25116|3913|20278|9010|6283|30464|37925|3022|7787|14226|53209|22857|9577|44851|20343|11729|47662|33199|48394|5399|49425|37763|39080|41692|3372|48497|14331|41587",0.48667505165684694,0.48678515928313859,0.0001101076262916556,canonical_raw_float64_squared_L2
641,2743,4d88dc65587d96e0,521a9ca036f21819,36690,100,"36690|15170|2372|46851|11590|3908|40027|21403|31475|57708|47626|25962|26631|31612|15656|52183|53309|38234|12471|24429|40116|41171|59893|29582|18664|12176|23859|48433|49891|46892|18320|35493|19520|27882|10699|2197|20096|36777|48689|27568|19684|27072|29862|22909|41194|19943|28913|41814|24967|21115|14772|53990|43335|39491|21587|31759|12826|43427|40408|19281|710|37626|32518|49002|45555|35228|45938|15902|55402|7934|58479|47587|59795|51642|59627|24355|42915|6450|33862|46290|40610|20572|1166|49207|47979|44317|29366|28250|39705|58681|43080|32457|37707|48458|29111|4693|52313|38937|11572|56718",0.38372718338967482,0.38392025916053479,0.00019307577085997396,canonical_raw_float64_squared_L2
642,2012,d4cde83cc3198f0a,f52085c59dc347f7,36814,100,"36814|40312|1754|57781|3040|48356|14720|49880|6202|33693|11933|26785|22210|54438|3780|8066|11333|20036|44508|15349|58774|51688|39148|25935|20056|4445|7257|50796|53603|24705|47056|17900|13061|47139|39461|55884|28718|16165|56769|47976|47949|28577|56934|24946|44980|11738|10203|37000|46291|7964|34849|43222|45915|49485|57673|49928|29010|16806|40510|55755|23130|34686|35875|3730|12778|31664|4959|43513|1321|50418|21837|32519|17286|50236|28492|49802|20483|38355|44736|22188|12006|32515|9479|25153|41252|36362|20832|54275|38801|50039|801|34103|41024|13023|54323|48019|45731|15660|47161|11138",0.75534400486497,0.75579808191373532,0.00045407704876532229,canonical_raw_float64_squared_L2
643,1536,83dbecf035bed52e,eae860941ccc2fa8,36848,100,"36848|8189|41706|40713|53976|5669|21106|330|31199|43632|33553|3934|408|30560|12336|1311|11781|30188|25214|54543|8389|59549|46824|11389|17551|14972|54513|36833|16661|56086|18705|56566|9248|18857|8003|35611|14230|3798|15012|53824|38380|33615|20160|57269|18544|21474|12815|8822|16444|8156|44071|15996|8829|32270|14623|8897|56250|40066|54529|44201|57422|50599|51353|31751|24512|25950|53033|49902|10888|10247|55288|6366|41368|43151|36317|28184|2628|47810|58797|1804|33518|57019|53274|43782|46226|29070|35811|2990|51121|4297|43870|10900|17104|10557|58272|435|8398|54627|19452|14795",1.0323511852826157,1.0335707230793172,0.0012195377967014753,canonical_raw_float64_squared_L2
644,2213,d86fb4ca9b9310ff,1c5b0ceb15b5db0b,36885,100,"36885|15530|33234|49070|27631|10712|38790|32470|26072|58987|38877|50833|44033|50194|50387|58209|40682|32658|2695|8905|5442|6636|9451|3338|7163|36121|8032|50444|21697|40380|45678|55555|52858|44838|16995|5798|9867|14996|11950|25867|27230|25666|30568|38134|56164|44397|30849|47833|47815|36680|1692|35500|3768|6081|28172|20483|19610|43433|42304|13059|42396|3325|59122|33082|35622|3|34475|21512|36589|10849|27159|26821|40023|22741|23576|46918|33912|29955|25998|1934|48768|25057|24221|57161|49508|33652|30417|37921|1563|33932|31515|19482|24402|39284|52648|49506|20429|12488|42636|37497",0.62865946406863482,0.62920361006639602,0.00054414599776120287,canonical_raw_float64_squared_L2
645,2350,5f2416ce7e9faedc,c44f2148b3f4a13b,36938,100,"36938|34969|43415|8236|57508|47352|42475|41259|34953|38864|26712|23473|59206|28215|25746|16024|38639|3690|26084|56550|41387|36101|36349|23586|2605|30706|16393|42495|56522|20570|25595|7718|26622|50582|12773|32523|29827|30980|57337|45555|26936|15587|15434|27107|48547|51446|13526|11981|48143|35620|44260|11654|30567|9769|47374|33400|18362|20225|55244|8930|47595|48721|46895|54315|55131|36313|3840|20948|34713|59016|36243|30942|45692|15620|47547|25869|37626|4949|46245|5166|48846|56559|10933|27193|10916|9018|34690|58205|38396|9026|59825|25911|59893|28200|8796|7421|22480|24429|38234|16862",0.41801413686748362,0.41814811631493765,0.00013397944745402457,canonical_raw_float64_squared_L2
646,1700,e8247fce839be9f5,31e29332f7993828,37023,100,"37023|53021|18661|57357|50871|51811|14068|37476|32285|29546|59555|18763|1559|38463|33013|147|54965|31110|41761|27725|57715|31552|37093|22919|5052|9267|54207|18795|18107|25974|35911|38797|41532|49663|20025|40936|3830|57765|50814|53964|37092|20505|12654|32543|26790|5054|58390|6623|32159|43908|18331|27697|29777|35788|36753|45714|58294|44008|19337|45736|35654|40578|53077|10298|37411|39877|23850|23248|1747|2184|9192|39951|41589|33887|35628|6550|55261|47060|31252|22516|37465|40166|48358|55111|7375|57622|41201|28292|7370|56321|56231|49213|52101|19470|37920|9965|9837|34108|1056|14316",0.68636556198419152,0.68680130669769912,0.00043574471350760202,canonical_raw_float64_squared_L2
647,2667,eac5b9f3310ac5e3,6699f4f116638d48,37028,100,"37028|22288|50849|31826|14073|54723|20913|54184|31191|38197|41947|21329|29528|10605|5908|55022|33659|23856|34076|14133|26837|7811|38995|17870|50476|23817|17425|50167|59038|45221|43681|55026|31227|32997|48394|28769|31843|51015|2573|14852|40649|9784|43367|21368|49412|25931|54108|20049|2971|55702|35714|24117|19426|21247|42510|19702|11003|40490|12140|18404|38122|53550|30921|7089|11892|44360|28013|36383|6146|14513|54539|24513|30379|22857|33555|48270|32507|19957|56946|2875|55775|43663|14873|41777|28188|43337|19077|41194|42398|12106|22813|58681|59795|10449|36420|32822|31515|30892|57429|10657",0.43803571167630612,0.4381724399064244,0.00013672823011828816,canonical_raw_float64_squared_L2
648,2621,fbb442110bc84e17,a90044b2b0f757ac,37034,100,"37034|59256|24072|11479|54167|33117|33062|49556|49856|36357|317|1249|51010|59181|32444|51077|19282|52041|37881|13260|23061|46843|47140|46113|30959|15851|19858|45513|33029|31955|1589|5349|11835|20985|7143|53070|21798|10008|59054|19771|8309|19942|49423|52122|41424|33742|57303|41772|1142|5642|50735|6629|18215|42148|43628|14755|19232|40747|43592|55631|22991|6276|48001|8342|55740|26459|30730|4601|35430|8857|26178|19386|21413|19444|37008|871|21466|56696|7842|6170|18630|28272|23659|49950|22205|8451|31715|57698|49761|26195|17842|8577|39286|58064|50235|7328|2391|18319|57102|14782",0.29293538463922753,0.29320720597420175,0.00027182133497422045,canonical_raw_float64_squared_L2
649,2304,776e9da515f131a8,96152837e5f82490,37035,100,"37035|17011|32538|13808|48415|6737|18461|50454|25630|54852|51101|31245|5146|57260|16954|56291|10369|16253|46304|38900|35897|58400|27170|26002|20686|39815|15346|165|45771|19586|38254|19283|40427|45348|44719|44727|3478|34315|10751|12231|12840|42247|55408|11661|53288|12972|43265|28353|24971|55400|39572|13462|10390|46363|31545|48672|25749|34083|11265|4717|7334|36703|49393|19671|30643|49851|42002|11692|15964|18102|22303|25823|37326|38625|19587|42763|33963|33459|8959|5765|5133|37052|47585|41068|20984|58117|16501|58727|41172|9536|250|811|33928|7738|40618|38848|1651|19009|1821|26184",0.39288449445486134,0.39294913874040949,6.4644285548143277e-05,canonical_raw_float64_squared_L2
650,2207,2880fcc056cf85a9,799c3959bfaa39f8,37050,100,"37050|35433|32893|47442|31609|16664|3851|31505|23702|11567|6900|23115|24785|15717|16447|11085|5796|50796|43978|9952|47028|55362|11227|45287|3262|10877|30920|28949|16604|6747|12590|31460|33978|13441|48626|27570|35293|59574|51192|36719|15643|46047|10415|16133|31182|265|23717|25824|19891|6692|877|11111|12979|54534|17541|49607|46447|56274|16310|16255|54660|52839|35545|54043|28146|23451|41984|23311|23029|19719|56156|49421|33428|14484|54377|20250|22623|51716|44239|42857|24734|8107|59545|29867|2625|14010|46930|51707|24657|6036|28155|41305|37878|57389|34097|27134|47636|49221|18959|41173",0.5707103047714801,0.57137767016599772,0.00066736539451761612,canonical_raw_float64_squared_L2
651,2177,9db909eef9f9e4fe,1e4148f2a7688122,37135,100,"37135|58897|59925|31132|55382|48825|44073|36920|6710|7009|43224|56712|58357|45404|1070|18985|29679|46901|34764|742|54270|31979|12420|24356|31812|32268|16805|20207|46220|2975|8086|12642|23826|12491|47805|52034|26177|59795|48738|43157|58424|55244|9103|28837|5639|9356|5128|30626|53127|266|32342|38392|20225|52087|16486|242|30031|13093|28766|53340|123|8582|39186|44070|41516|17338|45751|53637|52241|11365|52675|49443|16856|59397|5790|10477|10686|30711|1038|52783|37958|55443|49297|53535|1199|13356|19478|18065|43122|20201|21179|347|53620|32302|11216|18734|21277|56304|56768|59825",0.5560371928501151,0.55674715927253859,0.00070996642242349139,canonical_raw_float64_squared_L2
652,1963,42698d01de9cbb73,1c587b15db1445e5,37194,100,"37194|41854|44021|35609|12987|54624|44603|4962|1407|27967|14634|40464|10746|44753|54275|50699|6838|12338|40055|4231|55684|45572|24875|29152|58519|58771|47556|49648|28854|55195|46398|41955|35684|38534|47823|43543|42256|18502|39284|27923|12333|53061|37317|52032|12909|25781|37942|6600|54722|43034|59422|40459|35740|7911|47079|27659|21032|33046|58497|55113|27604|33623|40643|53949|57161|13034|43779|40930|46064|51523|4098|40682|17033|29016|47893|53277|11483|5021|42974|43767|5676|25436|20808|56571|8784|32329|13496|10560|32094|16495|5067|23626|21113|11818|57783|22345|51554|151|11858|35845",0.61850696890227552,0.61858200751212844,7.5038609852917659e-05,canonical_raw_float64_squared_L2
653,1697,0e37796f8130cf63,5073dea70521213f,37211,100,"37211|51984|9719|55778|4790|14801|35198|7333|10040|5396|19883|14653|21891|17953|16764|19288|37448|5982|43782|36306|40816|49231|14363|54350|7940|22626|33009|662|4290|21276|20160|26410|7546|9505|53592|1833|22707|5943|32638|13631|34739|33689|44576|16565|12690|17241|17499|500|22046|10878|12888|20392|41526|27105|24621|16151|39525|10727|58675|23710|21410|45544|8928|21109|16781|25170|16096|9805|11|19008|31031|39701|31137|48466|39209|12285|15388|38171|6321|8897|59570|37800|23055|41093|49116|26670|31357|59734|56365|50361|1096|32924|41069|30556|53384|57612|8866|52981|37893|49267",0.93347526249532664,0.93411786723058832,0.00064260473526167594,canonical_raw_float64_squared_L2
654,1921,e23f45ad68c28a76,3848b8a453be0dac,37300,100,"37300|31108|19135|43933|55497|22801|40006|41796|52297|337|55601|5419|21019|57557|51455|3271|36236|39716|15225|14084|15457|40849|12525|48579|3877|54302|9443|44200|50855|53455|53998|10735|12924|24681|44326|25948|36347|48180|18701|38143|11269|54177|5239|13865|44062|43833|52481|5564|57935|46160|13920|25435|4472|30742|45493|1606|39606|51161|21136|24189|6336|19642|58661|51798|31494|2834|21320|13490|50713|4802|15970|53131|39812|3004|19476|28721|4391|49866|20247|55475|28936|36806|26277|40593|59468|47352|28145|59311|4556|29945|2232|48903|18739|33585|34260|50620|26151|33737|29935|39415",0.61082222533943553,0.61101811515266635,0.00019588981323082066,canonical_raw_float64_squared_L2
655,1913,659abfe3cbe543d7,fdcad5ba0d372d54,37307,100,"37307|27370|34507|17021|2462|50326|34483|33861|2137|41765|26016|32987|16775|6942|14433|41128|33651|42173|58320|47654|35100|111|47512|46004|15073|50766|5835|2857|53305|52959|49860|14020|27061|41889|39816|24039|21553|1233|40068|58994|37571|20748|41079|51127|59619|28747|50088|2477|37600|43198|57808|562|23155|26654|14926|37507|18071|35138|52020|24811|9088|55002|34622|13963|29428|38494|58054|18498|33441|3977|30580|11613|6430|10118|16304|9277|58680|56337|2761|3159|1597|14611|35433|11049|32463|11889|8565|28073|28344|21729|11268|33157|16340|51639|53138|6057|28753|58696|6006|1182",0.84105406320369913,0.84233312778462077,0.0012790645809216405,canonical_raw_float64_squared_L2
656,1762,28d7a00f4c6369a4,9872b44b041aba18,37312,100,"37312|22453|6794|51660|37359|35641|14021|6492|48775|44055|40433|7558|15989|19088|24991|29997|48250|1801|3308|3756|10705|52187|55469|28440|15442|40360|44301|36219|58700|59300|2722|37897|55033|11758|18387|59879|21909|49545|45913|10177|23335|22707|44550|56990|25170|46712|58410|3447|35819|14051|8745|41928|12135|3192|43743|9231|50236|25141|37932|31146|21670|2048|46403|18186|23209|37|59453|32445|23448|34659|4547|40091|57618|14273|21271|54717|23053|16806|41691|23228|51225|53267|50874|54830|45199|52915|53787|14419|48685|23455|47493|45422|37000|34304|54507|5504|6340|54655|4531|44079",0.80203537330007224,0.80210793222294208,7.2558922869836451e-05,canonical_raw_float64_squared_L2
657,2068,98b260b5915eee77,452a0478b1c852d8,37470,100,"37470|1462|23189|21916|7031|56420|23166|11662|41631|39609|28793|50381|47808|44328|26720|9358|1156|24967|3022|16643|42306|50533|29832|52412|19376|10947|28336|47161|9730|2148|17259|55026|25962|49917|43735|45287|39899|57290|26377|20273|20084|36761|58999|33531|10415|28769|44293|13159|39233|189|55025|29679|40151|42646|53470|17809|36943|7234|58503|44214|40497|17066|24120|57720|47819|15501|15717|7719|4341|28746|1936|32822|14241|59282|52151|18475|51698|27805|39285|57201|219|37391|7107|11182|10883|34132|23551|46090|8261|46060|6058|21709|882|2894|48072|30698|28182|8067|31682|21824",0.56503195777361837,0.56521207599276346,0.00018011821914509785,canonical_raw_float64_squared_L2
658,2411,3c1625f059f53686,6f2490c145a8cc3d,37594,100,"37594|50227|45529|29989|47260|5609|33730|11959|35069|36863|58062|29003|44203|9296|16053|18432|52074|17395|56078|58845|24955|49307|8967|1296|37409|31027|50592|43261|10433|40530|52123|41498|36726|56773|44535|2509|22770|19312|45878|50927|19241|56920|33319|53797|12619|30707|49730|54265|22205|50603|41894|46607|59397|24882|23289|13759|383|2341|45647|46784|52298|15404|57521|35653|43003|36290|49950|22563|46481|55679|14308|35286|41270|48651|57800|12818|36882|47171|16500|9033|38996|7465|14823|23159|15430|4702|23537|49457|1918|39671|59631|58820|36494|10637|33287|13027|42059|21099|58264|2115",0.43886506339301634,0.43894772471968951,8.2661326673172386e-05,canonical_raw_float64_squared_L2
659,2593,cf84abbdf159225d,9c233dfb4f423456,37728,100,"37728|49245|51929|38608|309|47711|2817|31795|43059|420|44350|56360|53519|49887|37393|22340|3297|20045|18717|18822|11431|41179|58317|2894|47672|46964|7484|40379|31278|12065|59986|6176|9415|558|42249|5999|47563|29707|48458|252|57551|56858|15154|42944|10883|21451|24945|1732|16290|9674|11577|56366|27699|2156|50424|8455|41842|24967|7942|21294|25395|15437|11921|9176|13886|28016|25962|16479|10744|33328|15050|13716|55959|39125|39179|33158|25524|49138|33183|38835|5762|41635|53355|41864|26049|34567|49427|48937|23930|51205|17149|45595|49188|56669|33093|20652|48689|41171|13747|38631",0.50804645346331279,0.50809931098952177,5.2857526208982542e-05,canonical_raw_float64_squared_L2
660,2531,6fd1b6f057e98a09,3a122a9a4fe3a425,37831,100,"37831|9757|44344|1055|27214|58911|25753|49224|15614|45863|38197|12879|46073|51724|39756|39166|12524|35240|53892|56589|37350|25321|39836|45730|31334|18082|7074|3029|35225|15787|53052|3403|49839|44813|36841|28428|43337|11709|7811|47671|26426|1608|49274|21929|31570|14133|16611|16874|23193|44389|53550|17690|12580|42096|9502|42398|26215|53355|17161|9577|14688|4764|54184|53874|58971|58403|41936|30900|24779|8697|39096|82|21385|20259|42510|1552|26837|43003|56902|57631|33233|43450|46838|22743|15596|59055|34322|53932|3801|42665|33004|51154|56920|27478|22973|49155|55359|51746|35887|13282",0.52707066329907659,0.52720324543381047,0.00013258213473388292,canonical_raw_float64_squared_L2
661,2057,70dcb4c4c0e1e89b,d2a3286b0b02a3e6,37946,100,"37946|12589|13615|59729|15717|10569|4214|16366|23516|7319|23528|16662|53466|21041|3080|39651|57717|32645|8649|36511|55845|1933|11386|29050|3026|36632|12894|50047|59513|10125|9605|23968|26443|16995|28971|9222|14810|4157|1735|49062|31733|40155|24126|10636|46296|38953|24808|18281|26946|25940|30436|33430|3639|44009|1814|16117|13486|58145|47727|19676|9803|48875|33701|14471|7262|55560|3078|30270|6165|45591|47944|58729|59460|4691|34797|38256|11536|45761|50529|17197|30903|4701|21807|24868|29913|36967|52803|8233|9714|24925|15415|31860|29955|33006|32607|21128|34661|16277|11285|549",0.63982654362180869,0.63985328697939137,2.6743357582681426e-05,canonical_raw_float64_squared_L2
662,1584,95a0b9a17f43be3a,cf05b0f2d0be4d6c,37976,100,"37976|31888|9121|3891|54056|57031|59983|34270|12130|29819|9312|35594|38948|43945|21770|17488|27522|45413|57034|24680|15115|1300|27780|40395|59333|19219|24383|38223|15546|5054|26361|38702|28113|50906|7748|52021|27670|631|45094|22774|39121|5533|18659|9675|38666|39676|17539|51686|4423|26790|53817|56854|28276|5521|59172|51655|10399|38344|54013|18182|16902|34279|44320|12493|49571|17106|48740|6904|12754|19446|19129|46864|2153|5076|16428|18827|29864|3952|44807|6549|42764|25754|20866|45834|19517|9669|7389|19639|7907|8348|41149|4046|45890|25838|38977|15252|35302|5153|42333|34855",0.72708811339207324,0.72759379712776029,0.00050568373568704583,canonical_raw_float64_squared_L2
663,1753,60c4ce0e91caca4c,49a8ab36cbc99b78,37989,100,"37989|34206|19678|56321|49257|6109|32121|6316|6756|47446|10346|59001|6403|5841|31959|19935|30373|93|42287|41589|39353|36129|58294|25557|2136|672|17694|26038|53109|30411|32245|49084|38204|1559|5052|4777|31110|30000|9669|22108|47664|34573|1430|495|39776|39094|55249|22899|8214|46015|46426|21330|59542|40204|9039|55338|20327|58127|18345|25197|9617|31052|18435|38121|31313|16938|23012|27310|10050|28326|11117|22754|26790|48202|35212|54965|3137|2284|22627|56221|53807|53690|19783|18827|29277|59555|32383|17905|17718|40507|47704|44954|15698|57483|37153|15694|30136|38320|15188|40147",0.69576802764999357,0.69678658602355636,0.0010185583735627946,canonical_raw_float64_squared_L2
664,1714,e8659e82fe7b1c43,9a149b66f4ae15cf,38027,100,"38027|44428|27899|9996|31399|20480|59729|36310|3477|14783|14100|48229|34878|53327|50429|50011|2026|50064|49904|41799|14409|7176|31216|25815|37552|23348|59404|54252|8206|683|31490|10471|9414|5622|36315|51564|2623|28601|19927|10930|48519|43604|50428|16696|8603|15740|8338|25094|2215|40171|29258|23265|51071|38740|877|5668|27819|19764|43434|26206|2631|14920|23137|35200|58219|6201|39469|920|22746|40882|31911|38430|59351|6707|46743|16357|39457|30190|31747|55428|25307|37593|55108|12748|58544|4899|28544|11009|39620|58955|10193|35749|41282|2872|1201|19189|43859|31517|9803|56893",0.7046374644152098,0.70475020285246015,0.00011273843725034816,canonical_raw_float64_squared_L2
665,1497,2a7449e7070faaaa,aa67d69f3e1e3c2e,38041,100,"38041|17133|59533|51067|11691|44734|58128|23094|44903|14700|16232|39646|43981|17089|55832|19340|57858|13083|10060|33462|58357|56973|22732|5721|51484|260|38275|47737|27520|5451|481|7032|57398|33989|34996|36468|47668|17727|34714|33370|58941|45343|22185|7543|9288|43189|52216|12198|7956|26237|37073|24271|31516|36093|9907|10423|2627|47866|4518|45712|8646|5340|31803|39294|15985|38609|55234|44558|22281|52903|25366|39103|51045|3495|24210|19198|16131|30877|57924|50550|13339|27782|30511|23826|11012|48815|43300|10970|40600|6351|39466|36669|35137|51209|8518|49810|40788|14301|30523|33131",0.90387645399392591,0.90495143405022671,0.0010749800563008005,canonical_raw_float64_squared_L2
666,2250,4f6151f44927d205,3a5224132552c58a,38053,100,"38053|38921|3053|43998|53825|59951|11033|30297|455|56888|10710|6694|37879|56914|2441|53521|10470|4634|58397|13090|30795|18043|32015|48689|55047|53451|4226|8742|2107|18993|39027|17056|26846|13650|21403|3949|8447|47672|56423|20778|32181|52828|15846|9674|34434|29184|18664|43720|34320|38631|29456|5956|46241|42|2147|16640|51248|22594|24309|41041|23696|20704|29836|13334|41034|23515|59678|569|12363|4108|7209|40193|38605|12430|23654|24276|51093|56422|58241|33464|15050|9418|59551|51555|22841|57708|40245|51548|34695|7664|19914|41872|11064|27430|52183|9900|37036|59097|58153|932",0.43986936030135815,0.44052911989451854,0.00065975959316039168,canonical_raw_float64_squared_L2
667,2083,c9fa13d75dad1d16,055b79cc033c00e2,38118,100,"38118|5413|32179|10414|53694|43057|7367|5871|14012|23520|53535|15378|54876|18459|1674|13806|26723|50356|55013|15836|24702|54137|49349|39829|46934|33319|33490|191|46298|11349|52660|1845|14533|10206|21018|52144|20207|26167|53640|46555|12362|36769|53378|34757|15065|57420|20701|17067|44379|52543|6716|2987|47662|27289|47795|37531|9272|54934|36290|51657|5152|59638|59080|54074|8219|41103|38564|58401|5525|6204|56108|33880|12068|15985|40942|18440|31785|26750|48833|9175|46563|34488|40197|28169|20301|46957|37073|32336|34433|34378|50965|22819|12796|38543|35409|41990|37990|7472|28355|37268",0.47225379660623834,0.4729149997599687,0.00066120315373036087,canonical_raw_float64_squared_L2
668,2680,f90c6dbe1548872f,b6fc490f496881da,38209,100,"38209|21929|49950|39068|36881|19128|25054|14275|55740|49138|9638|42297|19312|32197|16675|5719|28188|47552|45878|57181|5728|17382|19665|51003|47626|52075|13432|44695|622|41194|12789|37450|16274|59825|47812|14620|4702|48191|15593|38776|55402|33791|11069|49364|25622|43264|38054|11287|53340|54299|5825|14755|35887|45369|16704|40597|347|29827|22740|50295|12906|4208|43507|11780|59795|49135|31759|11439|34600|16683|35146|26621|19942|10686|12619|28913|5639|58572|27914|24955|29862|40486|56920|17372|55523|21863|46851|8969|2513|23817|58928|1018|57101|50356|11819|44910|37518|30707|24589|1249",0.3061916173649033,0.30643517582609603,0.00024355846119272773,canonical_raw_float64_squared_L2
669,2465,d096543e54b532a4,f23886e4f17c5388,38213,100,"38213|46119|7636|30256|59524|35077|33094|29218|47866|58647|22460|23236|51484|42849|32854|11542|44110|10136|3970|36217|45616|25414|429|17929|28903|5062|48605|28947|52442|7870|38692|45676|17831|21970|2520|44301|4106|11769|4802|52562|41046|8720|47757|50427|47630|4600|53375|2575|45592|47922|9852|32751|58636|50223|57266|5212|47318|20154|56943|38353|15338|27065|33039|1100|50384|3958|4710|10851|7383|19929|217|32515|36093|35573|46932|25672|51300|17669|43513|45688|57256|13256|7632|21052|2665|39690|6387|48716|16950|43575|11526|27236|47954|18477|44095|5189|12956|3408|12145|39889",0.56697022518477613,0.56706435382208364,9.4128637307511198e-05,canonical_raw_float64_squared_L2
670,1849,4aedab5c48a88341,1e78f04ee4d8ed47,38290,100,"38290|50268|52510|49396|151|23354|34793|12833|3756|32198|18387|5599|30349|32449|37834|49843|22345|42038|47556|14600|2921|4173|54957|14223|30868|17391|21315|25781|2425|50567|36367|50653|18732|9231|43032|51063|27270|6140|53949|25809|13995|35767|52676|52683|39066|24845|1203|51650|4098|13333|19191|29921|46132|51523|25755|13064|45896|4850|51777|40055|46947|41982|52560|55856|55981|44229|3057|35784|41142|21113|19249|12505|45913|32093|12514|1615|17040|53648|12007|51898|30213|44301|23906|43225|32238|25240|14730|52283|9689|11120|49233|46433|6669|51598|4962|42079|39194|20515|24991|29041",0.58952567451261062,0.5915635486881814,0.0020378741755707752,canonical_raw_float64_squared_L2
671,1988,2aa5def6b11a4b54,1c3d30817020d642,38305,100,"38305|56614|55650|41845|3410|33666|40377|12848|13811|38146|46733|53167|6772|47866|34882|49431|16110|51360|30228|10862|47318|46130|12780|21033|56928|57712|7304|54950|47632|40682|51120|28246|2884|34050|39018|32747|54828|39648|55183|59981|11065|59776|37560|17634|1330|57440|42613|41062|50484|35148|22460|52094|14822|58170|19542|42798|32590|34669|50223|47757|10358|21655|30353|1443|35721|3578|24705|31446|36093|55867|19276|9642|33842|38600|46239|38692|8488|27666|33269|45676|26943|38555|29337|59575|57338|5594|59541|48762|49237|31341|51484|10593|28658|50445|58723|11526|14738|14602|19689|35413",0.64216125499285059,0.64238988037554168,0.00022862538269108335,canonical_raw_float64_squared_L2
672,2594,64b5d2cec96fbff4,f5218f87178ad6aa,38362,100,"38362|18631|50124|17416|31879|40136|30366|32506|1994|54944|23172|47186|8358|49551|54347|51874|39142|52223|50495|8489|341|26140|23425|5941|4045|1665|5953|24586|16186|34977|36341|18906|15900|6632|49782|2220|18846|40287|40190|22400|16072|54316|32955|49852|34152|13072|50864|30433|10530|25290|54145|43138|32611|4303|25111|37643|26484|54242|23497|48752|52921|49924|20949|40963|21802|25191|57402|27057|379|11096|11856|46854|35952|54146|17042|31443|58991|20275|44298|41615|5660|47635|2718|38700|8999|30440|34125|59916|1770|52380|51891|6541|54686|41002|54229|59347|27155|55260|19141|3294",0.45064214931931001,0.45114318102274692,0.00050103170343690495,canonical_raw_float64_squared_L2
673,2446,5ce2b4bbc9f79d2e,e789a23a5b6e62e2,38543,100,"38543|52805|26723|53378|14383|20724|59290|48191|51758|12261|11819|21607|29629|22857|51003|53535|37531|34789|50356|1921|21442|40486|46251|1283|37073|28986|32012|27391|37947|32523|6716|44820|55955|1199|11925|47563|54731|22740|25017|33880|56108|43708|47524|23611|36880|5525|4398|26116|33319|53621|6980|56768|9299|12068|26543|19312|52660|41856|56920|49055|29803|26902|16486|40597|52762|8646|42014|25622|9307|53550|5639|420|37502|57257|30442|56720|44112|20301|56669|34433|33529|28892|11365|56707|44988|37450|55076|19985|3767|26279|11759|20207|14688|35409|5871|47626|13432|28973|59915|56360",0.29935138391825189,0.29982539089984261,0.00047400698159072441,canonical_raw_float64_squared_L2
674,1908,6b8b9e33384e5bf8,83c422f19dbebaac,38552,100,"38552|34629|2834|14771|50153|21368|45593|55956|52028|59450|1447|12738|52761|56954|35893|55527|54177|33843|9452|21609|42335|17095|8331|39222|19114|23908|57153|52697|58830|13211|22200|11872|50713|44616|24143|10894|37683|47489|58993|35861|14251|14399|27005|55417|55497|18564|23317|28895|58350|3555|9775|31143|15495|18062|51754|53066|17110|50045|25886|26496|37382|38406|48345|1205|16055|36935|14813|39784|40182|9094|44521|9185|43298|42278|35669|3877|29963|47069|16059|20901|15204|9848|15729|43896|31283|20232|51679|319|59866|1870|55204|12162|19360|44895|1273|56488|5775|32158|9267|6401",0.6224693439361173,0.62248911439469357,1.9770458576262584e-05,canonical_raw_float64_squared_L2
675,2739,ddebd2cecddb01e4,72c3a7c57d256096,38559,100,"38559|42742|34272|36296|24649|3154|37368|53118|52547|16974|9356|7715|5680|37940|18033|48789|21247|10356|33715|8557|26319|3200|3223|13635|57788|32482|50512|24946|49062|16945|42896|30367|40823|2116|17191|15925|36111|437|1237|46791|47165|20263|9839|18426|50329|44365|31301|45774|20927|56013|47653|46208|45796|39452|33885|44238|27134|55960|47145|55022|11344|54122|58978|6125|3528|17326|21277|55802|5706|45164|50334|32722|21024|40674|9706|35170|44274|25134|32997|55502|33701|31447|41918|13664|1743|24531|55883|45039|20766|1246|58007|28614|9084|23955|57874|33704|30143|56863|2494|42721",0.51346495918654234,0.51390540440332022,0.00044044521677788495,canonical_raw_float64_squared_L2
676,2315,61486faf1de66832,115dd409f27101e2,38684,100,"38684|59410|33163|52994|7213|29074|47964|23017|7346|58131|7000|17009|27274|47672|11123|42198|20591|50510|39127|48846|6583|33464|59109|10703|37645|95|12596|15587|48937|19375|10011|20982|54273|20655|49364|49835|8930|8405|31886|46035|51912|12607|52349|1928|33300|43034|24017|38565|56994|7429|32798|2091|27175|33511|44468|47792|29624|22449|23558|57590|29939|4452|16485|42312|55789|5180|51883|13995|25351|48207|8989|26030|57855|12826|52599|46812|57325|36242|45492|32957|42603|56216|52964|44491|39316|11759|22420|3297|53700|55523|35525|34320|56298|27072|26116|40489|32523|6868|45414|8941",0.55593436435712595,0.55638136665688376,0.00044700229975780381,canonical_raw_float64_squared_L2
677,2006,bf166554306455f2,af5b709efa64fcb2,38806,100,"38806|37255|26169|24667|50236|1754|10062|19742|30242|29816|49514|35645|37467|14700|29667|34999|57310|59953|47867|611|51360|30300|24911|53167|36264|14172|36133|6485|52479|41334|3192|28718|2416|23090|46348|58983|9451|56178|50445|35552|42993|30952|14310|57336|47388|36056|44958|6351|35471|844|38146|37000|56614|49485|3946|57375|41100|40940|42412|23200|59058|58045|47139|380|54197|19650|27230|37775|20085|7519|14690|49395|47815|28156|52608|58|34816|51862|58088|22336|54488|15537|43425|34103|702|21250|55654|20018|58187|5419|13948|28146|45721|30213|58887|36680|25478|30450|23252|59776",0.68076648216710378,0.68220955153791063,0.0014430693708068487,canonical_raw_float64_squared_L2
678,2720,bf0cd55850402c55,5f5761f0182cc3bc,38824,100,"38824|56398|29528|42636|42915|9952|11003|25824|55555|51771|54571|51788|48841|46490|58027|2575|46942|15018|48216|17623|24562|10719|37569|1788|47442|49466|29353|19746|9303|56461|52547|6622|14469|9451|10712|34277|41320|9084|41790|40371|46587|34617|58887|54535|254|21247|41100|36665|44200|25301|6339|24671|43882|37923|14359|570|27253|53098|4620|59701|53790|17590|24040|6000|53605|25564|11344|59377|42156|35561|46232|12896|52851|7910|12117|38517|34669|6548|34565|9543|19420|16742|31570|47743|22953|52858|10113|47484|31948|34410|53671|42836|5212|1934|56446|10242|16364|31460|16674|1812",0.45435725578742919,0.45499102658928992,0.00063377080186072243,canonical_raw_float64_squared_L2
679,1773,04acde0f6577f612,80e71c9bad21134c,38882,100,"38882|22235|10870|48223|22226|58763|32929|41206|35648|148|4424|50024|59522|3591|46425|50241|55705|12031|6017|28251|17186|10609|58738|27079|51607|40575|40950|52922|51591|56086|34699|21538|51411|25771|50652|55733|10066|12795|14875|37026|3923|4614|14091|22073|28943|57881|26867|50432|29990|42662|37218|11074|17506|47406|29684|8131|13415|43509|6343|53033|29784|17479|33829|28235|22053|44994|55881|24264|26765|46567|52132|28946|57019|26557|3646|32982|26445|6921|15526|55177|41446|12272|45310|40416|52832|4156|12135|59961|35005|34526|44998|58300|22972|51353|15895|5088|32160|42011|3575|14890",0.87302170950099989,0.87372382283519268,0.00070211333419278876,canonical_raw_float64_squared_L2
680,2062,e0e6c70bb56ad1bd,20062538da5de66f,38957,100,"38957|27229|9979|57259|44761|2363|59536|1299|34769|41066|33334|18135|58569|4262|59715|2191|58889|45141|20142|6373|14857|28326|56841|12067|24310|18649|42983|58451|34813|7298|39549|32292|39743|39134|22391|38177|32746|14081|47487|8490|14566|4661|23663|52441|51928|13555|48313|22871|40302|2058|17927|2769|32890|1812|55608|16622|39853|25785|46365|16243|29852|49617|49820|8066|25935|28906|3944|32235|9952|46467|7812|53603|25393|4936|41351|53326|49251|12587|47442|13715|23980|38708|48706|37896|10875|50659|59377|5427|36488|58443|50651|55404|13870|58508|24388|12896|47052|1366|12132|18904",0.65564454339796496,0.65568018174465292,3.563834668796062e-05,canonical_raw_float64_squared_L2
681,2633,2109c38c8abdb296,d836db53bfe65310,38969,100,"38969|30595|24564|10139|27375|45650|24760|51869|14058|12785|27000|10690|57576|54125|48597|26672|48432|44701|57718|6702|21383|23454|49130|11283|31635|26607|51557|39592|40671|53971|11063|39981|30929|38540|48378|3009|50929|17394|33229|4222|12318|25721|32492|2169|45551|32960|27071|44773|51419|31379|4240|51263|1229|39815|17220|24435|42017|24491|58379|11114|139|53585|32626|5546|41298|16509|38237|35256|43007|14934|15044|8437|59931|14025|37276|55395|11158|55146|53273|26316|18980|566|31991|56884|47832|21243|4861|19398|18461|48291|22954|19910|53270|28515|10511|4713|11676|21253|7118|3324",0.33626586658478985,0.33632791959842789,6.2053013638041499e-05,canonical_raw_float64_squared_L2
682,2408,8aef7e0c643ffaaf,154ca96c01ad19c3,38979,100,"38979|24040|45366|51749|673|9979|35564|45171|27604|13875|20439|42702|15781|24265|51350|56521|6548|56309|31515|7135|40371|6234|19855|46133|8546|5749|14787|50130|54535|12848|26683|5019|5857|35946|29408|26812|10815|29218|57308|13295|12369|46942|58868|30650|20678|17612|51771|33885|9952|39337|45688|5624|6838|20501|13865|49352|14827|11065|41955|2154|36176|18880|41144|36069|58486|35797|56384|41320|36736|42836|27477|4403|45022|19552|56213|21247|30095|25301|6056|10861|20640|27154|20377|41260|44603|55421|31719|42636|53463|6472|56148|49621|55436|28690|19721|34612|53571|42565|23739|24562",0.49848255538684161,0.49870809650019521,0.00022554111335360005,canonical_raw_float64_squared_L2
683,1779,348f5ff77c3a8ac6,a78d7f263499edf7,39121,100,"39121|9312|57034|12130|24383|17488|3891|34270|23538|46864|614|44320|18100|7748|47824|42929|35147|38948|24680|53817|49571|332|43519|44338|51686|55057|17086|59172|38725|20257|21770|31855|59983|47886|6627|7907|37976|45834|40395|11897|16634|1177|47925|5076|17539|31888|43216|51109|12442|24438|6743|19446|54081|46346|56244|15546|42333|4423|59894|46572|45413|5521|40147|11937|8668|45890|27532|13859|1300|18827|44577|35999|34784|57031|24632|20772|17106|27522|45094|57560|27670|7109|32034|54474|4046|35594|3454|3952|29819|56799|54314|29413|40139|50722|20052|10243|27411|25855|11698|18182",0.76353086065574938,0.76550711713105168,0.0019762564753023071,canonical_raw_float64_squared_L2
684,2317,3ccbb38d2363723d,d065eefdaf78afe6,39175,100,"39175|55008|11845|39945|30414|8523|41770|51520|26858|35899|44003|38755|34840|37237|6039|38802|41441|17642|20363|43215|51827|41202|44455|3189|49758|41659|2282|4014|19696|55158|54049|20614|53004|12058|19400|35631|20054|40137|56802|30044|54902|34518|17934|20806|48368|37159|688|13150|15256|18393|48945|57779|44049|43714|6278|14718|3649|10000|46370|4801|21862|27445|52337|41789|10131|35970|51146|21281|8997|20103|54403|34406|7885|18714|45873|19897|41227|32758|3587|28771|33092|3270|53973|51871|40949|52881|6056|27388|34360|53361|57248|31579|32657|3278|6088|247|34343|43391|86|19516",0.7346846316948199,0.73473247114381557,4.7839448995667944e-05,canonical_raw_float64_squared_L2
685,1961,a71b6ba041d595a1,68bc5df65b61649d,39208,100,"39208|58990|12840|39490|30495|22643|46646|4505|250|13191|6420|11042|30183|33928|15535|27896|23218|23529|10168|21738|20313|29974|24217|38522|42758|30364|21675|26528|52345|12537|48667|31176|32355|9955|38919|3485|51332|18019|8308|3387|1356|17758|46272|55135|10859|1422|2320|33778|31534|58898|42443|51904|57656|9837|43266|5938|6489|33368|36507|49844|58282|57144|883|44168|4631|18709|4623|54848|15287|18683|25374|13037|32977|2328|50074|28268|47164|7760|48962|35021|22884|41455|43214|3656|49697|12063|57563|16765|20246|21154|16400|51347|2847|32380|20349|51621|5003|16490|15111|50255",0.64397856735017522,0.64419457639906097,0.00021600904888574579,canonical_raw_float64_squared_L2
686,2355,cbb7848659861b6e,d9642b1f69be464c,39460,100,"39460|10511|10139|8248|43534|57678|40806|42066|47245|59846|25599|36451|33072|6370|48905|54848|56015|55095|48725|52052|35496|50823|9012|28450|26214|59285|34815|53273|55355|42926|37692|37909|13801|46751|32934|20150|40122|29694|38413|26547|39914|57695|36309|25758|19954|12189|20452|16435|56619|46272|42215|55104|7914|49501|40130|10673|18728|15716|1413|18349|42768|1080|8982|2670|9122|45815|51856|53946|53834|16042|35059|51122|35418|47818|54317|37276|21635|24760|38587|59028|17758|59532|51152|44051|50090|20358|56650|47094|29559|45202|46020|21172|38315|56179|34731|47978|29888|31069|24938|19398",0.61791646786396615,0.61868628137613757,0.00076981351217142446,canonical_raw_float64_squared_L2
687,2139,a5ac9bff8aac6429,eb2ab05ac1839506,39468,100,"39468|26147|4233|46538|25133|18444|12452|59914|14637|47373|52692|6247|30221|14427|7149|57307|37072|59619|16425|4828|49857|53189|39916|36505|32271|43149|41714|17696|53813|32512|18479|34104|48125|25653|22791|40512|58373|58890|24811|40019|29734|51419|33225|43014|39035|9708|21503|10663|59508|7281|35518|7497|40614|33022|13095|48500|39590|51459|31981|51968|38815|22064|25758|16473|20118|8042|24907|30691|54881|17813|14714|43383|15648|54799|31069|6342|33158|26182|7374|12206|29524|15768|58696|12207|5546|43889|23307|9427|18933|8424|36765|39098|16892|16457|7859|28918|50337|31730|52713|12830",0.52976759202049506,0.53136495238929093,0.0015973603687958748,canonical_raw_float64_squared_L2
688,2226,e475d48b9bebd076,c1b9a7115af3866d,39582,100,"39582|6216|13146|43360|51521|37615|24995|48349|58858|58733|22361|27050|5944|57495|15325|39168|1471|58981|35316|13749|16926|24472|4802|49352|15342|43975|7743|6119|673|23739|39255|34638|28502|23196|22241|42453|34777|47079|17879|33727|3530|46255|27781|4969|22369|12550|47123|16626|47374|54801|21885|47893|51415|14827|46790|47120|9949|49241|52682|39958|29137|56521|45764|41191|51519|31952|35982|14532|13318|10916|59010|14195|13715|13533|33545|42080|17612|56452|51576|27060|3418|34672|41927|39961|43930|17845|20576|4049|8233|41841|15543|24664|52523|52718|21426|28834|18549|2717|48584|54402",0.50662950040683874,0.5067888711790417,0.00015937077220296025,canonical_raw_float64_squared_L2
689,2658,43d595ec5465853d,f509799ff2ec9019,39590,100,"39590|4828|2658|7281|34104|27902|54096|26188|42203|4320|3160|12830|6916|8042|6337|31386|29524|26182|15648|34642|12311|47889|32748|47373|19269|57564|27524|13108|58248|27749|47350|48042|50917|45381|36262|50655|280|31267|34657|35954|8471|49677|50185|43014|37104|100|52155|42835|44967|31730|51419|51938|707|25566|21546|53792|47093|24766|40109|30152|38867|45620|9427|52662|59499|12516|16395|56366|38815|29734|6565|40614|1092|32865|2817|10663|11576|10245|19509|58373|37072|11612|18933|56211|38374|26147|45333|31608|18293|12206|29726|56691|49767|22791|55586|33109|33695|8466|25653|30182",0.31263578277628518,0.31305508945794092,0.00041930668165574003,canonical_raw_float64_squared_L2
690,2360,f22694ff067a7fac,76a5be492a9b2f1f,39602,100,"39602|8260|8063|8720|38555|2518|8487|42256|9612|13542|2106|6005|39123|39413|18556|48008|50143|33914|34736|3077|18245|15212|30815|36514|15199|40301|4465|55651|38896|15168|39003|31434|12032|42146|17669|15660|33480|7789|24485|50441|9782|1937|55218|35721|28838|34999|39845|47773|28947|2409|40011|27167|53432|1754|43541|4905|57783|57395|39779|36788|17148|57659|1373|53095|18533|18021|11542|39233|39847|20533|20655|32029|45847|19980|4063|56283|55885|32667|44095|25456|12780|25347|24835|28246|7165|15338|48876|27613|3408|29756|19855|20585|15718|8612|10525|1895|38692|15537|57256|32615",0.54961899084195442,0.54963289248108194,1.3901639127511523e-05,canonical_raw_float64_squared_L2
691,1989,8fd10f976db116d0,9d8f532cf1eb57b0,39685,100,"39685|58585|24157|14919|57376|35187|29182|39657|34474|46514|35965|29212|21675|55748|33681|32735|7761|22433|44210|5885|21209|55480|22063|59875|1785|37249|56180|17566|32750|36967|6330|18602|51475|22166|5234|5360|41966|58304|38601|32712|13357|30198|44979|48150|54861|47006|17234|6282|30399|44694|3533|19534|58509|54613|59150|49663|30050|2320|55261|15507|53691|21245|970|57788|49036|37677|35340|21142|44876|27603|9251|19564|20559|17791|51232|33758|24912|19380|5768|11682|3830|39841|20795|23968|17747|37536|59487|1814|58744|28317|437|24218|33572|4701|8094|51443|52393|45040|17475|49046",0.6414348720784917,0.64152171743596009,8.6845357468390283e-05,canonical_raw_float64_squared_L2
692,2007,5a03a44a8bb8604c,2e0f360ff2345bfa,39777,100,"39777|15337|37597|52963|8029|18359|1555|51611|48390|49662|37921|6751|6889|8067|288|14259|44127|47949|6683|28083|1933|25715|3080|7600|43741|5343|47133|51258|56018|15106|34535|43558|13486|25310|13711|22416|27636|26898|20809|53039|51492|47238|56321|39233|55372|16133|3797|2148|0|20522|15943|22379|15454|17197|42143|14957|8811|41044|10101|10569|52756|42130|43634|28698|31156|7166|44653|25824|58445|8107|34136|47929|50039|26074|24895|44667|47232|49769|56893|8233|91|35208|29858|6906|48712|16283|47494|12885|41340|13387|45227|19104|44515|46081|9110|30680|34446|34376|57059|35942",0.59049254598052925,0.59108093813868379,0.00058839215815453816,canonical_raw_float64_squared_L2
693,1963,fab4690df927676c,cf334a7831de8344,39809,100,"39809|28375|41955|14976|2275|7285|51431|59771|24265|52699|35397|11765|35797|7269|7938|21343|12357|10465|54065|20704|8987|36718|4366|22612|37649|44702|38912|36354|42440|42719|45517|1603|4660|35740|11260|8865|40045|7625|39925|673|16890|23784|20108|43494|46575|48985|1742|14827|54625|16926|9802|46112|56909|54683|29496|52613|2869|23935|595|973|12313|25498|55510|847|12794|47300|2131|15166|17295|51086|6450|16665|34782|46383|13021|15802|28290|13787|36184|1992|55684|21900|22594|27167|25520|2922|39538|50048|15203|6636|15842|15342|2783|32325|56888|20640|18468|11757|11334|23739",0.49697483005016374,0.497139353817455,0.00016452376729125806,canonical_raw_float64_squared_L2
694,2947,aa7214a56109712b,3b7b557c3f329f4a,39858,100,"39858|12017|37097|3412|41722|19608|35219|23704|12624|31175|42712|10273|53529|19508|2602|30143|9406|37457|55561|53556|22428|26834|23915|1642|14505|54454|9877|32193|33608|2729|22940|56813|14293|46979|31299|49095|48373|5900|31492|49655|51029|11394|40513|12316|50593|32825|53199|19403|31963|48525|44238|924|12887|39527|17287|58367|49747|48789|37638|51667|19551|15259|52149|4904|34338|20821|49537|16003|59615|29736|37715|54772|6172|15960|27367|9208|22476|5708|25146|41287|1425|29550|57479|20927|1367|59224|56013|44478|44365|33377|33715|32739|32650|35659|59546|33192|4324|43864|30367|16222",0.48982626421197317,0.48997853883410714,0.00015227462213396326,canonical_raw_float64_squared_L2
695,2054,3b1e3dda1b4507d0,b9bac1e2e01c4c68,39960,100,"39960|42858|29861|31452|8905|40959|16105|45263|764|59155|42662|34686|51680|25639|21307|18904|30109|48223|51608|15199|26056|55352|39413|9371|30568|17953|25998|35500|426|34011|5749|11093|8254|27534|11735|17552|50463|41810|50444|54889|24705|14041|25436|30228|19518|43090|50943|43374|46057|35114|32049|12338|32645|41184|30474|9255|35684|22931|44809|53593|22073|29955|3499|51456|26670|16475|58209|17033|41916|28838|1834|11781|9590|39543|17877|22359|37110|4849|50277|12333|25170|3338|38319|43994|13573|50094|50095|38746|36987|21753|18441|37369|28943|58096|57161|20339|24584|5678|4920|47666",0.58795727282652277,0.58844595820159906,0.00048868537507629206,canonical_raw_float64_squared_L2
696,2791,0daa66ac907a73c5,2e08aed9374e5905,39963,100,"39963|51140|52362|23549|12528|40017|28169|14181|17445|17960|29111|12045|31161|30683|3207|40099|43663|37518|272|28843|20784|18493|6548|24485|2397|13142|44040|30372|38172|30031|14873|2975|36588|30310|53819|56213|18916|24036|10815|24208|3028|56943|217|35786|30307|5857|56051|15802|13756|4857|57917|7870|33848|22512|10009|37118|57420|10356|16393|57539|53767|48841|37763|21247|26911|50228|34764|37368|48008|33266|54019|13203|10800|1100|57855|56098|5680|47497|46587|32342|14894|784|4802|23787|26837|2678|5790|35557|3106|38810|53778|28056|27925|30626|56931|54077|10006|20571|52034|30629",0.43383495416254564,0.43404166274245298,0.00020670857990734426,canonical_raw_float64_squared_L2
697,1878,6f419d9119cf3379,2319c88b1b938dc5,40037,100,"40037|17869|8388|15368|37126|51844|47397|58931|55974|3846|21133|51060|52279|14902|29956|51654|22556|23426|14990|38277|47577|35746|49878|27341|47515|57336|41409|6662|7687|27564|11931|37376|41580|51479|15753|28448|38473|30598|30436|34205|53081|17371|6029|44262|1273|37067|13138|20713|46623|37021|43606|13271|32041|51082|35257|47415|54518|53062|47648|45085|48061|28888|7708|5352|26123|14361|56110|29856|36042|55170|38884|41876|1638|16329|14555|1912|8318|2352|49601|32489|46374|54191|17775|57073|52339|16849|34916|57630|30503|5524|12662|36051|59775|5881|5009|5145|32192|13780|3149|9902",0.80090780202526823,0.80111419130373518,0.00020638927846694521,canonical_raw_float64_squared_L2
698,2156,25f765ad91a5c0d4,75b17e27ed6f476e,40042,100,"40042|15085|22882|26746|33050|3476|42282|54060|42402|6736|31345|50582|40407|38526|16451|7779|14481|38357|31301|26712|38858|6922|37638|5939|45788|51371|45039|34910|12324|13849|9601|3233|8053|49682|50783|7172|34272|45917|8458|59125|36724|2286|13301|56550|52541|20843|49873|13826|57472|6754|21097|39323|39415|20060|1064|8591|18908|20766|45298|14293|51985|45221|31448|52671|19061|7503|8069|23895|2503|50306|10809|29149|47811|38771|48789|23413|51669|29401|54746|30390|46791|37801|22200|8877|49973|24398|37570|27506|24552|28413|17760|31794|29314|54893|6226|7020|37457|18650|2796|54875",0.60951303341499563,0.60954361865329953,3.0585238303904028e-05,canonical_raw_float64_squared_L2
699,1903,0db9faf6cd79e91b,e33da88a6bc4091f,40061,100,"40061|38201|22655|25131|31432|41854|8311|27054|25562|2793|38767|42463|45669|17791|31320|37573|55371|53245|23140|45505|19755|39284|34384|11741|1808|41724|43090|37810|16300|48720|58240|31852|51169|14897|29416|11469|32032|29955|26901|52595|27936|35523|24637|40682|27079|58571|667|12995|27659|39949|26745|2493|41838|13818|7798|3533|8818|28612|1001|19235|34599|54395|32561|40744|19134|13026|25080|41318|17443|47828|1915|48938|23200|48875|27145|28884|19940|37624|59447|19591|47747|9285|24930|44400|18524|49070|53308|19108|41584|26946|58328|29250|23186|7163|33082|45790|5798|1828|28087|19651",0.63275023525386942,0.63303618849904408,0.00028595324517466381,canonical_raw_float64_squared_L2
700,2136,9fe254b5214a5386,658fba1412422a09,40157,100,"40157|49793|42911|17371|54704|877|31460|47636|42795|19841|11085|8402|13381|10930|23752|50011|34966|37050|28819|53856|48152|34640|47650|49607|55116|17747|14484|34110|28155|21184|6036|11567|11903|24175|19891|8900|2625|15637|25736|41011|56156|17296|49596|7479|8732|36818|39729|43689|20388|59091|16447|14474|8532|1311|40498|4768|33089|2952|7262|29002|7485|37961|16177|20697|51707|46429|19260|49593|35099|38383|28863|39977|12590|52639|53916|35463|12745|3672|2606|28617|39769|17041|57376|42149|45612|8290|42109|5622|4436|6747|2475|30759|21680|22166|43566|44548|38774|29258|36638|44713",0.64236263477740563,0.64237148050973925,8.8457323336177396e-06,canonical_raw_float64_squared_L2
701,1801,f6713a9b61332422,bc052f446d817a5c,40198,100,"40198|24823|55537|29637|24165|36601|46128|19767|54050|4931|12859|10745|3527|29499|40870|18568|17445|27766|2930|2846|32641|2641|3417|53533|5950|59033|47887|24130|34277|20318|1677|17864|47544|40197|16603|43727|43594|38318|42542|37746|6298|56407|11684|2197|51949|30040|52969|35616|30464|13987|54896|34654|43323|7429|24866|11729|44583|11519|29904|46290|56336|23367|45006|31799|58069|12582|27973|55076|18541|889|23810|26796|6461|10083|58202|57095|57917|35294|17259|43680|32529|42938|28169|31739|52072|3913|34499|16775|22877|24927|14595|45882|42915|1788|34354|32630|24208|58680|16358|46536",0.51662544837430746,0.51668558605611004,6.0137681802574505e-05,canonical_raw_float64_squared_L2
702,2179,138610be632a2b7b,7b3552cf3f6193e8,40205,100,"40205|25347|39739|2688|37118|4802|38692|18222|30310|59586|10407|12500|42321|47821|6333|46065|45884|39963|26735|40129|12528|39171|9773|20412|55642|44700|11254|35786|36217|16510|53819|28217|13142|38839|56931|25713|27050|31167|48237|1344|56667|56511|46098|12032|34458|59375|48871|38143|32468|7897|1088|11565|57364|44396|2397|1961|18916|49665|46494|54966|38358|57935|58599|40099|1937|43011|8275|56665|30307|58565|21007|39428|11542|28843|15499|58170|41877|54828|14290|40011|19176|31161|10333|46998|27826|32992|43060|24479|16795|12045|53777|53041|59575|9710|33873|51594|50223|17614|17306|14111",0.68882979306502279,0.68949839989943551,0.00066860683441272162,canonical_raw_float64_squared_L2
703,2150,c88feb873f55314b,1f8c189a56a3a256,40234,100,"40234|53899|54315|35600|30980|30942|48270|49412|7089|5653|52152|20998|37903|9769|26100|54416|36243|43738|25746|40398|43078|10955|38124|23630|24429|47127|30528|13283|29827|59666|25250|16862|46115|831|10901|20003|4429|48504|46895|39459|38995|12797|11641|34764|2723|5712|59624|48280|53454|12570|32457|41561|43567|43070|58326|31191|47960|26151|37963|34432|23859|31649|37748|5166|9352|24478|26084|46851|55527|25427|29163|9798|41548|36420|13814|53342|52072|55775|25905|22190|8186|21934|6704|10155|42572|45692|14008|20225|29531|1169|47352|11823|43672|31205|47706|9137|14620|9395|34340|49824",0.42543128814372144,0.42548846566070364,5.717751698219864e-05,canonical_raw_float64_squared_L2
704,2256,a10efedd3b3d894e,d47a1d867aa5e066,40328,100,"40328|34032|21134|41682|11925|1663|34181|18485|12891|34488|3350|14318|14210|40206|29878|10842|30232|7790|4140|49686|57974|12944|45555|41407|10545|20497|27326|54226|34413|31245|49188|13227|52784|4597|29933|37707|12009|1329|1404|3586|39049|44462|7056|33892|34083|3939|35800|49000|45853|38848|50492|16487|51103|37052|17779|37953|41171|46535|42161|4431|19281|44592|33030|20572|9488|20705|250|35897|24286|44288|1221|777|52063|28901|56225|38398|37450|30551|7320|27097|16286|41689|1850|40156|3740|54146|38937|47896|25630|40336|16709|18861|3781|58339|53425|14013|39170|27487|23781|57631",0.4789954745823517,0.47922858882990904,0.00023311424755734222,canonical_raw_float64_squared_L2
705,2688,33895a52e589c864,fc452123d6fe6f73,40348,100,"40348|58899|57848|1832|42995|31759|24967|43335|40116|22909|20096|4693|44330|41897|15170|36913|13673|710|56850|15765|17025|41005|52183|11363|48447|12882|19684|40027|47587|13403|19281|40856|41194|17635|19595|59795|34736|55775|18632|45320|34600|45938|56519|31612|52362|38188|54571|22572|41931|47496|46208|27205|21587|42180|2723|120|59129|33531|15219|4276|1921|49441|53990|53588|10350|1614|11728|23013|47127|20225|46284|17425|9395|30585|30938|58540|19520|54220|4755|24136|56778|20279|14772|54400|11590|13542|53550|2503|35228|16155|47479|51999|39705|15754|41878|53924|25962|21403|32526|28516",0.39909711333291592,0.39922386424663936,0.00012675091372343905,canonical_raw_float64_squared_L2
706,1829,95449662c78cafcc,c84566f39985112e,40425,100,"40425|15337|47067|1553|55404|20032|37597|49786|9952|50767|39921|35770|2137|58451|26145|47133|33066|9695|32634|42358|6686|41137|37769|7620|26160|52409|32141|9979|9573|19554|25384|40259|44451|54275|36522|42086|3654|17000|10849|2393|6584|51848|16717|20151|22235|40212|43912|58236|10918|56938|33073|23210|30960|52708|12001|40302|25642|16375|9377|47442|48134|25935|4346|10863|42919|58868|4614|22226|44555|25745|12382|43683|43578|58300|18335|31077|10560|23980|51624|40226|58731|45193|25287|21836|34011|59005|20542|1933|58626|35648|16708|26126|7964|27079|14269|9553|37218|54499|55881|51607",0.68363936493307098,0.68378606710510903,0.00014670217203804903,canonical_raw_float64_squared_L2
707,2851,0527b2005f068cdd,f22362000047c692,40538,100,"40538|54484|48605|36687|47650|2625|5402|3178|21016|24835|26056|44110|2575|26771|7163|40049|43299|11903|29098|49466|2400|15168|17669|4349|55885|23076|28947|35860|23915|204|58209|10877|19260|32854|18441|53073|1373|50986|32645|20821|24635|34384|7852|7481|40755|59614|16874|25703|33608|15338|667|23114|53606|58451|57256|33082|50190|9020|53780|42308|53118|34326|53095|59224|52394|29161|14480|40706|31492|16674|15259|3970|19857|49142|43477|57466|7277|31326|41652|51553|3408|42408|34470|59161|17508|9131|20027|57163|38856|53529|16453|6772|14296|39913|12367|35148|31840|13901|13932|18179",0.52737953212168687,0.52746220476848871,8.2672646801840166e-05,canonical_raw_float64_squared_L2
708,2591,353723bea37fca73,bb76959058bc2341,40590,100,"40590|11554|48635|50447|32629|23440|55189|42057|41454|50857|30979|57196|37358|22557|27571|37439|5702|15946|27931|4645|48729|46655|20233|52622|19094|28558|53248|7509|13043|20015|43649|51018|3259|40621|12265|46116|21217|3979|23157|51651|24514|25624|38091|12507|53100|11276|5216|557|53444|3263|5988|53063|10911|46673|23848|5266|23113|52668|37324|3549|45412|8072|33258|47565|26722|37464|48557|10212|53094|57347|35063|27855|20751|53912|9881|23099|20816|52507|7660|11054|25236|23077|42241|28300|19804|20834|56644|56029|33339|13051|46439|8199|43442|21360|9985|35796|52909|38224|24919|10764",0.15481291456633423,0.15512735697333785,0.00031444240700362336,canonical_raw_float64_squared_L2
709,1605,d76c49dd3346a584,9e4df6eb1abd2581,40692,100,"40692|16944|46034|37529|9725|38780|27145|25080|5930|4236|3104|44798|58240|42330|26343|38201|13888|11951|11410|18095|13525|54905|1135|9369|35932|23186|39465|47137|40901|19235|32282|9207|45725|24916|19121|43036|53241|19591|28206|57011|12995|19755|28670|51951|29359|38134|23140|2493|19599|59284|5991|32568|42485|47828|59702|17564|237|19417|28884|24346|3799|31304|58328|21191|27936|40744|18017|5536|8659|46556|49332|32329|35062|58989|2300|54047|13237|21735|35484|37016|39266|32696|17182|10114|57732|26963|36538|26166|27634|58076|46941|15881|29369|34915|8311|10580|52272|43892|49058|51839",0.61904892100186903,0.62065749589261432,0.0016085748907452846,canonical_raw_float64_squared_L2
710,2790,83505fba90291209,ab6c51e3ec7ebb7d,40696,100,"40696|41684|53563|40856|2503|47135|4693|50413|59762|59624|55740|21587|21863|42035|9769|53588|30041|28542|16590|32197|22909|8763|11654|25172|14772|48721|29572|45096|28188|29898|58888|3554|32709|11439|15170|21123|56773|50408|32074|52183|4208|52802|19588|13603|11371|21917|11287|52025|49835|39609|58971|25005|11823|27739|22572|53054|1161|33643|12789|31455|41931|2372|8474|15288|1360|47626|25962|12176|40310|51111|1261|17519|51999|26195|12398|19077|20225|41272|43335|40093|46443|17870|47479|13473|41424|10901|30938|210|36024|8543|37633|3154|36913|11539|14873|47496|21072|13432|2610|36777",0.41353859150139594,0.41439874656651771,0.00086015506512177042,canonical_raw_float64_squared_L2
711,1930,e5856c217cc81cbf,52f91a93cf7070a4,40707,100,"40707|43901|1378|58402|19640|37021|30598|23551|17254|25722|26597|44315|10877|58581|56337|15100|17210|53008|46447|38328|17585|59845|3945|16910|16133|23730|35281|41360|2723|52902|10894|12979|34705|6180|7302|55797|32460|28882|51387|47619|35433|32033|42673|38669|31505|5538|21830|48766|37600|54884|2719|18832|15680|23311|50172|52412|30448|21614|1419|53684|32507|17679|37315|9787|8505|18567|55494|30483|41685|25303|54377|55861|29938|17110|39263|2827|15758|5365|4492|21632|20273|13263|50260|41904|34214|10166|11745|34629|4922|51234|23588|45732|7759|22117|43195|16617|36991|25129|43401|42967",0.58328615174443765,0.5847488123604877,0.0014626606160500488,canonical_raw_float64_squared_L2
712,1968,f40cd32df92c66a4,ce9892210f7feabc,40750,100,"40750|59345|25279|8225|10346|1781|40491|51132|21333|38204|13504|40204|46865|32311|10079|43641|39192|22433|8221|14705|33321|17403|57623|19411|38121|42958|22899|28818|176|18963|25542|28805|42281|57826|22108|26666|15333|13384|35625|31295|39132|54338|30943|25197|39404|5091|30113|52008|33883|31523|48115|6403|28604|17718|24527|19546|1151|12416|23169|13620|49031|23897|25685|519|23423|19380|33251|47512|27386|54613|19679|50579|16722|20829|54026|28580|51340|29924|30418|12451|9039|47930|4005|21345|47088|48310|9562|44051|28119|36483|47927|8785|57983|56728|22762|28747|24823|1353|24884|15792",0.60269627069298493,0.60330648326790304,0.00061021257491811198,canonical_raw_float64_squared_L2
713,2377,10d4e46ab2669c03,e83b1e8234af0a84,40795,100,"40795|9843|47656|31397|45198|39673|22918|14947|21667|59845|44187|53469|46166|55063|57749|48270|22856|6727|19679|23028|39955|16746|1262|27929|11539|31646|13793|13812|49839|16240|56858|49936|52469|21222|28810|27199|44289|9501|56198|55166|5366|57872|42059|38011|11244|58911|48641|46611|33531|55329|34285|5806|52008|42324|44135|33004|21642|15596|19432|37350|36118|14189|54338|57548|9502|27997|51824|27193|8911|43806|17752|14016|4083|37748|46769|82|16054|12106|27295|42665|22685|48127|53054|44374|33183|27739|44565|38617|50354|8295|28713|39944|51432|40639|2162|11049|39597|31274|1919|52025",0.47723948104049474,0.47809583533574534,0.00085635429525060536,canonical_raw_float64_squared_L2
714,1878,d44d7683a0202d89,f4d10afc7c8d15c0,40907,100,"40907|1568|27224|22232|13540|22216|11729|45323|48394|372|14875|46920|10358|9053|31799|59231|21222|9164|12449|33995|42665|41815|55822|18499|6941|2812|19663|1004|44899|10083|34659|42096|9264|51328|7091|48240|21235|39116|18873|4315|48857|33375|14667|41027|43968|50793|17259|30900|37889|7787|58382|30058|34207|32944|55203|37352|22231|41473|17265|12713|7395|10386|27810|17763|33507|38736|25164|20343|11714|20644|12582|18459|30892|48072|25452|26169|6690|19426|41402|20564|44583|13552|25692|35722|19487|32630|21652|10892|33899|14484|3726|10066|3946|55309|41442|34487|35822|18082|33359|32632",0.59168787253494881,0.591905278467725,0.00021740593277619347,canonical_raw_float64_squared_L2
715,2055,1b7bb4d5b7fbbbd9,7e4b65c7989094e4,40930,100,"40930|58519|18313|54065|41955|55684|57834|52699|51899|45846|7531|12406|12313|14827|33823|14600|34782|33706|1406|10904|13787|6838|48467|57094|41758|24265|35534|22284|42747|26475|35156|9147|47773|19585|19512|52933|20108|35740|31482|4795|49097|56572|45572|45873|22183|36225|44832|57410|5051|18871|55430|21281|55829|53026|31965|2300|50143|26067|44752|46918|23309|49648|59771|48912|53962|54730|54310|26812|14126|15013|4446|25265|46150|45136|7269|53972|26606|53255|25821|46112|30589|28388|22509|15342|40301|14612|29835|5393|25012|16890|5067|24469|27923|19689|42544|58344|23415|520|4393|40186",0.50335061129039915,0.50336750108000117,1.6889789602014815e-05,canonical_raw_float64_squared_L2
716,3349,12b1fca98c07cf22,3440135bfd155045,40991,100,"40991|56314|25003|32526|19545|11239|32739|23193|22940|52556|19420|55802|22428|15960|53118|2424|30367|36442|2056|31963|17536|54535|12106|34384|31175|23915|58180|10273|35950|15596|55567|42893|45750|49923|10719|30390|51771|57466|10861|55022|5857|35956|9502|3200|22709|47354|16742|27476|58367|33501|31191|7715|14513|59546|14833|35506|45637|27003|924|25059|53103|6395|59877|36841|33701|47653|43681|19608|22389|32482|31570|11459|20766|52547|21603|39756|52584|15925|48270|17546|5727|28992|29720|55502|31142|52275|8186|17191|49655|50334|32997|2494|14188|27474|43111|32024|43501|23413|42553|22068",0.46568574086668524,0.46569853966710645,1.2798800421209844e-05,canonical_raw_float64_squared_L2
717,2172,645642e020a87c53,9269fb43a1c10e78,41065,100,"41065|56051|27226|30568|34668|11254|46998|38790|8905|31167|44453|32642|42721|26910|23119|40682|59375|55299|15530|50833|35500|21382|16652|47833|52583|16510|46455|30760|36885|18852|55881|44278|7099|45002|9086|9615|47184|1349|26072|13059|5544|49070|14041|7273|42858|21045|39144|41816|42321|35622|10449|272|58209|50484|1596|35820|40892|48871|24040|55693|7331|33066|26911|48928|21108|42442|21239|11217|39851|58599|45000|34852|28838|3213|13395|31871|41144|9070|18314|38074|47296|56461|21247|37267|41037|18880|46348|29365|57161|9337|53098|49010|13295|33917|56703|41522|55022|16475|31515|12333",0.61671086152313492,0.61766307449593782,0.00095221297280290162,canonical_raw_float64_squared_L2
718,2056,3a09fcdb1e20bbda,cabe233b0cc3bacb,41244,100,"41244|26671|31713|13791|34175|45056|7145|45426|47254|42214|52407|32164|52071|49588|6727|46611|52534|3878|51927|56735|44240|11373|1255|22010|9883|1361|50992|17827|24493|40895|54365|35028|7902|11773|7471|30850|14112|40898|17961|49405|55484|43739|48916|23019|32337|7447|7421|44374|13526|58426|44280|1437|53174|44895|19114|50415|56752|31613|10717|58326|26794|13745|5974|15710|33909|26220|7453|32039|43288|512|21854|40612|51027|56789|9036|33641|25857|3344|23586|39800|18012|38405|34052|50552|37413|49864|57584|1000|30780|17366|7344|29300|48672|28798|20708|46304|29118|25582|48003|36277",0.55559842454223918,0.55659440472715249,0.0009959801849133143,canonical_raw_float64_squared_L2
719,1981,0ac3cbbd428ccde0,82c525f2ee950d78,41314,100,"41314|49387|54008|2923|45240|26714|14660|52476|1255|37394|47679|41572|17692|5648|2646|6977|3058|6288|31250|37913|27404|26817|29405|9050|30019|35321|34404|57194|53653|10630|14048|57946|53123|43655|20081|51200|35084|40785|50172|28580|36906|24242|18203|48731|47162|44999|22899|13218|31787|39501|4566|28818|44168|13695|53488|44054|34667|37600|26666|31143|17180|10191|41378|11914|27434|1673|23820|38328|12762|55868|28405|30443|31328|33325|51838|21937|48681|7447|5716|209|7329|13992|28798|18747|57826|24811|5901|27589|28586|7500|35288|42673|41913|50992|56649|36668|50368|40988|8787|57357",0.59520393196655341,0.59597965667808517,0.0007757247115317556,canonical_raw_float64_squared_L2
720,2627,bc6ba53a2795acfb,90c8afc5ca7f7a1d,41656,100,"41656|53605|47144|33555|51771|24040|36665|48087|38845|41009|14513|22580|35817|5857|58180|34076|2888|10861|40121|15718|50130|53767|53671|55022|6234|45383|23013|34736|54571|41194|15440|54732|34410|13673|52629|13403|48841|28614|26745|23961|51089|20439|3207|28509|42156|21264|20471|32997|38268|47552|15754|23135|34361|56398|36069|59195|5212|28729|46776|48955|4278|35564|54535|33038|15787|51336|2875|43736|13295|132|14906|54066|27253|40551|7135|19160|45366|2573|7642|34617|3533|31515|4947|26634|34384|32525|43111|20293|28236|56461|20655|51637|6498|42836|42690|48279|9702|55102|720|40011",0.4113504487223133,0.41137017828272093,1.9729560407633073e-05,canonical_raw_float64_squared_L2
721,2324,2c5754fe70b2bb17,0ac37fd70991426e,41671,100,"41671|48917|26528|15987|43235|58282|45868|7238|40172|22935|34081|22395|20313|53344|50670|1260|58455|39026|59162|40599|22643|31071|32380|3387|11464|32190|19020|12335|2954|49744|7966|58132|1045|58691|5633|6374|24764|45050|52813|58990|17475|3827|47061|10714|20246|32313|33309|40185|15390|126|3656|28204|52063|44462|13929|23933|50362|58893|20307|9251|55398|7202|21118|5360|12776|53670|30076|23959|465|51332|50089|15209|58531|53818|5938|36131|28428|42617|15260|18046|15792|46409|25472|48031|13815|13322|33845|28268|44304|51262|23872|33970|32113|7218|5768|35491|23103|16664|46828|47761",0.54570816048609472,0.54644020049689224,0.0007320400107975189,canonical_raw_float64_squared_L2
722,2186,57d484d486b3d3dc,731a8da564e34d08,41721,100,"41721|17029|21663|43800|39610|8742|38861|24071|57150|56305|56352|44397|47918|10053|26096|52729|48885|16102|58923|39508|8630|59676|4583|15021|19520|50226|47809|30370|59917|32057|24576|18646|24920|16904|12386|45723|24624|40900|11067|10703|30869|35960|21084|4435|45208|21914|37337|11033|8691|10534|22517|47432|33455|22560|57907|7393|53452|29634|55047|31978|19271|8256|9423|32992|59021|40027|20521|31210|47184|43466|51847|55504|30962|26030|18506|827|31498|53435|43836|51981|23787|12997|54179|33663|22436|53483|56257|59665|29040|35973|3547|47833|49883|2619|20687|17076|45312|48014|56609|56860",0.59420955676977893,0.59455232529606206,0.00034276852628312149,canonical_raw_float64_squared_L2
723,2197,ab0f3964c7a2d605,283a9d3e82fe5d73,41751,100,"41751|38963|6170|58777|59181|20985|31286|871|47140|22991|29307|37558|53070|6113|22189|6629|39149|55491|52614|59256|31961|51963|33742|15000|658|51077|21573|33117|14782|11008|35169|15851|6075|43757|23805|48869|27934|44906|21869|27724|264|7663|15504|7730|56351|27460|32131|6382|40349|27068|2403|34417|2617|3831|10516|37945|49525|317|54470|24679|37758|5776|24492|37504|55584|42631|687|49556|9464|43628|24476|57698|54202|39245|51010|46613|37881|21743|54316|54167|37034|4287|52724|51946|9859|47766|48001|41774|12194|9379|42367|15866|11056|17519|15865|19386|46113|28966|28272|33000",0.35052263271206052,0.35084861505096615,0.00032598233890562822,canonical_raw_float64_squared_L2
724,2446,2a3451d6e40717a5,84280e181e87d7d3,41848,100,"41848|20334|40334|45546|7847|54426|19066|19761|48415|22112|33695|7505|37044|1824|38635|29959|524|57576|49195|14384|1632|23043|48174|28627|33992|23836|19995|39981|14934|16272|26015|27318|22264|39474|48359|34083|52113|37664|15353|4240|26704|14913|44415|38120|29400|14080|12037|32463|38003|3721|12010|36484|28798|55408|34002|25976|20729|49507|23019|28033|31245|42066|57465|11265|22954|51182|6646|31966|46046|36668|50929|12231|39260|40609|45784|33229|906|24971|30026|32840|10292|59890|48363|14729|15897|45666|25936|21253|42010|36165|10990|8023|21758|12540|34201|45679|40427|24722|36798|25352",0.40954699702854924,0.41022575527327643,0.00067875824472718449,canonical_raw_float64_squared_L2
725,2266,e90e8ad55a1b2a0f,56533810878e0c4a,41962,100,"41962|3063|37832|7051|7118|6904|33111|19398|57525|42713|15346|52295|15025|22651|38733|49542|50815|44043|9960|53903|42265|12834|15831|49746|14058|26484|53957|45771|11946|29884|28507|24570|566|25470|4303|58223|38637|5987|3380|10369|19996|55138|40190|10673|40805|5050|42768|56716|48752|38987|34977|48320|27846|49924|30521|52921|12295|45348|13386|56472|12922|365|18461|51843|41375|37786|41510|36455|48299|52109|21802|1665|55492|21295|8026|51557|5146|36053|38694|10975|24957|25632|16388|14210|42607|12189|34315|42676|4045|48844|23480|43916|5600|34749|10395|25290|53568|40130|3478|40344",0.57115182859521207,0.57200656403808581,0.00085473544287373304,canonical_raw_float64_squared_L2
726,2016,9b783d479dc8bcf1,eea79998ee2bae74,41967,100,"41967|19377|207|56827|44059|44707|59384|34757|48709|59339|24234|52063|1714|23751|22973|26159|30990|39156|38525|16480|36609|43200|14687|27146|10829|17283|53764|22442|54137|54723|21537|29938|14891|10118|51102|18501|8399|25292|3642|22555|20705|41090|19757|48240|46345|44462|29556|48034|43159|10842|56820|51015|40001|51563|37735|10822|41614|46100|11890|27944|18459|3608|45153|8496|20913|92|5428|10533|36769|45732|37815|16286|33643|16775|57983|11349|49831|9298|46828|37314|30723|21072|27250|16141|6426|50761|571|4391|46649|22462|34378|49290|25875|10570|36229|43489|15390|32813|34369|35616",0.5122070274752818,0.51261473100584198,0.00040770353056018838,canonical_raw_float64_squared_L2
727,2004,81d4502b9a0ce217,ab31a0d17df1d89f,42127,100,"42127|40079|36102|17061|47412|47343|56101|26008|45405|43226|35737|32223|9232|34785|31534|41294|50865|38082|45773|4612|27446|46219|29545|27627|36852|57512|6746|40056|19356|9340|3827|26596|9535|17447|2768|10943|39620|53314|38405|39063|49175|51487|49572|1958|34238|20559|49115|5359|38024|21245|57391|27570|10795|15381|34995|40075|6362|54663|29045|6438|10769|35379|54986|46292|53691|27040|43948|29356|18480|1814|7735|59391|3513|53153|39097|20667|52071|45008|8533|17949|8404|22335|22710|3409|48451|50788|26808|22975|44744|29193|2734|15687|57243|1049|31771|53168|30817|58998|30343|29401",0.57305608331408442,0.57326248164149995,0.00020639832741553565,canonical_raw_float64_squared_L2
728,2395,235f1337e641821a,138caeebe04947d5,42134,100,"42134|7837|30568|31197|11067|53914|41184|32208|54567|12601|52676|2106|20655|41830|21659|4434|18313|5790|47144|42146|24108|40085|33511|46064|56199|47011|13333|4632|36603|39003|1406|45452|36294|9255|4452|56609|32268|50463|3124|57783|4104|58444|27010|51308|55532|32404|24485|10356|6838|58519|58899|52933|53700|47773|24265|38215|21113|40301|35834|53110|16904|2256|197|10948|15487|9615|23119|27258|10952|35559|11508|35767|2565|27424|50143|9028|29022|22593|20185|10|46984|48928|19855|27801|33480|19151|28700|28779|54650|25628|157|3587|19083|45128|22890|51373|14600|57590|23460|46887",0.53449041418550503,0.5349821078864494,0.00049169370094437337,canonical_raw_float64_squared_L2
729,1799,0f52ad1b23e7769d,198adc573805fb01,42140,100,"42140|38191|31517|17888|4638|26257|21290|50174|56256|25461|23137|21154|28159|13468|13125|23714|24391|16347|31399|6006|8308|2206|16490|48667|42911|47020|34287|51692|15976|34097|57455|24654|21180|35346|27785|51187|30364|30936|31313|27112|3774|34878|38774|5793|14376|42921|27957|4071|12654|59343|43566|20100|55048|46302|39951|20452|18456|19992|59258|26180|53921|48646|17336|35401|56159|49213|39404|24253|27588|49080|36672|34073|42681|53156|20772|38047|35398|9997|2024|24217|49584|10930|4436|40729|3477|21729|5052|18107|51190|16549|43329|31216|58299|41445|48215|27411|48498|31838|6623|59592",0.6253649735789365,0.62570560117653429,0.00034062759759778682,canonical_raw_float64_squared_L2
730,1756,747c4fb0694d79d6,5175d01f16dab463,42326,100,"42326|56841|39743|10173|39455|18135|24310|12893|14844|57390|10490|39370|25752|42151|620|17000|16098|52708|47370|16133|41066|31524|32123|39696|52493|39977|55177|43995|57362|2152|50659|51451|55350|53837|34773|16310|6036|13454|15746|8896|41469|49376|13544|55608|35106|22871|37266|4217|10261|27511|14849|41577|24042|18483|15943|801|5275|59152|40212|38177|55092|23275|7813|55226|10594|1659|482|58763|51097|57297|47187|11801|2818|43326|46374|35231|16309|5008|27694|13809|32707|22213|12310|52872|39549|13939|31122|19999|51716|33044|21141|28019|51246|3606|27103|57448|48940|14531|37389|17460",0.67668806793951397,0.67712136116796628,0.00043329322845231388,canonical_raw_float64_squared_L2
731,1950,074cd52ae591e808,12b77199410a973b,42376,100,"42376|55951|3674|46957|57521|30974|44376|39273|15258|19044|4242|50927|12428|50449|7866|52314|26824|13880|46934|13183|39931|15985|19312|10582|23102|37373|57769|17838|48833|44432|34255|29989|57096|52146|39983|57924|11050|16057|11548|35069|56568|35146|57165|56078|12642|27914|44801|13487|57356|18368|51949|43057|4282|38288|7465|51303|22424|45676|18734|27156|35955|191|50291|9357|46563|3957|31255|41878|47432|5903|2509|47306|6923|55679|56079|45737|49950|47059|44035|29503|11326|36756|33880|39055|59397|30914|14012|40851|18920|3181|46719|18229|31651|54434|26764|53480|19686|19373|44820|55544",0.55102741534669486,0.55107166922840412,4.4253881709255261e-05,canonical_raw_float64_squared_L2
732,1706,aab9c2d0982e3511,e0d60fe7edaac843,42382,100,"42382|55805|47985|57179|36818|20100|58389|19992|28617|24964|48718|35335|29449|12310|16398|22976|17275|52886|39338|7881|12885|37954|52814|24242|29294|39216|1933|58731|28859|45254|17492|43419|57589|57788|32991|29310|27342|15746|9610|5009|32292|32964|3593|57639|48519|1802|43921|20264|29241|49376|10471|51808|23887|38168|52815|49122|16036|28588|27616|33121|24310|38648|14844|35823|11955|48551|24912|15832|54201|34269|20742|20811|35780|21121|51767|45184|25075|54890|59404|21196|43789|42834|4058|40836|50979|6854|37874|2196|35043|8432|50976|54577|41340|18649|13569|17646|47006|56130|36373|5906",0.77542662209032698,0.77595028741770089,0.00052366532737391225,canonical_raw_float64_squared_L2
733,2918,6686958727d4e235,00d8be8b30b0f7e9,42436,100,"42436|20408|11406|59195|4947|18542|36841|48267|28056|28236|17234|32248|55561|40323|33595|16874|5596|51089|57788|5723|9515|58110|10877|437|53605|22428|22092|14906|39756|58180|17585|52149|29889|54535|14200|33566|53103|2566|34148|1743|45750|27474|29736|59038|22343|28252|39657|9468|19419|2787|51336|3207|51154|35857|21619|14536|50049|33948|13049|52926|15474|10861|47343|33555|4789|12124|1819|1132|52556|34384|36368|21264|33309|49655|15513|52629|37368|28374|10786|54746|31660|12887|23013|14984|49466|53659|58247|29136|15925|45383|54669|2424|15409|39190|45944|52547|21517|42836|35225|30920",0.45993699500752533,0.46039389235800965,0.0004568973504843199,canonical_raw_float64_squared_L2
734,1850,56fecb41e0e7ee33,53fe356ce8175f4d,42485,100,"42485|45505|47828|41700|7565|23140|19591|47046|9369|25080|14758|289|27936|56780|1135|37716|10621|25131|54905|47983|13622|19206|53257|58076|33902|7809|23993|19651|19235|6992|9725|51839|11214|4236|42812|50083|59478|46896|2977|7450|47301|53272|3213|31350|57996|8804|32032|36281|2669|32329|11741|39708|55693|42018|19794|37842|14254|29359|27054|48760|39266|5930|25592|26910|26285|51865|14086|51951|38201|37190|39810|16251|746|9735|23344|49323|25562|52583|45725|55209|36399|29626|18667|51170|46065|45147|49146|54100|30592|2493|37529|59155|37810|58240|55465|20780|38992|28206|3434|59702",0.49714017555015927,0.49753479029412395,0.00039461474396468299,canonical_raw_float64_squared_L2
735,2176,0440f86073ed0d04,65e03597edb18a3b,42531,100,"42531|30191|49074|12981|51287|10077|6357|41170|53632|56150|47486|22938|12873|25388|6480|18749|44240|6644|49588|3126|29130|11574|4459|28474|30575|51487|47568|33483|50594|22206|12413|16174|50585|33524|2389|7902|58733|8632|47315|45487|48515|30014|18753|10934|22369|46646|20241|9493|36559|47616|54949|26659|31188|50246|59401|9065|7274|9372|28258|40131|58400|28274|56742|7421|44436|24638|27174|48751|3344|50695|39065|18425|4703|35393|3840|27184|37590|55400|12972|37440|55945|34975|27050|45458|54365|39655|27311|22203|21093|4454|21418|33909|33391|24086|45495|24379|49273|33994|11981|34375",0.51018256790450378,0.51034008552332066,0.00015751761881688253,canonical_raw_float64_squared_L2
736,1752,925ee42c20308fca,3095fe1bc8e47f0a,42647,100,"42647|1634|59997|24226|7476|9190|6998|16976|21957|16795|3221|1661|19276|46165|9460|48190|57644|59123|57338|50141|42613|15408|34113|21060|59078|10808|39851|27475|57032|20493|15344|43615|12726|16714|15364|7532|56614|10760|18150|12578|1330|54469|30105|38165|33477|41819|59595|49259|21258|32219|16960|14797|42177|3752|17778|55433|46650|47424|58147|43767|7815|5578|37467|19022|16538|55479|26670|24662|36660|50094|3474|844|17615|37224|54069|36078|21682|32833|26775|45545|44631|41752|54552|51647|49969|5756|148|426|52760|20139|48775|20123|32225|34737|26883|11713|13245|13676|12829|50388",0.75148821686654044,0.7518565535572358,0.0003683366906953589,canonical_raw_float64_squared_L2
737,2155,b0cc2dc8e38cabff,da289b0f7453d75d,42808,100,"42808|30005|3227|47150|37458|45424|31448|53103|19785|49655|24282|53124|47145|39237|15409|34920|33013|5906|54943|8934|23941|22032|59521|59546|42105|34762|43607|57006|10908|8009|48916|16055|58167|53668|6610|29295|51443|56954|10719|39290|12310|28722|35659|2152|8089|10238|51106|22428|32863|58314|23413|57419|9515|58369|44238|39938|27697|14392|14444|2504|209|21640|58302|6158|54177|57773|17566|51289|49584|36908|42584|39874|23821|48739|16398|12902|50987|21673|57788|56695|52697|12548|8053|10510|38968|59865|24848|12679|11882|11440|701|11191|17536|44713|48276|51281|50334|57589|12191|45313",0.66109500447213909,0.66139242443169644,0.00029741995955734346,canonical_raw_float64_squared_L2
738,2296,0fbb79db740a670d,6c90831a67812cfa,42813,100,"42813|55076|3767|10661|31953|34600|37958|19312|43490|50544|56707|1199|37531|4398|56768|46989|49297|41878|38543|18985|16603|33880|18294|26723|48008|50754|20724|4153|12642|18613|56920|57917|44820|58472|20207|59762|53378|23367|28169|4208|53535|20496|18734|21607|45006|45751|55289|58134|5639|31038|52362|24136|40794|19421|47846|33798|49950|21442|22819|34789|59290|22981|50228|12906|58899|47059|46451|51700|42012|48833|54433|12882|19478|42431|40486|22857|50356|55337|47544|784|32342|10940|5950|13201|21177|12261|11362|6156|51803|22813|51758|59925|47524|43157|27665|57590|52883|40860|43708|33484",0.37193230568635161,0.37231280129103883,0.00038049560468722543,canonical_raw_float64_squared_L2
739,2688,a1aaa652d8c1c0de,06b002bf4d2f95ed,42901,100,"42901|1360|47135|41684|35506|28542|9246|33309|19588|53340|25500|22909|52063|4693|4105|9649|210|53563|55523|15925|10901|52025|2605|50670|53469|38721|51154|47627|11823|2566|28188|22282|24631|18801|42297|11780|31334|10400|32709|17972|59825|31071|34716|13018|19128|31466|41936|45747|42035|48721|13250|9855|231|49412|44565|22553|39756|19676|33791|21929|1819|59342|7089|8763|5712|47006|39362|24779|25962|5653|15656|40274|13403|14772|29572|43501|29827|40696|10671|45597|17234|4429|26758|35817|31577|14984|35600|26103|39789|313|15288|23193|11371|30666|35887|51140|16683|59531|7867|24220",0.42481829315617192,0.42484995912606766,3.1665969895733337e-05,canonical_raw_float64_squared_L2
740,1788,a449ec7ee6eab3ce,ea7ca379d1ca5d60,42991,100,"42991|38970|49837|44621|53138|26038|34667|50090|52345|52043|40548|15318|54556|10197|59265|59323|29162|48310|27325|35896|5052|28080|35498|30070|16400|21458|53012|15413|24938|25542|50144|48202|20452|15466|47818|36942|33325|27061|55259|46580|25210|24158|58282|44272|54374|36483|5820|56812|29166|17975|59233|47654|21976|2136|11633|18967|25908|52625|38899|5791|21333|26578|35572|29954|38919|31552|57487|10346|6904|45813|9747|4778|22884|36819|25189|38818|36737|45202|41586|58950|20748|11667|15887|22108|1673|20404|27352|40655|37630|38754|53400|30517|59784|11297|547|59508|2490|29621|38387|11482",0.78070734276881615,0.7810857744794778,0.00037843171066165304,canonical_raw_float64_squared_L2
741,2517,23756b3587b5f335,fb47e9fffbfa255e,43028,100,"43028|17676|25067|12959|55963|23780|16573|25645|3504|30499|25357|57700|55075|58190|21292|40405|41493|58822|2461|28127|49667|25747|52859|22363|48206|5907|32493|57870|10647|38856|51029|43174|961|26841|57605|37926|12379|24312|44011|33608|6745|26834|24781|7944|53286|12407|29010|52488|44934|9087|1746|10909|40760|14267|55429|35566|3631|54073|44959|49836|23152|49200|5355|57205|37106|30292|41476|53744|43114|914|23469|37773|17555|24184|55666|43481|16606|35614|2697|40039|29973|11575|24577|3712|15991|4309|1760|34326|34435|23987|31691|25663|30715|1741|48142|45637|53056|47649|48337|15227",0.62230641099471318,0.62248921084447473,0.00018279984976155017,canonical_raw_float64_squared_L2
742,1911,11a42bd0069046f4,cc058ac0d3a12f88,43142,100,"43142|58889|20376|36430|35161|37027|16626|4538|17725|30371|54465|26251|59464|10719|33775|6465|50099|14428|39084|27832|3944|5040|31983|3080|3428|12791|8099|38924|29302|3|8501|52851|44264|24808|19213|33369|8808|41188|36369|30432|39002|57537|16199|25719|24393|27708|20007|44831|20428|7397|5068|16445|54699|3937|58729|31790|47442|41824|3747|20171|9506|51788|4191|25400|31748|32207|6595|33619|56083|18014|54109|6035|4691|13186|243|7761|1812|17099|44761|49636|20803|51039|51210|16737|34064|980|8454|19117|36805|56220|41294|38517|19481|1810|35515|24353|28926|20559|50509|25686",0.64748823502211383,0.64751957758178014,3.134255966630306e-05,canonical_raw_float64_squared_L2
743,2599,1b2bcf62ffe63d40,9472411393e47c44,43152,100,"43152|4037|37767|54544|19360|2823|33496|44803|11573|26634|46942|18491|33482|6528|39494|49241|55555|9560|30581|28510|40004|1302|20576|21371|20544|11099|50435|48413|13485|1435|59701|26953|39808|20116|50038|47484|58486|26068|13865|9443|37763|25554|6024|10077|8765|3028|40251|24846|48980|36114|25286|9239|22569|22318|37553|41836|14319|13353|32733|58981|23445|10789|22201|34260|37037|1563|5785|33197|254|17623|8546|48221|18105|41552|34672|31952|3|33585|2365|55105|12324|47910|22744|57539|4753|24562|51473|10561|10719|7634|17686|56567|2232|3271|59780|35816|21247|40099|32828|58027",0.52024946965447438,0.52087631394901712,0.00062684429454273882,canonical_raw_float64_squared_L2
744,2397,d3bf42c3fde6b560,2c81ab1194f40531,43309,100,"43309|51777|27754|52510|38074|58452|42496|46455|39949|42145|9479|14634|39067|32373|47538|5880|3499|26072|52526|6449|2842|10904|54551|21239|3408|6168|7220|4637|39913|8905|11945|42662|4962|3109|15168|24411|32598|55345|11046|43541|46398|5032|37241|37281|58710|21728|50702|33066|7163|49518|38297|17552|3393|32391|47438|50460|55676|31964|55414|48490|24635|8709|31452|40954|22845|19614|51680|10012|29041|37372|8866|50456|56032|19903|8033|16546|2575|58209|41286|7273|39626|29899|43299|34686|12338|47666|39960|16742|57256|12147|29291|18103|10136|58698|55499|43712|45702|4710|11120|13361",0.67560516167234574,0.6757961034211607,0.00019094174881495452,canonical_raw_float64_squared_L2
745,2786,31120e99c937276b,cfb0c6877a45e410,43337,100,"43337|37602|54473|20225|8889|48446|16805|24953|51003|1055|7811|31826|45692|622|25962|22857|26543|53550|56902|25753|37626|10155|59795|58971|54184|56842|7074|24967|55026|30282|47595|59915|28188|48191|56920|43663|9577|40597|40486|37391|40286|29862|47626|9352|14688|9395|35887|44851|54958|51303|38776|210|22740|24130|32641|41272|28892|59825|34764|11819|11860|22885|46851|53340|16675|16393|47979|49412|48394|24478|29111|21329|42219|30626|21929|42510|26837|31334|2975|43059|11759|49275|37450|38810|53596|30464|30551|21385|54249|57257|47812|21002|8930|6298|82|51617|36420|55145|49364|55702",0.33292495051939197,0.33353892100861338,0.00061397048922140485,canonical_raw_float64_squared_L2
746,2881,4284ded61bbf9a4d,92c3d37ff6a4e8cd,43374,100,"43374|23421|30109|45263|51624|28676|59318|15168|42702|55387|22149|20655|38584|4491|53914|27154|5880|6415|12147|20011|32024|16951|13945|15338|19142|2106|41810|10247|20027|40757|47144|16434|58647|26145|29756|8546|24835|32208|18146|18556|51336|56521|13361|49077|19614|10861|34976|47297|16865|52409|18916|29899|41202|55334|36572|10|49406|37368|3970|35970|7135|35573|13344|32201|6548|38967|6932|11048|37110|16105|20377|56624|17552|56098|57591|29108|18559|8557|2400|57256|55415|2990|1955|31993|42005|38979|46942|27534|34051|58027|53292|20782|764|33885|24635|55676|37372|9852|28246|40588",0.50481083467620591,0.50555443800873068,0.00074360333252476707,canonical_raw_float64_squared_L2
747,1784,decb2eb869424017,a5392a27ffb7eb4d,43436,100,"43436|56365|21108|35784|7331|39465|27634|45505|25701|21382|7940|49116|48020|7945|53061|19235|3434|16589|53245|48813|11527|294|42812|18723|48955|32329|37716|10028|11046|58675|55209|52084|15481|26910|35557|37893|58076|14363|31967|28772|24845|45054|55356|15427|14503|27054|3146|19651|16251|52860|34410|9207|2807|12466|51899|13237|20588|15143|49396|44737|1808|28612|53308|34361|5536|9956|43234|7809|19591|2331|6235|9795|31304|57158|27145|19794|39284|6498|7273|4626|28461|59284|12667|44457|50842|51169|56051|51296|28528|7546|53881|40901|59702|152|12803|2493|3104|9725|31350|21069",0.56430944369889058,0.56534589471284158,0.0010364510139510008,canonical_raw_float64_squared_L2
748,1702,f8079ac590c9df57,58c89ebcc0f99475,43456,100,"43456|7380|40561|52171|1772|15922|56532|27633|46682|22893|16896|55081|17778|33427|17538|3221|44349|40478|3107|14405|58700|18587|57846|8457|53773|24390|1634|12135|2015|13461|43868|26302|22470|16757|46870|47517|25170|7815|39562|36532|58275|40419|3055|59261|20769|40360|14232|39148|41069|44995|10333|21839|35595|21864|34544|53978|27691|6092|31185|27689|8793|3156|32576|17615|53142|10835|37025|49906|37613|54016|49817|55640|54889|31021|47225|3667|39869|16345|30422|14273|44268|25658|3125|29459|17440|11953|11093|17554|26728|14797|55479|35390|34207|31133|19653|35175|38055|23353|28447|23773",1.0533579565633988,1.0536698040075967,0.00031184744419787691,canonical_raw_float64_squared_L2
749,1839,951c76aaed84fa71,4c9216b50e66d4ab,43485,100,"43485|12543|7907|28570|21770|4602|48175|2211|45834|10664|57031|22616|50675|1913|23962|12258|36555|11937|7748|10116|10399|56247|50722|9555|48257|34270|51109|40415|20209|27496|10645|10858|12442|7396|24383|18996|59699|27642|57626|39191|17012|59015|46380|16820|34004|4006|30537|35999|32787|18842|59158|49503|23808|18518|28619|45827|30169|24486|19165|11897|30673|30846|14587|18659|44320|58536|41598|54695|36802|34979|49611|14923|31855|4250|54783|12875|33372|8995|56284|28125|40169|10614|27532|37866|28192|4163|45094|39329|53817|47349|5854|10377|18182|2287|48275|19975|28274|54582|35229|49074",0.65478044910517763,0.65481661762188026,3.6168516702628217e-05,canonical_raw_float64_squared_L2
750,2266,52913b2bf0f6b405,837788ee3d4c685d,43515,100,"43515|51523|42974|5062|24430|32329|49352|43287|53753|12751|46218|36677|52800|37186|21113|32615|15789|29823|2575|14261|4969|20966|21069|12505|32201|14060|58027|58452|521|25781|51801|25806|42953|35140|44737|39985|20282|39962|7911|151|4098|13416|19929|18334|24168|24995|27494|36037|46255|11570|24370|32094|14730|44021|38955|2921|2282|57256|45531|49192|35956|48955|42553|42533|13995|29899|43360|47538|22198|38896|38308|48305|54138|57988|34159|31804|20027|16674|10890|17612|41287|673|27063|4550|40055|46112|12667|33556|14787|14503|15168|2842|5032|2943|39066|31304|9237|14082|2400|14634",0.57975269583181688,0.58033703967017469,0.00058434383835781478,canonical_raw_float64_squared_L2
751,2087,0bf42efe69d4e0dc,2bd698a2c8c01ee1,43528,100,"43528|55905|59074|2695|11682|29138|30734|54183|3050|3271|51120|632|9223|41647|42703|17791|53002|30558|12408|50583|30094|9848|13568|6146|11797|54544|56461|24513|24250|31843|9211|27277|59859|12437|30849|34332|28600|48865|44838|32741|59443|30379|1205|3314|10207|55022|10679|55527|1212|47992|19045|22635|36047|15889|1852|27631|30522|9061|46924|50036|26634|38406|38135|50213|30862|32828|52608|51426|45064|52845|56749|6260|36393|40715|22318|24841|49595|9196|58887|3028|59463|47211|10385|11350|25116|41934|30549|34816|25286|57539|40338|33585|30527|9961|5658|59610|35868|272|14333|11550",0.78308605704130607,0.7836771667612239,0.00059110971991782613,canonical_raw_float64_squared_L2
752,1567,7dcbcbb5aee8f851,b7b1d58f7abdc182,43539,100,"43539|17171|9701|7111|9739|21203|32848|29628|6928|7428|7127|40898|38271|33114|51076|58648|48079|50576|52528|48113|21401|48483|56686|33190|48096|48156|28324|26437|22600|38083|3382|30007|9138|15171|53|39601|35453|22699|42981|53555|56869|30955|11707|16738|18557|51378|56376|54736|5246|40110|38470|20003|43421|2605|36464|44054|40145|24463|18798|7586|9625|59354|14052|49910|39926|11490|59457|35876|29224|140|18864|45500|15955|34546|24695|29995|26712|14390|38156|19114|29080|22200|8278|31951|54496|22454|33603|46615|17284|24354|12510|5195|24557|48964|2668|17057|30147|67|15607|56949",0.55561217099640436,0.55608259281337213,0.00047042181696776986,canonical_raw_float64_squared_L2
753,1710,8b0d772f02571496,f85c0355e0937ec8,43547,100,"43547|6316|18594|1724|23012|21627|59001|4777|48749|21528|47704|43267|35465|25165|26818|30783|14005|17701|17032|52730|3285|31945|45231|11140|9959|51811|2947|28089|21563|14900|54532|47279|6446|41209|31110|42101|49084|13588|54506|12100|41666|51480|26344|56982|47751|14398|22163|54741|22754|672|877|50869|31862|50940|12881|30463|19571|37390|23648|26115|24219|8607|10420|30293|13665|46999|35331|45377|15386|41589|38084|36774|2728|10571|57282|58839|57462|8884|34573|38908|28417|17893|17331|59258|31253|17461|36672|41579|22055|16471|31288|357|19722|12498|47250|11117|16958|15905|12038|13508",0.74817019894711234,0.74844943621393156,0.00027923726681922112,canonical_raw_float64_squared_L2
754,1934,d46417bc2828969d,cfd00f7a6149e9f8,43713,100,"43713|37588|26220|49278|25814|19342|28064|4313|10377|50818|29068|13745|52870|30780|55747|43964|3670|45123|33362|41244|23716|8426|48916|7350|31772|39089|14079|21854|37392|6285|51927|42264|30034|33641|13355|29300|46038|13338|21499|32761|9478|47865|14874|52379|9036|3479|42561|53064|9666|48728|38484|18996|1926|22348|34052|17017|26254|4595|50644|25206|42781|39507|2219|22712|49387|48052|43061|25160|23586|31483|10399|25689|46839|43447|39191|53642|27607|43824|55612|50540|50591|56845|38666|54978|4330|20716|17539|13669|19785|43179|41963|21479|15743|3169|8841|14112|7366|31015|35829|54376",0.62093207518121996,0.62201572734993871,0.0010836521687187517,canonical_raw_float64_squared_L2
755,2791,fc3ac9c9c99a0722,8180f2feecb5aef0,43822,100,"43822|47091|3263|23157|15622|18617|7509|23440|2777|21217|51018|1711|36858|58925|31465|30280|20233|25126|14755|11325|19730|6276|20015|21936|26722|20751|21774|46439|48847|55721|53912|19254|55762|13432|22796|13841|38133|14479|457|58795|20724|24755|5699|12686|35243|15946|34547|11529|13340|55189|45982|39780|10634|4702|23099|18948|53063|52507|8355|23211|42660|29836|52909|17844|56824|37160|37358|13043|20563|16801|18319|5702|55331|31169|23858|48557|37439|52570|19332|15304|21319|5988|53475|1664|44333|44136|13194|12079|32107|27986|35985|48689|32240|7663|23256|26637|3246|19435|16076|43059",0.21662427119768529,0.21778646296393919,0.0011621917662539005,canonical_raw_float64_squared_L2
756,2461,4328efe7d7932632,a286bdc33f9492aa,43833,100,"43833|329|8930|43242|10800|10267|52481|7877|34397|19853|42070|30307|14301|48191|28442|42323|9930|20247|19642|47595|52860|1362|36347|57420|54675|59837|17306|24726|21613|7935|32523|21967|19496|33069|29629|12935|27782|36462|10916|14226|11819|48180|24572|40849|44840|26116|36871|6877|58749|14262|48091|32342|31256|2232|26697|22128|18758|622|6696|24320|51003|20913|28837|54137|53615|30195|12032|45493|10207|3271|15178|21055|12796|14737|28637|24853|31289|6283|4238|47352|15097|23558|50195|38225|45558|37073|34617|21382|6498|43686|21078|4857|48548|19561|17382|7896|15399|24017|54491|41865",0.43179468283119726,0.4329908872326762,0.0011962044014789397,canonical_raw_float64_squared_L2
757,1857,e715265f3bba5a65,c689106d4f812f9a,43965,100,"43965|8218|37720|10499|13861|28223|22680|1954|33396|17779|30429|45904|54270|4502|8297|25746|48825|55491|24113|11506|25820|56627|58472|46901|17932|10539|19515|13432|5166|26939|45035|2647|29131|44178|15949|49443|54315|42934|18765|43421|20215|37903|16313|14755|52192|41865|49690|27274|37330|43757|35409|28973|6716|11008|49832|45346|39780|56304|39540|47626|497|34783|59946|39459|34715|24983|28138|7599|17382|51446|39789|628|27326|53379|56241|17573|53621|13382|42329|28647|55302|27425|7714|45516|9813|18485|34969|43224|27963|54194|18985|18839|50010|24587|16906|54731|54744|28811|16097|13086",0.42123622393959936,0.42286725767593975,0.0016310337363403815,canonical_raw_float64_squared_L2
758,2307,aa6fc061ba0660e5,7af4a2cf1c67da29,43977,100,"43977|46475|34316|3631|52641|50972|43425|4637|6095|56948|19521|286|55387|57999|40531|57730|44446|49329|50236|27933|14842|40438|27357|1955|23370|56890|41987|52364|38588|56214|16507|22837|4314|38865|17060|17793|9660|37442|14291|1425|40770|21789|42980|41106|7383|40437|5355|39604|1269|32170|8709|26890|53238|46407|53025|49693|7252|28186|19157|6254|59738|40337|51300|15083|53056|13985|41593|17105|5998|23956|2694|35103|52419|1959|50138|56032|57654|15338|57397|49512|11398|56777|35573|2650|35455|19331|53809|15351|58817|11048|24674|12765|1746|17145|23691|27206|54672|26773|33731|54782",0.74792291050633397,0.74800987023966004,8.6959733326064104e-05,canonical_raw_float64_squared_L2
759,2709,560c98651ef944f6,5b06b63d5239cb44,44015,100,"44015|21807|46311|48981|9468|48167|51154|25291|7860|40760|52488|21038|37084|48525|52053|50190|26231|27367|52830|36442|52584|30249|45141|43201|38856|58893|2787|24966|47015|31382|11270|30143|11110|11903|20803|19967|49061|32237|13049|49353|26782|26771|9758|55561|55476|58713|23413|10649|42090|11412|19013|23968|7388|4546|1248|32739|41399|23193|59780|45889|19000|19551|40946|35225|29627|14259|7232|6500|48884|36841|56013|24218|15297|44314|48206|5343|32493|21132|31500|32338|17234|10938|41140|52671|55436|36089|41160|47752|17566|4734|2393|22202|46263|58978|43501|21264|47712|2056|14505|36687",0.49074554784091223,0.49104657918298661,0.00030103134207437598,canonical_raw_float64_squared_L2
760,1955,6ed8d0f29fac7872,6dcc309c946adcb5,44050,100,"44050|36559|44754|36490|56805|25813|33994|7274|17192|49074|31989|45458|35850|55662|40658|27184|23249|53421|9918|59114|33483|50867|40137|27050|55795|19667|22384|10504|15752|13763|39398|20614|39280|22206|54449|24638|27358|6652|16724|20570|47195|47374|8968|33196|26935|58457|27307|28216|1598|32925|2426|24018|10645|44321|20476|35769|34601|49151|58205|59765|49865|21237|44924|33391|12021|58968|59373|50594|22361|22369|58536|12628|28535|1467|33524|18753|26044|31976|39583|31188|10795|48185|5759|14195|39322|46240|29747|20241|49016|9493|22187|45403|7597|28072|10110|58530|47013|50585|48275|30191",0.5500666011199844,0.55155777056487076,0.0014911694448863644,canonical_raw_float64_squared_L2
761,1664,1dd21ec33afbed6d,56397b9122c93ca0,44078,100,"44078|9776|39239|37379|16040|24852|34770|30533|53233|12331|54576|31202|27565|28855|46601|36182|5095|8936|11334|6311|1695|19178|56617|58259|26466|5060|59662|11183|41216|16689|6077|51841|15881|21229|33657|52613|17930|59315|38598|35484|34947|22989|11698|6825|4438|54523|51835|41403|22347|3273|47597|25474|4338|41676|11897|31237|4163|54314|54200|50048|6237|5975|58175|28531|35079|28260|46207|49778|17671|55257|32034|25898|32765|17921|22955|10235|33243|39062|23910|33684|29883|51910|11330|5625|5043|56039|4189|1338|17199|183|36421|51726|33122|57203|8672|39740|18731|22218|31001|22612",0.57981308792994057,0.58027366889497389,0.00046058096503331925,canonical_raw_float64_squared_L2
762,2397,5f1cdd694c6b8e4d,a0ae541c34fda850,44092,100,"44092|44556|4092|9501|53842|47889|41779|59749|27858|43383|38571|25796|31950|58373|16892|34645|29746|38408|46413|53140|8825|53643|27955|4500|27643|25851|26352|12676|24178|1506|9427|58248|26015|55919|31730|56858|14249|59568|50494|33695|49767|32463|18274|54568|21880|57808|31069|59203|10817|26304|30299|18349|17696|31403|10292|7007|21503|45110|43356|21953|18890|19336|7995|49857|6717|18774|16473|10248|50712|28627|49875|22948|4240|43900|609|35295|58607|37416|32865|24414|7953|13070|35033|59912|32019|21236|33970|57072|44448|29493|39981|58761|39098|10096|17020|3034|59412|56474|22091|5408",0.42043919186091183,0.42075114155246318,0.00031194969155134977,canonical_raw_float64_squared_L2
763,2553,ff74b13f78bec1df,1903d52fbfa0238f,44224,100,"44224|50049|34565|45864|41320|57861|22092|14133|31826|54535|46642|22170|37391|54534|16274|38197|41692|11526|55026|5796|28769|49466|38736|34765|22460|23029|36943|8911|23193|720|54691|59386|47442|20149|59962|35148|44370|20913|5857|27214|23414|26326|11729|54110|39096|34669|23513|36442|9952|32793|41305|27205|7036|38845|9543|50207|45863|4278|18185|15816|23902|14906|58893|31501|28556|51089|16874|29098|53605|14243|50254|33273|5727|39639|31570|21684|1312|19420|53344|1819|14759|36989|54484|56131|31682|21642|42850|12140|36841|6772|21517|25025|2341|17831|50437|45750|39492|42610|32822|47552",0.46973989628396828,0.46996606728529916,0.00022617100133087709,canonical_raw_float64_squared_L2
764,1938,3300e797314ea49f,fe4929704651161f,44271,100,"44271|49697|49374|1597|16381|38797|17601|590|12822|22537|38408|57868|43678|10748|11345|50636|22471|15495|16832|14189|36827|45959|56337|32259|43803|36001|38149|50079|53380|44420|43100|51896|13474|4272|52947|57737|9599|25374|8428|7042|38919|43401|21337|11172|31317|19238|25021|27757|18071|10272|30776|30717|52116|49026|10191|41794|8539|32190|45736|42556|20466|8587|28829|28959|14966|50089|30850|20100|44168|34369|40201|27365|44013|47512|4468|27987|58830|17962|33325|53488|9432|47007|55868|25794|29510|15043|32301|23568|25162|34629|16882|24985|22477|58320|36668|59283|39490|35297|23345|50074",0.77554952372658514,0.77676228234164835,0.001212758615063203,canonical_raw_float64_squared_L2
765,1621,16efeeb682464ce6,2bb3ade39f32002c,44429,100,"44429|19414|48049|2684|22486|40762|6886|50797|1008|15365|38960|26898|10557|53510|44653|6887|44239|43741|15983|4825|4033|12288|33518|34136|25702|19104|132|51121|26212|39620|37218|20492|45538|6558|44242|25556|36443|45132|16218|22653|49888|22580|15454|53671|37589|10701|28437|28114|58912|53200|41656|38471|56674|48708|46447|58754|51117|13617|4974|8077|46502|6235|31099|8029|12666|34361|14545|38709|47494|28632|13827|46961|51452|32456|40174|59574|37311|16133|38538|17993|40209|15106|58699|52963|50009|37515|50820|34322|53432|20809|35232|36914|50043|11131|16444|3533|13511|14496|44490|10385",0.66061904188479292,0.66108801369068304,0.00046897180589011711,canonical_raw_float64_squared_L2
766,2449,2a7d9e4314227e29,44c6dc9174ff3a4b,44556,100,"44556|59203|49767|44092|9501|10248|58248|32463|17899|18253|27955|53842|58373|15635|34274|7953|38571|13008|47889|11501|46928|23871|14249|8825|13868|29290|42884|54568|49631|13587|27728|21880|906|19195|53686|21236|17120|34637|8690|41889|55989|53140|56474|50234|4500|24315|55793|33695|59568|44448|31950|13070|430|49291|51702|12401|57832|36500|29734|58607|29462|57072|3770|8812|58985|47564|6346|39015|42324|3034|39843|57808|49857|21953|37398|49875|26015|19432|45104|5875|26352|18274|18774|24414|25872|15590|9800|36722|9663|19078|55130|49676|18890|38408|1681|40134|49096|57041|41730|25796",0.41073155706406295,0.41086937494998838,0.00013781788592542865,canonical_raw_float64_squared_L2
767,1989,99404d226574790b,d242b7454a0bd529,44575,100,"44575|1572|46656|40215|40181|41495|25048|55058|52493|48669|41282|19867|22220|50626|53948|26763|20670|8900|6550|22335|41472|47177|40149|52730|16471|24055|46953|7350|43164|22255|27959|8896|7692|37390|28547|42833|58732|28415|20002|29519|20025|1559|2309|14202|58814|23151|3023|18413|22090|3531|26008|36397|52080|2887|16682|3230|32254|8561|39361|15401|10845|7370|39434|13910|49973|34426|27607|54663|18030|57512|46358|35331|10943|46559|4354|52246|17760|28207|24903|26652|44726|29401|59674|42387|50940|1672|47641|30712|45899|43918|683|20667|50771|18752|21624|41576|43199|30752|22451|48509",0.657502320383059,0.65967421531392789,0.0021718949308688895,canonical_raw_float64_squared_L2
768,2773,e05e5d8fcaf6ea42,db99274c301472fe,44695,100,"44695|5825|10053|16116|53195|6805|13432|48191|59956|43264|26902|31465|51003|19312|12906|8543|13435|18319|29219|13776|49364|14383|36880|5719|55331|982|4702|59825|14275|44910|14755|49835|45166|16076|36881|12619|39068|47091|11873|22740|49055|1018|13506|49950|56669|47979|622|7000|59700|27092|28811|50356|51758|9520|41667|52075|34600|17382|5728|31536|31169|19665|56920|38209|32683|29803|29862|46321|45878|55344|26396|32240|52350|57257|57101|49138|56768|7213|5391|42297|23817|40530|15154|36462|43059|20724|35887|48689|27914|1283|12818|403|14620|23158|55220|19985|29065|57102|20225|35347",0.28083290490242929,0.28135765239313426,0.00052474749070496873,canonical_raw_float64_squared_L2
769,1963,5f6d27043c27c688,e5275aba389f06bc,44758,100,"44758|37430|14546|32743|12040|38393|59559|36010|3149|40338|24647|53898|44793|12385|2357|39371|47025|22515|31395|30698|52312|29913|46438|16152|34475|22165|25057|57894|37921|4541|8794|33813|13138|22598|20761|56410|47247|47930|15114|53833|10462|47787|41631|19112|34485|21807|36115|8615|8216|15740|4560|40059|36879|41173|10658|26053|31559|37634|27956|30270|22311|33208|5068|56701|40948|5397|22416|52582|24218|47118|37417|41998|9022|12638|7862|51701|21352|11589|43893|23941|46186|41508|50231|43558|57892|38859|24278|1906|41503|7388|20265|13038|46373|19380|17215|24767|24331|30050|59463|33830",0.81797522335476436,0.81818234952999225,0.00020712617522788968,canonical_raw_float64_squared_L2
770,2063,477e460a213393b1,62ad400810806e34,44896,100,"44896|29091|4764|38099|39771|23526|30407|3882|15204|5383|58871|8575|17110|38759|1171|47307|41631|21170|16638|47017|53457|46623|7706|49385|45617|46828|58915|31349|21368|48339|39240|37995|5453|49917|57053|34475|59593|54424|50237|26315|54331|16763|46649|32656|30420|50566|13512|55243|55304|54723|24625|2396|19757|31755|199|48094|7838|50609|31417|27255|45984|35443|30130|23856|13313|54218|54128|22818|46427|7841|12078|29429|44462|47588|57720|1312|57631|8505|24849|44273|15534|1448|17066|8807|29938|6189|12232|14133|16006|5428|13580|14705|48196|57623|26471|53999|38538|32580|55824|22178",0.60963779464310885,0.60990260466787771,0.00026481002476885784,canonical_raw_float64_squared_L2
771,1924,d639a637260bd760,7cc739d67a857212,45079,100,"45079|1220|51634|17891|36419|28540|49296|3656|24069|44915|120|19281|18295|36591|12501|12396|31489|56486|53435|29183|54999|9112|5682|46739|35441|49108|4619|47471|37098|50254|36012|41768|36913|30829|28732|6779|43811|22488|45903|38834|41567|21496|718|655|10926|50996|8366|31620|57117|5360|28259|38522|59487|53632|58717|35021|42923|24870|58047|1195|20597|49056|32781|5965|53670|250|42443|9233|57791|31792|56275|7754|26592|23323|36000|31759|58414|9676|42389|29572|18756|49265|29589|3617|58370|7793|59204|46722|29591|17169|18677|25054|49929|24234|6918|38273|18035|9210|22909|18011",0.64276151388322156,0.64293212026458069,0.00017060638135912853,canonical_raw_float64_squared_L2
772,1915,3e98ee97641f633e,41477192ebce4862,45080,100,"45080|36172|50399|23942|17826|10745|37825|16653|2812|39116|38005|11729|41305|47278|41252|10862|1110|22761|2953|59517|12488|7036|13987|49781|50652|54214|48909|39632|44562|51551|7277|36843|32529|50432|53868|44513|7205|34509|31826|45678|30239|4493|50508|27224|44904|20564|32818|24823|16134|24177|7001|7951|42599|22652|30036|22092|46589|38179|33917|43554|35708|38560|39285|58420|23690|37005|31799|33519|46222|19387|35714|20483|40841|58434|26770|24039|52288|10226|27065|58636|46232|58425|15320|33995|4315|10246|2925|10851|53196|39799|26512|23934|22414|30327|26377|51130|53128|42721|54640|28235",0.65655167580980522,0.65717307974813022,0.00062140393832499363,canonical_raw_float64_squared_L2
773,2198,9ce2737ae92ee967,4c65a6249dfd12fb,45128,100,"45128|4632|30960|4463|33511|32277|47167|12601|197|41182|46065|4434|53914|41830|11508|22593|36307|32137|20655|4435|56873|34011|11067|58782|22086|56506|36294|21663|38281|57065|59514|40085|55532|16705|33600|47505|37429|59021|51373|58330|19151|52182|19083|53280|47917|21659|58428|47884|21359|10444|22436|22174|26969|4350|27424|51883|47297|33090|41565|18457|3985|4346|25465|56199|29180|24108|40301|8691|5238|52768|55575|28779|20201|1928|17009|38215|48362|27772|6868|27258|36994|28676|4452|52989|2106|5505|34216|6005|5458|19855|3124|8063|21944|42134|10555|26812|9147|19105|15606|10710",0.53635925138691487,0.53636479080301047,5.5394160956012684e-06,canonical_raw_float64_squared_L2
774,2862,0d195e3c23457be8,01975194148486f3,45260,100,"45260|53596|5785|39177|20782|11092|36025|55105|43139|56098|272|55415|34672|9924|6548|14558|22953|56461|32525|15925|51771|29218|56943|24671|46587|59859|2520|48841|24562|57266|55022|17816|39636|58027|2699|21247|13875|36523|34169|45616|57935|53098|8546|16674|2575|25301|47716|23255|15347|46644|9592|28461|31515|16199|28600|32650|9543|50038|7407|10222|33501|45702|46490|13865|58647|58981|1471|46942|44110|41320|4278|6260|6932|44041|7676|27050|23421|10815|24835|25556|38824|17498|53510|24379|54571|45592|59893|14119|47922|29528|44200|8492|19758|57537|20376|55590|53671|36665|11573|3",0.47157287958742078,0.4718280564716848,0.00025517688426401897,canonical_raw_float64_squared_L2
775,3018,592457978ebef154,415b2e22c34c4355,45293,100,"45293|50292|26771|9543|15744|204|24966|24835|36841|22709|16874|3783|20027|15259|43715|20293|33953|34322|12367|15440|23193|16386|29106|14505|651|15787|51578|43022|59055|31570|34384|1760|29098|10485|27367|9367|53780|32127|38856|25255|34193|9131|54033|27872|10113|39889|31492|11789|42836|16674|47752|34804|2400|52830|12879|54535|11412|19108|48206|44446|19406|55121|46490|7860|52500|13708|8957|7232|55885|16742|23114|43182|649|9339|40468|14984|59877|43917|24394|2575|52275|33234|45750|51028|26502|8611|17669|21435|31948|54575|42496|23915|55387|9877|59224|55429|18179|36687|6593|15338",0.48848798648601133,0.48849292975782854,4.9432718172148782e-06,canonical_raw_float64_squared_L2
776,2152,65fd659fc4edd1e0,a989598b2c9e36ae,45297,100,"45297|29479|34404|29570|9693|9137|25796|51702|38217|14913|14752|32369|49683|55766|33960|26100|17120|15768|57983|5143|10955|241|37674|23019|8558|16775|25743|9798|28153|36636|35139|5653|24455|53184|59094|22539|43029|25905|57681|9450|34983|38408|40622|5219|5371|8235|20763|32532|24766|59669|22326|14756|20711|36479|9882|59927|18623|8785|45822|14585|36733|34582|48342|56522|54621|17291|9954|49767|47883|40234|39098|7447|40988|15884|58696|28384|46115|13582|51512|3324|25092|3906|19416|21322|3796|43655|44302|52604|59287|49152|14660|43672|41910|57782|26175|30745|10974|25746|22954|35074",0.60208701280183741,0.60363163518645035,0.0015446223846129481,canonical_raw_float64_squared_L2
777,2649,714c0d57904425fd,c5211bf653a45566,45300,100,"45300|31826|24478|4429|11003|47163|30464|26837|36420|35600|28188|49412|27476|22698|18542|13606|31191|48446|3554|43337|35451|55026|23513|49002|24429|47135|38995|19077|10657|43738|59825|52025|4789|6165|56169|22170|15656|7089|21329|2253|42180|40551|3037|28892|59795|9352|41194|2975|32526|21929|55310|32197|39080|2723|36943|15754|37748|58540|14772|24130|59386|17536|28428|34764|4914|58971|54691|38051|42922|9649|54184|3527|41590|5708|30915|23147|46851|30626|5796|21649|25962|41331|53524|28769|2989|47979|25500|1614|38197|39874|23630|36026|40116|59038|10686|24967|41555|57679|989|52383",0.4356266949911467,0.43606906026385145,0.00044236527270474779,canonical_raw_float64_squared_L2
778,2335,84f3559144115da9,3e0eccdc1fbd0d19,45351,100,"45351|13715|24040|16926|34638|34777|59029|58613|52841|2363|33038|51431|14697|47123|673|52262|528|19535|41193|24472|9544|56909|51995|58457|39295|37294|13533|57481|281|30425|54402|27253|34627|58681|1436|45022|58958|7298|27213|28834|8865|43391|42158|50569|52523|16033|23739|21446|46783|42080|37977|22672|39537|16980|41248|40978|20992|48538|21318|57519|24749|17845|23196|39|4753|47126|20048|18627|31515|14996|39541|56056|14726|51765|40666|8233|14081|54031|22241|15359|59928|41754|17248|53098|58842|29582|37816|398|34559|1743|7642|2971|35843|45221|29254|46575|38640|12352|8490|58858",0.67323836267566173,0.67357413877469097,0.00033577609902923911,canonical_raw_float64_squared_L2
779,1561,a4144de99395d24c,a560c538ff3e6eef,45353,100,"45353|17273|33846|59435|17043|2933|33881|47406|56312|42474|43922|39535|43011|24064|18408|11961|46574|7969|11753|30326|11171|24803|34216|11950|50833|32232|32375|12652|53929|36377|32996|22523|2114|18031|39472|50432|15320|55633|38699|2482|20226|23661|48258|46633|40335|15366|38703|32972|49172|36715|46422|44193|11032|9460|50652|54238|5862|9408|4134|55881|3749|1979|55005|10007|48262|35870|55776|31243|50387|40672|18148|29077|37825|32400|26792|6017|27235|41517|49986|48684|47447|30970|27079|37462|30995|38556|16896|22414|50598|39520|14797|23146|1780|50573|56022|8436|49707|11495|35715|55907",0.86556293327198564,0.86566986217071051,0.00010692889872487843,canonical_raw_float64_squared_L2
780,1684,9d5085fd6724bf0e,df768499b6ceaf76,45497,100,"45497|6201|886|5622|12326|44990|46226|28982|31055|32085|27336|17689|28592|23467|36010|35485|50068|20020|36684|51774|34800|38740|37552|59216|58111|31273|31549|50986|11966|42086|56214|1741|46278|28711|46858|13255|47823|5585|26393|57372|57073|9198|37860|25509|37012|39214|16799|16353|14881|45832|21556|31911|38027|35749|15740|42240|14783|5509|37993|25271|25992|22574|20688|22768|16237|58615|14765|24419|27055|33404|52133|26688|9996|21690|57448|38366|22952|22831|3298|48454|57435|14295|20394|48229|33232|32084|54363|28149|34524|11057|59041|21478|18513|8846|59404|2026|43960|19978|47234|26785",0.86024248312530827,0.86088187348560452,0.00063939036029625473,canonical_raw_float64_squared_L2
781,2272,5d0c8a0d86945239,1a3695ec4bb1c6c3,45519,100,"45519|53735|22819|33319|49866|7213|47563|8930|53737|55955|14331|49835|6944|30442|56842|57101|16155|59397|48937|30282|58317|15285|34488|2509|54675|33520|53195|3297|48191|8179|5486|35237|17714|51362|49290|43504|24702|55985|59410|15154|37602|53132|44695|16969|36242|10657|2730|5340|55634|54473|50446|6520|57095|33529|45414|26819|38497|45878|59956|10436|23558|32798|29803|15050|54075|41878|32523|37645|39113|3173|37450|41667|4322|47057|36769|40597|51803|25288|51746|52075|33999|47672|10703|21897|3443|14383|29113|47593|25622|57924|31045|31180|50533|33634|26116|42094|59925|24017|51003|34255",0.48866560704175183,0.48921300281032831,0.00054739576857648631,canonical_raw_float64_squared_L2
782,2835,97b0bcde20767a47,12b8c6b2dda18340,45575,100,"45575|26089|40513|50481|32193|26834|22428|14352|17744|31175|5159|39527|35950|52671|16687|56651|21722|5900|14178|56578|21132|15227|22356|21908|57605|10273|42893|15960|43156|32035|50593|16668|33715|23038|6536|1746|30390|39226|26966|17132|37479|23704|46661|59615|7133|32493|14604|48525|19608|27474|14474|4805|53199|4095|53118|9406|4946|12679|26243|39785|44011|24531|41106|50862|15224|53543|3893|42108|46495|27595|47634|41293|48065|46052|1367|11398|35659|47567|40039|35219|59546|27563|32739|2729|7172|3780|45964|55141|54772|44068|48884|19900|8253|24184|34193|14060|33470|16507|22940|29106",0.60841907856139255,0.60872772441360512,0.00030864585221257457,canonical_raw_float64_squared_L2
783,2107,3dd3d123d35c36aa,52324340d3fdf0ae,45593,100,"45593|55720|32158|56140|34260|52071|2477|13211|6827|27260|6610|19549|33197|27589|52647|56399|8684|15038|57113|35893|10894|13526|10161|31143|51853|16647|17110|1447|25631|49584|32337|36695|58998|26496|7456|11504|23908|14048|2186|44391|15569|6671|55685|21609|21105|34917|1263|37600|23009|55254|6401|38230|23242|24143|21136|27755|23317|6727|58149|22127|32249|45959|20232|57391|32408|9822|11702|55527|47785|51475|19034|49213|57584|32478|11049|39902|38328|59450|47069|50364|34629|10038|16055|9267|12902|38668|17961|44374|41592|9459|20901|1333|6531|44521|14731|41668|34474|32507|26518|38552",0.53116268896663099,0.53140682596965227,0.00024413700302128305,canonical_raw_float64_squared_L2
784,2751,c677aa785cad64c7,49a2dcb75230cd08,45608,100,"45608|46758|58339|46592|18675|27339|21253|44701|57142|22022|31245|14934|53585|11327|26672|50880|54666|47130|6044|15911|17174|58761|58075|38670|18349|56295|42017|36165|20089|48792|7283|700|45912|24760|47077|49247|47802|25533|17396|59472|16483|37246|47608|7953|50613|29400|12061|39409|51805|52458|40495|3039|13712|30047|22096|56484|29290|45985|43505|11948|21123|42676|58826|26784|40276|51111|38949|906|9415|24625|7496|23540|27643|32463|4975|17394|40191|4477|39075|48042|26266|10337|2156|47468|12231|9501|24139|5093|52784|16554|8690|42066|55892|52869|13575|51144|34989|7431|35033|53054",0.31297078011391705,0.31346103172611672,0.00049025161219967694,canonical_raw_float64_squared_L2
785,1848,44eb034be67b24fb,5d2e8ee0b60cabf4,45633,100,"45633|15453|6590|7870|18499|58555|49522|30877|42047|29785|42416|5169|59621|30573|24508|26479|7091|28816|15614|25550|42195|28478|34934|58322|17727|41178|39644|12791|3801|48341|1608|11839|32517|47014|41094|26686|44813|48949|42421|55657|11367|27664|57671|10423|45448|19316|36822|41815|18189|23362|4672|30838|33142|12449|38851|58524|7355|42403|24958|33069|38840|19774|59509|52836|50302|48205|24896|9907|47723|54230|56589|3173|42665|16969|27520|8496|19340|21832|21126|44899|5491|26710|15083|35501|45616|30304|1537|6351|30900|49770|30060|14108|2770|28718|42773|28991|57349|23810|24947|43743",0.66045519032827515,0.66137097184465843,0.00091578151638327387,canonical_raw_float64_squared_L2
786,2123,86ac6800e69915d1,fc6ccbc46558b296,45770,100,"45770|21097|6148|37638|11070|54060|21588|28482|48361|2556|921|14293|53567|28413|56863|56020|18380|29103|46991|14994|26725|28203|31301|24649|3528|57647|7339|57301|30212|57727|20927|28194|26513|58423|17957|10200|34045|57025|52138|31448|31794|32362|47653|7239|18224|48789|16687|2043|50140|41644|11634|46191|31858|7648|59615|57302|39680|37956|24187|43143|45796|45964|4899|3412|42968|31299|12017|1175|53103|39452|10227|3122|6193|47443|13635|20766|26966|57345|24531|39874|36284|24215|41880|24552|5845|4946|30143|17724|12624|53668|5206|14392|1989|8053|28303|50777|3200|19139|38559|21438",0.63017774986719122,0.63020644084278377,2.8690975592549073e-05,canonical_raw_float64_squared_L2
787,1652,617410f8a7120f2d,db8cc9bfb4ab45f9,45797,100,"45797|58763|54284|43910|18943|8955|40181|48509|58345|33281|34129|47569|12775|45754|55498|21559|46269|52202|59332|43102|59174|27959|25620|26393|20670|30771|11242|29519|4179|20213|47591|56721|8657|45540|57729|25266|24129|50896|20356|13641|21083|7227|48383|6421|34069|16599|23671|31034|34229|30985|12444|41197|28007|29248|18982|48334|25572|53805|39720|37836|3923|17263|48340|11517|21624|37538|49733|57293|5772|50487|23047|49281|44812|43398|47573|43778|41968|59958|4328|12086|14540|37802|18369|30805|51250|52778|1666|29504|20791|35485|52744|31869|29794|536|47177|32600|41368|38064|48940|47200",0.87238499345221954,0.87423135209020142,0.0018463586379818819,canonical_raw_float64_squared_L2
788,2354,c5b20558b2036a54,21e38e94c70015c0,45871,100,"45871|46714|39843|4368|28180|57072|42884|524|43195|4780|42324|15699|31267|8982|26756|23836|27245|1161|39015|14913|28284|19713|43381|54813|18168|18274|22602|55760|15768|58762|36953|25533|43029|36024|9663|35881|1039|28798|33200|32588|45822|4320|57872|53847|9427|50712|44415|4397|56049|11010|19168|59594|51889|28347|54008|49767|35074|17955|18253|57964|50696|5632|33695|42182|17792|48071|24766|33992|56858|52546|20737|49960|59412|3874|9557|32077|51432|221|62|37823|39795|49658|58106|4758|32019|22827|17630|49968|16170|59568|38589|33418|40990|48836|32532|55063|37544|53054|59499|44019",0.54905020786097003,0.54928714539560908,0.00023693753463904788,canonical_raw_float64_squared_L2
789,2359,f4cb2c840ba39379,a0f468e2568c9ee3,45919,100,"45919|58800|35796|25457|9067|47852|10401|786|43432|50499|3918|23211|17237|9292|59354|44494|29173|33190|58694|4540|33153|7144|16593|52614|58720|35719|17154|39245|27758|39416|57849|56644|4645|55021|14137|8199|53886|27427|11856|58991|32290|44141|40485|48514|12409|7660|6518|49570|18273|59724|29772|59008|59973|45148|52909|11721|50527|1431|1601|59024|3382|33227|12510|33802|41745|53521|33293|19094|4617|41264|21573|17568|46619|58780|21469|54858|19494|50864|48287|14334|45879|39241|43592|36100|47635|56351|47227|46981|23077|10499|56346|22939|53912|42367|48869|27855|58638|3518|52373|56930",0.33165590505898607,0.33237941018309203,0.00072350512410596091,canonical_raw_float64_squared_L2
790,2701,4c8b399a10ba681c,6f7046547eca5c41,45967,100,"45967|25989|8676|17844|21262|5856|3692|46989|10409|19339|11991|16801|9008|44112|50313|28031|30744|1283|35936|33550|52660|17114|58264|42660|52200|18319|11529|9078|1184|12180|10027|30333|48906|558|31058|30602|7797|54909|48092|21849|18820|48663|46725|36858|55077|10764|11325|13955|27703|11487|13970|852|891|10911|51802|3181|52570|35765|23440|59639|18617|6276|5554|20834|5726|19435|23256|52361|57735|45982|41325|12079|7662|32981|990|15404|40621|56920|49159|58960|15946|29135|28558|46321|15191|57356|21774|42811|2902|13879|6242|5702|48729|31687|20233|19438|54419|41588|51223|40566",0.33055650240231543,0.33057053810717901,1.4035704863579745e-05,canonical_raw_float64_squared_L2
791,1995,3f445a65dd9b483c,e3a7eb6078574b54,46000,100,"46000|29138|25998|44838|18964|4826|54816|25436|30849|22101|37554|21391|16138|56547|57921|38746|2300|21181|18949|37208|35387|13735|21341|30485|23495|470|55867|30474|19552|33216|29955|49070|17877|10679|44256|45787|32537|39495|40715|292|15513|29730|41100|59122|31139|10649|1020|36589|39045|4403|3960|39197|45591|5353|39960|39748|55420|30719|9424|25867|48875|6178|15889|27667|21038|6260|9285|58568|17117|27984|38055|46296|27230|32741|55113|9070|41658|52352|49506|2591|17791|5798|51415|19715|25299|54420|44033|48377|30862|10385|1403|14553|9190|23895|59074|55810|24021|45826|34221|35740",0.71290895298395784,0.71294485854015932,3.5905556201476507e-05,canonical_raw_float64_squared_L2
792,2408,0f227826f7688492,3ed6ff52221f6075,46042,100,"46042|42787|32703|34868|8287|29436|2266|53041|50320|50309|33543|17372|50008|7559|13995|39496|36462|45139|5345|15523|51919|55303|17015|10582|35052|37118|49577|25351|32523|4890|34764|48976|20225|49032|15625|29624|27193|23017|55544|8997|32018|43768|25622|19023|23394|47292|34978|40562|39321|53839|8405|45129|49355|35311|18004|35887|41384|32029|49364|25087|37748|10240|12858|39451|28787|57989|5180|18512|22963|21868|16393|27092|36514|57104|54249|46539|24702|45389|7363|20361|13844|27914|32757|9044|47354|57855|24415|32798|17672|27021|14620|24955|46528|1285|4336|21173|44226|56568|25825|23655",0.5222965912612032,0.52239433359430343,9.7742333100225842e-05,canonical_raw_float64_squared_L2
793,2510,12de1c649179c473,ce182bdf0c417968,46116,100,"46116|11554|12265|37464|38224|50447|51651|33258|27931|12121|32629|38091|5266|40590|52622|42057|53063|23113|3549|30979|37439|21217|36162|5216|53100|41454|46673|54294|3979|9881|7509|53248|48635|26552|52507|46655|53094|56189|13051|23440|35063|10159|57022|43649|53444|47565|47353|25624|50857|3259|4645|54286|42241|57347|55665|48729|5468|40752|16004|11276|18133|5226|26656|31572|28558|37358|55189|12507|52668|51018|53429|13465|59608|15946|2460|7660|46439|22847|39006|19094|58960|5988|25615|52570|20233|3263|25236|35763|8072|46114|39241|20816|27571|20751|36858|22557|23157|10764|40621|9616",0.19279414605666556,0.19439554299792444,0.0016013969412588813,canonical_raw_float64_squared_L2
794,1982,d94fad1592038d16,c10f0b6865ea68e7,46145,100,"46145|35896|10346|30113|29731|6036|21579|14068|50144|49584|35556|33013|43566|45424|118|42911|38191|20851|55946|43573|13813|23573|44710|9562|38230|10079|39404|41129|11031|43074|51200|40231|34108|20636|18836|31784|40316|27935|27521|49663|1240|28494|6282|4553|18689|49354|55748|11914|53395|39222|27733|12292|23242|55966|9750|34128|31143|26714|19564|1151|39848|8785|50260|57634|21333|24257|5052|27697|33778|20307|44210|47020|55730|14851|39951|14061|34097|32311|22193|17747|56256|53699|8225|33198|877|55765|53523|21409|47370|23492|34759|54965|40808|18494|25542|58304|37245|1034|40440|36512",0.69976558235027631,0.70018675850405421,0.00042117615377790241,canonical_raw_float64_squared_L2
795,1750,93434b171810a820,75a4d1a74a853c28,46173,100,"46173|45327|34269|50066|19351|10276|42406|35852|53362|50659|20311|45316|34210|44726|51648|37207|16997|12299|21196|4408|53389|15597|52765|24200|13994|44759|49662|34810|23229|54278|22186|20057|21786|41715|12047|59426|14870|40166|15698|10476|53494|30309|51504|22959|37920|47699|17250|45399|23792|26452|19992|31122|2184|48669|44473|31926|49933|1559|6550|43457|57819|8214|10899|59466|3137|17221|20100|35346|32563|20840|18415|40204|2597|8801|2923|16938|56841|58502|46324|54431|4784|27011|57046|59077|17041|2219|25162|16755|20856|55092|13997|54789|12893|4244|29951|22976|50443|9327|23838|307",0.64282405936908649,0.6431749248979366,0.00035086552885010835,canonical_raw_float64_squared_L2
796,2102,62bf7679cc4fd236,2595469e4c83818c,46195,100,"46195|8428|2347|1043|6525|59628|10894|6610|44206|22433|41396|33681|27575|53684|17468|56147|58302|47303|122|118|29349|23311|34860|39784|5884|10793|54261|11172|20613|7628|16063|29585|15729|40494|6116|24730|21628|36198|17607|21282|40013|127|20354|51475|5671|24912|23403|20232|25129|1273|34622|59732|52693|9775|45640|36459|27564|58922|29956|18000|22117|5898|54460|51853|7003|27799|32249|13580|25021|25994|28511|6579|58915|58929|44521|50285|13138|56672|59875|59865|34390|38668|12841|44013|34474|30698|40903|20405|53099|43606|5009|53395|43081|9211|18094|33758|17359|13078|34370|51443",0.65129040277859274,0.65159691930572472,0.00030651652713198363,canonical_raw_float64_squared_L2
797,1648,61faf21b8b106599,b512632ded4b3ef8,46198,100,"46198|14800|24801|1952|57019|11781|12533|14408|423|33553|49329|48223|55419|11878|56387|16648|43934|43870|47714|39313|51894|49979|33597|17414|35918|34926|34699|4424|8076|2048|53188|53591|32214|46568|47742|33731|49145|39751|13371|39744|5443|251|13471|6404|50138|14160|4606|33604|47327|14924|53736|31729|27413|30922|7882|674|44994|16322|46690|49581|51722|16735|15012|9728|18335|31844|3732|21260|17554|22246|14047|28146|34552|47156|27787|16341|56890|23698|26224|15470|51577|8434|19580|37964|36832|7946|27422|1274|35615|1826|29793|5998|8509|25745|6893|25147|24777|59089|47399|49902",0.86506832512322274,0.86607279700262119,0.0010044718793984497,canonical_raw_float64_squared_L2
798,2467,5d5804cc24451772,3bedc4bc5072846d,46255,100,"46255|6932|59771|40453|55502|28600|53767|14787|43360|36665|20640|41836|57308|36225|17845|32482|16926|11486|20966|51519|5857|23739|41260|51431|37294|54700|24671|35397|34638|31515|46790|22950|48841|58698|18918|14513|24995|2112|34777|9858|22241|47123|49192|5944|53712|53543|41191|45702|39295|13749|38297|17248|44733|56723|2369|38350|43930|27154|46942|52547|52766|2043|53880|23334|41275|16356|53581|24040|42080|27923|11161|21509|56703|23244|960|59701|58367|52283|9724|45022|44752|15925|55981|13875|43111|34612|3207|6548|48538|21247|9060|49098|8557|41417|37368|33885|29525|2786|53098|31683",0.45612355687155187,0.45630528309205021,0.00018172622049833498,canonical_raw_float64_squared_L2
799,2387,18b6355631ed37f7,118e2c6eafe73a1b,46407,100,"46407|286|18596|31137|19208|39046|34316|41593|19614|10758|45155|17953|32842|14267|59776|35851|34686|23421|52394|35170|28146|44446|53084|40544|50236|37000|17399|12933|40312|49693|3358|28322|13564|16742|22331|58882|39186|2936|50972|23411|38588|16546|16387|32576|12379|56043|7105|15009|55755|2650|43541|57999|11733|31875|19331|57397|46490|59049|13127|29720|1955|9852|56777|48417|49329|4728|6095|35573|1874|41303|33222|20339|53056|56948|55458|4063|8344|53025|25353|56890|12888|37453|48925|14310|17286|4547|45533|26516|24397|41024|33039|11751|23252|35114|38073|33731|43468|56032|41997|53238",0.62978135819731618,0.6300672349075972,0.00028587671028101891,canonical_raw_float64_squared_L2
800,1901,287f5390497566b9,3f2bea0ec9408156,46529,100,"46529|9316|33793|27309|40634|36567|50039|14282|14998|32441|31325|43294|14957|26111|35223|6766|58006|36813|24055|8796|47929|51165|2873|17197|21601|17195|39158|17949|20428|6202|12360|3854|28096|37570|3080|37403|43812|28740|54912|32207|2943|9340|21252|50199|5951|47280|36331|35061|583|10890|54652|1091|51580|48183|20192|20091|38650|39097|37684|50986|26736|20143|56763|25074|24028|8029|35587|13953|15631|34411|1993|55228|40790|10418|30561|29302|46882|32160|43770|28135|45160|57512|9433|21366|16111|19338|3136|40489|8233|15858|50759|49005|7128|49652|51222|26402|53424|43013|38577|36761",0.73545987562871629,0.73619228961965955,0.00073241399094325921,canonical_raw_float64_squared_L2
801,2034,047415f9d465fe72,94079ee3ee644491,46595,100,"46595|55845|34797|53231|17449|11285|49508|30275|34281|38846|22073|38393|47929|13159|15686|27435|12931|1156|4907|1152|19922|7823|20036|54420|29567|27801|28698|47964|58778|33480|35770|4752|30090|45675|38693|18441|39233|17833|21013|36567|39004|15660|34337|11386|23234|23576|10691|53575|43751|59164|17033|58300|39461|22120|46296|34845|36761|59180|17545|5223|42547|31156|28116|55177|13862|19905|25309|52697|1735|31893|56491|1713|30085|25792|14404|20483|18262|21220|36843|37746|56252|51580|12589|52661|9700|11357|33066|56018|10415|42486|21201|31559|57894|9300|54935|1871|42946|26095|20648|43213",0.59276340798427407,0.59326258817063504,0.00049918018636097017,canonical_raw_float64_squared_L2
802,3130,8183c74163eee2d5,cdcd18e4e3d91b91,46681,100,"46681|24835|12860|2393|8454|14296|49049|9952|6473|10136|39913|51325|9515|54535|924|22092|34565|17496|33885|58425|49433|20782|54534|45863|14759|47800|23451|9249|47071|33312|12742|32825|2787|15744|40016|54454|1209|42850|14352|33848|23414|46587|47442|14906|30690|25003|32917|26502|9208|10861|49655|16874|22428|36025|31501|31492|39134|9979|32127|51661|4644|23181|55369|17663|48855|12447|51911|33501|10113|19608|39169|58954|4152|52053|20821|14199|39952|6747|35240|23114|15048|46232|32024|960|32807|57861|22460|45141|5081|40884|36368|58403|52556|14119|40706|27474|5402|5106|58164|49747",0.55515795180055671,0.55524155277990861,8.3600979351894367e-05,canonical_raw_float64_squared_L2
803,2433,dc69da68709b26e0,f053dc28bd2a8403,46761,100,"46761|26105|26167|32777|8742|46235|47433|4697|23930|45620|12206|30602|46443|32333|13955|4453|6565|29144|34444|10744|15109|17149|20863|48350|10703|28682|38594|29726|49827|28953|47721|558|852|59551|22841|31707|11362|42811|53443|1686|20200|43001|57813|29803|24465|28327|8280|45521|18822|1184|18053|1732|34580|48381|33093|2983|26188|990|40421|2641|55265|37781|42429|48989|53195|36777|39508|20178|24533|5916|21403|46989|52303|32394|48458|23865|49684|52533|30254|16512|49245|29836|21607|10700|252|14821|38384|38509|17584|37947|9038|5296|51084|58317|17653|11061|33158|37531|43777|20724",0.36508902986401959,0.36546726652853068,0.00037823666451108906,canonical_raw_float64_squared_L2
804,1763,adb2207b3c624c8a,ab1fdd8036b763fa,46857,100,"46857|59880|34127|14566|46374|23988|21364|28553|3186|18135|44761|28015|20470|20142|25858|47607|26556|48307|49310|18339|57344|54436|31902|10594|35023|16039|27521|13887|48313|49262|36684|43706|52778|6892|18804|19507|40821|19262|43326|149|30217|13271|31932|47415|32498|31549|56615|38852|7016|47052|51549|7457|32830|36467|43320|25044|7894|17944|47397|11801|24042|3988|18500|6684|57814|48998|31998|13809|26401|52542|29172|7999|48089|40254|47890|5542|19560|19481|980|27055|58345|33495|36319|14180|24129|583|59174|55438|41726|51097|22871|48824|50267|26810|35538|7442|11500|35485|22574|53762",0.68455228477025631,0.68504835850183188,0.00049607373157556367,canonical_raw_float64_squared_L2
805,2340,2fa4e2499567c803,d9e85b66b0f490bc,46934,100,"46934|48833|15380|44820|54419|46554|4282|14533|35168|15612|52090|24291|42660|13970|48232|27156|37018|17114|9144|2093|16076|43057|15735|55077|45875|21849|46989|47022|17838|16004|30602|44608|44618|1674|31173|27047|33282|17808|26723|32981|54876|49877|50356|46563|56824|13879|52660|42230|16801|35763|30333|9619|20207|51973|9307|17859|59638|47224|4398|36169|59970|40476|3669|51084|35936|38722|46321|349|20724|50449|33798|38564|53378|57209|53480|52170|49863|47059|42804|33575|42217|8280|11276|54286|57022|53094|27492|29902|40064|8219|52570|5856|40941|11873|3246|19444|11762|12899|34255|6204",0.30289629888694358,0.30291560053151267,1.9301644569091891e-05,canonical_raw_float64_squared_L2
806,1683,02e75d12b9216aec,13db8f530aebabfa,46940,100,"46940|28839|4720|6983|20721|40370|43040|15695|28478|41052|20401|8960|4362|46977|24382|52120|57157|6946|44507|20064|31204|35601|13913|9053|5799|15016|43830|49918|25204|59454|46980|43133|35389|9612|39235|25525|20033|19602|45415|39986|25826|47475|37668|13610|50367|57549|22897|45360|23916|38941|48849|49500|2121|4672|38879|12019|33233|50301|1542|4148|22742|8098|43411|35722|10304|33747|41082|6351|18769|26857|27577|27918|10942|44814|49407|49082|18552|16746|33277|57527|19812|39487|22716|22376|37627|33962|4120|51561|21428|33288|17863|14026|37951|11236|7864|7566|31440|43105|41270|37733",0.91975305490887294,0.91989799062242072,0.00014493571354778911,canonical_raw_float64_squared_L2
807,2002,88348b1a7000ccd8,fa2f99d5248cad7f,46967,100,"46967|21913|51919|8287|24206|18582|9931|50603|29906|25491|36020|26479|19370|54389|19241|2982|19223|15216|22897|58062|16637|23074|23816|19932|38728|50479|12807|24393|29436|20007|50746|9759|25276|42972|2044|47806|38996|28648|44584|55544|27021|41146|55582|12133|24955|52961|29947|12284|16969|27100|15949|37117|59956|25351|19868|3609|54572|23289|17372|2744|22770|42185|33004|9801|25693|57531|2266|55402|9523|41385|17935|49355|45529|10582|55434|27267|27231|839|29989|35240|287|21715|11819|36870|33434|50099|12898|43589|4090|42167|3957|15695|45518|39068|38613|27393|6923|59567|5872|23681",0.67023563550808163,0.67035728546741224,0.0001216499593306164,canonical_raw_float64_squared_L2
808,2571,3430aae469e7a42b,b8d227f087a562c5,47015,100,"47015|21807|44015|2787|19551|2393|31460|32338|9468|8107|7388|15224|40760|56282|30143|24218|17276|35659|22202|9758|29627|11191|39010|23451|26326|55227|16426|52488|51057|27166|26079|24864|58642|48525|15294|59513|25003|19917|25824|25400|21132|55476|8615|49129|57006|8266|29867|25482|31382|20803|17536|7172|59224|32739|17843|39237|46467|22428|42130|7152|50587|25291|35823|57985|9515|33377|34564|54534|50334|46174|20386|17287|2178|53885|51258|16622|896|54073|961|51661|22237|5638|36989|13708|26231|35208|54669|44365|33381|30249|52639|23413|38517|14474|15297|3281|10719|23029|38056|58978",0.56740994654257593,0.56762781464758927,0.00021786810501334131,canonical_raw_float64_squared_L2
809,2015,34f37f6f0283965c,04fa1e8be6a06383,47019,100,"47019|40448|39658|20128|36437|34009|1464|34232|38204|11368|18067|39598|39043|43427|33147|639|44570|31183|2942|13060|33694|38734|57404|967|17034|59030|39454|24328|22602|49567|12102|53005|5371|26795|22108|16527|41020|44724|42633|20497|47652|36446|45364|46260|14662|8225|2483|45030|24945|45354|38479|49161|37219|19472|51200|42069|15455|45775|23307|27034|11614|10346|21482|21941|5752|44890|7646|52058|49921|43646|38994|27808|59664|50665|438|45727|30113|31332|14993|48559|10353|2847|897|33538|38842|58409|59867|8956|57551|37599|47886|20228|45855|46906|15031|2284|41535|55503|26112|17225",0.67324653915120014,0.67397036663466625,0.0007238274834661107,canonical_raw_float64_squared_L2
810,1713,d16637fa5e70ca55,2ae81f0f541ad399,47036,100,"47036|58065|32902|50076|31068|50280|2827|34073|41906|36459|9911|962|21519|18832|14040|18062|43634|16910|56972|24555|52465|1933|21014|43942|35030|36925|56207|6180|26759|5858|10799|58731|12902|29096|3183|57249|12112|16055|21043|21290|50568|20599|17746|59760|25722|35264|9001|11679|35339|2547|40833|4545|13509|1320|32618|20366|28937|2853|7600|1806|32991|12979|34557|209|30178|16413|51435|40838|7414|26817|54791|32712|43616|58502|58489|20368|23164|34628|58236|29604|27260|46485|31323|28882|23531|13016|21398|14008|18495|39586|57113|45149|46186|50767|5538|29963|20616|9573|50759|58830",0.76805992034542858,0.76855628190084513,0.00049636155541654681,canonical_raw_float64_squared_L2
811,1839,4e584e3f26a01593,6d68752e76b43b38,47138,100,"47138|4600|33221|28472|40844|32657|24337|4728|41738|11859|10958|3447|32935|45545|4151|27613|45092|56253|28555|4672|56568|55588|29218|43801|47810|32342|48338|25687|1285|2722|55252|46433|23603|35026|21286|5062|18512|55228|12833|26419|34650|36453|37184|20363|13822|31788|6255|3566|41202|33094|20152|39614|2359|35853|15207|57291|1545|12595|28062|3843|51425|20655|55376|46098|37817|41820|11108|8260|38263|37899|57618|34997|27505|27847|50320|19373|31589|39779|25240|18387|18523|12940|7666|20768|34868|3270|54159|36514|25456|17871|43004|22149|56682|56905|35077|19548|40077|57596|23228|30207",0.63438795898408296,0.63605960139356732,0.001671642409484364,canonical_raw_float64_squared_L2
812,1789,9cdc391c88af012d,63e458945109b8ac,47312,100,"47312|2275|39809|50867|52699|41955|49141|17458|25675|54567|2300|4696|46383|56171|36354|52068|21191|30121|20|39161|44702|44057|14787|1603|6535|32300|22457|32413|595|41676|16665|31482|3844|39541|6460|45127|55684|11260|30046|24265|51906|14429|5067|35484|57380|15166|11757|48975|10465|15732|1001|33664|7609|29222|24780|13376|36184|44861|15013|3587|14254|4231|7269|24852|30425|26646|38134|24108|32784|47377|492|2525|14022|19855|36245|34602|33823|57745|35797|1407|49727|4366|35740|2414|11334|33378|42719|51952|48760|50463|28531|35326|59702|26343|52550|3434|58328|4308|5581|3761",0.63884452224294153,0.63926888601408893,0.00042436377114740687,canonical_raw_float64_squared_L2
813,1699,98c575a509eed2a1,1cf196f4ae30015a,47335,100,"47335|44658|7008|20142|7350|19657|6371|32925|50771|54000|53732|15438|41049|21051|21252|58390|16681|52202|59196|32349|38484|17979|14180|15730|27832|44126|17927|49213|8843|51928|27545|42406|13654|19666|37920|45795|53612|54874|53064|57501|40184|9258|27521|8801|50591|37997|8574|31263|47487|28553|5237|7834|19481|56321|57878|31259|54472|42245|20192|38710|53075|19803|4797|57136|59426|7366|55954|55006|57169|2734|34064|37285|33460|57177|25119|34078|7550|23838|29777|36107|20209|7763|30520|37792|14593|2883|2237|35937|34785|19219|13669|4538|52176|55335|23229|51504|6969|17802|35517|49933",0.69853290784380995,0.69872165658828722,0.00018874874447727397,canonical_raw_float64_squared_L2
814,2380,fa4d561ea7a28f47,8b5dbe3d3913daa8,47345,100,"47345|5739|25498|52214|38021|23739|55829|57327|8639|19462|7625|44894|8405|26645|43983|56422|3759|2567|35915|21885|10046|25265|51836|2869|29041|58500|20299|43584|42516|45517|26475|53595|20108|153|59423|53759|398|36092|14858|58428|27107|16110|23309|15152|19689|59825|28659|9900|38350|57094|19951|5788|10507|52034|18627|10746|25834|12536|13466|25250|16135|46528|11064|56994|24396|14600|29471|46132|41565|35602|40949|30593|30942|53949|17937|13663|53276|28590|19145|19400|20923|10873|52229|13995|16857|10155|48889|53503|22153|28290|41961|27167|21343|54443|23843|33389|4104|23898|6203|16179",0.46092431563614572,0.46099144450260937,6.7128866463650461e-05,canonical_raw_float64_squared_L2
815,2158,6b56f409e8486133,80059019b42d4a35,47378,100,"47378|24689|58741|35531|50201|44778|45419|22370|3516|35450|53903|23827|9314|43699|38777|18268|55729|27449|18782|35199|58637|21568|7934|41335|42205|42713|10425|16728|33626|14318|30638|45717|57728|20668|49144|38952|8026|54231|52594|41980|56734|18112|39746|33892|57193|15025|26108|23565|21439|40332|20497|28025|52215|31193|55324|1709|909|42161|37707|46794|14486|41682|59948|49746|53112|23919|48562|36370|22682|26216|42371|24365|54351|58961|3063|55142|39001|8797|33030|30932|9718|45281|5717|41256|42796|58918|44951|749|49910|12102|33111|58008|20924|37144|26922|10369|55492|11297|34181|2735",0.46453160774743607,0.46585641394068722,0.001324806193251149,canonical_raw_float64_squared_L2
816,1599,eee155e86f46e98e,0a0fe92328bea5ae,47413,100,"47413|41644|35537|56658|5310|19467|59530|55493|21401|37361|38354|12376|36422|57174|28465|51125|58945|40329|51920|9551|30982|33136|32985|7779|38858|4175|28048|58124|2866|16215|18682|3705|11328|21146|35200|40593|19550|8651|11664|9791|54893|31448|58493|33246|53664|51598|53200|43887|36140|59189|41039|38991|6804|44929|52522|57152|21351|30789|54774|8885|12934|52294|51898|46334|48073|11994|4078|42651|9098|2788|13717|11990|16880|22882|23887|34191|34380|35816|48617|27066|5597|46612|7873|53437|35854|23296|8620|57837|3975|34931|46252|54887|326|46043|47768|8085|20432|29253|36688|14467",0.76378028636477957,0.76530649389417693,0.0015262075293973609,canonical_raw_float64_squared_L2
817,1920,a1eb35f8edbd323b,1ba2e1bb7c515860,47639,100,"47639|55226|56841|59538|23752|40204|56086|49035|2628|28326|32937|57819|23210|24310|39743|32121|50659|53033|17335|16133|25069|17694|11918|57075|51372|26647|31122|12745|39951|54789|28975|17041|47515|53295|28120|2857|21141|46225|18649|23242|42556|29025|46598|7357|3149|28617|17609|18345|11524|51158|14849|12885|13620|16849|18583|49376|48816|9327|176|52985|16938|19149|51707|20142|45672|33978|36086|21196|23001|3137|50023|36818|1247|11567|8131|9532|11755|32102|2827|3606|27566|43636|6366|57028|14844|18804|34966|54611|17576|47001|14764|59670|34535|7004|5275|50260|4492|47793|47876|16958",0.73561903497065151,0.73620492950014316,0.00058589452949164844,canonical_raw_float64_squared_L2
818,2187,1f734a7f97bb3d1b,1c868d14308ee5c3,47702,100,"47702|54834|45136|6056|14521|56521|3270|21781|47781|24396|19400|22720|4104|43584|38755|26858|37791|16135|56750|25834|7208|57437|48331|49758|29083|39865|37281|4173|35899|28226|3278|52952|41202|14612|19855|8997|10466|31579|42238|41789|42397|16949|37675|41441|11845|36225|13995|48945|8554|1615|40529|21885|41830|35460|19272|32953|21194|55158|46591|19897|43034|520|33393|2282|13150|17934|27258|35915|25098|37581|151|47773|21826|32657|45290|35970|2154|44087|55575|23898|36354|13416|20363|2963|53566|1203|40949|17861|32155|29372|15342|27355|51749|33511|27050|23869|36178|14634|327|59540",0.56736148388986818,0.56754365122007688,0.00018216733020870457,canonical_raw_float64_squared_L2
819,2200,9dbe0e9b71b3f6c0,fd2582554d25d221,47880,100,"47880|44110|12787|16110|4710|19264|23903|32373|27313|44905|35378|28502|31477|6619|40424|3087|9371|1581|46093|45688|37911|20151|22527|4862|52270|34782|35448|37563|55866|58723|42798|32201|21344|26749|45133|56032|53972|3393|7141|9852|35276|40049|9979|11333|33855|583|46490|29266|12848|57712|52442|23882|50587|28658|47748|20170|34882|38353|30065|3408|31948|4904|12995|58141|10392|35140|37560|1545|16088|966|14355|19477|34114|18346|49098|20421|32391|32384|24482|8918|14082|28002|54630|10347|23756|43513|37577|10012|51749|20780|58170|17513|52631|47922|5620|19951|32610|30256|4212|29218",0.66717562127124386,0.66889618252269623,0.0017205612514523683,canonical_raw_float64_squared_L2
820,2241,753505630012883c,e65da2a4dd0860a4,47888,100,"47888|38461|21292|817|721|25067|1148|35370|1760|28504|37773|33154|32493|23762|2461|57264|47302|14882|9962|960|17793|55075|10594|34804|22363|4824|31135|14621|15728|43174|56907|32170|12959|55227|16372|12684|52999|29010|58822|57730|2099|3504|2087|27206|41699|3976|40405|20771|17555|51989|39028|33608|53744|18618|58588|59683|12788|16606|55666|20534|28577|48337|13595|52222|9877|21620|30994|48172|29106|914|58771|55476|32904|25645|13870|28481|9198|32654|2629|20487|47141|24232|3588|387|48513|19521|17796|48532|37442|19284|56560|6246|57870|57700|43973|24312|56327|5503|43740|53775",0.64710684081577841,0.64794611886854936,0.00083927805277095313,canonical_raw_float64_squared_L2
821,1588,c9f5b61018fe264c,b6e79c74f55f773e,47941,100,"47941|26335|25981|59040|46713|31891|36608|2649|53714|56578|14043|23743|1121|31698|17402|39482|50012|56441|2087|55428|59471|36543|58983|39163|806|43155|45119|1745|4833|54624|58291|19211|3590|35163|29842|36244|6094|42034|9607|33154|59364|58190|20155|9396|22905|3794|41333|29498|1827|25304|2607|54833|15791|28711|35774|44077|38534|49044|54289|44363|16645|21419|2444|14661|13061|28149|6698|23502|18895|11980|31614|23348|1851|34029|37119|16539|9142|26025|24875|40057|37486|39629|34127|8704|960|55560|27186|39136|40969|43052|13680|58315|26545|5008|35016|14523|9737|48296|52549|54559",0.85257288808829568,0.85400968967087643,0.001436801582580749,canonical_raw_float64_squared_L2
822,2207,8899d15470c954c3,25d424419f6f016a,48032,100,"48032|58829|14080|7914|1306|27128|5362|48827|10368|24144|4018|46675|31991|36668|29400|8023|12037|49664|17396|27639|16501|59490|33229|3140|39886|40334|62|37044|49176|2723|31658|7505|14025|12010|24051|12557|16170|16272|8868|15699|55408|54937|39260|1720|405|23879|41848|19664|700|37664|33124|42066|54340|50929|28798|18349|49166|58761|30904|4778|20352|46046|5994|35317|49507|23489|5446|33380|24661|6232|12817|10425|15043|14384|33032|18461|27589|19761|3396|48792|31605|53847|25352|22614|48424|29953|26507|24491|21782|10811|26337|38635|42083|44701|51824|54692|52727|38933|23079|59890",0.57137718854406172,0.57171937152209118,0.00034218297802945941,canonical_raw_float64_squared_L2
823,2471,23e69a4d6c4c3366,c0ee81dc4e6d56f8,48071,100,"48071|34002|25976|698|51676|46902|24404|3721|16692|23043|9890|46486|54690|22827|13712|52838|26756|9786|3515|55031|18900|31019|38341|40334|12268|56998|22112|36750|40702|27710|21758|49530|21140|42301|45679|54108|45546|53537|139|22022|38120|50234|7283|15590|7505|34482|34546|53399|9474|10987|24929|38978|14071|57465|26195|38399|19410|53761|4717|6055|18231|41885|18102|22581|23836|52973|19730|33695|7842|56949|32903|17438|55583|37803|2454|23079|42884|23019|40695|33587|524|41424|51760|31625|58075|22920|13674|54430|57977|29726|11244|25399|37416|12231|34083|40883|10115|38374|51409|59371",0.37565987629571618,0.37625511749456886,0.00059524119885268068,canonical_raw_float64_squared_L2
824,1675,aaa26bd443287019,34438e4b3abc0fee,48088,100,"48088|56457|26443|59443|45591|26321|11961|24808|30137|7319|20445|48875|19543|59447|25998|59513|45965|43986|5798|25904|9484|56164|28458|37946|41658|54780|38244|26745|24597|43090|28172|8080|23965|1814|43217|57161|31452|20133|10843|38389|39067|38953|26019|29955|18667|9370|11016|25436|26455|26056|13087|17033|52728|7776|3446|10604|22523|10593|29123|5374|57911|22977|44021|1943|5135|38134|17146|15432|32972|41899|25867|4815|51179|49172|13818|22430|58847|45429|16136|58571|3533|29730|29269|59937|50699|21526|3434|57723|8586|7911|55411|19212|8905|28498|17791|6042|47394|36195|52242|56171",0.73748249366229124,0.738157780320853,0.00067528665856175785,canonical_raw_float64_squared_L2
825,2124,ebaf7ec677047f27,782380b04da0c501,48106,100,"48106|5009|37070|53409|2632|48340|43921|53225|25010|31490|269|14849|12035|28863|51834|49820|25590|36818|30215|33868|55300|37928|53295|39338|17896|25978|56841|57314|8213|27564|24709|48654|33790|11966|54540|53837|43419|42276|29909|11916|683|45832|17928|2524|51158|14746|23752|7708|53873|42139|28850|51479|31395|59958|21141|57639|16684|4768|58880|54890|953|25285|54191|5466|4144|13096|51697|39892|16309|50987|59519|47985|25784|6991|24964|38473|9254|18135|482|3379|13407|55141|45996|46904|23129|52312|14803|33404|29044|16849|27752|43108|13074|5145|48405|20353|12152|13881|34966|3149",0.6454575593514098,0.64884140933634071,0.0033838499849309089,canonical_raw_float64_squared_L2
826,1742,c6b7678a3c34983a,e1d0ae5cf73f83c5,48156,100,"48156|13954|39385|22589|443|42316|50576|39254|15607|50120|48964|13672|23089|16738|58018|26437|49160|9474|35244|23438|34546|53|3638|51378|28190|1689|8235|13674|6055|9739|53974|17171|43855|12699|13582|39926|58515|15927|12747|59457|56949|58648|33114|1261|42981|51371|15554|55020|34405|36267|46611|23019|12615|44750|24183|44787|42663|43195|31370|46248|52048|2454|14846|49832|5246|16521|37132|23377|10038|56869|19161|43029|43662|35766|50234|2679|19976|43539|15491|21983|54008|44247|24362|8648|30492|15573|4397|10613|33356|3121|18645|21931|49225|37398|30528|58892|24923|48253|49916|45382",0.49754699200378788,0.49859281128122818,0.0010458192774402963,canonical_raw_float64_squared_L2
827,1878,b52d7d7deadb4262,f28c1764572019b5,48170,100,"48170|32946|11820|29464|40799|41956|58263|38437|17910|18521|10046|2387|46205|12973|25705|40686|927|56994|42404|12931|39066|17937|16177|23104|6857|24037|8405|51650|1314|31842|25870|45782|8592|24098|57460|1873|53949|1324|30097|33|46149|16837|37168|2654|35821|14957|56297|41397|19249|48883|20036|3627|46378|55605|30085|53759|8824|11145|23008|58816|33210|51836|11868|42079|30868|8233|34954|21366|43208|36480|34682|2465|14340|50903|16662|29547|35629|37340|40055|23935|57476|13995|15724|36367|45517|6058|2487|29074|9865|43269|2527|39710|22416|45452|26804|25073|4873|8836|27270|12639",0.58351343530962807,0.58432876735583672,0.00081533204620864996,canonical_raw_float64_squared_L2
828,2012,1c6807643ab841be,18ed856b01c61af2,48178,100,"48178|17607|23403|14099|18513|27694|46685|31106|19891|30503|15090|8754|27575|16533|34973|5671|54380|5884|16849|16973|21133|50487|53560|35433|6967|46195|51359|59623|47370|41396|59219|10495|34622|2880|1043|2624|37266|40903|22077|59732|34214|36198|57613|28908|37126|35914|9652|53531|40734|41617|15961|12292|33813|41089|7903|31664|11755|2838|21242|33639|5466|15809|38836|47187|34227|19505|27799|20713|54480|6029|31705|59628|33404|53126|5203|29856|10331|877|40063|50660|22556|45093|55170|29504|54460|14059|3846|21713|12310|43419|25770|58056|36099|34251|17468|42733|53099|37634|5145|2585",0.83480148994664405,0.83531667190607828,0.00051518195943422995,canonical_raw_float64_squared_L2
829,1777,9f9b12486ee7d789,d10e21b6c805547e,48203,100,"48203|41311|22336|5398|35739|16782|9416|43645|19239|31812|43434|12897|9356|33246|54774|57174|39052|9625|30982|35471|5419|7720|51455|4472|39697|33139|22947|19135|7473|27928|36457|34156|19692|37593|42327|55536|46743|13802|56382|46577|38014|46800|13719|13920|33069|30450|32536|41561|48619|22828|31842|59621|56019|51140|36367|19566|57500|1237|2796|355|50156|24204|52783|19763|26084|42876|51195|32690|43933|38993|53600|50282|59074|34247|13500|56943|10356|57919|908|929|24911|31108|1017|50855|7872|46342|30931|50429|47815|29935|48592|30394|6213|26235|17940|50713|44062|21156|44917|33517",0.55758256315553723,0.55900478040377655,0.0014222172482393214,canonical_raw_float64_squared_L2
830,2103,bfbda0bdac3fefe0,f2f08e94acfeb0f8,48340,100,"48340|15159|33790|7594|26635|28567|27564|50626|24310|57297|27694|53542|9302|51158|48106|56841|30771|39115|5009|41964|5104|20901|14849|37540|55554|44761|2632|54540|53213|57729|47985|59674|7821|31983|679|43863|20680|32745|5562|25001|39987|6991|46269|29401|11399|55952|23242|17987|53225|44692|20069|28926|59564|35402|15495|56951|26556|2887|25586|43591|28406|37070|1057|10626|12917|12035|29270|32442|30613|20213|27959|53409|54284|43419|18357|35805|36818|5352|3531|19034|25020|48509|33900|25907|29504|26115|6158|17896|58927|26763|32158|26065|17099|25297|3846|31831|28547|53837|29148|1247",0.62980821680449695,0.6298841136343194,7.5896829822452716e-05,canonical_raw_float64_squared_L2
831,1834,a037ca7d7f27570a,ac916c60c4a0df75,48474,100,"48474|43153|45178|40779|43225|42170|11160|44377|46411|55846|28852|47095|18732|13907|5646|22345|10515|56120|25705|52377|55156|1015|13246|44229|38739|30473|10696|9531|27690|3491|9547|47090|47173|7729|9421|11347|2148|55694|36387|6596|25053|38272|57460|43770|18072|14477|58754|25193|690|33918|12053|40985|3152|57741|38956|32796|14580|50039|56527|43103|42038|13995|37813|11236|14677|56297|40686|31782|43120|38557|16837|43842|17880|58697|35918|45987|33415|58904|51650|7435|39649|5555|52864|36954|11833|10203|36647|14957|12833|1848|4475|56711|49015|25809|35273|29298|30098|8252|29996|46748",0.65852135121435196,0.65959132351626115,0.0010699723019091945,canonical_raw_float64_squared_L2
832,1872,8453d8f51a5d0bb3,c8146586d0616a20,48484,100,"48484|27647|47815|55867|12661|55305|49118|6603|2591|38954|54069|54641|36680|36264|9451|20443|41334|55636|44838|41436|19742|20429|46006|534|36056|59375|18507|45678|2472|17265|42703|39495|33917|52094|39064|50278|28286|12892|42993|1754|42946|15296|40585|30507|46239|19997|34931|13067|46097|4714|22398|43433|21459|45041|15530|15320|57336|2695|25583|21589|12581|3946|19610|51120|10862|15849|37224|3309|48422|52141|11450|55751|28560|1691|40715|46639|24249|52998|3580|57338|27113|19176|12578|9005|31958|51360|39410|40821|22223|41100|31848|5798|56438|10756|54680|13918|9086|30760|59123|59221",0.71509505426203035,0.71532420049739898,0.00022914623536862688,canonical_raw_float64_squared_L2
833,1937,f39eb52d88c738be,5a4dda0c1b2cd374,48645,100,"48645|30393|12045|39963|53190|41271|24442|46473|46524|57445|9005|30310|27066|50515|20432|21882|8198|23922|51977|2618|7815|27831|40697|27814|16960|33246|26263|16168|36335|28776|23365|42924|16229|55212|26364|3524|35359|40165|46006|29327|55540|55186|4715|2089|45705|18873|4472|12572|18325|30372|18748|294|50200|19176|45493|908|53819|46306|11894|56378|53666|4817|44408|1661|32759|16795|18493|34389|23392|5733|12089|3580|37617|34931|26735|45653|9460|55711|22946|54469|18039|58600|20087|7969|45374|35233|36347|28181|31857|12621|35323|2397|1427|27925|30219|2374|19135|27776|27374|30742",0.66682306384207712,0.6678265291731369,0.0010034653310597719,canonical_raw_float64_squared_L2
834,2674,876a853a582de2bd,bd8d7eec9e6dcf37,48674,100,"48674|10397|9574|25087|38302|29836|29144|29803|10143|54273|56970|47091|31190|10744|47235|52570|4453|12079|22107|19025|31465|18617|23157|34444|47792|27703|28300|24101|34755|42461|14899|22215|52622|56738|43822|20233|53195|36858|7515|33021|28558|28178|26722|20015|8443|53808|9650|48381|51776|35063|29885|23440|56118|3263|25825|6276|43720|53956|46655|21217|403|15622|15191|3549|32240|52668|34893|7000|9435|54909|18319|7539|17453|15050|25236|50313|56029|30280|5699|46439|1664|18948|9520|1711|58925|36876|12507|13043|51223|48729|57102|50751|5266|31169|30979|19347|8355|16801|53063|35243",0.28569069740000752,0.28655060826709378,0.00085991086708625541,canonical_raw_float64_squared_L2
835,1984,a9b04ffef19c7261,171efc1afe2dc9a5,48719,100,"48719|51168|4791|21949|37288|3028|19931|18911|22131|9211|50085|8472|9363|9185|30079|4177|55467|34932|48487|58350|27374|6696|23424|32754|30734|54544|23914|50713|32828|48592|21308|22036|23501|52697|51476|49264|24612|24034|3083|22222|56126|8580|8499|39164|9600|54027|53913|18079|35669|22934|55527|14771|31990|3132|6503|54183|14130|29732|59444|51455|59268|38552|4341|40022|19669|30094|1156|33585|34880|30527|53860|36270|49440|19135|45476|25967|5775|19329|44858|31383|43758|3271|24949|14333|17545|41880|50682|57153|1655|56855|24143|4357|53217|22801|11496|19950|45352|36806|54137|36190",0.70680617550190428,0.70683944330817361,3.3267806269332567e-05,canonical_raw_float64_squared_L2
836,2099,e49f0d9d7c369d29,fb9efe17567083db,48786,100,"48786|12449|3945|5350|59107|18488|8266|10877|30900|18082|31460|1608|25736|18149|42398|21222|17161|15090|3022|13282|26912|26384|51306|17747|23266|50301|47671|38736|44123|50793|1004|20913|10743|38383|19711|41305|3267|38361|265|26356|15614|20278|35240|28916|41815|20245|16177|50807|8528|59972|34322|4966|52120|37350|55822|56156|11771|23916|176|22166|38197|36026|40013|36943|41101|28459|14133|4407|37161|20624|20644|22050|28769|37391|58577|17287|44389|20343|1652|35208|3133|44813|2624|47891|20307|22063|42059|28903|25824|26686|48240|6926|32607|34575|33359|44899|11729|18185|58911|42096",0.56307556557791649,0.56338657210961807,0.00031100653170157422,canonical_raw_float64_squared_L2
837,1795,4e02039e284f08da,3b8359578ad39175,48808,100,"48808|58559|37700|10462|29590|12292|15291|36879|46844|56410|19292|10101|17746|25071|28163|33028|5945|38946|47930|10415|24273|26074|39777|8067|43634|49266|52482|7909|21290|2811|8696|58299|35398|1320|37922|8216|42154|43321|34485|13509|23837|1257|24010|8723|37954|1419|20752|30424|27693|56533|50231|28698|28122|57844|32064|12902|48901|29044|57894|43893|21114|39805|38393|47787|10791|20368|13417|42911|42084|208|44524|13166|48816|34535|25994|42958|8951|54884|3836|35058|12620|16189|56893|53898|36459|29264|23531|15114|57841|56659|48390|7166|3276|28383|25008|19457|47030|46186|590|21256",0.75804342399346614,0.75894010822872304,0.00089668423525690599,canonical_raw_float64_squared_L2
838,1854,0fc1d597e1b0abd0,4636789e0ab33e96,48813,100,"48813|10278|40682|50094|294|55168|2807|48697|19591|45505|16251|21382|11542|43168|47318|43436|21108|59944|9795|7273|26023|7055|41416|7940|18387|38510|20960|38575|59375|30592|54905|26056|45669|29331|15481|1309|26032|13622|23000|49116|44024|52860|28528|12110|55751|31967|37679|11410|51169|26901|18507|18723|27054|38203|48376|1808|50083|19794|50278|2594|52750|49396|20139|41381|38784|35784|21904|54412|2104|56404|10621|43234|37105|12466|45725|38165|7546|26625|41506|1729|25131|51096|36217|32150|21728|3524|41046|23298|49139|38521|50223|24014|28884|7565|29626|39495|7945|32568|31847|1833",0.58378873403678944,0.58384999597193665,6.1261935147216562e-05,canonical_raw_float64_squared_L2
839,1690,d48da950a78331dc,896760c29d3caeba,48823,100,"48823|37624|3054|18524|29849|2492|19599|46941|51635|53665|7204|5543|33556|41216|43124|38598|7164|41239|28240|41418|59702|53332|21735|9235|55977|9776|10640|3539|45027|31432|44286|40744|54047|46601|11951|18667|20588|14977|43144|48304|1930|40901|49772|59284|27659|53245|14503|18017|44798|48343|18443|47516|7609|35689|44753|1083|53061|1001|26343|16589|4236|45950|40447|15427|17119|34915|26166|19247|34126|58328|25675|10580|55371|50608|30184|49058|37379|46988|237|50784|7961|59315|22258|59659|7911|55464|34401|22291|32300|11765|15881|11877|36589|42659|5625|58289|14254|158|9207|43260",0.78019936561533743,0.78120844093764352,0.0010090753223060966,canonical_raw_float64_squared_L2
840,1841,e91e77af43889418,49aae8f9d9c987cd,48834,100,"48834|966|4938|1321|2282|3374|32654|37911|31148|48767|16626|32515|20170|7812|26785|57537|56389|41659|32892|31797|28319|26772|14566|58170|45523|285|50319|53216|41968|44990|6616|40798|29390|18346|149|50896|29218|58779|30610|11391|55813|32615|1984|54465|37273|35140|54275|31850|2068|5062|583|33334|7206|35276|21252|56521|28246|9587|30256|51749|15861|1010|1517|12272|38708|48383|16477|24529|54323|50986|15526|10070|44809|27302|6713|58885|49328|33693|26048|55928|268|26160|59524|15485|55345|54132|51215|25458|24705|47823|38649|50835|45688|28574|58868|25014|6475|9429|43683|53090",0.72977858310321975,0.73004638811660272,0.00026780501338297125,canonical_raw_float64_squared_L2
841,2191,9bfb12cf5d520b7b,a1a88a41f4ab1af3,48844,100,"48844|3063|54852|23946|53331|58223|17042|52727|22712|14325|41615|51409|26108|7118|53903|35619|19141|54651|30535|14387|2272|39075|15352|8120|14572|48643|12024|54686|41335|3478|7225|23194|14692|10975|5404|27042|34462|48703|8359|24905|55400|45419|24689|57178|18846|33111|10390|12972|2829|1960|53992|41634|53154|40413|40896|31846|46802|32014|20916|2531|24876|15548|8425|39917|36337|46458|20852|18461|38779|2635|11595|19621|34131|54494|44438|32573|15745|3407|50944|39746|40963|58066|58727|8268|47468|47726|6858|42083|21802|59032|51621|50352|39628|12891|4794|12883|57525|39001|21387|34276",0.43616557970105296,0.43650566208577413,0.00034008238472116314,canonical_raw_float64_squared_L2
842,1683,3001e54d41eaef66,771aa5651272b95a,48856,100,"48856|57252|35468|54880|23934|39650|38495|13675|42922|20693|41616|13330|16147|58106|16775|20792|32370|57119|11237|25330|18802|24350|4489|38412|23729|20797|28978|33149|33005|11059|31103|8471|38425|24053|3913|43527|11058|16015|43249|25302|17629|5155|17379|49696|51662|15731|43992|29972|45882|28384|6508|31626|35318|38760|13987|8507|33171|8019|310|49681|36801|46933|20862|14832|51164|25115|20564|15210|18274|11173|55674|44172|35035|33375|18239|16132|33995|24823|18153|33238|21650|11889|30391|1292|53037|13981|37571|46670|30327|58696|21285|24548|42346|2550|11684|55466|13519|34991|30148|57286",0.62681806144649277,0.62724564796432181,0.00042758651782903723,canonical_raw_float64_squared_L2
843,2102,3865bb3cecbda733,7c7d5c3bf90cf99c,48968,100,"48968|39757|48707|59029|1595|59659|58681|5603|21250|29353|58398|16980|57379|28338|47907|31515|26485|45022|2695|56446|28875|22173|42636|30736|16926|55004|36046|11862|23532|58612|12896|30822|54158|14827|13904|12406|38640|53098|37805|21512|2131|43975|52611|22019|4306|29770|27624|4701|4262|43066|19535|30425|6146|14996|53790|55942|52699|39740|58091|20365|42080|10719|27725|59771|48279|14081|48538|18304|52501|3|16356|11472|39809|25301|9445|54700|32593|38809|52766|14573|51431|46365|38066|24218|14810|46150|7828|4384|21066|15347|22879|54065|51765|31033|595|26808|54730|28317|51788|34777",0.60198200767576959,0.60238676278427694,0.00040475510850734864,canonical_raw_float64_squared_L2
844,1855,cd622bbe359fefc4,59cf89cee8185580,48982,100,"48982|46356|52817|38405|15693|6438|50752|44860|23115|17061|56963|36102|36736|10769|17447|45405|33433|53307|26241|49688|31517|9610|43329|58217|22182|593|47343|38871|2706|18223|48171|6746|33432|22753|23137|27112|11774|6766|59227|31329|14100|50513|42916|40762|28846|26218|44920|25499|34878|46679|26596|19745|55964|19365|6997|19947|16975|54252|50369|38082|38402|46701|16588|820|19609|16174|43604|26209|53133|52177|58057|12743|39376|45877|4381|3477|52140|28601|2655|12116|30343|3691|24018|2849|26348|17945|52694|22306|1467|45086|16575|31765|43176|49460|13298|38024|10421|3988|33307|44947",0.63103278122344864,0.63142142281515345,0.00038864159170481916,canonical_raw_float64_squared_L2
845,2289,8ab32cdb496e6e47,6c6c419e247e3b3b,49224,100,"49224|25087|14688|53355|51746|2266|56842|25753|37748|43059|38302|26215|49274|9502|16805|48446|49364|15154|51929|34764|1608|20225|18082|31190|59956|3443|43337|57855|22276|12580|53195|56902|20556|58971|30442|10051|17967|6253|54273|21425|49839|37350|35237|42510|7074|56063|59915|22740|30041|42434|42461|23558|29624|59825|51003|53018|29803|47057|35887|26902|25636|33300|8474|54184|37446|40530|15285|11819|30735|12619|9757|45645|56589|57315|25351|18267|13972|55582|2509|14620|24488|23017|44695|25622|13432|39836|10901|6853|21037|24478|16393|59795|8543|53493|44299|31543|11886|54958|49835|32018",0.40337083283281838,0.40364232834891933,0.00027149551610095024,canonical_raw_float64_squared_L2
846,1918,63b557ffdcaab6a0,b09a2d419fd3a7b1,49294,100,"49294|13822|32344|31109|50256|19929|29186|22460|6772|55369|18559|39648|58170|56771|7277|17831|36217|11463|30907|43425|12848|39847|27531|4063|339|17663|6502|58636|43690|35573|58271|24835|16611|55650|31303|57256|50649|41046|22456|57393|58847|7420|10136|10603|29161|43209|46490|59630|14759|34997|30815|55359|58779|46867|50223|31852|15168|17407|18277|39602|33094|22707|58647|53095|54484|2068|17604|11065|21780|20565|1373|32615|39090|156|377|28561|59513|18455|23112|57266|52442|6593|47922|31948|46635|34669|3547|4712|12791|667|24482|47757|22573|9612|21672|23191|40755|11542|34384|38213",0.66285040552629904,0.66367101544704366,0.00082060992074461936,canonical_raw_float64_squared_L2
847,2655,cd0dabf99142e04b,1eea200614ca9826,49358,100,"49358|33513|38399|43029|41864|56858|19410|38835|15307|33109|52838|4500|8042|12201|34948|45620|4320|34587|26756|24315|57934|44771|29102|21880|59232|30391|47350|14071|54096|4955|15582|52398|50696|29726|57551|37798|49532|39105|14821|49767|13008|45145|34567|32316|22176|34235|3812|38525|47889|22022|24766|12311|18900|53686|59239|25872|1141|50185|4807|1261|43356|22496|54430|57142|51532|36953|57072|707|46005|21236|21064|26252|23117|42884|58248|33695|42182|5632|26487|4897|13108|12951|16513|59568|50092|39382|34508|6090|11576|37803|41460|38374|1686|14248|57889|27982|55892|17327|36365|21503",0.37618249885964705,0.37631841628756363,0.00013591742791657646,canonical_raw_float64_squared_L2
848,1864,348ef9a3ab596534,d623eb1ceb414f2a,49440,100,"49440|18722|49829|1191|3132|58039|50663|18585|47489|24215|21368|6851|2609|16267|15534|33824|10385|9600|24771|12078|9211|54177|34981|27215|56855|46718|14802|5401|49046|32110|38552|31494|3316|59866|48719|24453|33616|46126|12066|18540|14771|16761|49584|50282|25145|57333|19045|13692|3183|9848|20795|34070|43193|48734|32527|3459|54549|4885|14251|7644|9185|21611|31417|49175|50713|56503|40833|43344|37382|52697|12968|31907|33860|41880|1205|3725|57921|55497|57|29295|42379|35340|34474|44588|6158|35105|5679|684|35669|59593|5325|55824|33585|36697|37793|12408|30050|36967|59875|35589",0.73309155766892109,0.73462613571709023,0.001534578048169144,canonical_raw_float64_squared_L2
849,1987,fc2ff625e101267b,0e227d297ec079f5,49451,100,"49451|48858|26345|24197|55642|52417|42453|14082|44424|27189|18041|57237|53277|36811|21382|18922|12848|2301|13377|34709|44826|38955|13681|6299|8021|4393|1544|35276|7314|19600|9685|13749|32610|44200|16298|35252|14636|50134|15732|29245|20966|40439|40107|25435|27123|53819|28211|59416|32116|21896|294|44021|42353|20576|14242|51215|4928|51272|58779|17877|28812|58027|44642|28831|47436|20170|23308|23456|46942|53317|37281|45688|25107|16114|18144|28429|45861|30290|50984|50223|47318|51749|28102|57175|58170|38784|55415|4318|13416|16636|22536|41191|47403|39962|1922|46455|58452|4802|55345|26203",0.64842767875686436,0.64878465332750479,0.0003569745706404337,canonical_raw_float64_squared_L2
850,2292,dbff91b634f83a93,61050026606f8173,49643,100,"49643|59487|42443|13731|20497|52784|16490|35855|13462|57563|42157|54300|53348|53691|58000|34399|24217|2802|30800|250|23933|1329|25054|39141|33724|34083|44436|43288|37052|58990|7338|51563|50284|12295|29781|44010|12891|46796|31245|35897|52538|27146|38670|9467|16286|33184|49542|55967|33643|39598|26320|5685|57604|56472|4505|9676|30183|24280|46866|49217|27487|42422|22419|991|36596|2328|19244|31759|39049|17011|59566|12840|41048|56552|53288|25630|21134|46735|58132|50566|27243|21331|21165|23781|5133|28901|40213|3478|33315|48962|59367|51621|59312|1464|57260|44342|55135|41322|56291|42912",0.47794415638724069,0.47808204105077778,0.00013788466353709117,canonical_raw_float64_squared_L2
851,2380,dc2d69aeed613e58,b0c6bb0fff373e45,49693,100,"49693|42043|13361|19614|23421|17667|27357|20833|24777|40544|28322|9852|11904|1269|58647|2575|36916|32276|14690|50236|46803|286|27534|20906|16387|44336|12147|55387|6095|39847|5075|2650|5490|59503|7254|48223|37025|4606|19208|20018|52353|17953|41286|45533|35573|9507|28186|1955|22331|17793|22837|24843|25353|12034|41593|19521|50456|59034|22210|50138|43541|44446|5880|15168|50277|55414|37372|32024|33223|10801|30109|16507|24209|57999|44110|53016|16372|47734|15744|48762|33953|7105|18596|1535|35455|58233|36285|15789|11048|8344|44253|42005|31964|16742|43615|20339|56032|1846|34686|7383",0.55951709525216009,0.5599708565194137,0.00045376126725360511,canonical_raw_float64_squared_L2
852,2029,b0a3ceced4b56f66,659311bd14afee9e,49708,100,"49708|3111|41466|11009|39657|53085|39405|59571|18332|36986|38659|19719|5040|9977|43538|15600|22306|35948|20755|28588|22503|23396|8650|4840|17083|14428|57309|34673|48122|6741|54341|8015|2336|56103|15513|55455|6171|21313|43302|34338|43015|36844|16588|17204|6424|37460|5596|45958|56585|4856|23328|52894|59803|37705|57788|36044|21676|12306|32125|29408|14609|6330|56796|18879|42436|58772|5|52258|48568|11212|26267|29457|21693|38082|35866|20931|15409|27616|13783|47343|23983|12955|28252|17234|43666|17496|52634|5019|57955|13046|45008|2369|43148|50347|22494|35048|17274|54263|20549|9952",0.71000094073609821,0.71005036141626388,4.9420680165668252e-05,canonical_raw_float64_squared_L2
853,2445,8576576580d2ec2f,99f921ce364b9160,49736,100,"49736|29933|29589|3938|46284|54106|39075|54299|13760|5717|52370|56075|25760|53331|34100|31007|12231|16508|34276|16501|8658|35953|27072|4592|15880|10516|58961|13874|7970|56851|17519|40145|56868|42437|4287|12471|19914|43216|34963|41615|35169|34824|36314|51409|8797|41040|47504|4683|8715|35671|22350|56412|53328|10087|44288|23919|11772|45419|6806|36981|19621|21863|56047|24689|1707|12176|58460|10617|50408|59897|12024|35516|3469|47|7431|14654|1797|9265|56751|33586|20722|50398|38002|22540|8425|20572|31759|16414|49359|2962|9679|25469|32318|11977|19141|59032|20981|20098|26002|16709",0.50096771265862017,0.50162031851781419,0.00065260585919402203,canonical_raw_float64_squared_L2
854,2398,656cdd1e6462ffe4,b69f831e5745645c,49764,100,"49764|7808|14846|6514|44122|33190|8665|763|51027|4539|40818|7144|46138|26216|38700|54316|59583|37279|34036|43757|1514|19625|38138|31423|51646|39049|51022|11253|14292|33858|41879|56810|3518|38083|2463|37953|46619|42220|11451|48668|20370|14208|18704|41774|58648|59008|36464|31951|53886|44188|23586|48964|13157|6055|50864|17959|2434|5803|18112|40287|18893|16830|38866|46012|20398|11141|16072|41047|21594|42371|18715|19587|25696|10401|30147|9257|7883|50124|37710|19009|50482|39198|42266|4718|57008|27281|45435|34448|50070|36427|9430|554|35461|23805|39364|27427|34989|21573|25808|23907",0.38033252782994137,0.38042037569685216,8.7847866910795158e-05,canonical_raw_float64_squared_L2
855,2002,ce7cfa0fcd76aeb1,bdfb0695988a3b5b,49779,100,"49779|33428|41245|30118|46631|11003|2526|37417|4541|5524|53470|22085|2332|26828|39546|28949|16999|29045|35998|45101|23717|29753|49302|38541|35433|57547|40742|44786|33038|31431|55850|59545|2011|18064|12112|4521|1743|25499|1436|26942|48171|24284|34628|20599|32909|17447|23115|39861|27040|49430|27535|1481|34555|37050|48098|16255|12385|570|53126|12700|53081|59038|28229|16821|54660|45300|39831|57844|23311|37466|33344|36456|34509|59510|34973|22311|24523|4818|12541|30327|36280|16910|4924|37685|7357|27085|3409|13798|634|17061|15717|12979|4068|41657|21354|49687|25171|48332|24331|46546",0.64569511321335937,0.64573586084639156,4.0747633032189867e-05,canonical_raw_float64_squared_L2
856,1789,b790ec2e4ec13848,588aa03613557456,49959,100,"49959|43978|54043|6595|6831|6036|354|16310|20056|1659|4103|482|13061|25686|34936|13939|44282|52872|56578|18135|34966|11333|23980|14523|8501|38101|40710|17843|12370|50587|40969|17031|47985|39977|683|476|34127|43859|55362|32515|51716|8851|41351|51192|39743|53418|22871|10495|36522|53603|25943|35823|47370|55773|55404|42319|2545|23938|14338|52304|22240|3606|48134|32292|56841|14857|10352|10594|28617|25719|37259|42276|44269|16990|58744|31381|44449|48313|47442|960|24310|45189|14764|15121|39629|25858|53837|14552|2507|36104|201|24268|56654|26965|40236|7300|57639|50625|24075|54975",0.69236100008700352,0.69292990733912574,0.00056890725212221938,canonical_raw_float64_squared_L2
857,2121,eb52e5f4af7f205c,1ca9e857379f86a3,49965,100,"49965|44838|47394|59378|57921|9350|20714|42946|32186|50476|11386|19246|50849|30862|55659|43433|39495|28916|31507|32525|34268|549|58364|30417|40269|4907|57336|7838|37753|41708|31417|333|43213|15507|28498|23255|14320|47815|14133|23856|54493|45790|48567|31907|12567|51120|42703|43693|22903|4960|36967|11113|41238|22371|4874|25998|8957|49740|12140|12589|33872|46300|14576|49811|33027|48716|24340|59107|15498|36056|32858|29329|9526|16188|11220|51333|16138|36218|36784|22653|1851|35271|53510|38693|10549|20913|5899|55824|25481|59593|14975|58987|27631|17691|52608|6859|25057|45678|21708|57632",0.65011549672276647,0.65017116195718661,5.5665234420132492e-05,canonical_raw_float64_squared_L2
858,1459,daab074dec9f027a,bb372601c4e6a79a,50042,100,"50042|52785|21835|28736|10835|54078|39355|1723|56746|41062|44349|54088|28455|148|41069|57644|15786|17778|25873|29026|12564|51793|54860|40335|24105|37467|41443|3221|45627|21744|55733|11675|39064|49859|6998|27776|42286|52760|37101|29001|3580|6248|30479|13709|3946|50438|12135|21258|611|39104|24819|27746|36174|14875|3578|8520|12726|52499|20085|44922|30300|32900|48301|9641|46239|15395|27756|58625|40813|7898|7064|36048|39497|45219|40672|43651|49514|56024|59261|29583|38807|26010|542|3358|44434|26534|50768|4445|16934|8025|23661|19401|16227|56532|52310|48907|29441|16314|10981|51636",0.9328350502084819,0.93302684566096161,0.00019179545247971497,canonical_raw_float64_squared_L2
859,1779,79fe6f5150cc6729,60175a4d6246b5b5,50111,100,"50111|22026|23617|12867|16697|16245|1174|45138|12599|41769|16721|49445|12457|11844|19103|43508|27261|55324|33626|37561|52790|5852|26112|7356|14736|35572|11946|33711|7112|47908|9747|52473|46551|23693|41510|26926|57138|43908|35450|35199|2714|35839|30373|16902|26843|3969|27352|12277|14753|19541|36013|9860|47341|58290|41689|44331|35195|46260|50546|18782|45419|10964|34930|32744|48212|9975|59897|38818|27686|22682|47446|59539|8998|14468|40156|30320|26342|3516|20668|34009|20682|9540|23919|21564|52118|7646|24689|27458|7695|47543|14518|49663|29927|35893|33911|44930|55249|20572|16456|26922",0.62881755665192629,0.62884041716748662,2.2860515560330086e-05,canonical_raw_float64_squared_L2
860,1970,00923ea104615eae,752821d17fa7d600,50141,100,"50141|31485|46606|40600|24120|15340|24036|12290|12961|53194|13352|14000|9397|32277|51193|21809|21223|52171|5090|54641|46057|44406|13413|44506|8464|32620|50094|2297|37969|55076|22764|7113|11519|45545|46503|19905|45467|27142|37610|3274|50444|34689|32510|28680|13948|36532|31994|26577|4493|15999|25015|55532|54935|31341|53502|294|12780|9024|16994|52449|40773|40380|58096|19933|15786|58700|5467|27666|49780|18613|38692|45006|57668|20784|34999|38564|35500|39779|58478|11933|12701|48190|41697|16603|42020|41182|45700|28108|6957|50384|11953|25925|4569|50464|4315|28447|14041|55479|13100|50478",0.52989988499121066,0.53020730865226451,0.00030742366105385166,canonical_raw_float64_squared_L2
861,1874,319d973aac182e95,9c21e271e00f3839,50200,100,"50200|27224|22834|13111|57662|53819|20432|34207|34931|294|218|47330|19742|37231|19477|55186|18873|32139|46006|27831|52141|6271|34818|1961|6333|27776|16445|34008|8817|19176|38692|13067|33507|14667|11024|48497|24442|16168|54618|3524|39963|46524|34294|48935|47132|54147|59231|32835|55482|41219|2089|20376|35092|16224|50393|50278|15975|41442|47296|48422|31111|38600|14279|48478|27226|59530|23922|3580|12045|50384|33917|51339|534|44024|19388|55305|15849|18587|56511|55816|51318|27066|34458|45374|59261|28425|52177|5733|59952|31801|27671|39726|23162|50262|7064|33666|9746|29327|17265|59575",0.62293786329461509,0.623919872145828,0.00098200885121291215,canonical_raw_float64_squared_L2
862,2366,00317787f7b6530b,c58208bcebf59da5,50244,100,"50244|33659|41256|45509|799|7877|41834|35800|22608|8056|53694|16838|37502|32247|53252|47984|10657|30348|55757|35462|15813|37181|10815|56108|24686|44806|33750|7251|22942|43532|4544|10267|43708|18195|26939|50685|50498|18632|34744|21145|53698|53621|41677|23928|33115|27035|41604|26116|37339|54675|33383|38907|19393|53615|47795|59837|11432|12192|11365|26312|26430|40817|45369|38883|28913|10800|1027|53112|24571|50184|29286|17344|3271|36149|46298|20379|9446|51003|20301|38088|15947|49010|34122|29878|41865|20098|1708|58599|14226|58405|30307|695|2603|5660|54491|17382|15262|57496|39080|1640",0.51298973009318638,0.51307654182597706,8.681173279068144e-05,canonical_raw_float64_squared_L2
863,2148,6338ae2292f99c95,248709687d0a04d7,50285,100,"50285|27575|25708|8428|36827|12347|52116|35183|37600|34507|51853|5884|27447|18498|34355|23837|29275|10129|59674|27799|21282|53395|34860|2347|19549|38778|23242|8295|25021|51695|47512|45593|46190|55966|11275|7419|42441|35047|3858|32249|52188|56337|23303|59628|1706|27365|58355|29956|6727|59283|22330|20232|11172|36734|58929|25020|56672|890|36674|59845|23573|27733|6610|18071|44013|40494|52296|11504|38328|5352|8587|12902|43131|7042|30733|14048|19801|35138|24640|5938|28959|3129|50442|45959|53347|53560|39501|47765|15803|1796|5496|32158|33144|35167|51831|5562|3643|42000|21614|44210",0.58607816736231122,0.58783243442550437,0.001754267063193149,canonical_raw_float64_squared_L2
864,2643,2ec2f627569dfe0b,23f7624ece0459ff,50384,100,"50384|38692|45250|58647|9356|39186|32821|39963|20659|33039|16742|45545|23421|30372|32842|3970|56943|8720|36285|30742|59575|9231|10477|47922|33069|46156|23252|50236|767|30683|30307|5419|42938|34659|40049|48497|34956|18507|8621|39617|7897|46239|45533|46220|32373|7870|47488|54362|10356|21052|52362|27848|55751|44033|17960|45678|55212|19239|36588|59268|45616|17669|55834|19295|27044|46951|57608|57310|43550|51140|45515|44301|31683|52783|50036|32854|50094|36385|4710|47837|40017|19614|7365|1237|43743|27230|58|4637|43433|41406|5880|17306|43933|14601|58316|39177|41286|38391|19208|42005",0.46181297505326924,0.46237320875139826,0.00056023369812902013,canonical_raw_float64_squared_L2
865,1796,8e12db22b77412d3,5a43084efe5b3b2b,50438,100,"50438|28902|24380|42946|21062|40351|40269|19246|11269|25481|53719|53031|12661|29454|7578|25211|3580|52419|14320|7395|22903|52310|21835|28425|9350|37000|54088|7425|54988|20053|49965|48754|3499|55834|10758|43231|26917|36264|31200|29817|49470|27689|38807|46239|44349|30417|7895|52168|12293|34008|4569|31137|26752|34095|31875|23252|13059|15728|11113|28455|11357|36056|23590|702|853|40944|7620|2733|49514|41332|52922|47661|21695|39064|14700|54069|58300|14842|36439|50236|33872|22119|17399|30224|39053|30622|51608|18748|57654|21771|17538|4677|42412|40091|19652|1754|59679|5448|57598|30871",0.74571414508636491,0.74617819199472157,0.0004640469083566634,canonical_raw_float64_squared_L2
866,2096,ba33b6643a62dda2,32d5e9d2ffee22c6,50487,100,"50487|59598|2838|45093|11517|51980|30503|2985|30245|47187|50023|21289|12775|55966|59623|53099|26468|53805|54363|24299|53173|48503|27959|14470|39743|36010|57613|15961|55300|34129|43910|13877|53516|45307|36684|44372|47985|22077|39361|29504|3463|6967|40903|34370|46651|4768|31106|29349|25297|11755|34860|21690|59519|21141|23001|50940|58763|1765|55608|43788|41396|42349|50660|46685|21008|46373|8550|16849|43401|28908|31490|19367|20056|12086|21282|9652|50968|14917|21242|42733|59882|12292|27799|49035|33077|10930|4217|17505|118|55347|25461|57028|41617|27151|37829|56841|16454|50979|52708|46269",0.62844669954490118,0.62886865864701047,0.00042195910210929277,canonical_raw_float64_squared_L2
867,2031,18fef0090402ffb5,70cdb95b12730704,50621,100,"50621|48275|41217|59010|4705|58612|22361|8865|12550|42080|31259|30673|39255|18327|4384|10865|22372|12574|16256|16073|47777|59015|4262|38484|454|16852|26929|47566|5996|5769|54978|54969|52262|13160|4317|5854|18388|58159|47921|57169|24692|18018|13823|37491|22241|54402|39965|57224|2922|46871|41678|22258|21088|48225|27923|1366|7531|39234|14382|34616|25098|28643|24024|24454|25117|58663|14923|12175|31732|28834|37292|56056|14216|35774|29766|16926|15342|10134|9032|46171|27184|21752|44752|39958|22013|23768|35756|55266|43975|2897|40008|28125|19354|34540|5759|17958|30306|51801|43447|35939",0.57370708547081206,0.57384364977725877,0.00013656430644670703,canonical_raw_float64_squared_L2
868,2003,3497ec8e8a86b0dd,b481942570f41024,50641,100,"50641|44963|52944|10219|1734|53126|6035|6721|32446|31891|65|6040|59858|19877|28630|37119|59036|11638|59659|24173|43481|36244|26301|20827|960|38517|9256|2444|59299|40196|35774|16645|10561|21066|31549|2985|3590|22776|45768|31614|30465|753|45241|10719|26245|29498|19407|10088|40623|19112|9179|42851|27725|6692|29867|22905|1405|33247|20296|35004|37773|48913|54263|39091|41495|25019|23216|43960|18989|2485|54537|9506|26079|24883|683|20176|53314|27834|35612|59471|26129|31235|24218|8000|48993|38852|33644|57134|24046|54490|11814|24861|46227|35054|8191|6347|476|28577|50293|11840",0.76883602171949939,0.77009005191528357,0.0012540301957841837,canonical_raw_float64_squared_L2
869,2688,af8a0cfcd09eb7ee,b7a820e02214c961,50756,100,"50756|51204|48841|22580|42836|23255|132|6548|3207|9237|55502|42156|55012|43561|57866|49192|54571|272|24671|4998|43111|46587|39952|14065|52474|52858|53510|52547|16383|10815|32525|53767|53671|12316|56098|47874|10767|24275|33480|34076|5785|33885|4639|34361|42690|6932|23549|14469|45383|47567|49049|36904|35471|52015|53819|41656|55960|24835|53605|31279|3506|23420|45452|11090|44041|54797|57305|48277|16445|5857|39963|58698|9924|12858|36285|47425|11719|53258|51336|51403|25255|19731|33848|33069|44424|7867|14894|38888|24021|42760|32482|55102|6339|36367|18556|59049|55812|37368|4105|15399",0.48150205014219166,0.48162771021428152,0.00012566007208986152,canonical_raw_float64_squared_L2
870,2254,8f0867f3cee5faee,0b5d0d8b6e9a4aa9,50846,100,"50846|19296|35394|28306|48704|29269|14282|16386|10993|47970|43715|40773|5085|57687|15440|18852|13013|22546|59252|47720|33314|54205|32645|27765|58209|46492|4449|3196|1983|4183|36841|13998|49527|10444|53606|36195|39651|24108|41184|17529|34328|24123|25576|45347|16874|14984|12208|57711|15787|34337|2376|2566|19108|2061|6228|53874|11032|35223|7563|43304|25373|45279|20330|36425|18801|34141|4349|34384|30918|45944|49781|14935|59375|50897|15228|20091|29723|51028|17557|3175|44218|34570|11526|40053|21126|50563|14558|31852|34702|44400|44939|38953|39756|27608|45553|40301|58938|55424|47752|30568",0.72448318662071276,0.72527641019857547,0.00079322357786271169,canonical_raw_float64_squared_L2
871,1787,f56ba1c78103f401,f5a43f9bbd7f5958,50877,100,"50877|21860|24060|15160|37054|52144|21420|8234|39055|11885|7367|56512|8121|42217|44432|24719|27993|15109|7466|15890|31439|31949|16057|25989|39513|39332|50748|28872|49800|49972|48885|20839|49730|36756|13829|11221|11455|7661|383|24576|38917|15129|9635|55097|34550|23520|22708|39910|12711|56257|15406|194|37337|990|47278|24201|5575|13183|43057|17067|46459|19428|15550|54640|41958|57769|2522|18460|32529|29503|28169|32151|54724|57312|55265|35958|30111|27047|37503|52074|48906|3847|10206|830|11420|58845|18459|48599|7576|858|3181|39034|41804|54075|29354|46784|7136|421|48407|17657",0.58446413180345758,0.58520615107547891,0.00074201927202133255,canonical_raw_float64_squared_L2
872,2426,3902d541ae147973,89270e4d620bd64e,50905,100,"50905|57539|18475|31843|39663|52648|13292|22398|6802|17878|19118|40853|14852|51622|28654|5399|58924|12769|45492|54625|36805|11892|41681|2197|46174|30322|22321|13021|55026|23178|12935|28769|48588|2904|32641|28165|36240|2232|35714|18272|26995|42915|30505|52075|55402|54491|6450|53624|30282|11819|29528|33197|44177|10719|41947|10712|27399|41023|46076|59659|55602|28375|6298|51391|56398|23367|24572|55702|24953|50821|52097|27036|6389|20759|9451|13353|41878|26819|5742|3445|17306|6853|4215|19393|3913|52011|27859|15715|19767|2813|17590|34277|32672|51320|32822|10914|21329|6636|622|16464",0.56861290175848356,0.56917532261386761,0.00056242085538404929,canonical_raw_float64_squared_L2
873,1937,b2ef2a91a6e5d27f,0007cff40d873231,50928,100,"50928|6112|40485|18047|10499|18273|50499|6972|36149|18893|46981|36100|41467|13817|30007|57698|23805|50864|27954|2420|17959|6761|30955|37869|52373|28833|56351|43045|7883|16313|11958|5642|38083|43592|57774|14203|786|16836|33933|43432|58210|37945|25696|11280|53886|47298|9373|57616|33190|42476|44494|58991|26144|56036|25457|47227|58720|36470|38198|29641|33227|48869|24802|1477|21605|40843|658|16593|51646|3382|49570|11151|31249|55055|44141|1601|16965|56003|11856|31488|5327|47852|48973|28865|39286|33363|34173|59008|22939|45516|35883|14390|26341|27425|7962|24592|31286|7520|51963|17514",0.35484499441628214,0.35494653105370011,0.00010153663741796493,canonical_raw_float64_squared_L2
874,2018,43ca12d008fa0cf2,b58c4e412268ae11,50941,100,"50941|997|58708|21700|5430|7999|51853|679|27891|2632|29146|5881|44479|10569|47397|19405|27564|45605|55974|21530|32266|40659|56070|15826|46374|14555|56784|29956|31017|49616|36029|47415|18666|36504|49310|40774|57906|53213|57109|37954|51359|13271|27788|12917|48503|42753|50884|7652|52465|41726|5358|53879|34526|36250|58738|51097|16039|56840|2524|25285|20142|43544|19076|3084|39115|17209|19507|25001|186|38668|33821|39363|55685|53008|269|36826|20069|33986|55952|46278|50782|30503|18357|49634|44682|274|16875|36010|11488|59883|26404|29404|34629|53141|49416|55730|11532|35233|5352|15392",0.81268882133153864,0.8135007303344437,0.00081190900290506463,canonical_raw_float64_squared_L2
875,2149,d7a0edb59493ec82,80f53652d3f398d3,50952,100,"50952|8431|42662|38355|33066|29955|58300|13354|48262|30287|48789|17033|31660|12379|1959|6213|19922|14160|58002|526|2933|31875|46470|13127|41374|35577|46979|45796|368|47209|14797|3911|26075|23184|33953|37345|54275|47567|12017|24649|23411|33234|21424|21693|52478|37097|58452|8993|40823|6994|36625|36310|5075|39067|4946|5308|32645|21543|36284|5442|17603|24184|31301|30559|53180|26139|12316|7632|45765|19108|35170|58310|51608|38020|54420|34686|34020|32785|59049|36995|32858|45731|3730|6254|49077|16799|33065|798|24397|17060|11443|38559|19511|22416|4324|51766|53382|17401|3499|14310",0.68679787604886577,0.6881769900894863,0.0013791140406205216,canonical_raw_float64_squared_L2
876,1822,cc75f0b8c786bbff,0b7246de8d46b8ea,51242,100,"51242|5297|15411|10794|59798|14070|11536|16864|38557|1588|25705|20402|43912|9511|2475|5306|41340|6751|47916|4349|47289|55580|29074|11131|18732|15063|6258|28909|14474|26964|37356|26384|58263|11903|5343|23448|17430|48708|2924|58570|57741|33719|57572|12850|33593|56674|46904|1642|28127|24826|41993|57605|12639|40047|43750|43869|52151|14259|4475|49421|50963|17936|4025|10532|10918|40964|8923|8107|35823|26407|40985|6857|47238|52743|57365|35806|3057|37162|9706|12590|25824|419|51094|44862|2148|13335|29567|38056|39710|14844|50190|47928|1529|23948|15206|32093|51492|45766|34322|46418",0.74818268257988774,0.74834399286265885,0.00016131028277110993,canonical_raw_float64_squared_L2
877,2074,081171b772278daf,7fb8f10fd8276ecd,51484,100,"51484|58474|15482|48008|14262|35148|5491|45712|11385|57671|8260|26215|21832|57659|45428|55203|14331|3173|26819|26958|5165|33462|39646|15919|45624|27180|51303|44766|45571|53550|59485|10979|53375|34384|53596|25370|10582|57624|36469|41553|5347|16439|17831|57924|6022|42849|12956|55544|43276|17340|59533|47737|46119|5180|33488|18477|33199|1949|39836|55251|24702|6877|56902|6980|55878|52208|20120|56537|55165|44558|50008|12858|17123|2520|48181|19340|19373|44903|5724|58316|36514|3718|4600|24969|33319|37602|45676|4247|23817|41777|2627|47488|28903|25550|23367|54958|9288|5333|15178|41878",0.4410870434129589,0.44129972854870314,0.00021268513574423942,canonical_raw_float64_squared_L2
878,1688,4f81ae268567cb0d,acd1e03eab1e77d5,51517,100,"51517|11645|8757|17860|45599|24725|46871|7019|46003|24590|7261|52164|49021|9054|44182|26294|6040|12306|55970|24119|593|59588|16964|57973|30693|25881|8563|45642|20549|31776|28220|46448|19570|48322|39405|45077|34616|55481|42715|38838|18879|25700|16953|11418|12424|5590|6087|54131|45210|58527|43132|22212|432|17136|23983|45028|32647|19095|26491|24539|34909|51711|4496|37269|41607|1605|30471|58938|40431|33625|9946|31747|58260|42879|47606|35004|51677|17111|5144|578|4886|22306|2775|57898|31512|33452|53413|55285|9745|38157|36208|42916|22175|33545|57840|54237|3477|44537|37551|46679",0.75930894644357694,0.76002662084436545,0.00071767440078851497,canonical_raw_float64_squared_L2
879,2006,ad89782ac49a59ea,8490013a86dbd05e,51684,100,"51684|51187|26950|13816|23103|42617|8637|50015|25951|38218|24270|13929|27896|43212|35224|59320|17853|6948|37642|35926|509|16558|58905|48534|53182|34878|8267|18546|20858|26528|17169|18338|28268|6130|31187|41533|14930|4507|45050|2815|31517|59566|19289|38458|5865|21138|7169|7202|51160|30722|26011|24523|43329|51809|35693|2749|41440|1242|26109|47713|45868|8308|57228|56217|7966|36958|24544|53036|19020|27052|31070|37258|58531|36800|227|11920|30335|34916|2161|23572|46679|9148|11206|28898|47032|22202|518|53821|41250|38111|51556|47343|48120|39139|19377|45249|14901|41156|46552|48911",0.7413691438393708,0.74180618334104831,0.00043703950167750527,canonical_raw_float64_squared_L2
880,2240,9433065d42f1a424,055b711289e638e9,51691,100,"51691|49201|30472|33886|27252|43119|10317|18672|26704|11159|11514|4551|38138|51182|17705|55531|4474|5932|19069|13355|11263|47023|25618|38927|45088|11114|43534|28515|37276|19974|29518|26678|10965|33992|27318|51897|20817|17736|8392|36770|26214|55672|13720|35418|19415|49498|10102|37477|46338|32716|27071|43342|22904|58256|19167|8483|22862|58067|58249|12540|45621|42066|37044|27550|2574|35343|33248|52330|48827|8525|42764|37823|17396|3898|50383|26463|26644|17394|38832|12318|47978|49176|19357|31774|56400|8982|16651|41435|2721|21257|41913|56179|49501|13368|49166|58829|15007|51856|19398|53111",0.71019625785002438,0.71094837443915027,0.00075211658912588408,canonical_raw_float64_squared_L2
881,2419,c8841bd88715a8c1,7d7eb690bd707ad3,51709,100,"51709|17960|54090|46156|28733|43933|39415|54511|49274|5785|34953|12924|1070|43415|6395|2826|12254|14078|13844|23843|8816|6315|48472|51140|54590|2796|48447|32997|7897|10356|32482|33300|16805|57340|28593|34764|11198|17235|52034|10220|16393|2938|14371|55244|3207|29767|37368|14244|18264|45774|55502|16967|9924|32526|49808|7867|56943|2786|6391|42516|21917|20225|7589|12108|9356|30816|27107|30626|10155|53767|37940|57727|29541|57558|55443|55131|9103|18075|26084|37227|31191|9395|22068|32534|44737|41260|26157|43388|46245|57624|48841|52341|2702|32581|14873|29624|7787|16945|10671|36720",0.46414382963292461,0.4661875646938784,0.0020437350609537885,canonical_raw_float64_squared_L2
882,1896,4064a608d8339fc1,e745c87bc4a1209d,51743,100,"51743|28615|32502|4927|57098|13523|9267|47136|6851|43164|33122|2887|49616|17662|57936|112|55685|3836|8339|7735|47774|41964|41739|18331|26652|50962|48901|48276|27260|978|7145|17760|3230|42402|28018|6241|50723|8085|40283|54663|42684|58814|9080|16800|9774|42921|9883|57215|13149|6356|29894|20068|23248|12378|52764|48728|23272|16853|12880|19457|29794|7692|53471|20635|41215|43668|24386|25438|25582|13849|23850|47277|4615|50915|31166|46656|42387|6869|54292|11702|55500|25909|47423|3727|49348|3233|30009|3838|12856|45|209|47310|38650|22010|19363|55736|49873|36376|12548|50626",0.61929902362417866,0.62015694451434533,0.00085792089016667461,canonical_raw_float64_squared_L2
883,2644,73e091406db29592,f2dc7b06eae48a71,51748,100,"51748|35446|5216|55665|1787|1009|9616|31572|12686|25624|39006|13028|30029|56189|42112|25659|42241|7217|29737|33984|30979|53398|54419|43442|43002|7509|44618|23581|317|9648|25126|10548|46655|10159|35168|23157|38091|26552|35063|47565|22107|38224|11811|44333|5266|36357|42631|37566|54546|48635|30612|3263|11554|37464|9619|51802|33117|25615|15946|32131|7654|50755|53094|48729|17965|51587|55196|44176|15304|733|48847|47068|16004|32990|33258|32629|12265|13465|1711|21217|21319|557|20621|31707|56824|46116|59924|32363|6276|5226|5702|2460|14479|51018|20658|19520|14276|23256|53063|22189",0.28521433403457164,0.28630727530574179,0.0010929412711701558,canonical_raw_float64_squared_L2
884,2749,0146a8b366e6b561,e39e816efa5c956b,51749,100,"51749|20471|34617|18916|40011|32029|53041|41268|53778|19855|2106|25255|36225|54535|12032|41656|19552|45688|29660|6548|7896|40496|23549|5857|20108|6234|24835|50130|19689|13945|2922|47144|39913|38896|34782|46587|34736|22963|5180|40469|16110|40301|26812|41955|37118|53276|20655|5051|53605|12134|22460|19420|2154|50219|23903|44110|36514|15718|17529|30095|19929|32208|6583|42760|12848|53767|47300|47318|4830|42702|38350|15487|48955|6838|22519|22044|38110|51350|38979|51249|15168|22149|5212|28246|12787|6339|36069|41523|14737|17604|31948|9543|7910|14270|58599|22709|20377|7165|42146|14827",0.42697297885205809,0.42707696183512789,0.0001039829830697947,canonical_raw_float64_squared_L2
885,2153,5796f1fc2c3753fc,5f8e809771086b6b,51770,100,"51770|37836|25107|24913|10307|46942|5160|3186|22949|11267|42983|12227|52778|40637|4219|58868|53326|52710|39853|2119|32610|5114|53795|53090|28553|11391|49620|10121|30431|9377|7085|47129|48892|149|50267|56148|44990|45459|49251|52908|12301|28015|18500|24241|7206|26749|14566|51521|32498|31036|1299|34881|48706|10232|35104|44578|49760|38920|10250|32384|30632|21364|40510|18346|33388|34127|57882|33334|36684|5116|28118|16477|24388|59174|13786|25393|57089|2823|254|47403|45540|58027|37896|50277|28232|15167|50580|42384|21896|59701|28566|19739|41968|25401|55345|56521|53256|729|24524|21252",0.73022349689136934,0.73036743434566709,0.00014393745429774896,canonical_raw_float64_squared_L2
886,2100,1ef824b51654143d,aa08c67ca8e11264,51810,100,"51810|24217|22262|30418|17647|38204|23959|13852|44051|14518|23923|40983|6971|11407|15792|57193|24654|22899|49998|10964|860|47476|18683|48310|44951|22108|9012|6291|54848|8181|40185|25042|26180|34153|32311|34206|43641|56045|126|36028|9754|22370|22829|20829|21118|15333|29316|47562|15535|33321|49686|17601|26801|42726|59405|40728|44880|34940|27243|56244|12944|58282|9938|49144|47365|11296|57968|17718|59115|25278|10079|47060|38919|9022|33985|1781|51301|54931|17758|31841|28910|2749|11482|353|17674|11010|33762|5283|20869|56114|23789|53946|36053|25685|47761|46409|1565|52947|53723|3774",0.54183218254201482,0.54190206048246647,6.9877940451656961e-05,canonical_raw_float64_squared_L2
887,2575,2bede4e873dc179d,e8b9010b870873ea,51858,100,"51858|37768|25427|14558|34764|23394|37656|33002|2938|26735|30531|41337|33482|37940|56943|54544|37061|30128|32412|11382|28720|9451|55443|43139|21240|48413|53256|33501|45448|51401|19462|51977|31447|28881|45616|3663|52034|831|18626|27353|37368|3028|56098|15457|42516|54203|30310|7559|22068|38692|36285|50488|45592|39173|53088|13865|21247|13353|21173|17306|28502|7822|25931|55751|54090|38676|82|9303|18086|47425|16610|1302|30567|35557|29541|53935|9352|34247|32986|33848|13013|28510|28593|57822|59234|16085|54033|29422|36934|36665|57539|54184|24301|32526|20225|39186|24562|12124|16974|37763",0.51162080430537871,0.51233351261954319,0.00071270831416447855,canonical_raw_float64_squared_L2
888,1636,cf6424dacf9bd1eb,b950231ae04d0a9a,51860,100,"51860|24244|31959|58181|40979|47713|33467|17930|4207|52770|45239|17815|14259|33765|39729|39512|34336|42855|48412|32946|11765|43572|20983|37447|35925|25219|28989|36182|51301|2873|16558|51742|5306|10003|58668|40936|45159|46904|10897|42503|29850|33657|8794|39181|58916|48431|29788|13073|27879|9690|35208|44458|16481|38078|57713|22490|59351|498|35293|40636|37592|20173|27871|42838|53477|2487|56196|58505|6743|52453|58665|13392|13878|39603|2835|29649|16864|54613|1525|4756|49220|45899|18281|5343|6486|31553|11794|9049|37271|42130|15958|52992|845|21901|41823|18119|42224|31449|18716|37506",0.86743328983265466,0.86746357885908942,3.0289026434759947e-05,canonical_raw_float64_squared_L2
889,1930,8e1b0f196ca44217,c7ba3efdc25f1ce9,52136,100,"52136|24655|36684|46999|7915|9254|15740|16117|13870|7176|49029|9396|18014|20755|25044|13469|29288|22574|30215|11421|52105|6035|58369|59958|5344|24278|39808|28863|39742|15224|25978|58744|16684|21847|10561|21559|53237|21221|21004|19841|25590|13881|22746|877|13599|56654|29627|59404|35106|17434|21027|48152|11638|14713|22816|10030|24709|896|19967|24042|13294|59609|40248|21056|7227|24218|33430|26737|16923|16310|14420|37765|19581|25647|32584|15608|50122|12038|21512|10930|57892|12816|6684|39422|1315|10719|13044|37197|54833|48296|6907|22240|33868|43169|22217|14783|13186|31656|6175|5622",0.76795334845628482,0.76888281101595368,0.00092946255966885882,canonical_raw_float64_squared_L2
890,2207,542be03173c56a19,85326c58de9461c5,52217,100,"52217|22506|39075|12024|38112|9362|19124|16048|21802|23746|36497|52837|3469|22514|47758|50944|37832|34131|18461|35663|1391|12861|7118|10650|4551|39709|45364|37049|14124|41762|35036|15007|19357|19639|4953|49247|9666|17736|26164|46839|32716|4860|13115|24722|13449|22954|42583|34276|55990|43216|24286|46392|47550|50530|57459|541|10095|7490|44727|58441|21249|35934|59051|41615|592|57768|1404|11096|52295|14058|34083|20686|59526|19586|4683|32309|11159|5987|26660|11692|10368|19547|26184|40113|1797|7440|16501|22696|31086|47886|38666|56851|31774|11879|58785|36747|20352|21516|4778|21202",0.47300942308088134,0.47362717158673495,0.0006177485058536103,canonical_raw_float64_squared_L2
891,2107,0f0032fe699f0a77,ad51cf0a4d7b99c5,52239,100,"52239|4393|51224|12733|52908|22592|51215|8316|59651|32498|42598|2301|49262|17157|5890|3138|45022|36684|21494|10140|22126|58091|38965|52340|42685|13875|1299|49706|29528|45688|56534|14582|50375|38774|46368|38708|38852|34114|13377|31033|381|33825|3416|53865|14081|18339|45903|58188|7604|4768|51097|23477|55195|2484|272|53098|16665|12848|37805|15245|3988|35400|19278|7099|19779|12444|3806|40892|51415|59893|52270|47559|50729|45260|16589|31932|14664|55222|59377|32391|24040|11414|36755|36562|16298|27630|5804|14218|47120|25369|44610|55022|21325|24513|58779|57751|30065|30163|50069|24698",0.57893460821217102,0.57931830852307153,0.00038370031090051437,canonical_raw_float64_squared_L2
892,2966,87f2aa21b996bac7,38d499ef8474799d,52245,100,"52245|16509|22096|53423|50055|17444|8007|19435|55583|49134|2006|46443|40391|51311|40671|33500|6099|4096|23446|27710|28363|20089|38374|38731|55164|36953|41424|51712|56242|4061|38599|32726|28180|37803|38978|13752|42621|40639|9818|38949|42754|14934|37726|5657|42236|20474|7283|37493|891|12231|3579|25244|36777|11063|1686|19269|24943|3039|23109|45325|25172|35014|53761|27986|47091|11158|43564|30930|26608|7440|43709|18741|55892|9796|56884|14483|57718|30280|14025|26316|55707|52973|55586|22796|43814|40695|18617|9786|55078|34224|57103|46699|33104|23836|35726|43194|29726|46758|57503|31625",0.32183889752615663,0.32254151766346378,0.00070262013730715278,canonical_raw_float64_squared_L2
893,2000,b04f951cc6af6f18,90b58e6f5a9bd69b,52430,100,"52430|44424|56365|19197|31452|35740|35557|24776|21882|16764|13272|46064|34506|39284|18507|15530|35784|32858|39067|42442|24265|33623|51415|35494|7331|32329|58209|50543|21382|41955|13663|38134|722|40682|26812|7163|7940|40464|41854|53777|26821|14503|25701|26072|33046|43876|20429|49019|3524|29050|24159|54047|58710|35198|38615|25788|36619|10277|25436|3434|34833|59375|41708|21069|35326|57161|16105|31793|34067|50699|59122|46918|12965|34458|20139|58675|32645|17529|57783|40454|5442|41522|26910|13631|49685|41810|29955|7314|45572|3960|24942|20493|17877|53026|55751|45790|54567|52291|50702|19026",0.58850472165842083,0.58998836138955224,0.0014836397311314142,canonical_raw_float64_squared_L2
894,2514,b590dcb71df3a815,bb5669e57a65884f,52464,100,"52464|34361|10701|20449|53510|53299|36665|6857|29827|23655|20640|48841|23739|46245|10873|42079|1712|33457|30336|12324|47374|12973|25911|32799|23474|35857|46961|32526|5785|44737|7822|41193|2112|54090|23784|18599|6932|7089|13533|50509|9714|42158|23519|2056|22580|927|40398|6499|6886|23516|32997|23479|55960|17633|32525|28593|20411|49274|15925|57593|10046|35397|47631|19820|32581|34597|52971|39189|10861|54524|34672|54571|25556|13838|32478|25702|14768|20332|56098|42516|41790|21885|38565|53340|2654|4753|19026|42616|59825|15116|42603|45820|25427|9924|25498|13485|59129|26084|34463|11957",0.55731355377955638,0.55805493308715026,0.00074137930759388126,canonical_raw_float64_squared_L2
895,1938,f184e57ac95a25d4,631f0b993962e8c4,52566,100,"52566|8770|1220|31057|24030|36012|21076|13759|46478|57960|7754|22788|10968|120|56773|47260|44774|37432|36726|47471|2159|44203|27738|55216|12776|43503|46530|39686|36533|35286|31874|19686|25263|34858|38917|40177|45647|46542|53672|45799|54110|28732|58747|5912|6314|14494|1287|1219|32766|28173|59327|36856|41497|30707|28474|45864|37098|39389|17169|6923|55683|57861|16352|22424|55082|21168|11851|1918|21227|40041|27335|52606|14514|56708|45903|54541|2262|26676|28587|138|50255|58657|2341|49296|8169|27191|5132|2833|54353|11503|31999|790|12396|38054|14362|27981|10698|10204|43361|10321",0.60454607271886796,0.60518178732906946,0.00063571461020150988,canonical_raw_float64_squared_L2
896,2337,0f734beba8f9402a,c219b61174e0c495,52594,100,"52594|38777|43803|6763|47162|7187|19333|42796|22370|27589|26801|3964|58195|21931|35893|47378|41913|55972|14384|27997|16728|25468|57728|24144|16385|42630|52784|19549|49144|37144|55729|26002|12153|21416|42969|45717|36165|19432|37555|39023|37250|42713|1870|24625|41488|10425|42161|8138|24938|53939|5496|6727|44462|42676|7287|2204|56915|11297|3034|50089|19659|9718|2637|24787|32301|37719|14229|20497|44951|57790|18112|27449|40355|126|1709|46159|21118|10024|31815|50951|50362|26483|59726|26045|45262|26315|17167|59204|38937|35687|56275|38689|5607|32460|15025|10038|43957|58918|27030|27199",0.49424768502946603,0.49426890703858517,2.1222009119137297e-05,canonical_raw_float64_squared_L2
897,1582,5246c339957b2591,8fec9979796d9be4,52597,100,"52597|57644|26728|59944|36532|30422|10611|54844|25467|17242|43919|26781|29012|28814|34926|2704|35309|27701|41108|32900|49017|45913|22866|48110|40731|21550|8467|13461|56604|14797|31906|25248|14419|39744|1274|49859|11062|26281|38171|38055|42137|12851|48625|20009|29508|1979|26670|17902|49324|10584|45368|13151|13590|3221|6794|9167|20769|14051|34014|10758|44909|47870|14570|41213|18186|7380|7739|55834|43259|52037|49386|26330|18781|18259|21670|28147|40944|36041|50796|25170|58618|32858|22039|37009|51034|54140|52306|3517|35217|22678|36436|23209|8106|1772|31910|7229|39604|5448|7049|26534",0.94159995556956089,0.94216746046303756,0.00056750489347667799,canonical_raw_float64_squared_L2
898,2489,314d69509b1a3756,2012248067e77c27,52623,100,"52623|55252|38706|53983|7822|11859|29906|45092|11092|48846|41347|26406|13750|27058|8543|31324|19548|27193|8456|29178|14807|30414|16038|6278|36514|57325|10582|15487|10000|56897|55795|36691|15668|4729|14220|34562|46284|45139|29218|56146|46618|8370|27852|14216|47547|247|19752|1471|53365|39945|43349|20655|41384|8744|6583|18512|6877|20411|30567|29624|23017|23473|57531|47716|25250|8652|21385|48413|33221|43714|14620|44804|39698|40077|9528|32029|35393|51730|23394|33721|16088|36025|22149|17025|2389|22206|24379|5333|47806|40397|35970|36788|4801|54524|56568|28107|9018|55544|7426|42892",0.52561335950121357,0.52588304762320504,0.00026968812199146264,canonical_raw_float64_squared_L2
899,1975,47a24d34f21117f9,bfd7a21c7166257b,52695,100,"52695|55506|6721|29405|35023|39951|23951|27229|32446|14865|32315|2178|7993|16622|52269|47366|53144|43802|35043|44|40273|3477|15253|23530|26683|36818|19149|49564|11801|26142|15692|3166|50889|47462|6373|29852|489|21196|12990|11976|31902|12444|56017|44831|2507|149|33150|27477|23288|57109|22745|30920|20470|59077|56396|59377|17496|55384|30823|55487|7621|9610|10899|7298|22202|22976|24524|2600|46467|57259|46283|41197|24253|44973|31549|28789|35480|34127|52690|10930|26190|13715|25393|59880|16039|28617|47449|57651|56911|42140|4963|16243|8082|20192|26326|42963|37847|24928|23095|36682",0.72431320908426544,0.72595717429213413,0.0016439652078686917,canonical_raw_float64_squared_L2
900,1801,92dc837e5ba3616b,0bd77517e448ca97,52730,100,"52730|42022|53478|23216|2947|3531|16644|30352|4777|32350|25048|32727|44433|21474|6708|26115|30555|17000|41368|20670|23563|50940|6721|20772|41336|47200|1577|13588|49163|28547|9124|12932|8965|27959|59598|50816|27229|11154|46018|36774|1724|31998|48465|13665|52493|34129|55313|13006|59350|45307|30463|7392|16938|307|12444|683|19783|5740|37347|877|36029|49029|20827|22805|45231|6316|13921|39743|25461|41433|39361|43055|59580|37993|7821|43102|9721|21563|59974|33417|40273|3371|24405|20312|47372|34640|29458|18793|35106|57446|12404|11308|54250|47250|10930|34108|4792|43547|32446|16181",0.64446890886825203,0.64474424862086055,0.00027533975260851662,canonical_raw_float64_squared_L2
901,2219,89895dbb9617a164,00a24658dfc6a61c,52738,100,"52738|56521|58792|43860|39690|52270|26683|673|30414|4219|26406|21247|17248|43360|57537|6591|21896|27897|58981|56148|51521|51765|28823|8789|58486|33334|47120|14513|15555|34585|44761|59536|13652|38247|19262|6415|14827|55345|37911|2058|17845|37896|24040|45022|28502|44640|5116|7642|29528|46283|3099|58868|5747|35357|31239|42284|51801|32515|30256|149|53256|52708|583|35276|14082|7206|13865|30832|53712|9377|20321|41841|21240|20192|17437|56693|22619|56664|6985|17929|25401|2557|39295|50676|40309|29218|4802|16626|5944|34114|45002|31993|1667|32729|52441|24422|7820|14787|59893|58698",0.55797285009221209,0.55804132230644687,6.8472214234782669e-05,canonical_raw_float64_squared_L2
902,2161,e4ffc8f523005d38,a2eca0ab190fc4f9,52816,100,"52816|5804|43584|59850|50219|86|4962|24524|40301|52881|41202|28510|45136|25107|14258|6415|44451|36646|46942|38269|4796|28639|56978|56802|45688|30752|41191|19098|24776|398|6419|52560|12227|56521|32610|14521|11391|6056|37901|24115|38319|19721|20576|45596|10105|1299|21364|20363|36092|5749|3543|43906|12727|27812|40949|15773|16073|53090|9260|48502|46398|38353|521|16951|966|59205|40106|14109|34638|58443|47079|52337|56622|22148|327|41955|37294|59981|35238|45846|57089|28603|38755|34777|46132|42088|13995|6270|24050|19512|48704|2921|6713|54213|10904|35460|9409|50343|51415|16845",0.61470148237473887,0.61528693093953879,0.00058544856479991747,canonical_raw_float64_squared_L2
903,2515,af22868a1f88426a,75e979d045bb1f68,52851,100,"52851|14359|15656|15668|42418|32457|1788|44340|27253|54535|35882|5343|47449|22750|35623|45709|7407|705|3569|6509|51771|18372|50799|42881|23859|570|12672|14697|37923|35843|52673|9084|5727|17967|11003|47547|49564|14873|16317|59962|14078|54751|27476|23739|48846|31475|14469|16926|41040|26837|46575|35448|16675|8381|17972|42510|16616|5319|54534|2056|26566|32021|15347|19690|30759|30031|42565|14827|51350|41787|23625|30567|3418|138|26157|10671|43210|47354|42603|43494|27049|29624|24040|31515|32018|22406|11110|53605|42836|46112|19420|16279|39|27535|59893|33038|48330|42915|2069|13049",0.45529313876226174,0.45564617973871602,0.00035304097645427746,canonical_raw_float64_squared_L2
904,2600,bb32c5e411f295b7,e0a9b1fcace62779,52918,100,"52918|44608|3669|46989|55559|17859|40941|25530|52170|21849|30602|12180|51973|990|5554|11885|30254|59970|8280|2093|10700|13955|42230|55015|51084|25989|27492|2983|13970|49877|12899|42217|50802|852|57735|49644|8234|35168|50084|9008|46934|349|38456|23865|9386|17584|47433|35936|55077|20863|31707|11991|13879|29424|4398|42660|34620|44820|50765|42811|144|19827|33574|9078|35363|9144|51802|17114|18199|54419|12188|24201|52090|48833|54876|56118|47022|30333|36014|34755|11362|8219|37018|29836|830|56720|21607|3181|28377|17844|40566|10744|13465|5255|35765|52144|26167|18901|31058|5856",0.35915439110237335,0.35945197645111582,0.00029758534874246845,canonical_raw_float64_squared_L2
905,1816,a80a7fd3af85fc6d,76b42197e9a478b9,53000,100,"53000|8824|46378|50155|10413|16957|12931|11995|7873|14957|56297|16933|39603|12973|24037|30085|11622|38632|58288|58330|46316|15881|11112|39558|49333|3959|18732|9547|41464|17094|48395|24852|32946|56793|51650|42317|24747|47311|29084|13980|51000|43703|45963|24473|51195|11820|15510|23235|57538|20511|12341|55553|11016|52613|11205|52065|48533|42619|30133|22278|12716|9275|30395|20234|38570|14579|15166|53890|24598|34424|40457|59364|13321|5631|18521|6857|42327|58578|4875|41491|2527|13112|27430|26161|32145|31746|23544|51244|32696|46743|13560|34531|8288|13679|19958|18359|18619|32677|43488|12042",0.60664637737994354,0.60681207256008907,0.00016569518014553086,canonical_raw_float64_squared_L2
906,1863,39dd259fda3af16a,6052f57f6deb6a4f,53074,100,"53074|48675|6896|21847|29875|4591|15885|52450|2928|19764|14117|20578|23116|31607|7176|10659|9042|10090|27899|38740|1587|22719|4603|13337|41742|35086|24950|12748|51141|11375|44266|29288|54257|40171|37257|14209|43701|14092|47226|26160|2475|37847|51631|13244|6678|59351|19840|9626|41643|30879|54948|29381|32684|45470|31549|7587|58130|15506|49461|12946|45970|53826|1192|23397|40514|6130|21921|58527|26989|47937|58955|168|39510|24580|52334|17771|38430|7915|43853|49232|41978|21497|41471|45371|19575|21032|8371|37765|30693|33444|59637|28957|41888|59571|24375|8540|25621|54371|28572|24783",0.8022048903433191,0.80369107356869196,0.0014861832253728613,canonical_raw_float64_squared_L2
907,2491,3361aac8ba9dfaf8,b973280296dbb370,53092,100,"53092|6058|55172|54958|10184|52115|38422|23784|14935|2425|10242|52834|34384|39565|53432|38912|21126|51489|5491|59976|12858|53375|58301|31306|32871|43304|3627|51403|15168|32525|41886|15482|23086|12177|20073|59093|33925|11322|4475|9131|41593|36425|19584|23915|28139|21731|43979|20659|32373|56929|33634|14992|27227|56902|13838|42522|50897|34702|1692|57256|14305|52842|42079|11582|19406|29355|42038|35471|49466|51836|12973|15143|27236|59953|53268|34728|25705|36192|48198|38846|293|46232|48883|17910|2387|4513|35821|42496|15259|12518|16874|16857|42218|49742|52288|2708|11733|42243|55885|4235",0.64863951840908385,0.6486760548639261,3.6536454842250876e-05,canonical_raw_float64_squared_L2
908,1709,d170348cc786341d,e7d1ce90fbba80ea,53152,100,"53152|59432|9535|54245|9690|35489|53314|24725|47713|52616|54212|11645|2851|53691|19446|28989|50865|26485|55285|29788|9392|41768|50887|13277|34701|59588|38838|45768|27052|9539|20931|773|33625|34493|14515|51301|15868|31512|16391|44458|16250|30218|30693|35004|32749|59351|32736|7019|25881|41294|4496|9232|9210|24833|28012|35011|42838|9375|8250|31776|34238|33724|7288|43519|8191|40431|593|31087|5076|15862|25219|17722|7238|49021|50853|49849|16558|36182|3827|45599|44145|2283|23983|12424|20983|49115|24979|255|48322|15988|30399|6040|35925|10088|32003|45252|24244|29552|45974|21547",0.65074028427598374,0.65096728227551481,0.00022699799953107558,canonical_raw_float64_squared_L2
909,2053,65298c106521f0c1,9d5c0489b3e13d81,53194,100,"53194|4346|45006|57917|54640|12178|36601|51581|47180|17067|33880|28169|33035|33798|16603|2550|40197|15731|17065|8234|17055|24136|1845|53393|45700|8691|38875|10932|18613|51450|19933|11519|26675|414|50228|14646|48008|30960|36307|33297|51949|10206|17445|44636|9397|42938|6017|28442|47544|23729|40794|39078|49008|26958|31994|55076|46536|56200|40562|41232|3163|41661|47439|19387|31547|58208|36788|9702|5950|10221|28307|22944|13047|33484|59419|23367|54845|46253|43533|784|58784|44432|18541|18459|50464|51700|36769|16493|15361|49290|882|33837|13201|57107|24062|4493|33220|12711|29594|32277",0.45616939436023068,0.45693777982522787,0.00076838546499718996,canonical_raw_float64_squared_L2
910,1680,14bb597908d6dee9,00fc14ebf05e85cd,53210,100,"53210|25867|5300|9897|30435|58083|44780|42831|59529|2158|34185|15320|23353|55299|49070|41876|10040|10320|41443|55573|40810|38182|46574|40425|36519|8905|1906|20825|42358|14797|45920|12611|39854|26574|1979|32785|23062|23599|57642|59429|32553|37291|55276|10619|44965|30995|11950|50425|7620|44756|49823|26053|18148|11560|42885|19311|6343|42442|35770|50767|42086|34475|11704|22099|27658|35030|46141|55881|52132|47447|39099|52108|33853|50222|43121|42414|24278|46965|43578|1223|23146|50047|10881|43338|40063|38556|13059|52582|59178|18569|534|38703|32838|11894|55215|3143|59261|25271|39587|29955",0.8699478591747124,0.86996090227931999,1.3043104607590728e-05,canonical_raw_float64_squared_L2
911,2041,c64094fbd480035b,f22fc8f7b60e18fd,53250,100,"53250|59098|37084|42232|59355|56863|58110|7715|56913|41140|55802|51767|34817|17536|52572|42742|18602|9839|24000|9090|46920|35225|14133|2924|6125|43497|40946|36026|17234|14293|35240|8053|53659|49353|41936|57788|27473|11384|4546|49062|11406|42893|31897|5299|53103|9468|53076|19139|39874|17326|12048|8634|50807|42968|39657|1819|57589|17892|19982|58893|40823|39235|29889|32332|4937|34196|28413|33595|8611|32739|47242|26103|49306|58302|56731|17191|16451|14444|31374|9662|20913|22940|54721|45863|22050|57006|52485|52556|9855|17566|22428|30390|14536|52053|43388|46688|37715|27198|23193|18482",0.72829945689290909,0.72941411505288456,0.0011146581599754679,canonical_raw_float64_squared_L2
912,3261,00d6b0536315ba23,355f51dd82a68e59,53292,100,"53292|17669|18606|15744|24835|53596|54535|36788|40668|242|58647|22149|3970|31492|10861|34764|53914|46644|40049|53227|48008|25406|20027|32854|21247|23915|51089|34384|45624|47188|28676|47354|13664|18146|32997|9543|15338|32029|14296|33039|31191|52834|9395|22389|20253|7135|36514|51336|54184|46490|13542|32342|19420|47297|26054|14270|29896|20810|30683|52362|42603|14906|20655|55022|4491|43663|8720|58180|45592|46951|42005|47071|2106|30918|37368|55885|20782|32024|12003|43111|50488|44110|40803|40568|15925|59825|12398|48394|46208|31826|27613|9852|53375|43139|12254|47922|55159|29541|4063|45417",0.4042479398172879,0.40426665688060237,1.8717063314466209e-05,canonical_raw_float64_squared_L2
913,1699,da378f4fdb1d7cdc,9f91c9aaa375330a,53369,100,"53369|58281|27076|8028|16787|9150|7940|24100|18563|27918|31389|33747|18373|22865|58243|20626|47739|52683|10278|37537|20285|26661|34517|55218|35066|39850|27459|14391|31440|54960|46364|57012|5396|37486|34303|43575|11816|31028|41483|53828|47768|19335|58045|43743|33054|37868|13610|49855|20741|22355|37173|30877|1961|40684|4290|34165|6351|47720|21235|21928|10082|15212|1542|16764|55778|57825|48478|46715|58912|57979|11162|50714|2182|21125|51675|3622|24448|2103|6642|2167|54988|23777|11329|32700|52479|27805|10177|24160|5569|44293|32875|53221|32122|2684|8104|9505|35935|39445|30038|27328",0.85958970188370132,0.86051670524945156,0.00092700336575024522,canonical_raw_float64_squared_L2
914,1903,1fcc5f2c4eff5d53,73dc06b9c875f422,53491,100,"53491|56163|9158|25384|44555|5646|9300|478|11062|10696|10768|26445|55291|41024|57334|25705|12885|7852|28447|22834|55823|40985|51848|34703|19908|21810|17900|4699|48360|48573|7881|57377|25138|26785|5425|50986|44736|21139|48785|55156|55179|14845|34054|14677|2148|16203|52317|59180|10203|28819|10801|12382|54439|5833|7677|24801|18732|36219|39235|40775|58250|16432|46433|18780|23318|37356|22031|16931|7658|15083|54907|2048|22548|40239|9293|34877|58503|49493|43759|9612|34621|8621|44229|23668|47808|14337|16610|15411|10918|43428|33355|11236|47095|8536|47494|56537|39986|36822|50796|5778",0.69539440714759104,0.69587637711663619,0.00048196996904514844,canonical_raw_float64_squared_L2
915,1615,bf37808e3b67910c,0450f9be0a0282cd,53602,100,"53602|4328|59152|14566|24310|11268|7813|43863|32707|28086|24422|6157|47234|6985|33101|52708|8076|29716|41726|3575|46226|28617|46516|53214|37218|13670|19990|7206|47081|58738|54439|54529|54630|48454|35485|32276|47296|14531|47607|5114|49786|24388|33388|17000|59626|16168|27428|37860|34294|32269|55928|45184|2597|8777|16421|39014|22213|7881|55851|3591|9695|52256|2137|7821|55051|10957|31797|49221|2580|8875|16133|35005|58250|50835|36948|2576|12272|29449|21396|56087|16749|23385|41595|40892|3923|28900|14890|58868|15331|48360|37120|8916|27525|50314|22854|15666|19388|2366|53160|24419",0.66918650752079378,0.66983962103658889,0.00065311351579511179,canonical_raw_float64_squared_L2
916,2985,cceefd6bb6294970,31ec6a6095746a3e,53603,100,"53603|939|33953|17326|20483|44274|11406|7715|48019|22428|12778|56088|56913|33283|57466|12850|25935|961|11443|3865|58367|2787|59400|24184|30367|21201|7916|53118|3730|40049|4063|21435|204|59049|437|56293|45533|49607|56421|12147|23582|55889|12367|32929|39847|14200|51688|20151|40377|44365|32515|46490|55802|49062|57006|57605|18904|3710|4893|56013|52572|19551|20253|1371|23821|44110|22343|54309|44225|32650|6319|3262|54188|59574|16003|13300|17234|9681|18602|16573|24835|39952|57294|16453|57773|12370|483|387|32645|58167|16387|57831|29736|48163|41140|49492|4491|40544|33715|55387",0.53140535876408934,0.53145892354980162,5.3564785712278962e-05,canonical_raw_float64_squared_L2
917,2473,6b8f49ba8338e665,c6c07ce12aea90b0,53789,100,"53789|49038|46957|34378|10021|7410|59620|10657|28169|10230|41878|42788|48732|54075|17067|59837|33319|9736|40289|13927|46555|47432|34565|1004|44360|13464|13403|45267|40011|49010|24702|41268|48613|51320|41777|30134|35838|34841|16500|34858|51303|30707|56078|31852|10712|22216|12619|24443|32151|20303|12032|9126|49466|53884|44177|33297|58475|3847|46076|27914|46811|49675|44432|26676|32992|44224|23076|41921|55216|28250|6205|39351|56920|6905|10968|27092|51594|21841|47544|26615|36913|1669|38678|57917|52002|2539|36290|46922|34654|20715|26014|1635|16603|45038|53778|6877|34736|26529|40532|40121",0.57151376461126324,0.57181698280717508,0.0003032181959118363,canonical_raw_float64_squared_L2
918,1515,e400f02df6cbba54,eec88fcb09048fcd,53830,100,"53830|44291|9421|18732|42800|45076|56793|57422|42076|10410|22870|54718|17785|58754|52963|24751|55307|35190|42170|40981|16931|47919|15229|48398|25545|16269|23465|11160|54810|20899|22727|28852|7343|7132|17520|17992|50707|11347|42825|45963|48303|43526|3619|1805|37813|25953|9609|25390|6304|40779|32270|40878|4033|46084|28437|925|31074|48474|29996|43741|45859|51861|27282|58697|25053|11359|32068|44377|40457|32093|43313|54268|12943|26747|981|4475|2709|16798|54342|36361|8252|51121|25227|17391|54894|5407|4750|55701|39526|6596|3451|43153|17189|10820|4835|9547|35641|55553|10199|9531",0.99584026308348228,0.99732737102775426,0.0014871079442719815,canonical_raw_float64_squared_L2
919,1677,bda12db4326d1187,78df804e2512c5fd,53853,100,"53853|20837|27309|30178|20192|21252|57620|32883|28096|51097|31983|33504|37389|39221|41259|35748|58799|28622|44761|7457|41504|43205|3876|51222|36813|52708|12917|53397|21624|14445|47487|27521|5816|38649|10502|54912|36872|10231|40118|53419|47052|45455|26229|39341|9911|52112|23850|29519|57537|8796|18804|21112|47995|47039|38708|12158|32254|43326|1333|3366|58406|647|33334|57512|7718|14566|16992|41072|14555|18429|18483|35587|48524|8955|24602|17294|9459|55956|52202|39587|38650|47890|4328|26853|29302|268|44591|10232|44966|13271|39568|2853|22213|6960|2084|32294|26916|8670|39696|34064",0.71062758233588119,0.71067606328781274,4.8480951931550997e-05,canonical_raw_float64_squared_L2
920,2406,f48bc43628cb64bd,eccd54bcfede16ac,53886,100,"53886|4617|35719|50482|47291|22888|26369|1060|47635|25457|58991|36100|42367|32461|45148|29173|786|24319|4287|9644|49570|39245|43432|58075|38978|18273|34712|50312|21573|15414|37377|44141|16593|58777|3518|42476|56346|11141|53078|25290|43705|32861|12249|16830|49134|52223|27315|54316|46139|46613|34189|15866|41264|31879|33802|14334|48668|45461|8429|56351|52724|2403|37279|58694|1770|29944|35345|43324|40485|974|54858|33227|51963|20275|2391|871|7144|35524|14782|12409|35593|1431|53155|20574|8660|12194|32183|59565|56950|47227|22991|56262|15851|379|9067|27427|53070|24212|16072|19937",0.23893376663211108,0.23898341093833447,4.9644306223395329e-05,canonical_raw_float64_squared_L2
921,1757,7ea62e2587cce4bb,59a92a9eee7c1cca,54086,100,"54086|222|9536|31787|10191|3516|7187|36668|10164|8539|35109|21172|2110|10965|58125|31086|55380|57193|32200|49445|15025|15318|9837|45398|8919|31131|9630|29134|55972|12189|36766|38045|36547|15831|19991|40925|18461|24097|715|23355|9666|55503|23766|48681|2204|39317|28128|42607|57194|38637|49663|20452|50546|14211|37555|2166|15374|39023|38919|26790|59389|26180|9258|57584|26514|55729|42245|46272|1763|6904|28841|44951|53625|21840|59948|5283|3334|34619|24051|5099|48667|7112|52118|39154|19127|20334|36451|13808|58643|34870|3115|14204|12861|33097|54431|44272|41510|14311|902|11297",0.62209337909588913,0.62209497242542233,1.5933295332004604e-06,canonical_raw_float64_squared_L2
922,1739,4547ca032feb1e96,cbcdc7c92c44c205,54148,100,"54148|25563|49056|36012|36507|25263|7754|4329|7858|46880|25861|47844|315|57527|40041|55615|17475|36522|45454|52851|53634|125|20307|33658|9653|47471|49296|47495|22788|35794|44886|22488|14757|43978|32448|11902|7147|50437|57842|32949|37098|19387|19377|43449|36021|51187|25584|35529|16390|3387|6779|16094|2227|4001|55683|7410|5945|56469|26106|14362|21928|36917|46775|22166|18756|11594|26070|32766|28872|25234|52748|44972|3728|12088|36883|6595|49124|7185|19247|29810|20597|49944|7548|34128|54163|52516|47272|49977|25738|46753|25767|32433|29430|48628|47184|38834|15633|1220|10995|26472",0.69745104570351923,0.69746017630838653,9.1306048672912254e-06,canonical_raw_float64_squared_L2
923,2124,7fb1e89c8e775685,422f57da534b8b4c,54160,100,"54160|24265|19689|39233|16110|29841|51415|14258|37560|33480|2922|39111|31156|14305|44905|57834|23903|10203|7938|2944|2717|5051|53255|22519|7386|52933|34360|27167|52592|10507|14957|22861|18871|54567|45583|34559|20871|29022|13560|2783|23739|24810|20108|13159|12177|12931|53503|8277|29471|50143|11034|42256|47300|15660|53614|22284|28290|50343|40301|37581|33623|45452|8736|38829|56723|18313|36367|2131|7097|43930|36206|45572|44597|17513|14827|10873|53667|50039|30732|46149|12973|38944|7280|15238|33823|24098|21181|58703|41758|38762|31064|34838|12794|32152|17248|48704|39168|2075|9661|55430",0.59009803095025193,0.59057976477941665,0.00048173382916472107,canonical_raw_float64_squared_L2
924,2373,92473ebebbedabdf,cd0fdb17afe0eba8,54199,100,"54199|34691|30168|54446|20461|59412|47990|34030|42182|39481|27858|46413|5911|9905|25888|38551|50712|39015|26938|1183|19904|52896|49631|55457|21953|18774|49160|49767|56541|24216|3770|41685|11907|5143|27709|44835|3115|35211|26304|38408|5632|35033|9693|29854|30047|45104|3721|26756|36722|59474|24178|16542|59203|1862|32676|10483|26352|25574|34521|39049|19432|17020|41935|48964|21540|43381|48342|20508|50209|26740|4891|58985|11942|29708|58607|8879|11501|14384|58073|28153|12401|50494|57311|53943|21856|58195|2483|44477|58655|28179|18253|44204|43725|40700|57418|42884|47652|5688|5089|15768",0.58945783648398287,0.58950376239373248,4.5925909749611193e-05,canonical_raw_float64_squared_L2
925,2292,fa6bab00be37c5fb,3913f5885f088ff4,54200,100,"54200|11590|46616|49719|53233|41041|54705|48689|49268|42446|6452|34695|32518|45703|34434|58153|43989|40193|8092|42871|43874|18043|27417|16113|32015|26481|22218|20704|59116|28281|39027|44279|52065|58516|51617|25929|8569|40928|12944|22594|7209|31169|52995|10846|52183|16040|25104|16689|3784|43991|15203|56914|38605|23372|8109|36974|15764|11415|53521|3559|33529|17025|45660|29286|56888|29476|47404|28913|18241|37721|31843|4108|42|622|5738|33243|20904|44288|31795|25474|52828|15723|592|37757|39770|11622|4804|30059|48433|51248|21211|41171|15531|9650|42616|29456|59272|20096|29706|31865",0.36263605987306935,0.36594359531730569,0.0033075354442363425,canonical_raw_float64_squared_L2
926,2739,273addb0c96a8ab2,b1a05870bf5b20dc,54221,100,"54221|25066|5415|23559|15982|3244|45110|49625|50295|9199|40639|33029|28266|51805|51099|57521|50310|42792|48634|656|49235|40486|43483|53132|21930|18630|43505|4208|11939|55242|39734|19730|25538|7328|6276|30388|23858|53399|42345|33815|41885|8524|19281|57190|30544|48867|23659|31244|31785|49851|51358|59926|24019|2478|716|56052|21815|47091|9796|38054|12194|6806|57800|45023|43194|16380|5687|4082|38497|52553|51409|22881|5093|33104|9786|23765|11479|34600|20474|22951|38949|12172|35014|25326|54028|10389|55892|59397|8750|40495|42840|2006|50287|40553|41897|45648|34418|15911|50735|22909",0.45365024502867851,0.45383494897417875,0.00018470394550024194,canonical_raw_float64_squared_L2
927,2211,ac249fff63965073,11c42929285444a1,54269,100,"54269|13864|26369|3319|49821|33335|33111|4287|45619|4277|36708|24127|26216|33802|32014|9644|47291|44970|53078|49799|33459|48668|35665|27851|871|51259|14292|4724|33489|786|9314|37772|35089|15323|19141|12028|56262|46001|34712|38963|25756|37146|909|44461|11141|44778|18792|34189|16830|24689|39917|24721|45419|32058|4794|9108|32183|40864|5566|43432|6665|7376|20284|5071|27724|43324|53903|26108|43699|43705|13229|15414|21573|36370|41243|47635|2603|53992|974|33869|35593|23827|37558|53886|58991|53521|21226|19103|16939|19529|44906|57468|18616|49107|4617|37858|7630|10087|36901|43279",0.36763092909511824,0.36780907210424585,0.00017814300912760705,canonical_raw_float64_squared_L2
928,2069,72f3637dd9acebd5,dfb69e02c01a54c8,54280,100,"54280|47341|18967|44272|42713|16245|47585|19814|18213|43775|15571|25783|9747|11368|49144|11879|37052|26843|10425|34009|53288|20817|27352|58158|2166|6904|27034|20128|30811|57225|27449|57404|43211|31193|18132|5530|42969|37755|25468|42161|40156|44659|49821|34856|55002|45354|4774|47896|26045|9325|3516|38734|11263|10354|35572|55124|21564|40448|5607|14662|59897|25188|57997|2582|58787|36013|35199|28671|55972|33147|45506|13660|20497|36981|46159|34232|42035|14468|10638|19587|33928|48667|5092|31815|52784|22751|22884|16385|7187|22682|18877|59991|7112|25760|42245|19141|19671|55729|52921|19878",0.54348707220878278,0.54371298706863791,0.00022591485985512527,canonical_raw_float64_squared_L2
929,1727,3d9e75112acaa3a7,3cd87892cb84a02d,54447,100,"54447|43741|54126|2841|20522|39948|44127|58445|49662|52844|1158|4935|10623|53039|55372|3903|2719|13725|39391|20543|26898|8029|49266|20743|37711|901|45076|32478|37207|49955|14482|31668|25310|59411|30633|57249|44653|21445|2547|23588|18291|48390|42957|53864|5179|8027|25181|21031|36865|24242|30680|50717|35488|3584|16563|26416|34136|31584|15106|51465|4311|9777|4257|52756|24895|3197|19104|16543|7709|44473|7370|50081|26658|9097|26825|42863|47097|40981|45132|208|8231|10570|19838|16335|15454|16952|5073|50480|45084|878|22089|28882|29096|34446|30572|33685|46081|34535|50568|40572",0.66950131825478798,0.67386807756376965,0.0043667593089816714,canonical_raw_float64_squared_L2
930,1890,dc453bc997c3b220,79d3629e09643cfa,54574,100,"54574|58111|27540|40119|43419|34994|23941|27376|19994|43174|1134|31780|12983|25740|28385|12171|37829|12687|18321|52187|46925|41469|12775|50328|28346|32654|32085|19984|4212|34741|27118|27055|10331|57446|59759|40563|22768|31010|28470|6300|10256|36684|36010|15701|14547|9198|38582|26865|15063|52017|50068|6684|7799|33404|6434|53945|41448|40405|57810|19699|38175|8373|55807|30828|28932|44314|17655|46858|39642|28235|47015|29932|58341|43455|2050|25380|18818|16732|41679|16584|50229|12097|28443|37919|6158|31430|2152|11381|20243|40501|27718|39750|29869|45794|32446|24699|53099|20339|11726|54441",0.85072119950928127,0.85072389289370109,2.6933844198273604e-06,canonical_raw_float64_squared_L2
931,2247,812bc97c11017a24,d247211a8626d71b,54587,100,"54587|6965|39288|10044|3949|27109|25854|31271|58782|7472|10710|55405|48169|11033|4355|51548|7208|54834|43005|48381|14965|46095|43766|1243|26030|44561|24309|52236|30069|3767|41872|8280|13756|12363|25578|43038|32895|27772|29424|27594|30235|19218|11873|45674|32559|50309|33464|12884|41832|35591|45208|30731|10703|18767|29866|56422|6466|47672|24323|11899|47059|4954|41034|23515|43800|40194|32523|4463|43659|12015|41720|35179|17818|9520|46728|53451|29803|42642|45015|1998|11836|20200|32364|26148|58134|52585|55337|59678|38049|951|28904|51555|46563|45752|18541|48931|27138|48463|12906|46063",0.42976972491236054,0.43005607189133022,0.00028634697896967598,canonical_raw_float64_squared_L2
932,2618,d808f07e00ecab5a,e96c93a354835432,54621,100,"54621|51447|27955|55325|19713|33695|26015|58985|42884|58761|38120|57041|23836|32738|4780|42467|17174|24455|50185|24766|16170|50234|22022|30123|20089|36953|14913|31966|15307|40695|59568|29734|55760|24315|50696|36024|12209|57307|49752|29227|13575|37803|9818|42844|43814|56049|49535|18349|48342|38589|11808|47350|55295|29746|6954|9427|42066|32463|17327|43047|40702|23043|16272|4500|55589|38842|56242|8952|5875|49250|54799|5653|21361|50712|32887|43889|22827|51778|36545|49291|36750|34983|11380|13752|12065|2804|52546|56858|16071|34642|9693|54430|46964|17806|436|4955|3324|21856|57434|1824",0.39798719425062346,0.39819695038023661,0.00020975612961315893,canonical_raw_float64_squared_L2
933,2088,e0d072cb6aa92bdc,758b730763074ef1,54742,100,"54742|40368|1462|50088|11182|7262|10877|43900|33531|24967|28428|44245|36943|42053|37703|55026|43367|19676|6571|16386|14747|34645|10313|15210|15582|54745|28793|56684|28769|10098|34457|57365|59919|16664|32822|27495|48394|42922|51575|26471|42306|3022|48399|23166|31501|6067|52538|26978|52190|49787|40101|22395|58911|6578|176|20026|34596|31900|22895|25962|3078|16410|23513|21340|46668|21642|12416|24809|27360|57785|11567|34322|17892|26383|5056|41305|3913|53470|42398|36388|26603|986|2280|16659|36510|44370|27798|1208|57679|5559|52376|57416|40490|15717|42059|6796|54377|42560|26261|18149",0.51955972935650563,0.51999027602712766,0.000430546670622034,canonical_raw_float64_squared_L2
934,1538,1e1fd27e3b54e998,4add67dde474439c,54747,100,"54747|12229|33241|58036|42426|40475|22533|15659|23136|40831|38454|11997|7402|38309|21922|5021|2353|16351|48077|33645|1407|48803|42078|9457|14043|3794|56592|12759|38108|41333|57495|11740|43774|35045|59589|8724|492|22961|39603|1165|23293|33612|20227|2049|3539|20364|416|28764|52971|34706|595|32673|36301|3367|19249|45501|1603|23487|6533|16932|44021|34661|54654|17648|59729|13518|37194|5044|32415|51284|33682|17094|51907|45880|54624|42691|35612|16957|8367|31965|6140|1742|43753|4800|29095|42368|31482|39809|47516|10709|13036|30184|7269|40141|58360|15686|40447|589|10984|2963",0.93362872597225843,0.93480060724892133,0.0011718812766629005,canonical_raw_float64_squared_L2
935,1608,92f6687ed95615e9,5ab5db02899dd756,54748,100,"54748|44526|51796|37962|31853|40594|22464|2088|31235|4006|255|47836|58861|11579|33565|54833|54700|24793|41994|28548|41578|29842|14316|35045|49041|39853|31980|2321|7176|37093|52105|57449|12344|36134|6586|25304|6698|53449|27899|13870|34311|30489|36032|32584|12280|263|40831|48968|29172|34767|6032|257|47206|27762|13182|14967|23910|17143|7828|3924|54211|27725|32067|25983|35113|39250|11997|56654|18691|42659|57344|57815|50819|34336|21066|37410|55373|29498|29770|25893|32105|12816|19919|56076|30693|38109|51619|36182|10858|25604|47693|3296|14613|29412|183|22258|20290|48743|54289|25916",0.82495643432544041,0.82569384070446072,0.00073740637902031114,canonical_raw_float64_squared_L2
936,1860,8a8945ea3890f6cd,60626a4627c496ce,54767,100,"54767|13920|24354|42009|16097|48079|20003|36061|31984|53555|8218|38156|4190|17952|48483|46873|7720|38271|3004|3892|21055|28651|14084|11038|10275|38864|12525|42425|32008|40135|19153|33043|15882|17583|47352|6506|45493|24587|48411|28973|4770|28110|59311|21177|24639|17779|7428|38088|46901|30122|53455|42126|42998|34795|44765|29080|25595|40849|34105|41561|59666|53374|33400|43224|28442|28936|15060|51455|21203|2794|38470|53621|37953|7872|36501|56393|6949|15601|2017|28157|15265|20301|329|53640|8872|27777|19496|18765|2605|36347|55046|33396|41731|15274|35453|36633|34062|56550|15107|40677",0.44395421979053346,0.44423677394262795,0.00028255415209449408,canonical_raw_float64_squared_L2
937,1911,127a5debcf4a3655,36f8dd6ad13faa18,54795,100,"54795|36075|40433|36443|54230|11816|59308|19819|9912|18387|34877|27504|46403|17340|52371|57084|49299|57823|32524|33634|19427|48444|59454|52827|51462|3987|16436|17332|12956|35056|1542|17498|29564|36|47938|13822|4151|6886|36378|47739|2520|34325|23295|50446|58338|40754|57349|21778|19245|34245|53509|15012|34702|21832|58754|5491|33889|42111|18230|42470|8104|13948|48614|9463|35125|40593|31440|14924|12110|17414|31044|28951|14337|33142|1826|27974|39614|27714|29997|2167|58440|57971|28039|40731|16444|41951|46961|19853|10958|13222|1402|55105|23228|8814|18245|49791|8302|43242|16669|42937",0.64692579675973017,0.64784346714308272,0.00091767038335255346,canonical_raw_float64_squared_L2
938,1584,c5acdfd89264afe8,ee9798acf5d04061,54843,100,"54843|36376|29519|18752|1694|25990|11242|37650|26248|21796|5202|15273|56048|4464|18097|29346|20088|58465|25049|12332|12114|43380|848|19550|20227|19164|23006|34823|30857|20025|15496|50657|12350|12310|41307|30747|9457|22983|13910|787|55849|48229|22349|38365|10550|20914|21750|26865|51005|44030|26965|34697|52493|19363|39216|53001|21624|5102|2466|52080|13088|35613|23514|43398|33012|4217|49147|29765|40501|8113|8550|26211|51451|40890|26407|37081|27839|47283|55608|52484|23001|10298|40964|15063|29427|15906|28105|32254|47284|44589|14378|23917|56643|17454|6869|18068|44423|17090|48321|19966",0.84860223252693001,0.84923402913829982,0.00063179661136980592,canonical_raw_float64_squared_L2
939,2320,0ba2dc6590083c4d,37f1f83375d1955b,54899,100,"54899|31684|56053|57391|59016|22029|37767|19785|363|38517|32567|48109|24610|38230|52647|19017|42221|30817|13250|49359|12781|8236|51345|5796|31704|2289|56251|45221|38745|23106|30158|20048|59206|27253|48707|40155|57243|12109|705|31431|58383|21453|40978|17457|49672|6291|20869|31843|19207|58842|49088|55854|23147|10719|12324|46641|2213|37741|20272|40666|40728|55957|43501|30457|48916|28187|23473|48712|42684|14336|9267|42881|13733|614|52294|54937|6754|57638|12896|22833|35843|41387|11486|45595|41193|53139|3316|32761|17591|41040|15118|32453|29353|12991|32720|39127|11003|46812|19813|48984",0.55710316204372412,0.55941522659277987,0.0023120645490557479,canonical_raw_float64_squared_L2
940,2139,255740bff0c51ce7,88a8344741789218,54900,100,"54900|47352|355|30310|2866|29422|21917|44330|27017|51140|45298|8069|40006|25473|47351|47743|52283|26151|9356|35739|19784|10221|15802|42327|12235|9661|41830|52559|12003|1347|39963|18571|4276|28501|9551|8816|41311|21277|26622|57874|57308|9103|40129|59675|7779|19763|32536|27167|38692|15620|8330|16229|5706|33246|46182|51195|29471|43032|16945|8068|49422|31132|38031|30683|43645|51429|26712|4802|5458|21967|51798|30213|24614|46743|13453|22365|47120|19239|19951|35642|30742|20890|34360|29314|1237|16008|7720|51519|31499|13749|30885|49340|9391|15119|50000|50756|28502|14062|30982|40099",0.56276132682658075,0.5630079124877112,0.00024658566113044955,canonical_raw_float64_squared_L2
941,2142,0fef1e4b889d7b2b,8da74e491c0f94e3,54938,100,"54938|18475|43195|46090|4416|53547|19501|16617|5428|32113|39567|47765|36118|22315|38796|23613|55425|49334|45906|9843|4083|7234|42398|55026|33970|27898|2894|51800|11539|28769|38736|41360|59845|22117|51889|38623|2162|58911|36667|12665|20913|49917|1171|33705|18110|58126|37975|13421|53469|9730|5354|4764|9211|18185|16927|1462|3554|29462|47061|20661|11351|53457|37391|10280|24967|34645|3037|38778|20273|34474|47564|38414|25962|51142|56414|27295|55542|32822|8684|45781|6426|3913|8883|33015|39774|16384|42059|38768|15381|9968|41633|29008|39609|53470|54338|41330|13313|4341|32876|29163",0.54980802971491993,0.54996075397079758,0.00015272425587764538,canonical_raw_float64_squared_L2
942,1869,2105e0c92941f3e5,352179bf440f803d,54942,100,"54942|51747|16860|19979|4514|20424|17290|53076|56988|45313|4341|52697|18158|45718|35084|54496|31448|20843|38716|20594|40988|31663|32334|50663|41073|12970|52522|23147|20795|59610|54141|43344|31915|56127|28800|32617|10406|55328|8406|11768|18062|28167|19161|5246|13301|24610|41880|10761|56954|1169|16059|21368|18650|5401|6499|8787|39821|58515|45281|22417|1743|50985|44367|15135|33291|13313|14073|14481|18564|4789|25967|31143|41604|23192|3316|45500|1675|11346|16617|15118|36393|59068|51941|3705|5174|57060|53913|37584|20650|24034|27697|15534|49829|42547|53219|34474|49160|2796|22933|15237",0.62623382299934205,0.6263471411457211,0.00011331814637904891,canonical_raw_float64_squared_L2
943,2468,b42d0c91761cee14,13dc5072a0cb7e11,55013,100,"55013|55620|5950|27921|53990|45267|56669|37531|16155|57191|39080|42811|52660|25203|6156|47885|47563|56920|10489|56720|18053|1614|18114|34600|20724|50916|43057|38102|36290|2509|50291|21587|12711|3908|403|51186|49207|18496|2372|25500|51303|1921|59397|43261|46501|29249|33319|37947|2317|49835|54653|12200|8763|4398|22909|28165|42695|36913|56222|48191|21607|18734|41878|2730|24238|35493|23064|53034|40610|22513|22813|22740|33287|50424|46477|19684|32197|7477|58845|41814|59695|51367|3558|17635|47626|21329|20055|3645|6021|26398|47548|12818|30707|53193|20701|41995|41897|37350|45878|51999",0.35865733427273627,0.35867002951758764,1.2695244851368415e-05,canonical_raw_float64_squared_L2
944,1666,5f3b96c87266c561,26b8dc19ccb39492,55081,100,"55081|53896|26792|51862|29459|26700|39525|3107|3125|40561|48797|13685|43952|24226|16976|38746|13492|59406|32576|37467|17615|1395|54950|41514|14478|23315|46239|52171|8488|3946|27776|29969|55479|48660|54069|41069|15364|21062|20059|44441|17538|59261|33427|11953|55810|28350|7769|38115|7815|7395|4981|9460|11738|30461|15786|48045|42177|33379|1341|30871|52132|49514|10060|58692|34377|21412|55552|21864|49817|37750|2482|54994|1519|10333|1634|15899|5921|22707|7897|36056|44301|50141|43425|58943|16748|6939|33477|21668|5267|36171|6335|3221|57926|56614|16795|8866|16896|41021|45545|55066",0.80553014905397091,0.80624913296412648,0.0007189839101555684,canonical_raw_float64_squared_L2
945,1944,eb6e3b7f33742da2,2113bec599ec7ca3,55083,100,"55083|953|47512|21184|12706|3672|47650|1057|6991|13504|14683|3929|51707|642|59958|24182|58790|6926|8754|30957|38891|24407|7479|45959|55300|56176|7992|22274|47927|21988|23266|38383|40204|56765|17021|21242|23752|51082|28459|4768|23387|25459|8560|13384|59149|11567|19507|482|54540|43573|5884|970|47442|46018|40233|15090|269|30503|8975|16094|46373|59088|19260|6658|17403|39279|12775|31549|36684|39977|54704|19660|51106|44572|2985|5709|34906|5352|188|49596|55120|20587|31862|56846|28119|22477|49732|46190|44107|11771|12444|41592|11737|1262|3944|38473|49036|44547|2393|24162",0.60375610345341613,0.60400467527639934,0.00024857182298321234,canonical_raw_float64_squared_L2
946,2363,366321677ed59f2f,277e1459d7714f02,55101,100,"55101|44736|42005|52834|50039|45452|42218|40049|48883|55676|15660|23915|45178|4475|2575|8182|46205|58703|39111|34054|8277|15168|10203|44110|38597|57256|59821|2938|54275|8823|31306|10485|12931|20282|16799|24594|43550|7133|4491|25085|54898|54203|33799|44336|22834|51580|21749|58164|32650|43032|21731|36387|47964|43737|23475|45702|54147|46490|12974|18732|39186|3499|19815|48517|8233|31156|12179|3408|42496|13434|39626|58209|12147|44980|13589|8621|9979|5490|6202|27494|50988|47929|32645|33066|4710|4342|7933|47743|46644|45407|38074|39067|4637|54172|8066|26072|34621|27525|9433|28998",0.60518700065419506,0.6052328318625132,4.5831208318136696e-05,canonical_raw_float64_squared_L2
947,1733,1762b072d8920e1d,5280c23031424db9,55139,100,"55139|46544|1588|32858|36850|1525|51033|3341|40419|7806|45066|9234|5074|35918|3986|41810|8338|23448|12273|19352|46952|9607|36452|25998|43912|45787|37344|49437|5676|665|57149|47666|32771|33091|55560|41981|19958|24126|29016|22416|21062|26111|27648|37654|58886|54551|32774|26802|55352|23348|22359|49249|58570|16799|21181|15527|20495|5492|26719|1020|1976|12467|58330|58626|37912|37547|33593|16806|41491|41109|53312|25986|37603|8352|38385|55195|4098|26959|52649|20750|28631|42977|45209|16732|38746|11115|24278|4197|28632|52292|4394|59729|40823|39375|52352|21894|59518|41333|29411|4025",0.81582072741672773,0.81697351592738177,0.0011527885106540348,canonical_raw_float64_squared_L2
948,2057,c7eef7f2a2bf8d2f,c8c22cce7d02212b,55155,100,"55155|5128|33880|58357|28299|43044|26884|58472|266|8258|37560|784|52087|57659|16486|29629|23270|32342|9391|23826|26148|59394|19312|6392|41820|55076|951|24702|3767|1779|34789|5575|12068|26723|16327|22981|53783|17632|32510|10091|36871|56712|40469|33798|44925|7868|3957|51700|42813|30629|18613|45571|4479|19421|23276|13093|18863|46901|53621|18734|2486|28837|37135|30307|20207|22819|8582|46253|51594|59913|5340|48833|6615|44561|54819|21177|53379|49647|47059|55252|55382|41856|50228|5639|44988|40794|1928|43504|16232|46503|12642|33035|51720|48819|34397|43708|49297|8275|37073|44823",0.45862327431839933,0.45927883218159804,0.00065555786319870801,canonical_raw_float64_squared_L2
949,2374,2254712bebef688b,ee5b506322c46767,55166,100,"55166|39944|1130|57707|12061|36927|27929|47931|26740|11886|50477|19677|34359|21515|36909|700|31397|40618|4653|49224|27006|39179|28810|21667|43610|30490|39521|27864|21306|40795|32407|45863|13812|14688|34651|9501|59912|14197|54096|33510|29879|33004|46166|48461|16240|48136|52587|44454|55146|39955|6374|55707|42784|17174|42467|9088|53892|436|35509|1499|21118|28713|23312|53355|49936|8690|25524|9757|7263|33010|43003|42059|22395|25851|49839|29429|50354|20323|25172|1919|18149|44565|14934|18293|41730|44735|36024|50089|126|57631|52008|22685|30628|26603|21425|56858|21361|32190|31700|39793",0.48973007196571028,0.48985195158463074,0.00012187961892046184,canonical_raw_float64_squared_L2
950,1846,5351e4834b23ace6,8d8546fe92e14486,55199,100,"55199|3111|18351|48319|21146|23539|35444|41045|34795|32985|40677|19189|42327|53664|31289|17529|48882|3411|46182|13205|8433|20885|6424|46743|51455|38659|1318|23734|54353|38031|59530|9551|11445|7872|45429|12151|2623|43407|48367|37593|59311|36212|55513|43434|29408|1023|10783|50064|53666|19107|28678|51055|11962|22306|20480|36126|50688|22066|6949|41004|8069|3004|21362|49638|5019|22946|2127|39464|25829|56591|8335|46306|13112|31108|14065|39227|9278|8272|30650|2336|12369|32125|47352|40850|17711|44428|58293|31248|13087|49989|23706|19344|50901|25706|49319|46252|37515|552|29566|48659",0.66519481708124406,0.66519703450168932,2.2174204452607427e-06,canonical_raw_float64_squared_L2
951,2168,e63adfc22f7b23bf,e1be088593d94e84,55224,100,"55224|59633|20124|50180|29225|24333|29599|39311|49079|10931|25187|35994|38410|28665|28231|12284|14186|32927|20355|35601|14839|57088|30164|43678|10244|5370|10304|52448|19374|2642|40581|12757|35286|27240|18432|29678|40314|18141|998|16912|43843|52298|44304|30709|19020|33277|36863|58905|4482|21667|36131|32220|6631|44535|39026|18293|58820|14197|49248|7635|5873|21306|401|7772|4812|20217|39125|29783|38879|26041|39139|17624|4030|9038|19186|40599|53763|26859|29379|36293|46977|40370|14308|50079|29879|11236|35015|56402|33792|13559|10433|2652|14125|57707|1608|39671|16746|44507|35681|18397",0.89516015010337724,0.89555058607960303,0.00039043597622578918,canonical_raw_float64_squared_L2
952,2132,43057fd62a803927,ba029d2c777e30c0,55240,100,"55240|52378|54806|30465|19570|51405|58674|6900|1660|37088|33658|5437|52851|32736|34097|35480|1117|39724|17319|33599|28123|14074|44157|50335|20047|56159|31830|9148|38262|14152|7349|5709|52564|35649|50781|30086|6171|56080|15633|19500|11791|32052|9799|41844|38640|47641|35705|16928|49252|32278|53175|12494|6446|48626|54341|26526|43566|37993|8191|41138|18296|23115|28960|36215|40359|9376|56117|14472|36542|29874|21328|51457|50363|16310|25433|23020|136|35720|15183|17848|6347|51439|52944|17111|8938|54287|699|29238|19301|47606|23795|12700|20804|19719|43780|6478|57455|57520|23451|45077",0.73516466773624756,0.73591847634561336,0.00075380860936580252,canonical_raw_float64_squared_L2
953,2267,bfc8b1ffa1931cb4,b4fb1371394c0bbf,55254,100,"55254|10038|22315|6727|19355|56552|23009|33679|19826|22127|15569|9459|20901|13919|32158|26852|46219|13526|48345|19976|44436|20950|43803|28018|9267|57584|40145|13211|19333|47069|17849|38226|17961|41378|19114|40381|44247|57749|42157|51475|49864|29401|59334|50750|37144|34665|18035|17827|26091|22330|46611|55492|28215|20759|24923|31283|27944|59207|5801|9340|37413|27589|28713|44010|32588|52887|52407|7694|39041|58089|26065|53469|48075|52534|6610|52071|45382|25946|41230|7983|40413|56649|19669|13869|5562|3677|2204|35371|35676|58998|24034|42684|54536|4557|44374|58195|3545|29013|4643|21331",0.45616618534580078,0.45633163199801707,0.00016544665221629451,canonical_raw_float64_squared_L2
954,1708,c49fc4aec954bb0b,511f3a7c5dae6941,55330,100,"55330|7882|39656|3260|50026|57730|27787|5574|53719|17914|2860|1048|46733|6794|14310|5992|51577|11021|26781|29743|10726|48787|59779|39604|18044|16656|28040|50146|30622|13371|5429|30099|32570|29033|39053|16403|42613|14797|3156|20769|45481|7650|14419|37291|30841|55691|14264|1789|28508|17286|40555|51715|19276|26029|16150|31154|26670|36962|52760|40982|15604|43425|55654|13184|41997|48223|54440|1846|23455|22209|4920|52618|20269|47870|42383|29132|35495|48763|31021|23209|48785|30298|49780|949|8722|36576|23279|36666|27413|46653|7558|18788|43707|17664|24209|29816|56890|13590|26702|36743",0.82549293248523847,0.82672526990003448,0.0012323374147960031,canonical_raw_float64_squared_L2
955,2722,3d95df411b6be4e3,41567a1e0502ae5a,55363,100,"55363|11065|5747|29660|53778|34565|7021|13865|19689|48422|12787|35860|15440|47144|18916|12848|40011|45688|32095|32208|6877|36514|40199|39913|7165|33349|37010|11463|57237|47917|42760|28502|53605|5908|43544|47800|31434|58699|43882|15192|28217|1937|32917|36997|51771|24040|8546|27477|29896|33848|58622|14822|40469|19650|56905|23903|29218|5804|5857|5798|18146|3207|19560|3408|49038|4747|44324|10851|34782|14589|46232|18339|8863|22460|16088|20170|40371|41334|34384|53671|47922|5531|25255|9543|50130|74|58887|48955|51749|36069|19420|34617|34410|15487|41318|54732|40496|51360|22149|56398",0.54231018047542834,0.54239121634032106,8.1035864892720078e-05,canonical_raw_float64_squared_L2
956,1721,60845659f44a13a4,7d71a3071794c253,55382,100,"55382|8086|3585|26177|56712|24356|47834|59045|481|18302|49349|58357|20606|38898|26723|1674|4242|33319|42493|21421|2993|44820|45751|44885|5413|3089|21825|29540|12261|20207|16486|46934|53783|123|40064|55337|37958|33880|11365|14533|11935|37073|45015|28340|30325|25995|52543|50356|13860|17206|28282|30914|18613|55626|4522|50774|30415|3001|5639|31132|46606|22764|6716|40020|43630|18436|52087|24702|46876|59878|43157|12899|50873|28984|15836|34433|17055|59815|9987|48825|55155|37135|21849|8813|22819|49297|43708|53378|28067|44073|11534|44823|59080|51303|48833|59397|30629|47024|23449|59108",0.45930336789623449,0.45989721335963052,0.00059384546339602551,canonical_raw_float64_squared_L2
957,1724,edbac38ae6b06131,0e5857367ef559b1,55386,100,"55386|10493|39109|16697|52504|26926|19493|35758|12599|32967|20052|18782|7622|23754|3741|44320|47176|50683|27261|49348|50742|16649|20674|27532|59023|11946|5852|39334|11937|4411|23693|16482|38948|32744|46706|28402|6765|41147|42205|42469|35450|7748|5521|18331|38081|38977|30728|35603|7907|1913|56861|40147|17277|54474|28794|39281|2187|19129|32728|332|57031|8972|29553|66|10606|53112|16721|21472|7887|23808|20568|54231|16428|34270|21770|22989|35839|29724|16902|36311|45777|4592|32653|53264|31761|59275|20682|20677|47085|30227|42204|23085|8348|33135|812|39329|40332|24713|1337|49672",0.87815589929053428,0.88010728113180481,0.0019513818412705275,canonical_raw_float64_squared_L2
958,1925,6f35e2f55aa03689,62b0e12e0716365c,55493,100,"55493|53382|8579|8877|31889|59268|58187|30982|46612|34793|16085|14075|58316|40593|1435|46388|55536|38846|28720|42125|14667|47815|19742|57822|56855|13067|5491|46470|7820|21052|4885|217|12235|28998|908|28596|44301|52562|50000|52697|51625|12147|32412|58268|14371|54147|14935|32920|18921|39290|5221|2938|59621|30213|33069|34659|53613|21097|15457|43933|53495|29824|31683|31447|50140|54717|53258|9098|48163|48444|50384|9791|8765|13687|39377|50158|20927|59575|11911|43242|5880|56705|47954|17060|1575|44958|37638|2796|56127|29683|59049|4620|42646|7634|41100|41796|34045|56292|36588|14467",0.56095618918967016,0.56105380687962236,9.761768995220077e-05,canonical_raw_float64_squared_L2
959,2808,a928749f026f4577,e7c5064a7b8bfe40,55523,100,"55523|45878|10053|57101|14275|13776|49364|34600|49835|59825|16675|42297|47552|19128|6710|7000|20225|22909|48689|43335|58899|11823|53340|12619|18320|40597|55740|9246|13403|59762|41684|11860|48270|43663|1199|52183|23655|47626|44695|36913|11287|53355|53195|2566|38209|54273|29827|31334|56131|20333|45938|7491|32636|13432|57181|40856|4198|30031|33791|42695|5738|47752|32240|10949|622|45645|18599|8474|43059|4208|36881|25962|49950|24967|12512|49359|46539|16683|25753|39756|34944|21002|33529|39459|51028|30707|21929|38845|50854|59795|42434|46769|28647|30980|7074|42180|51154|40027|19665|28811",0.32424950951561737,0.32431031512614422,6.0805610526848408e-05,canonical_raw_float64_squared_L2
960,2100,b76a3b3d73431c5d,cd5ca3b275b77349,55554,100,"55554|33790|50157|32292|19688|39115|31983|48340|5009|55432|10806|43062|37021|46955|37161|22150|8317|19262|11126|50152|16001|40707|50976|38836|9302|4058|58499|1057|5488|55120|18369|17927|18209|27564|4684|42343|5711|57788|6422|24964|38708|37070|21648|54540|31008|40094|21830|40508|27342|17186|3379|38473|25458|26942|5275|36099|11074|30005|30503|21141|34419|35402|20676|12310|25784|3929|1034|51767|20680|15409|51253|12482|57706|4364|26435|29985|17234|48106|43354|613|37540|8146|12706|8310|29148|9090|55170|41089|39657|21252|57537|44315|57630|37266|21184|43921|45832|6991|14844|19260",0.6715809225218089,0.67168409171839483,0.00010316919658592827,canonical_raw_float64_squared_L2
961,2819,7959930890baaaa2,def75aba70b1cb29,55590,100,"55590|36514|20948|29756|53605|53596|48087|6877|27193|56905|22149|39952|23549|4278|14119|23255|42760|3957|53340|6548|22580|4905|51302|44041|39887|32525|10861|35148|30567|46258|40496|2106|48277|16805|21580|25255|55022|24835|53671|58368|6932|3718|50130|20655|37714|37694|47144|48008|56098|9237|31191|53375|54524|57659|31434|13542|40397|42146|31515|24671|10296|3164|15668|34702|51303|26976|45624|22203|5785|18320|45878|51771|50799|23404|46644|32208|45139|58695|29691|27107|45756|34888|59825|34384|47547|20439|25059|42690|19312|45369|39595|57256|57181|33020|16393|30031|15399|6339|58636|40388",0.44330195713836185,0.44358297979480804,0.00028102265644619484,canonical_raw_float64_squared_L2
962,2690,248e77cb1c3099cd,f8e00f08e79ca18d,55721,100,"55721|20751|36858|43479|23440|43822|18617|20233|56118|12686|8355|13058|11529|17844|1664|11325|5699|59371|19254|23157|53063|23858|52909|43059|33578|12079|20015|52570|58795|18451|21936|20724|9067|47091|46902|50313|25126|24791|58317|7662|37160|53912|31647|7211|14479|2777|23848|4702|28618|15622|42329|22557|19843|10911|45604|46114|42014|23211|31362|2543|46439|37439|50559|20563|18199|46801|45982|3263|57038|58925|59700|21217|5988|33160|17568|30818|29726|42660|52507|18319|48009|1711|26722|59462|5702|55331|48557|55189|33093|28897|48427|2867|19435|50097|37358|35985|51778|23099|21664|5856",0.24823556435441366,0.24964380521958299,0.0014082408651693301,canonical_raw_float64_squared_L2
963,2595,1955aa93d1c252db,16e8af8de47136ee,55775,100,"55775|7811|622|10155|59825|55131|8930|53524|44717|48270|45595|13673|53550|3569|30464|22857|14873|15656|27476|24646|59795|31843|54184|40597|59038|33197|4693|9395|7089|26157|7209|25962|16496|21329|27205|15596|22153|25498|11003|42510|49412|33531|50799|47626|12797|29827|19588|40116|24572|26758|54571|42915|36913|23817|28913|2197|43494|40228|986|16393|25250|6754|9176|57257|25500|36243|45703|59627|24429|24967|31431|18599|42603|46076|46851|1221|45692|52025|32457|45555|20279|35887|54053|6853|28422|58899|46245|27100|21929|17972|58971|20225|54675|14085|39565|25931|549|10360|18114|32709",0.33938722442377633,0.33975481542863362,0.00036759100485728169,canonical_raw_float64_squared_L2
964,2006,f02b43b75f175a1b,c49ffeb8186caacb,55970,100,"55970|41138|4840|35048|23379|31776|43602|6040|38157|31512|14096|35933|30471|2180|36844|55285|9690|51457|27465|43132|19570|23662|45077|48820|47641|45535|33625|45958|31830|8650|49021|30362|45768|39405|55455|30465|24725|53678|38601|3404|41768|46634|48603|12424|50293|48322|32647|47606|22175|34238|49539|56426|57309|44026|16588|30753|45214|30759|56767|7349|36298|41911|42879|30281|20549|19500|20931|1736|50462|6121|17722|18879|50865|3827|28220|22494|64|4856|39724|46679|8191|56085|44004|29315|302|34632|51439|11683|11999|7019|43603|29473|40149|14074|22037|21328|11791|26526|34995|50887",0.61040458046305202,0.61126055698331072,0.00085597652025870552,canonical_raw_float64_squared_L2
965,1723,04820e8dcc68bf00,305d87254c363905,56040,100,"56040|18086|5548|27781|40371|583|22830|45459|18135|51370|966|44905|28502|21899|47757|31993|34585|41836|16088|22520|3460|20805|7206|44525|35077|21912|53256|33878|42184|27103|51522|41191|26772|31239|25435|1545|52778|38353|57308|23112|16312|58868|53275|6079|14019|13865|45688|49612|37185|8021|35378|12848|26749|58016|2557|34365|5116|254|11267|52270|52718|39696|8066|34769|44200|14566|44326|22210|6604|39690|34127|57322|32610|43513|15526|44982|41841|20270|28603|35623|43360|25948|37202|56452|1517|16303|51521|4898|51215|23236|11391|12272|38247|3519|4802|39588|44324|56612|13870|42453",0.67903437330984873,0.67921535586753368,0.00018098255768494997,canonical_raw_float64_squared_L2
966,1829,c8630e890ec14c0d,ae08b57124d2ef50,56044,100,"56044|58641|20206|11334|11562|56504|5067|4394|59353|52858|2527|10465|55661|9776|49141|21900|7285|51415|15426|16890|24368|10541|16294|54272|416|30133|35484|16220|24134|53624|35329|16399|34502|31843|27539|22612|2275|13073|47910|47122|47613|30421|30884|27400|3043|33993|33378|30862|13787|39293|53026|25231|3948|5545|50048|57888|47311|34728|14429|29323|14418|33496|56033|46383|28281|46601|32898|11145|2216|9451|32165|21197|31442|15279|50586|24159|38615|31958|8751|29396|37767|58124|45257|52209|25701|52247|34506|22344|30498|49333|22318|15441|11260|14532|35854|13094|8052|11763|10237|11765",0.61157210171461629,0.6118403904247407,0.00026828871012440914,canonical_raw_float64_squared_L2
967,1931,87bed4ce7035a3c8,f7086a650bb71c5f,56048,100,"56048|46598|57876|17454|49873|20088|20914|18752|23275|32601|45427|48954|49973|2309|20056|23001|56841|1694|52708|21080|24903|41472|22349|26407|12350|53814|29519|31665|30245|16365|46269|14470|6509|56806|57731|55347|34463|25100|15496|26965|13910|39549|11242|32937|14844|3463|57297|5202|58250|59450|59038|14676|21392|22422|8561|24044|22838|8550|15118|41761|3531|8591|24310|1021|28547|59598|55348|13499|22270|56838|14889|29777|52493|28861|17460|50023|18487|49147|55368|40595|23151|7821|30752|14019|39814|39743|32605|25990|35843|2489|47045|51061|34422|44030|16133|50564|58395|23341|40605|47985",0.60817750104760093,0.60998724875367871,0.00180974770607778,canonical_raw_float64_squared_L2
968,2225,840b57287cb68160,18edc3e1df465d5a,56188,100,"56188|19377|20675|51563|48917|11464|2991|12700|14687|867|42714|28879|1260|50507|53670|59162|22623|10118|12948|43235|32380|40050|59545|38789|45671|18860|5685|34081|27570|8573|59312|58990|59204|39598|24296|58531|50538|7337|53157|57950|59320|27448|18276|48911|21331|12063|57563|49831|46623|11383|28949|24217|33025|28390|15375|30647|57290|46668|24483|3882|33184|42395|34399|26159|13731|55398|8575|24234|46866|3078|22643|17475|9676|4246|39933|41671|53691|48094|35441|40172|4914|15717|49643|10533|8061|46415|8529|33778|58453|16075|30664|26528|50253|19676|47343|57361|59566|54218|15204|52412",0.56449194660176205,0.56498275683907284,0.00049081023731079032,canonical_raw_float64_squared_L2
969,2385,a0c22d62800f737e,1621e5ac3d6c9fbb,56203,100,"56203|52212|48472|48957|26758|19208|39461|21978|34659|26419|28808|19905|6901|17449|48019|43939|58647|54659|16742|38584|31306|50236|32650|39186|23690|8344|22248|44583|55187|51985|29541|9852|43550|38391|12147|22124|36843|18075|20589|39617|12370|27848|54203|33828|8816|17545|55393|25692|9746|35242|28322|22305|844|44739|13361|26377|28146|23252|7785|29673|36588|30239|25130|48895|49492|30683|10067|52362|42005|23283|49351|38792|54632|37000|45533|48394|39952|21771|6628|47837|32519|25481|18650|53292|21277|6502|131|2702|15807|20253|48005|20564|7787|626|22677|39177|40049|10609|31799|20263",0.66389644344036891,0.66442495380699018,0.00052851036662127093,canonical_raw_float64_squared_L2
970,2069,759daca5c002788f,d346e4ed0c08fa02,56233,100,"56233|2541|58235|51162|50571|18723|38265|51420|7033|26567|22942|31659|16941|24698|24014|37200|50840|48066|46691|23718|27335|22792|21843|18137|14983|35275|8238|23246|22704|54456|53727|57167|26249|14086|30032|55209|55014|49323|30928|43625|26107|39536|51628|25767|2480|4506|38236|56004|47301|1135|53272|12220|516|11469|42626|35793|3611|11146|32597|8316|52583|36352|59647|48837|22625|59458|33773|38195|1902|58076|12464|12985|45530|17265|26669|14215|39351|49139|51839|49281|24571|26392|16921|7809|52340|3138|3434|6147|40454|22485|48679|50208|25080|20879|8708|4939|53865|42595|56325|32150",0.59757892877103658,0.5982403649341369,0.00066143616310032627,canonical_raw_float64_squared_L2
971,2192,03dc30a28979af66,25a4acbbed1b8adc,56257,100,"56257|55015|42217|13648|26734|52144|27823|32057|28164|57738|50084|12180|31411|9341|2619|17684|40900|53023|37337|35936|33984|47304|31707|16102|40610|42230|18101|19520|26096|21906|17584|57463|37754|8742|11221|3847|50755|42549|25530|17067|56720|24201|22708|48906|24409|11885|29135|49159|830|27047|30602|17055|827|11991|41958|13955|39288|54075|33662|12362|52918|11420|22874|45312|30254|7576|51802|24533|990|43504|42563|52729|38655|8219|52774|32981|48885|45206|37018|55337|28355|26750|19444|26588|11487|19067|42091|12074|40542|33319|15378|52170|402|49207|43836|50601|21420|16603|1921|1009",0.49256606508516665,0.49326086582418749,0.00069480073902083994,canonical_raw_float64_squared_L2
972,1742,ca727aa4a1fa5682,d3eaed3a0c8857a8,56315,100,"56315|1814|1933|11134|49175|16607|44748|12151|6751|40076|28597|29439|31938|26111|55560|32858|10496|37946|16466|40522|1525|55943|15798|12282|41500|59758|4781|30540|54348|24897|47727|50901|56893|36967|36607|3265|52410|37220|59178|21032|37546|1570|44972|38167|8980|59593|22735|19958|49927|38538|12894|37677|28222|5914|49548|24370|38292|24948|20028|13501|16208|57604|27650|36917|59729|4537|15125|16848|52595|12816|50961|49765|41044|24868|38366|52754|32826|26980|56804|24157|25145|33860|2320|30103|25738|43217|9941|31139|44827|23965|1684|38834|36599|44515|20315|10462|42206|54699|51634|19645",0.81014056509106269,0.81092955435726188,0.00078898926619919152,canonical_raw_float64_squared_L2
973,1972,06df6f07a3ee5ebe,679a620e7238d298,56326,100,"56326|44578|28154|5114|31998|56521|43786|43391|32892|51995|18793|52523|16037|47200|14253|27313|8508|7468|17381|56280|408|59152|10528|18197|960|21300|38180|16600|59471|22054|19787|25405|25214|39248|24083|12022|10664|49605|23308|36677|48767|44761|21474|45540|14862|27123|26434|5418|34464|6892|4936|20356|48892|6421|41336|45576|56451|42109|25620|14552|58508|4103|13870|48809|56725|54472|36091|29618|18857|33847|14055|34936|2282|3556|38577|2959|35104|12603|37671|20171|28015|37896|39961|28019|9377|44103|31719|43925|2385|58868|501|50587|19990|13681|37122|18135|50938|19721|30966|44101",0.79097622263795819,0.79206972458251235,0.0010935019445541538,canonical_raw_float64_squared_L2
974,1871,40bb972b0a39bb65,46b55ad73a0ee1af,56354,100,"56354|30936|42023|42898|13706|52202|52954|47372|23216|46968|2206|11448|36319|59673|10819|9816|5076|41336|48465|14557|11154|27411|49281|18037|22725|57694|40628|19507|48051|58327|47200|46368|34129|17090|38482|43260|27891|12990|16039|1268|21474|48538|22126|25466|47462|34194|37093|13715|23671|8367|20772|6681|57901|32485|12444|44025|38465|45589|26257|20753|36029|46167|723|20356|33718|23190|18724|14783|33374|24003|53766|44162|51668|40540|27668|7350|19076|56830|12404|24874|31033|13733|42022|10214|57571|29852|37805|29790|16503|29657|37408|43596|35818|28159|50471|10875|57059|17023|49926|47449",0.66737145111076446,0.66745280157798659,8.1350467222129907e-05,canonical_raw_float64_squared_L2
975,1795,841e39ff82f113b7,03ab16cc3df83f95,56368,100,"56368|19235|28528|21657|14215|21108|59554|55168|1808|19651|50842|50094|45505|19263|9369|28884|45147|19794|55751|41381|14582|16026|56365|23053|12333|28389|55209|32032|45669|24698|10028|51096|7331|3524|51848|50998|2493|44024|32645|56404|49126|31967|2541|31452|28631|49939|38575|38965|57161|11781|41584|28612|34051|15212|23993|12466|27145|27894|27054|19022|43436|26901|21382|28670|12023|23000|18314|11284|22444|19591|22359|2943|14608|26017|24982|17552|9725|22853|12763|19940|16589|21083|33698|45294|11414|294|12803|764|8461|59293|2990|4024|12097|48041|44457|114|16795|12220|3611|11741",0.59967894097373775,0.60197562759222678,0.00229668661848903,canonical_raw_float64_squared_L2
976,1991,edbc12cc4354814c,ea3b8cd0f9294a18,56563,100,"56563|7524|42093|24918|29935|53198|51992|34805|49448|32412|46473|8360|44917|31820|19239|55545|46577|19774|46800|9775|36047|18477|24956|13956|59621|7536|17292|13414|744|28776|48522|53374|23067|41311|46868|30128|58942|57947|49316|3527|32630|39938|44144|19853|19737|42403|9763|47344|15356|22583|46066|39177|13802|45616|33834|5919|45493|31375|19642|38135|58408|12897|22767|5239|29541|43307|57919|43026|11147|2854|34885|40789|30798|23283|36588|11932|45192|2796|5478|56902|14703|25473|40670|26151|14251|18079|54116|42906|54177|30464|6999|8826|59911|18499|34247|25565|10221|38181|18167|39415",0.6332452720325128,0.63326208174693766,1.6809714424859123e-05,canonical_raw_float64_squared_L2
977,2459,fa3845206c7f979d,51a16bc3a937d699,56699,100,"56699|44523|15700|22176|47853|59889|9067|28031|43059|20671|3049|38638|35765|15214|40134|52662|55721|37104|47152|36137|52610|56118|50559|29726|12697|25753|49276|19269|51778|41481|9903|22752|15189|47695|1065|40523|34235|36744|59639|58974|35569|36398|4616|14823|12675|14793|8466|52883|567|33245|21637|5609|16695|34948|33029|21365|5720|23858|19780|55331|47433|13431|19998|23865|44918|30818|37633|33323|9940|18199|14463|2817|42835|27696|44910|31045|51758|33093|59700|32500|6156|59371|44112|1838|49432|2155|8355|19916|46902|54690|21664|16097|37947|47368|9386|18617|17127|35360|29674|54234",0.34232234675715179,0.34236316947930207,4.0822722150279933e-05,canonical_raw_float64_squared_L2
978,2088,c6a3c8acf5cb0cce,3fee1576d24f586a,56756,100,"56756|4114|38896|6235|8316|3138|27226|34410|54652|56836|53671|38510|32165|45530|32428|3988|294|58699|57207|51637|9279|44024|50867|50702|55636|18743|41097|48955|17099|39084|57827|7273|50729|14319|16270|20321|19742|47607|20435|4264|24419|35956|48712|34672|53819|18137|53200|20450|1472|54616|46067|8645|2943|28035|24422|43544|46136|43362|41656|12842|53777|37408|12505|36729|17819|42553|35400|50661|23033|16000|36025|3524|31073|26797|38358|35854|45903|9605|52937|10242|18288|42487|24624|40916|31588|26205|17686|42595|58293|59671|7206|7582|55465|3817|31084|49888|1202|25554|14975|8233",0.62076930184750578,0.62098056987633155,0.00021126802882576179,canonical_raw_float64_squared_L2
979,1919,6ac42b0a46fe3fc2,4c17e5acc2d7088e,56776,100,"56776|59384|29878|22462|58439|38525|39043|17167|14834|55245|967|56225|15390|26504|29938|46415|40124|53764|13241|40962|49567|39170|13963|897|3115|32813|58725|1939|25915|19057|29556|25767|34378|19281|54128|47035|55741|43489|50703|39849|34488|14362|37387|25292|33273|14815|47896|40608|35406|5453|29399|49397|30407|56718|27034|17034|44462|20380|2368|17112|19757|12891|2603|92|31400|31651|44915|57889|1714|7734|32717|15616|10363|3079|48034|53051|14439|6139|9306|52063|56829|20705|4431|10829|14687|33385|51102|28491|7934|51340|10699|48094|18046|35197|47088|41967|39132|35441|56987|46828",0.52838436327990657,0.52843982669499412,5.5463415087553258e-05,canonical_raw_float64_squared_L2
980,1742,c8383dfbd7713821,35d97804e1edd69e,56812,100,"56812|59265|57868|36827|39776|34667|3977|44647|36668|15142|17336|19805|53813|55868|24149|5958|519|7760|30364|54881|4778|48310|9432|33325|17888|6430|44759|46272|8480|22884|2219|50368|11667|15698|57487|25908|39501|10166|37730|30136|38191|25387|8975|21196|58898|20748|21553|8565|1597|16511|31838|883|40450|16775|49213|37207|8308|12971|44227|44559|36483|57968|28080|10899|10191|20452|39132|13702|49338|54848|41846|53653|6848|24089|50089|38387|13322|7129|43573|6132|15566|16400|54254|31787|5938|28604|2923|9156|26553|888|40213|35981|1673|38919|47518|50171|56989|53012|40507|3137",0.61216761629289063,0.61246451786150846,0.00029690156861783557,canonical_raw_float64_squared_L2
981,1802,5bf1977da423910f,7543078d1bf3015a,56825,100,"56825|55560|3040|56711|7957|30308|6202|20618|43816|15527|32075|50900|44153|56499|27637|49015|34661|25453|8467|34103|52242|17094|56909|14118|47018|15072|52377|1525|54624|26785|37706|39216|25528|13159|4752|36922|15660|37484|43222|21216|57036|10471|59513|11217|47056|2148|10993|19155|8808|28290|54526|20624|59729|16799|47823|59952|5343|12310|12581|51774|41108|50986|50017|49636|57690|21266|6533|35988|12759|56018|47161|44929|10691|25824|15365|25732|9215|50101|1222|17195|46291|17855|24037|46700|55098|14682|28857|23029|38423|54275|7293|31893|5509|45574|8016|30718|23482|39233|23743|31156",0.79839804626731636,0.79868890487440702,0.00029085860709066047,canonical_raw_float64_squared_L2
982,1560,500f7a8e0bdffae9,2df28baaf10720f0,56832,100,"56832|5515|568|33978|2628|40713|31751|25214|30560|53033|6366|56086|53274|54633|18857|49173|41919|14972|48872|33907|46778|18544|22921|3934|8389|1639|12893|9248|43559|16648|34024|40219|12815|56566|40207|1311|51|43650|34269|54752|330|42498|18606|51937|57017|41137|42109|22100|25745|8201|33105|3556|36701|42349|18048|31199|6157|49902|6911|54543|10900|11715|34138|942|51021|25147|26586|27428|10497|8131|50241|1952|51425|29070|30165|51518|19452|43870|10888|58569|17109|44993|30814|15121|6111|23698|54529|7077|22246|43835|33615|14811|49751|50314|52441|14890|45146|34468|5114|44155",0.98731149604514046,0.98798692112973574,0.0006754250845952825,canonical_raw_float64_squared_L2
983,1879,9d386dd6452c189d,1eded0a95bc872b2,56883,100,"56883|10843|39808|52891|19622|34669|24808|26443|16628|49888|51192|45553|11052|24848|45734|42166|41648|59513|30920|15440|15787|27606|23530|9098|59013|52242|17663|53780|27418|59313|8983|5798|51356|41156|19676|44831|11110|43690|29607|8501|2507|51788|19955|12632|30153|14282|28428|8087|26383|13918|43022|1155|51302|40616|10719|38090|54414|17831|20007|31570|27026|48605|5040|59613|46344|1552|33854|3|24653|36510|55411|48977|53606|53589|45482|232|43986|30820|55786|24366|24620|22575|57085|1164|4701|28738|44465|47970|53029|51339|23968|20429|40387|28172|41796|4914|22460|22092|31406|6890",0.68004739346267118,0.68006793440559354,2.0540942922364636e-05,canonical_raw_float64_squared_L2
984,2424,93740881e246cec0,265e62f5b969ef5b,56911,100,"56911|52445|53790|2461|29506|15790|1485|30485|11110|39315|54017|36684|10719|19552|34920|24218|23328|54943|19705|42795|38166|4130|54465|52508|30466|29627|42780|48160|8732|26366|24921|33608|26569|5508|45794|28576|10676|36638|47071|924|15513|14678|26079|59377|1047|17370|13866|44639|31142|43390|52863|49061|25291|43107|14746|31160|34976|44862|47462|31733|57651|28980|57205|8490|50889|48216|52213|15071|52488|9339|939|51788|47764|6940|47481|6081|25612|13734|39237|21559|31549|24783|34127|29214|59877|15110|4262|9816|51421|27367|57766|30748|39378|17873|3504|47756|49621|12132|57259|50954",0.59210098119137533,0.59307488254122198,0.00097390134984665089,canonical_raw_float64_squared_L2
985,1868,68e9e930f4d3bf65,1c9321c8d7b18536,56935,100,"56935|47794|7085|59945|15770|24046|10930|14865|36618|32123|56841|18135|16324|41469|21388|31036|58538|14603|7813|47020|47859|24310|13809|9821|12310|34372|46283|55928|40273|24699|47890|59466|33636|4217|5792|48488|49584|6677|59152|31998|54789|35023|12444|27994|44249|39743|10261|34291|28118|11457|43566|37389|43058|39667|24313|10048|38962|35401|14102|46373|35865|18804|55627|7821|27103|14733|1518|48824|45560|37608|38852|47572|23015|39216|12402|51967|3555|59637|1042|21946|29867|18456|16039|45540|26584|54878|57028|5114|50267|307|21729|52708|59174|51359|14566|48486|20142|2985|29652|9997",0.7299138178590302,0.73104520220284419,0.0011313843438139903,canonical_raw_float64_squared_L2
986,2131,6fb503f13c7bb584,371bd4b756d72cbf,56945,100,"56945|10696|10515|43001|57330|38302|31190|39813|29144|11182|36954|5646|38594|13104|39916|1732|58999|943|46880|43735|8707|11058|5626|53243|10098|9038|33158|39296|48893|38059|7149|15648|40054|19836|52941|3493|39508|30937|51243|37797|49684|54273|8179|1004|26182|11420|12452|32333|10396|31041|37781|10883|34444|31566|35954|52957|16425|30735|42370|25093|36722|18444|47675|47057|38509|40227|20318|1971|55582|30950|41929|14580|48205|56842|59327|53864|46825|54165|40019|59631|430|10397|7515|1919|47672|1618|47044|40109|15582|46769|25384|41635|22948|25087|27308|57551|55615|49245|59410|11860",0.57674411123569957,0.57872404978074377,0.0019799385450441909,canonical_raw_float64_squared_L2
987,2344,698c95f6d6541bac,1292f1ae9ff4c83d,56959,100,"56959|32641|39608|51638|54249|20342|58887|55702|42990|51120|19478|16805|37602|22360|17777|41878|33199|42219|9451|42765|52515|23367|46536|1055|3902|42012|11526|6203|45712|22857|31485|34384|46239|54473|59234|37685|31953|18131|29816|45006|28165|51700|11385|45616|41023|45721|18082|24953|32097|14331|24130|38411|4493|9569|58971|26377|4479|43177|10155|58474|14777|55878|30282|26497|54184|9288|6298|17909|27193|24911|27036|27180|3173|53550|40794|56920|8582|25015|15837|43337|36588|82|23859|42107|35471|44851|32658|38906|41853|5950|15399|31949|39064|19406|26761|6214|9395|41777|18475|53209",0.46517521907008635,0.46527016246440345,9.4943394317092977e-05,canonical_raw_float64_squared_L2
988,2235,f5a4c9dad1547283,f873a542f35f315e,57009,100,"57009|12624|52786|55670|11048|44316|52442|2282|28492|37911|4904|20151|49518|4959|5062|1959|31993|46732|35276|55414|25943|6619|32917|1575|4637|1941|24865|39626|8462|55345|24529|21676|24705|16088|5880|44446|54454|41286|40107|29720|25153|55334|5116|15526|46191|28298|41374|48163|51821|8705|13932|2043|57822|18862|14720|59201|18346|57890|25935|37715|21033|58141|32643|42077|20325|28998|52138|22845|18179|37638|40593|21097|47743|58698|56521|3109|43473|48878|34338|11333|678|15338|52912|44055|7133|30610|59226|59861|12370|55616|46058|45796|4103|23915|13612|16674|28577|286|18376|6527",0.68704426477399339,0.68743704051937038,0.00039277574537699422,canonical_raw_float64_squared_L2
989,2441,ac5475cdb963d8aa,3cacfe5a30bf60e5,57038,100,"57038|32107|54034|8355|12686|56669|55331|5639|46902|13432|51758|59700|41599|57303|50559|20724|37903|57257|34547|58925|46686|2777|18617|25753|47091|9199|14755|10634|59946|32455|24791|41628|54315|4702|9067|23256|37160|22582|47969|47224|36357|39232|55721|26195|11873|23340|3246|6757|21442|10486|19843|37729|27391|23858|13776|44090|40523|36858|1838|47626|48825|41814|43059|55242|30818|56824|44910|31169|53378|31647|49276|45982|45035|24019|34482|5166|29219|17965|49443|7810|56118|55740|33578|23611|22513|37947|53538|42014|56768|11362|11762|31465|50885|30980|13746|59639|14948|28986|36365|33029",0.25678429898719057,0.2568721882844614,8.7889297270826727e-05,canonical_raw_float64_squared_L2
990,2027,9ff8902e77232eaa,648adb9bbfcd429b,57073,100,"57073|34251|4364|35433|33404|28235|27151|58615|21242|21690|51914|615|5145|3700|23325|26053|7016|36076|16849|25740|16515|26393|30503|38473|33898|16267|36577|5466|37582|12001|23941|53099|47175|3755|2087|17468|11227|48503|5585|8317|46211|13346|14661|25784|54866|56176|6692|31106|37170|57710|28166|40903|22871|127|16773|39371|3657|26820|43121|7467|41876|57122|40637|30068|50686|47419|18926|32085|26880|17896|15646|40237|16417|38277|59020|58341|9244|14295|56016|48734|47234|56313|6029|34435|5352|33868|20688|43131|5320|52866|50589|7853|24964|11586|32446|22556|37050|12541|34732|50252",0.73818473999370315,0.73842288913655696,0.00023814914285380517,canonical_raw_float64_squared_L2
991,1724,b576b8f102e3424c,a5eae2b0b3345c68,57114,100,"57114|14721|32011|48806|54371|34263|53826|24607|20025|12303|53855|29543|47277|59941|56100|52099|28804|29519|5247|38452|9849|15966|32771|11857|37799|19571|44936|9878|49702|6889|11546|38028|29967|26447|52246|8450|36595|25827|24528|51467|5157|3399|39940|35757|18744|24263|54080|18093|37447|46|3704|22421|6356|55235|43883|19363|16855|43684|22816|34588|47280|49057|4565|306|40250|10420|25874|25150|27442|48051|12054|34420|50869|2046|44541|38682|43416|48995|41579|20336|38650|41742|42860|19054|19144|21624|59351|48898|54486|57166|4171|11679|40296|8476|10035|38744|17313|33686|6318|38270",0.73341356026622972,0.73360885743285753,0.00019529716662780583,canonical_raw_float64_squared_L2
992,2768,4dfc7a73d32c8979,4941d7a97a48b167,57123,100,"57123|23787|45208|4668|12906|49929|25761|4452|37518|55513|50901|36607|45057|21606|57091|30938|1360|56131|51135|5085|16393|55523|2159|55789|52237|9333|15601|20885|27138|54475|2566|47552|55174|51140|41801|28811|41561|54693|58414|41369|49444|30706|38845|38662|42297|18320|28542|18801|21055|27765|13403|14181|3411|51634|24479|44579|39542|38470|12512|11363|59825|53605|5421|53455|31942|31622|29898|13756|95|47595|44330|49297|45369|22512|9126|6011|38088|26084|47135|13806|24322|11508|57791|36913|32581|46065|50688|36994|38810|9625|28188|4644|17870|58899|18632|23558|210|42323|36462|36069",0.40443367142627817,0.40449647536169364,6.2803935415467471e-05,canonical_raw_float64_squared_L2
993,1853,819b0c756ab9df07,8666ee95dbb5b109,57226,100,"57226|3434|33082|25701|11469|19591|18667|42304|54047|54905|15427|58076|1808|14400|57914|10140|7809|26107|32645|59702|7331|17119|25461|26901|47828|2807|46556|16251|19794|53245|27054|32053|48875|25592|49058|32568|2278|53665|2331|28612|51169|55782|3104|42812|49070|27381|53061|18017|5498|29626|7164|23675|14215|27634|59284|38965|1930|7798|34401|24908|45505|7613|4506|23140|6992|45669|49323|114|19431|55371|2541|7163|39284|43128|39067|32329|19940|26392|32282|51138|30397|25378|41584|19192|55168|22485|27936|14503|3499|12464|31432|56365|16589|6800|22655|57758|52084|25080|12878|14489",0.67581744410251487,0.67615567698835655,0.00033823288584167166,canonical_raw_float64_squared_L2
994,1916,8b98871ffc892d64,f32a418ad1261df6,57244,100,"57244|33634|29858|9491|12833|11317|57460|45963|45436|19005|32379|43225|44229|9793|13980|45831|27690|7515|24598|51650|52599|55473|31356|23614|33676|31190|59410|55047|16837|30473|33163|52711|49845|11322|30085|6033|48883|47064|19847|13627|28772|23295|42038|7115|26052|18732|9421|36140|57761|993|38437|4475|31155|53268|47847|34325|31673|24112|46063|40820|25705|4389|13777|22779|2527|57137|47672|31886|53737|17880|41583|20332|43842|4175|46403|26173|40985|13222|23884|54394|54925|54273|56929|17278|45874|34245|2692|46316|51000|34054|11205|32310|50533|50268|56297|31269|32524|31574|27645|10696",0.71962267089387089,0.72020196514359847,0.00057929424972757992,canonical_raw_float64_squared_L2
995,1878,116631ff50f0e338,991428a6a15cbf00,57351,100,"57351|49041|15988|6960|47519|57715|30399|24963|19369|37092|13763|41859|263|59373|27937|1970|12986|23482|30566|19122|12021|33545|10839|28096|23160|5897|34163|28352|29170|57169|57001|16142|4856|47718|54978|32135|12122|31980|24024|20755|25608|48185|12310|38167|20440|51545|43148|29545|20290|28655|44748|30582|31311|18066|22710|33399|50358|10231|26878|28370|6371|28963|18223|45642|26496|57626|54288|40090|40076|4970|57860|41963|40522|54855|25881|51260|47994|53988|30646|27101|41049|52112|36813|25306|50871|44828|28622|18754|14912|12856|55039|47076|46330|38484|33112|19182|33284|43447|8796|24441",0.72094080079559686,0.72111573876307711,0.0001749379674802487,canonical_raw_float64_squared_L2
996,2543,7e5abd423cdd82e8,53d3dbae86b93573,57395,100,"57395|51862|57608|45467|18556|36514|25456|22124|48008|39413|32342|4063|8487|37198|55218|24485|14000|15212|17627|46049|56298|5165|11735|39952|34050|58647|17669|8720|59454|38692|9746|16858|45545|33480|5749|58987|10958|7365|8915|43743|39847|40380|55651|45616|20036|23421|5490|50384|35860|27666|21603|31146|16327|15199|50444|29816|37118|51807|19475|42020|45250|46057|40510|12278|9231|59201|39186|2106|33914|35378|19208|50456|22359|18245|9852|20446|52394|31875|46433|3408|1100|4893|50897|50236|13159|13822|15338|3077|57938|55532|32208|6319|10464|20659|32284|20655|40049|48019|32277|44550",0.5279748777641915,0.52798933787236124,1.4460108169744856e-05,canonical_raw_float64_squared_L2
997,1887,133719457f45d45e,cb517401a8dfb644,57431,100,"57431|25582|32064|20095|58830|25303|50921|52887|2827|32502|21014|43634|19751|53395|20368|30492|15758|18467|32110|44722|21519|54791|50372|25021|29894|37132|9302|12902|10446|52071|18244|32266|28615|44895|44728|36117|55204|39876|9787|30745|8350|8339|27799|25586|34073|59645|49879|12085|44588|9218|17359|2609|54070|25463|27591|34629|27260|20232|44567|3183|23164|8749|35080|29963|41998|45500|1447|14660|52402|31166|35706|10894|54736|35368|23837|26825|32111|47619|118|32249|15950|10299|47913|55094|34730|57218|34622|15100|6827|58326|9936|23242|31370|51435|28882|37443|3983|39263|51853|44367",0.62004950310091345,0.62005240766983605,2.9045689226014915e-06,canonical_raw_float64_squared_L2
998,1506,030a8f8cb810ed0a,bd3867f24305784c,57556,100,"57556|6028|32900|2304|37932|3867|23092|535|4700|8747|39220|22994|8302|9505|31440|41213|18781|36532|13727|27505|3756|19623|28513|43999|10278|13584|36923|42412|20009|33427|40731|24047|22732|10417|41871|38887|24100|3177|56278|42137|22681|23777|7049|6301|35309|52775|46745|39604|53479|21891|59879|52760|2912|15919|6351|22453|46715|46819|46820|24817|52618|44327|40982|33597|12440|5574|14310|56121|39850|34071|55834|49814|48027|34155|9629|35217|1826|50236|39869|53953|21103|8493|57044|11019|2850|26781|57291|52900|55691|53093|53408|27363|27331|5363|13461|59944|45913|17712|8151|39021",1.0083480103230373,1.0084988460137918,0.00015083569075446945,canonical_raw_float64_squared_L2
999,1829,f259e15e78e3aedb,d8091e08077e981d,57568,100,"57568|46524|37317|30393|18176|13111|8694|55981|20432|26661|44087|55784|10709|55661|10466|6140|56723|38886|17879|45653|1650|17040|26138|45752|8021|38004|49885|53561|6216|33389|11694|18086|42340|52055|28502|16967|6505|2717|47732|29037|16957|42353|6119|40099|45133|37834|55708|3106|51598|57437|32152|23136|47893|74|32610|21826|13749|35131|49051|56870|32449|5748|25311|12696|49640|41271|38247|43774|12342|50553|29327|1298|43906|12004|39582|20495|13360|50698|41827|829|4626|27991|5474|41531|14932|25435|33579|20849|35664|7194|30349|27831|56389|49758|47183|57271|56722|41927|9661|52056",0.68871449107090998,0.68873292751853499,1.8436447625003183e-05,canonical_raw_float64_squared_L2
