transform,baseline,plan_control,rotation_seed,stage,transform_stage,pca_stage,stage_match_type,metric,better_direction,query_count,transform_mean,pca_mean,transform_minus_pca,descriptive_direction,matched_budget
residual_pca,current_pca,frozen-pca,-1,vars_conservative_lower_bound_all,vars_conservative_lower_bound_all,vars_conservative_lower_bound_all,common_endpoint,mean_per_query_candidate_rmse,lower,1000,0.62622882227,0.626707465665,-0.000478643395,favors_transform,true
residual_pca,current_pca,frozen-pca,-1,vars_conservative_lower_bound_all,vars_conservative_lower_bound_all,vars_conservative_lower_bound_all,common_endpoint,pooled_candidate_rmse,lower,1000,0.622349255078,0.622792151419,-0.000442896340583,favors_transform,true
residual_pca,current_pca,frozen-pca,-1,vars_conservative_lower_bound_all,vars_conservative_lower_bound_all,vars_conservative_lower_bound_all,common_endpoint,candidate_mae,lower,1000,0.615294429174,0.615629147632,-0.0003347184586,favors_transform,true
residual_pca,current_pca,frozen-pca,-1,vars_conservative_lower_bound_all,vars_conservative_lower_bound_all,vars_conservative_lower_bound_all,common_endpoint,topk_agreement,higher,1000,0.12617,0.12414,0.00203,favors_transform,true
residual_pca,current_pca,frozen-pca,-1,vars_conservative_lower_bound_all,vars_conservative_lower_bound_all,vars_conservative_lower_bound_all,common_endpoint,boundary_inversion_rate,lower,1000,0.256890465776,0.259155564483,-0.00226509870768,favors_transform,true
residual_pca,current_pca,frozen-pca,-1,vars_conservative_lower_bound_all,vars_conservative_lower_bound_all,vars_conservative_lower_bound_all,common_endpoint,exact_best_rank,lower,1000,951.904,967.708,-15.804,favors_transform,true
residual_pca,current_pca,frozen-pca,0,vars_conservative_lower_bound_all,vars_conservative_lower_bound_all,vars_conservative_lower_bound_all,common_endpoint,mean_per_query_candidate_rmse,lower,1000,0.626228821071,0.626707463647,-0.0004786425767,favors_transform,true
residual_pca,current_pca,frozen-pca,1,vars_conservative_lower_bound_all,vars_conservative_lower_bound_all,vars_conservative_lower_bound_all,common_endpoint,mean_per_query_candidate_rmse,lower,1000,0.626228822791,0.626707466335,-0.000478643544,favors_transform,true
residual_pca,current_pca,frozen-pca,2,vars_conservative_lower_bound_all,vars_conservative_lower_bound_all,vars_conservative_lower_bound_all,common_endpoint,mean_per_query_candidate_rmse,lower,1000,0.626228824122,0.62670746634,-0.000478642218,favors_transform,true
residual_pca,current_pca,frozen-pca,3,vars_conservative_lower_bound_all,vars_conservative_lower_bound_all,vars_conservative_lower_bound_all,common_endpoint,mean_per_query_candidate_rmse,lower,1000,0.626228823169,0.626707465553,-0.0004786423843,favors_transform,true
residual_pca,current_pca,frozen-pca,4,vars_conservative_lower_bound_all,vars_conservative_lower_bound_all,vars_conservative_lower_bound_all,common_endpoint,mean_per_query_candidate_rmse,lower,1000,0.626228819178,0.626707463109,-0.0004786439312,favors_transform,true
residual_pca,current_pca,frozen-pca,5,vars_conservative_lower_bound_all,vars_conservative_lower_bound_all,vars_conservative_lower_bound_all,common_endpoint,mean_per_query_candidate_rmse,lower,1000,0.626228819429,0.626707463924,-0.0004786444951,favors_transform,true
residual_pca,current_pca,frozen-pca,6,vars_conservative_lower_bound_all,vars_conservative_lower_bound_all,vars_conservative_lower_bound_all,common_endpoint,mean_per_query_candidate_rmse,lower,1000,0.626228816423,0.626707459223,-0.0004786427995,favors_transform,true
residual_pca,current_pca,frozen-pca,7,vars_conservative_lower_bound_all,vars_conservative_lower_bound_all,vars_conservative_lower_bound_all,common_endpoint,mean_per_query_candidate_rmse,lower,1000,0.626228824328,0.626707468064,-0.000478643736,favors_transform,true
residual_pca,current_pca,frozen-pca,8,vars_conservative_lower_bound_all,vars_conservative_lower_bound_all,vars_conservative_lower_bound_all,common_endpoint,mean_per_query_candidate_rmse,lower,1000,0.626228813828,0.626707457771,-0.0004786439436,favors_transform,true
residual_pca,current_pca,frozen-pca,9,vars_conservative_lower_bound_all,vars_conservative_lower_bound_all,vars_conservative_lower_bound_all,common_endpoint,mean_per_query_candidate_rmse,lower,1000,0.626228819469,0.626707462757,-0.0004786432882,favors_transform,true
residual_pca,current_pca,frozen-pca,0,vars_conservative_lower_bound_all,vars_conservative_lower_bound_all,vars_conservative_lower_bound_all,common_endpoint,pooled_candidate_rmse,lower,1000,0.62234925379,0.622792149396,-0.000442895605281,favors_transform,true
residual_pca,current_pca,frozen-pca,1,vars_conservative_lower_bound_all,vars_conservative_lower_bound_all,vars_conservative_lower_bound_all,common_endpoint,pooled_candidate_rmse,lower,1000,0.622349255743,0.622792152218,-0.000442896474537,favors_transform,true
residual_pca,current_pca,frozen-pca,2,vars_conservative_lower_bound_all,vars_conservative_lower_bound_all,vars_conservative_lower_bound_all,common_endpoint,pooled_candidate_rmse,lower,1000,0.622349256874,0.622792152129,-0.000442895254079,favors_transform,true
residual_pca,current_pca,frozen-pca,3,vars_conservative_lower_bound_all,vars_conservative_lower_bound_all,vars_conservative_lower_bound_all,common_endpoint,pooled_candidate_rmse,lower,1000,0.622349255928,0.622792151221,-0.000442895293128,favors_transform,true
residual_pca,current_pca,frozen-pca,4,vars_conservative_lower_bound_all,vars_conservative_lower_bound_all,vars_conservative_lower_bound_all,common_endpoint,pooled_candidate_rmse,lower,1000,0.622349252045,0.622792149004,-0.000442896959233,favors_transform,true
residual_pca,current_pca,frozen-pca,5,vars_conservative_lower_bound_all,vars_conservative_lower_bound_all,vars_conservative_lower_bound_all,common_endpoint,pooled_candidate_rmse,lower,1000,0.622349252316,0.622792149732,-0.000442897416211,favors_transform,true
residual_pca,current_pca,frozen-pca,6,vars_conservative_lower_bound_all,vars_conservative_lower_bound_all,vars_conservative_lower_bound_all,common_endpoint,pooled_candidate_rmse,lower,1000,0.622349249243,0.622792145009,-0.000442895766115,favors_transform,true
residual_pca,current_pca,frozen-pca,7,vars_conservative_lower_bound_all,vars_conservative_lower_bound_all,vars_conservative_lower_bound_all,common_endpoint,pooled_candidate_rmse,lower,1000,0.622349257175,0.622792153861,-0.000442896686111,favors_transform,true
residual_pca,current_pca,frozen-pca,8,vars_conservative_lower_bound_all,vars_conservative_lower_bound_all,vars_conservative_lower_bound_all,common_endpoint,pooled_candidate_rmse,lower,1000,0.622349246867,0.622792143694,-0.000442896826658,favors_transform,true
residual_pca,current_pca,frozen-pca,9,vars_conservative_lower_bound_all,vars_conservative_lower_bound_all,vars_conservative_lower_bound_all,common_endpoint,pooled_candidate_rmse,lower,1000,0.622349252311,0.622792148544,-0.000442896233654,favors_transform,true
residual_pca,current_pca,frozen-pca,0,vars_conservative_lower_bound_all,vars_conservative_lower_bound_all,vars_conservative_lower_bound_all,common_endpoint,candidate_mae,lower,1000,0.615294427864,0.615629145514,-0.0003347176493,favors_transform,true
residual_pca,current_pca,frozen-pca,1,vars_conservative_lower_bound_all,vars_conservative_lower_bound_all,vars_conservative_lower_bound_all,common_endpoint,candidate_mae,lower,1000,0.615294429991,0.61562914855,-0.0003347185588,favors_transform,true
residual_pca,current_pca,frozen-pca,2,vars_conservative_lower_bound_all,vars_conservative_lower_bound_all,vars_conservative_lower_bound_all,common_endpoint,candidate_mae,lower,1000,0.615294431006,0.615629148283,-0.0003347172769,favors_transform,true
residual_pca,current_pca,frozen-pca,3,vars_conservative_lower_bound_all,vars_conservative_lower_bound_all,vars_conservative_lower_bound_all,common_endpoint,candidate_mae,lower,1000,0.615294429937,0.615629147438,-0.0003347175012,favors_transform,true
residual_pca,current_pca,frozen-pca,4,vars_conservative_lower_bound_all,vars_conservative_lower_bound_all,vars_conservative_lower_bound_all,common_endpoint,candidate_mae,lower,1000,0.615294426259,0.615629145202,-0.0003347189432,favors_transform,true
residual_pca,current_pca,frozen-pca,5,vars_conservative_lower_bound_all,vars_conservative_lower_bound_all,vars_conservative_lower_bound_all,common_endpoint,candidate_mae,lower,1000,0.615294426472,0.615629145975,-0.000334719503,favors_transform,true
residual_pca,current_pca,frozen-pca,6,vars_conservative_lower_bound_all,vars_conservative_lower_bound_all,vars_conservative_lower_bound_all,common_endpoint,candidate_mae,lower,1000,0.615294423248,0.615629141123,-0.0003347178752,favors_transform,true
residual_pca,current_pca,frozen-pca,7,vars_conservative_lower_bound_all,vars_conservative_lower_bound_all,vars_conservative_lower_bound_all,common_endpoint,candidate_mae,lower,1000,0.615294431449,0.615629150244,-0.000334718795,favors_transform,true
residual_pca,current_pca,frozen-pca,8,vars_conservative_lower_bound_all,vars_conservative_lower_bound_all,vars_conservative_lower_bound_all,common_endpoint,candidate_mae,lower,1000,0.615294420829,0.615629139815,-0.000334718986,favors_transform,true
residual_pca,current_pca,frozen-pca,9,vars_conservative_lower_bound_all,vars_conservative_lower_bound_all,vars_conservative_lower_bound_all,common_endpoint,candidate_mae,lower,1000,0.6152944264,0.615629144732,-0.0003347183322,favors_transform,true
residual_pca,current_pca,frozen-pca,0,vars_conservative_lower_bound_all,vars_conservative_lower_bound_all,vars_conservative_lower_bound_all,common_endpoint,topk_agreement,higher,1000,0.12617,0.12414,0.00203,favors_transform,true
residual_pca,current_pca,frozen-pca,1,vars_conservative_lower_bound_all,vars_conservative_lower_bound_all,vars_conservative_lower_bound_all,common_endpoint,topk_agreement,higher,1000,0.12617,0.12414,0.00203,favors_transform,true
residual_pca,current_pca,frozen-pca,2,vars_conservative_lower_bound_all,vars_conservative_lower_bound_all,vars_conservative_lower_bound_all,common_endpoint,topk_agreement,higher,1000,0.12617,0.12414,0.00203,favors_transform,true
residual_pca,current_pca,frozen-pca,3,vars_conservative_lower_bound_all,vars_conservative_lower_bound_all,vars_conservative_lower_bound_all,common_endpoint,topk_agreement,higher,1000,0.12617,0.12414,0.00203,favors_transform,true
residual_pca,current_pca,frozen-pca,4,vars_conservative_lower_bound_all,vars_conservative_lower_bound_all,vars_conservative_lower_bound_all,common_endpoint,topk_agreement,higher,1000,0.12617,0.12414,0.00203,favors_transform,true
residual_pca,current_pca,frozen-pca,5,vars_conservative_lower_bound_all,vars_conservative_lower_bound_all,vars_conservative_lower_bound_all,common_endpoint,topk_agreement,higher,1000,0.12617,0.12414,0.00203,favors_transform,true
residual_pca,current_pca,frozen-pca,6,vars_conservative_lower_bound_all,vars_conservative_lower_bound_all,vars_conservative_lower_bound_all,common_endpoint,topk_agreement,higher,1000,0.12617,0.12414,0.00203,favors_transform,true
residual_pca,current_pca,frozen-pca,7,vars_conservative_lower_bound_all,vars_conservative_lower_bound_all,vars_conservative_lower_bound_all,common_endpoint,topk_agreement,higher,1000,0.12617,0.12414,0.00203,favors_transform,true
residual_pca,current_pca,frozen-pca,8,vars_conservative_lower_bound_all,vars_conservative_lower_bound_all,vars_conservative_lower_bound_all,common_endpoint,topk_agreement,higher,1000,0.12617,0.12414,0.00203,favors_transform,true
residual_pca,current_pca,frozen-pca,9,vars_conservative_lower_bound_all,vars_conservative_lower_bound_all,vars_conservative_lower_bound_all,common_endpoint,topk_agreement,higher,1000,0.12617,0.12414,0.00203,favors_transform,true
residual_pca,current_pca,frozen-pca,0,vars_conservative_lower_bound_all,vars_conservative_lower_bound_all,vars_conservative_lower_bound_all,common_endpoint,boundary_inversion_rate,lower,1000,0.256890429508,0.259155576281,-0.00226514677338,favors_transform,true
residual_pca,current_pca,frozen-pca,1,vars_conservative_lower_bound_all,vars_conservative_lower_bound_all,vars_conservative_lower_bound_all,common_endpoint,boundary_inversion_rate,lower,1000,0.256890425832,0.259155563708,-0.00226513787568,favors_transform,true
residual_pca,current_pca,frozen-pca,2,vars_conservative_lower_bound_all,vars_conservative_lower_bound_all,vars_conservative_lower_bound_all,common_endpoint,boundary_inversion_rate,lower,1000,0.256890421089,0.25915558453,-0.00226516344078,favors_transform,true
residual_pca,current_pca,frozen-pca,3,vars_conservative_lower_bound_all,vars_conservative_lower_bound_all,vars_conservative_lower_bound_all,common_endpoint,boundary_inversion_rate,lower,1000,0.256890458289,0.25915559866,-0.00226514037088,favors_transform,true
residual_pca,current_pca,frozen-pca,4,vars_conservative_lower_bound_all,vars_conservative_lower_bound_all,vars_conservative_lower_bound_all,common_endpoint,boundary_inversion_rate,lower,1000,0.256890461528,0.259155547924,-0.00226508639618,favors_transform,true
residual_pca,current_pca,frozen-pca,5,vars_conservative_lower_bound_all,vars_conservative_lower_bound_all,vars_conservative_lower_bound_all,common_endpoint,boundary_inversion_rate,lower,1000,0.256890419913,0.259155582402,-0.00226516248888,favors_transform,true
residual_pca,current_pca,frozen-pca,6,vars_conservative_lower_bound_all,vars_conservative_lower_bound_all,vars_conservative_lower_bound_all,common_endpoint,boundary_inversion_rate,lower,1000,0.256890443343,0.259155593329,-0.00226514998528,favors_transform,true
residual_pca,current_pca,frozen-pca,7,vars_conservative_lower_bound_all,vars_conservative_lower_bound_all,vars_conservative_lower_bound_all,common_endpoint,boundary_inversion_rate,lower,1000,0.256890458181,0.259155570471,-0.00226511228998,favors_transform,true
residual_pca,current_pca,frozen-pca,8,vars_conservative_lower_bound_all,vars_conservative_lower_bound_all,vars_conservative_lower_bound_all,common_endpoint,boundary_inversion_rate,lower,1000,0.256890431469,0.259155622936,-0.00226519146688,favors_transform,true
residual_pca,current_pca,frozen-pca,9,vars_conservative_lower_bound_all,vars_conservative_lower_bound_all,vars_conservative_lower_bound_all,common_endpoint,boundary_inversion_rate,lower,1000,0.25689045165,0.259155558806,-0.00226510715588,favors_transform,true
residual_pca,current_pca,frozen-pca,0,vars_conservative_lower_bound_all,vars_conservative_lower_bound_all,vars_conservative_lower_bound_all,common_endpoint,exact_best_rank,lower,1000,951.903,967.708,-15.805,favors_transform,true
residual_pca,current_pca,frozen-pca,1,vars_conservative_lower_bound_all,vars_conservative_lower_bound_all,vars_conservative_lower_bound_all,common_endpoint,exact_best_rank,lower,1000,951.904,967.708,-15.804,favors_transform,true
residual_pca,current_pca,frozen-pca,2,vars_conservative_lower_bound_all,vars_conservative_lower_bound_all,vars_conservative_lower_bound_all,common_endpoint,exact_best_rank,lower,1000,951.904,967.708,-15.804,favors_transform,true
residual_pca,current_pca,frozen-pca,3,vars_conservative_lower_bound_all,vars_conservative_lower_bound_all,vars_conservative_lower_bound_all,common_endpoint,exact_best_rank,lower,1000,951.904,967.708,-15.804,favors_transform,true
residual_pca,current_pca,frozen-pca,4,vars_conservative_lower_bound_all,vars_conservative_lower_bound_all,vars_conservative_lower_bound_all,common_endpoint,exact_best_rank,lower,1000,951.904,967.708,-15.804,favors_transform,true
residual_pca,current_pca,frozen-pca,5,vars_conservative_lower_bound_all,vars_conservative_lower_bound_all,vars_conservative_lower_bound_all,common_endpoint,exact_best_rank,lower,1000,951.903,967.708,-15.805,favors_transform,true
residual_pca,current_pca,frozen-pca,6,vars_conservative_lower_bound_all,vars_conservative_lower_bound_all,vars_conservative_lower_bound_all,common_endpoint,exact_best_rank,lower,1000,951.903,967.708,-15.805,favors_transform,true
residual_pca,current_pca,frozen-pca,7,vars_conservative_lower_bound_all,vars_conservative_lower_bound_all,vars_conservative_lower_bound_all,common_endpoint,exact_best_rank,lower,1000,951.904,967.708,-15.804,favors_transform,true
residual_pca,current_pca,frozen-pca,8,vars_conservative_lower_bound_all,vars_conservative_lower_bound_all,vars_conservative_lower_bound_all,common_endpoint,exact_best_rank,lower,1000,951.904,967.708,-15.804,favors_transform,true
residual_pca,current_pca,frozen-pca,9,vars_conservative_lower_bound_all,vars_conservative_lower_bound_all,vars_conservative_lower_bound_all,common_endpoint,exact_best_rank,lower,1000,951.904,967.708,-15.804,favors_transform,true
residual_pca,current_pca,frozen-pca,-1,fast_prefix_1,fast_prefix_1,fast_prefix_1,matched_intermediate_family_and_bytes,mean_per_query_candidate_rmse,lower,1000,0.188613010156,0.188207047756,0.0004059624005,favors_pca,true
residual_pca,current_pca,frozen-pca,-1,fast_prefix_1,fast_prefix_1,fast_prefix_1,matched_intermediate_family_and_bytes,pooled_candidate_rmse,lower,1000,0.187060344592,0.186650581006,0.000409763585604,favors_pca,true
residual_pca,current_pca,frozen-pca,-1,fast_prefix_1,fast_prefix_1,fast_prefix_1,matched_intermediate_family_and_bytes,candidate_mae,lower,1000,0.178791091153,0.178378123245,0.00041296790813,favors_pca,true
residual_pca,current_pca,frozen-pca,-1,fast_prefix_1,fast_prefix_1,fast_prefix_1,matched_intermediate_family_and_bytes,topk_agreement,higher,1000,0.56365,0.56389,-0.00024,favors_pca,true
residual_pca,current_pca,frozen-pca,-1,fast_prefix_1,fast_prefix_1,fast_prefix_1,matched_intermediate_family_and_bytes,boundary_inversion_rate,lower,1000,0.0402068380749,0.0403542132377,-0.000147375162754,favors_transform,true
residual_pca,current_pca,frozen-pca,-1,fast_prefix_1,fast_prefix_1,fast_prefix_1,matched_intermediate_family_and_bytes,exact_best_rank,lower,1000,1.014,1.011,0.003,favors_pca,true
residual_pca,current_pca,frozen-pca,0,fast_prefix_1,fast_prefix_1,fast_prefix_1,matched_intermediate_family_and_bytes,mean_per_query_candidate_rmse,lower,1000,0.186992126671,0.186534245342,0.0004578813296,favors_pca,true
residual_pca,current_pca,frozen-pca,1,fast_prefix_1,fast_prefix_1,fast_prefix_1,matched_intermediate_family_and_bytes,mean_per_query_candidate_rmse,lower,1000,0.186966794135,0.186724374995,0.0002424191404,favors_pca,true
residual_pca,current_pca,frozen-pca,2,fast_prefix_1,fast_prefix_1,fast_prefix_1,matched_intermediate_family_and_bytes,mean_per_query_candidate_rmse,lower,1000,0.187019233561,0.186447186235,0.000572047326,favors_pca,true
residual_pca,current_pca,frozen-pca,3,fast_prefix_1,fast_prefix_1,fast_prefix_1,matched_intermediate_family_and_bytes,mean_per_query_candidate_rmse,lower,1000,0.187018245923,0.18651524368,0.0005030022431,favors_pca,true
residual_pca,current_pca,frozen-pca,4,fast_prefix_1,fast_prefix_1,fast_prefix_1,matched_intermediate_family_and_bytes,mean_per_query_candidate_rmse,lower,1000,0.186962070166,0.186585525732,0.0003765444348,favors_pca,true
residual_pca,current_pca,frozen-pca,5,fast_prefix_1,fast_prefix_1,fast_prefix_1,matched_intermediate_family_and_bytes,mean_per_query_candidate_rmse,lower,1000,0.186947735011,0.186518525128,0.0004292098836,favors_pca,true
residual_pca,current_pca,frozen-pca,6,fast_prefix_1,fast_prefix_1,fast_prefix_1,matched_intermediate_family_and_bytes,mean_per_query_candidate_rmse,lower,1000,0.18693344315,0.186483458373,0.0004499847769,favors_pca,true
residual_pca,current_pca,frozen-pca,7,fast_prefix_1,fast_prefix_1,fast_prefix_1,matched_intermediate_family_and_bytes,mean_per_query_candidate_rmse,lower,1000,0.187012210412,0.186627507457,0.0003847029557,favors_pca,true
residual_pca,current_pca,frozen-pca,8,fast_prefix_1,fast_prefix_1,fast_prefix_1,matched_intermediate_family_and_bytes,mean_per_query_candidate_rmse,lower,1000,0.186937397636,0.186531537985,0.0004058596517,favors_pca,true
residual_pca,current_pca,frozen-pca,9,fast_prefix_1,fast_prefix_1,fast_prefix_1,matched_intermediate_family_and_bytes,mean_per_query_candidate_rmse,lower,1000,0.186913383672,0.18655694172,0.0003564419519,favors_pca,true
residual_pca,current_pca,frozen-pca,0,fast_prefix_1,fast_prefix_1,fast_prefix_1,matched_intermediate_family_and_bytes,pooled_candidate_rmse,lower,1000,0.185497638068,0.185039594202,0.000458043865963,favors_pca,true
residual_pca,current_pca,frozen-pca,1,fast_prefix_1,fast_prefix_1,fast_prefix_1,matched_intermediate_family_and_bytes,pooled_candidate_rmse,lower,1000,0.185475497356,0.185211478207,0.000264019148748,favors_pca,true
residual_pca,current_pca,frozen-pca,2,fast_prefix_1,fast_prefix_1,fast_prefix_1,matched_intermediate_family_and_bytes,pooled_candidate_rmse,lower,1000,0.185506846866,0.184956044289,0.000550802577022,favors_pca,true
residual_pca,current_pca,frozen-pca,3,fast_prefix_1,fast_prefix_1,fast_prefix_1,matched_intermediate_family_and_bytes,pooled_candidate_rmse,lower,1000,0.18551246859,0.18501438244,0.000498086149502,favors_pca,true
residual_pca,current_pca,frozen-pca,4,fast_prefix_1,fast_prefix_1,fast_prefix_1,matched_intermediate_family_and_bytes,pooled_candidate_rmse,lower,1000,0.185472471341,0.185081836905,0.000390634436341,favors_pca,true
residual_pca,current_pca,frozen-pca,5,fast_prefix_1,fast_prefix_1,fast_prefix_1,matched_intermediate_family_and_bytes,pooled_candidate_rmse,lower,1000,0.185452104191,0.185022004769,0.000430099422803,favors_pca,true
residual_pca,current_pca,frozen-pca,6,fast_prefix_1,fast_prefix_1,fast_prefix_1,matched_intermediate_family_and_bytes,pooled_candidate_rmse,lower,1000,0.185436161386,0.1849860908,0.000450070586469,favors_pca,true
residual_pca,current_pca,frozen-pca,7,fast_prefix_1,fast_prefix_1,fast_prefix_1,matched_intermediate_family_and_bytes,pooled_candidate_rmse,lower,1000,0.18550423622,0.185115886726,0.000388349494364,favors_pca,true
residual_pca,current_pca,frozen-pca,8,fast_prefix_1,fast_prefix_1,fast_prefix_1,matched_intermediate_family_and_bytes,pooled_candidate_rmse,lower,1000,0.185436480577,0.185033035272,0.0004034453047,favors_pca,true
residual_pca,current_pca,frozen-pca,9,fast_prefix_1,fast_prefix_1,fast_prefix_1,matched_intermediate_family_and_bytes,pooled_candidate_rmse,lower,1000,0.185409363372,0.185052957534,0.000356405837403,favors_pca,true
residual_pca,current_pca,frozen-pca,0,fast_prefix_1,fast_prefix_1,fast_prefix_1,matched_intermediate_family_and_bytes,candidate_mae,lower,1000,0.178607665503,0.17812753257,0.00048013293326,favors_pca,true
residual_pca,current_pca,frozen-pca,1,fast_prefix_1,fast_prefix_1,fast_prefix_1,matched_intermediate_family_and_bytes,candidate_mae,lower,1000,0.178561157322,0.178279526,0.00028163132251,favors_pca,true
residual_pca,current_pca,frozen-pca,2,fast_prefix_1,fast_prefix_1,fast_prefix_1,matched_intermediate_family_and_bytes,candidate_mae,lower,1000,0.17857200284,0.178024424332,0.00054757850816,favors_pca,true
residual_pca,current_pca,frozen-pca,3,fast_prefix_1,fast_prefix_1,fast_prefix_1,matched_intermediate_family_and_bytes,candidate_mae,lower,1000,0.17860818215,0.178100078061,0.00050810408925,favors_pca,true
residual_pca,current_pca,frozen-pca,4,fast_prefix_1,fast_prefix_1,fast_prefix_1,matched_intermediate_family_and_bytes,candidate_mae,lower,1000,0.178560406184,0.178174415406,0.00038599077716,favors_pca,true
residual_pca,current_pca,frozen-pca,5,fast_prefix_1,fast_prefix_1,fast_prefix_1,matched_intermediate_family_and_bytes,candidate_mae,lower,1000,0.178509982425,0.178079344187,0.00043063823742,favors_pca,true
residual_pca,current_pca,frozen-pca,6,fast_prefix_1,fast_prefix_1,fast_prefix_1,matched_intermediate_family_and_bytes,candidate_mae,lower,1000,0.178534218934,0.178061056898,0.00047316203676,favors_pca,true
residual_pca,current_pca,frozen-pca,7,fast_prefix_1,fast_prefix_1,fast_prefix_1,matched_intermediate_family_and_bytes,candidate_mae,lower,1000,0.178588981618,0.178210974599,0.00037800701912,favors_pca,true
residual_pca,current_pca,frozen-pca,8,fast_prefix_1,fast_prefix_1,fast_prefix_1,matched_intermediate_family_and_bytes,candidate_mae,lower,1000,0.178548170092,0.178112137136,0.0004360329561,favors_pca,true
residual_pca,current_pca,frozen-pca,9,fast_prefix_1,fast_prefix_1,fast_prefix_1,matched_intermediate_family_and_bytes,candidate_mae,lower,1000,0.178489263317,0.178151807714,0.00033745560284,favors_pca,true
residual_pca,current_pca,frozen-pca,0,fast_prefix_1,fast_prefix_1,fast_prefix_1,matched_intermediate_family_and_bytes,topk_agreement,higher,1000,0.5886,0.5899,-0.0013,favors_pca,true
residual_pca,current_pca,frozen-pca,1,fast_prefix_1,fast_prefix_1,fast_prefix_1,matched_intermediate_family_and_bytes,topk_agreement,higher,1000,0.58952,0.58899,0.00053,favors_transform,true
residual_pca,current_pca,frozen-pca,2,fast_prefix_1,fast_prefix_1,fast_prefix_1,matched_intermediate_family_and_bytes,topk_agreement,higher,1000,0.59029,0.59313,-0.00284,favors_pca,true
residual_pca,current_pca,frozen-pca,3,fast_prefix_1,fast_prefix_1,fast_prefix_1,matched_intermediate_family_and_bytes,topk_agreement,higher,1000,0.58965,0.59026,-0.00061,favors_pca,true
residual_pca,current_pca,frozen-pca,4,fast_prefix_1,fast_prefix_1,fast_prefix_1,matched_intermediate_family_and_bytes,topk_agreement,higher,1000,0.58888,0.59024,-0.00136,favors_pca,true
residual_pca,current_pca,frozen-pca,5,fast_prefix_1,fast_prefix_1,fast_prefix_1,matched_intermediate_family_and_bytes,topk_agreement,higher,1000,0.59053,0.58875,0.00178,favors_transform,true
residual_pca,current_pca,frozen-pca,6,fast_prefix_1,fast_prefix_1,fast_prefix_1,matched_intermediate_family_and_bytes,topk_agreement,higher,1000,0.59089,0.59043,0.00046,favors_transform,true
residual_pca,current_pca,frozen-pca,7,fast_prefix_1,fast_prefix_1,fast_prefix_1,matched_intermediate_family_and_bytes,topk_agreement,higher,1000,0.58934,0.58888,0.00046,favors_transform,true
residual_pca,current_pca,frozen-pca,8,fast_prefix_1,fast_prefix_1,fast_prefix_1,matched_intermediate_family_and_bytes,topk_agreement,higher,1000,0.59153,0.59027,0.00126,favors_transform,true
residual_pca,current_pca,frozen-pca,9,fast_prefix_1,fast_prefix_1,fast_prefix_1,matched_intermediate_family_and_bytes,topk_agreement,higher,1000,0.5875,0.58967,-0.00217,favors_pca,true
residual_pca,current_pca,frozen-pca,0,fast_prefix_1,fast_prefix_1,fast_prefix_1,matched_intermediate_family_and_bytes,boundary_inversion_rate,lower,1000,0.0332686459071,0.0333582400121,-8.9594104961e-05,favors_transform,true
residual_pca,current_pca,frozen-pca,1,fast_prefix_1,fast_prefix_1,fast_prefix_1,matched_intermediate_family_and_bytes,boundary_inversion_rate,lower,1000,0.0334647963578,0.0333542017821,0.00011059457566,favors_pca,true
residual_pca,current_pca,frozen-pca,2,fast_prefix_1,fast_prefix_1,fast_prefix_1,matched_intermediate_family_and_bytes,boundary_inversion_rate,lower,1000,0.0333772813188,0.0330487212846,0.000328560034235,favors_pca,true
residual_pca,current_pca,frozen-pca,3,fast_prefix_1,fast_prefix_1,fast_prefix_1,matched_intermediate_family_and_bytes,boundary_inversion_rate,lower,1000,0.0333780865841,0.0331844598312,0.000193626752903,favors_pca,true
residual_pca,current_pca,frozen-pca,4,fast_prefix_1,fast_prefix_1,fast_prefix_1,matched_intermediate_family_and_bytes,boundary_inversion_rate,lower,1000,0.0332619456328,0.0335738062264,-0.000311860593624,favors_transform,true
residual_pca,current_pca,frozen-pca,5,fast_prefix_1,fast_prefix_1,fast_prefix_1,matched_intermediate_family_and_bytes,boundary_inversion_rate,lower,1000,0.0329850480199,0.0331713390601,-0.000186291040228,favors_transform,true
residual_pca,current_pca,frozen-pca,6,fast_prefix_1,fast_prefix_1,fast_prefix_1,matched_intermediate_family_and_bytes,boundary_inversion_rate,lower,1000,0.0331737987013,0.0332672197773,-9.3421075993e-05,favors_transform,true
residual_pca,current_pca,frozen-pca,7,fast_prefix_1,fast_prefix_1,fast_prefix_1,matched_intermediate_family_and_bytes,boundary_inversion_rate,lower,1000,0.0334640049565,0.033241400872,0.000222604084434,favors_pca,true
residual_pca,current_pca,frozen-pca,8,fast_prefix_1,fast_prefix_1,fast_prefix_1,matched_intermediate_family_and_bytes,boundary_inversion_rate,lower,1000,0.0328987082685,0.0332072129237,-0.00030850465526,favors_transform,true
residual_pca,current_pca,frozen-pca,9,fast_prefix_1,fast_prefix_1,fast_prefix_1,matched_intermediate_family_and_bytes,boundary_inversion_rate,lower,1000,0.0336060768317,0.0334150315871,0.000191045244601,favors_pca,true
residual_pca,current_pca,frozen-pca,0,fast_prefix_1,fast_prefix_1,fast_prefix_1,matched_intermediate_family_and_bytes,exact_best_rank,lower,1000,1.023,1.022,0.001,favors_pca,true
residual_pca,current_pca,frozen-pca,1,fast_prefix_1,fast_prefix_1,fast_prefix_1,matched_intermediate_family_and_bytes,exact_best_rank,lower,1000,1.029,1.027,0.002,favors_pca,true
residual_pca,current_pca,frozen-pca,2,fast_prefix_1,fast_prefix_1,fast_prefix_1,matched_intermediate_family_and_bytes,exact_best_rank,lower,1000,1.03,1.022,0.008,favors_pca,true
residual_pca,current_pca,frozen-pca,3,fast_prefix_1,fast_prefix_1,fast_prefix_1,matched_intermediate_family_and_bytes,exact_best_rank,lower,1000,1.023,1.026,-0.003,favors_transform,true
residual_pca,current_pca,frozen-pca,4,fast_prefix_1,fast_prefix_1,fast_prefix_1,matched_intermediate_family_and_bytes,exact_best_rank,lower,1000,1.027,1.025,0.002,favors_pca,true
residual_pca,current_pca,frozen-pca,5,fast_prefix_1,fast_prefix_1,fast_prefix_1,matched_intermediate_family_and_bytes,exact_best_rank,lower,1000,1.029,1.024,0.005,favors_pca,true
residual_pca,current_pca,frozen-pca,6,fast_prefix_1,fast_prefix_1,fast_prefix_1,matched_intermediate_family_and_bytes,exact_best_rank,lower,1000,1.029,1.029,0,tied,true
residual_pca,current_pca,frozen-pca,7,fast_prefix_1,fast_prefix_1,fast_prefix_1,matched_intermediate_family_and_bytes,exact_best_rank,lower,1000,1.02,1.025,-0.005,favors_transform,true
residual_pca,current_pca,frozen-pca,8,fast_prefix_1,fast_prefix_1,fast_prefix_1,matched_intermediate_family_and_bytes,exact_best_rank,lower,1000,1.02,1.025,-0.005,favors_transform,true
residual_pca,current_pca,frozen-pca,9,fast_prefix_1,fast_prefix_1,fast_prefix_1,matched_intermediate_family_and_bytes,exact_best_rank,lower,1000,1.029,1.026,0.003,favors_pca,true
residual_pca,current_pca,frozen-pca,-1,fast_prefix_2,fast_prefix_2,fast_prefix_2,matched_intermediate_family_and_bytes,mean_per_query_candidate_rmse,lower,1000,0.142158990339,0.142092772603,6.62177358e-05,favors_pca,true
residual_pca,current_pca,frozen-pca,-1,fast_prefix_2,fast_prefix_2,fast_prefix_2,matched_intermediate_family_and_bytes,pooled_candidate_rmse,lower,1000,0.140975332359,0.140908287829,6.704452977e-05,favors_pca,true
residual_pca,current_pca,frozen-pca,-1,fast_prefix_2,fast_prefix_2,fast_prefix_2,matched_intermediate_family_and_bytes,candidate_mae,lower,1000,0.129891834586,0.129838235934,5.359865199e-05,favors_pca,true
residual_pca,current_pca,frozen-pca,-1,fast_prefix_2,fast_prefix_2,fast_prefix_2,matched_intermediate_family_and_bytes,topk_agreement,higher,1000,0.58871,0.58795,0.00076,favors_transform,true
residual_pca,current_pca,frozen-pca,-1,fast_prefix_2,fast_prefix_2,fast_prefix_2,matched_intermediate_family_and_bytes,boundary_inversion_rate,lower,1000,0.0347049467516,0.0348405584496,-0.000135611698022,favors_transform,true
residual_pca,current_pca,frozen-pca,-1,fast_prefix_2,fast_prefix_2,fast_prefix_2,matched_intermediate_family_and_bytes,exact_best_rank,lower,1000,1.003,1.002,0.001,favors_pca,true
residual_pca,current_pca,frozen-pca,0,fast_prefix_2,fast_prefix_2,fast_prefix_2,matched_intermediate_family_and_bytes,mean_per_query_candidate_rmse,lower,1000,0.139988539798,0.139885802802,0.00010273699573,favors_pca,true
residual_pca,current_pca,frozen-pca,1,fast_prefix_2,fast_prefix_2,fast_prefix_2,matched_intermediate_family_and_bytes,mean_per_query_candidate_rmse,lower,1000,0.139955404145,0.140102682854,-0.00014727870849,favors_transform,true
residual_pca,current_pca,frozen-pca,2,fast_prefix_2,fast_prefix_2,fast_prefix_2,matched_intermediate_family_and_bytes,mean_per_query_candidate_rmse,lower,1000,0.14001667564,0.139785738778,0.00023093686218,favors_pca,true
residual_pca,current_pca,frozen-pca,3,fast_prefix_2,fast_prefix_2,fast_prefix_2,matched_intermediate_family_and_bytes,mean_per_query_candidate_rmse,lower,1000,0.140002495392,0.139872825879,0.00012966951252,favors_pca,true
residual_pca,current_pca,frozen-pca,4,fast_prefix_2,fast_prefix_2,fast_prefix_2,matched_intermediate_family_and_bytes,mean_per_query_candidate_rmse,lower,1000,0.139958833071,0.139929095948,2.973712274e-05,favors_pca,true
residual_pca,current_pca,frozen-pca,5,fast_prefix_2,fast_prefix_2,fast_prefix_2,matched_intermediate_family_and_bytes,mean_per_query_candidate_rmse,lower,1000,0.139953017325,0.13986703978,8.597754561e-05,favors_pca,true
residual_pca,current_pca,frozen-pca,6,fast_prefix_2,fast_prefix_2,fast_prefix_2,matched_intermediate_family_and_bytes,mean_per_query_candidate_rmse,lower,1000,0.139935718868,0.139854734434,8.098443452e-05,favors_pca,true
residual_pca,current_pca,frozen-pca,7,fast_prefix_2,fast_prefix_2,fast_prefix_2,matched_intermediate_family_and_bytes,mean_per_query_candidate_rmse,lower,1000,0.140004253898,0.139974761708,2.949218971e-05,favors_pca,true
residual_pca,current_pca,frozen-pca,8,fast_prefix_2,fast_prefix_2,fast_prefix_2,matched_intermediate_family_and_bytes,mean_per_query_candidate_rmse,lower,1000,0.13991053142,0.139892481081,1.805033983e-05,favors_pca,true
residual_pca,current_pca,frozen-pca,9,fast_prefix_2,fast_prefix_2,fast_prefix_2,matched_intermediate_family_and_bytes,mean_per_query_candidate_rmse,lower,1000,0.13991136263,0.139911490164,-1.27533649974e-07,favors_transform,true
residual_pca,current_pca,frozen-pca,0,fast_prefix_2,fast_prefix_2,fast_prefix_2,matched_intermediate_family_and_bytes,pooled_candidate_rmse,lower,1000,0.138874947647,0.138770725785,0.00010422186193,favors_pca,true
residual_pca,current_pca,frozen-pca,1,fast_prefix_2,fast_prefix_2,fast_prefix_2,matched_intermediate_family_and_bytes,pooled_candidate_rmse,lower,1000,0.138846086353,0.13897076889,-0.000124682536428,favors_transform,true
residual_pca,current_pca,frozen-pca,2,fast_prefix_2,fast_prefix_2,fast_prefix_2,matched_intermediate_family_and_bytes,pooled_candidate_rmse,lower,1000,0.138879931471,0.138672808887,0.000207122583959,favors_pca,true
residual_pca,current_pca,frozen-pca,3,fast_prefix_2,fast_prefix_2,fast_prefix_2,matched_intermediate_family_and_bytes,pooled_candidate_rmse,lower,1000,0.138874970545,0.138753911932,0.000121058613451,favors_pca,true
residual_pca,current_pca,frozen-pca,4,fast_prefix_2,fast_prefix_2,fast_prefix_2,matched_intermediate_family_and_bytes,pooled_candidate_rmse,lower,1000,0.138848801314,0.138808820337,3.99809764155e-05,favors_pca,true
residual_pca,current_pca,frozen-pca,5,fast_prefix_2,fast_prefix_2,fast_prefix_2,matched_intermediate_family_and_bytes,pooled_candidate_rmse,lower,1000,0.138836791787,0.138752960202,8.38315847495e-05,favors_pca,true
residual_pca,current_pca,frozen-pca,6,fast_prefix_2,fast_prefix_2,fast_prefix_2,matched_intermediate_family_and_bytes,pooled_candidate_rmse,lower,1000,0.138813975393,0.138739982346,7.39930475023e-05,favors_pca,true
residual_pca,current_pca,frozen-pca,7,fast_prefix_2,fast_prefix_2,fast_prefix_2,matched_intermediate_family_and_bytes,pooled_candidate_rmse,lower,1000,0.138877595525,0.138847269729,3.0325796797e-05,favors_pca,true
residual_pca,current_pca,frozen-pca,8,fast_prefix_2,fast_prefix_2,fast_prefix_2,matched_intermediate_family_and_bytes,pooled_candidate_rmse,lower,1000,0.138790461699,0.138777318463,1.31432357552e-05,favors_pca,true
residual_pca,current_pca,frozen-pca,9,fast_prefix_2,fast_prefix_2,fast_prefix_2,matched_intermediate_family_and_bytes,pooled_candidate_rmse,lower,1000,0.138786790658,0.138787886093,-1.09543494362e-06,favors_transform,true
residual_pca,current_pca,frozen-pca,0,fast_prefix_2,fast_prefix_2,fast_prefix_2,matched_intermediate_family_and_bytes,candidate_mae,lower,1000,0.129500463105,0.129378695523,0.00012176758187,favors_pca,true
residual_pca,current_pca,frozen-pca,1,fast_prefix_2,fast_prefix_2,fast_prefix_2,matched_intermediate_family_and_bytes,candidate_mae,lower,1000,0.129442987522,0.129554696407,-0.00011170888468,favors_transform,true
residual_pca,current_pca,frozen-pca,2,fast_prefix_2,fast_prefix_2,fast_prefix_2,matched_intermediate_family_and_bytes,candidate_mae,lower,1000,0.129452336122,0.129261974714,0.00019036140814,favors_pca,true
residual_pca,current_pca,frozen-pca,3,fast_prefix_2,fast_prefix_2,fast_prefix_2,matched_intermediate_family_and_bytes,candidate_mae,lower,1000,0.129489240637,0.12935315629,0.00013608434643,favors_pca,true
residual_pca,current_pca,frozen-pca,4,fast_prefix_2,fast_prefix_2,fast_prefix_2,matched_intermediate_family_and_bytes,candidate_mae,lower,1000,0.129452190725,0.129426443416,2.57473094e-05,favors_pca,true
residual_pca,current_pca,frozen-pca,5,fast_prefix_2,fast_prefix_2,fast_prefix_2,matched_intermediate_family_and_bytes,candidate_mae,lower,1000,0.129392856028,0.129331865264,6.099076359e-05,favors_pca,true
residual_pca,current_pca,frozen-pca,6,fast_prefix_2,fast_prefix_2,fast_prefix_2,matched_intermediate_family_and_bytes,candidate_mae,lower,1000,0.129434143742,0.129334088379,0.00010005536255,favors_pca,true
residual_pca,current_pca,frozen-pca,7,fast_prefix_2,fast_prefix_2,fast_prefix_2,matched_intermediate_family_and_bytes,candidate_mae,lower,1000,0.129476637108,0.129467374703,9.26240553004e-06,favors_pca,true
residual_pca,current_pca,frozen-pca,8,fast_prefix_2,fast_prefix_2,fast_prefix_2,matched_intermediate_family_and_bytes,candidate_mae,lower,1000,0.129420286201,0.129371754145,4.853205638e-05,favors_pca,true
residual_pca,current_pca,frozen-pca,9,fast_prefix_2,fast_prefix_2,fast_prefix_2,matched_intermediate_family_and_bytes,candidate_mae,lower,1000,0.129372439539,0.129415526189,-4.308664984e-05,favors_transform,true
residual_pca,current_pca,frozen-pca,0,fast_prefix_2,fast_prefix_2,fast_prefix_2,matched_intermediate_family_and_bytes,topk_agreement,higher,1000,0.61613,0.61676,-0.00063,favors_pca,true
residual_pca,current_pca,frozen-pca,1,fast_prefix_2,fast_prefix_2,fast_prefix_2,matched_intermediate_family_and_bytes,topk_agreement,higher,1000,0.61655,0.61624,0.00031,favors_transform,true
residual_pca,current_pca,frozen-pca,2,fast_prefix_2,fast_prefix_2,fast_prefix_2,matched_intermediate_family_and_bytes,topk_agreement,higher,1000,0.61736,0.6207,-0.00334,favors_pca,true
residual_pca,current_pca,frozen-pca,3,fast_prefix_2,fast_prefix_2,fast_prefix_2,matched_intermediate_family_and_bytes,topk_agreement,higher,1000,0.61854,0.61825,0.00029,favors_transform,true
residual_pca,current_pca,frozen-pca,4,fast_prefix_2,fast_prefix_2,fast_prefix_2,matched_intermediate_family_and_bytes,topk_agreement,higher,1000,0.6157,0.61626,-0.00056,favors_pca,true
residual_pca,current_pca,frozen-pca,5,fast_prefix_2,fast_prefix_2,fast_prefix_2,matched_intermediate_family_and_bytes,topk_agreement,higher,1000,0.6187,0.61687,0.00183,favors_transform,true
residual_pca,current_pca,frozen-pca,6,fast_prefix_2,fast_prefix_2,fast_prefix_2,matched_intermediate_family_and_bytes,topk_agreement,higher,1000,0.61865,0.61824,0.00041,favors_transform,true
residual_pca,current_pca,frozen-pca,7,fast_prefix_2,fast_prefix_2,fast_prefix_2,matched_intermediate_family_and_bytes,topk_agreement,higher,1000,0.61667,0.61735,-0.00068,favors_pca,true
residual_pca,current_pca,frozen-pca,8,fast_prefix_2,fast_prefix_2,fast_prefix_2,matched_intermediate_family_and_bytes,topk_agreement,higher,1000,0.61965,0.61777,0.00188,favors_transform,true
residual_pca,current_pca,frozen-pca,9,fast_prefix_2,fast_prefix_2,fast_prefix_2,matched_intermediate_family_and_bytes,topk_agreement,higher,1000,0.61575,0.61635,-0.0006,favors_pca,true
residual_pca,current_pca,frozen-pca,0,fast_prefix_2,fast_prefix_2,fast_prefix_2,matched_intermediate_family_and_bytes,boundary_inversion_rate,lower,1000,0.0277992700727,0.0277580063746,4.1263698116e-05,favors_pca,true
residual_pca,current_pca,frozen-pca,1,fast_prefix_2,fast_prefix_2,fast_prefix_2,matched_intermediate_family_and_bytes,boundary_inversion_rate,lower,1000,0.027945360057,0.0277440267065,0.000201333350555,favors_pca,true
residual_pca,current_pca,frozen-pca,2,fast_prefix_2,fast_prefix_2,fast_prefix_2,matched_intermediate_family_and_bytes,boundary_inversion_rate,lower,1000,0.0277198237611,0.0275250484603,0.000194775300789,favors_pca,true
residual_pca,current_pca,frozen-pca,3,fast_prefix_2,fast_prefix_2,fast_prefix_2,matched_intermediate_family_and_bytes,boundary_inversion_rate,lower,1000,0.0278087033533,0.0275762767492,0.000232426604061,favors_pca,true
residual_pca,current_pca,frozen-pca,4,fast_prefix_2,fast_prefix_2,fast_prefix_2,matched_intermediate_family_and_bytes,boundary_inversion_rate,lower,1000,0.0277455010288,0.0280265151253,-0.000281014096564,favors_transform,true
residual_pca,current_pca,frozen-pca,5,fast_prefix_2,fast_prefix_2,fast_prefix_2,matched_intermediate_family_and_bytes,boundary_inversion_rate,lower,1000,0.0274064558867,0.0277043769419,-0.000297921055253,favors_transform,true
residual_pca,current_pca,frozen-pca,6,fast_prefix_2,fast_prefix_2,fast_prefix_2,matched_intermediate_family_and_bytes,boundary_inversion_rate,lower,1000,0.0275735334126,0.0276660263131,-9.2492900566e-05,favors_transform,true
residual_pca,current_pca,frozen-pca,7,fast_prefix_2,fast_prefix_2,fast_prefix_2,matched_intermediate_family_and_bytes,boundary_inversion_rate,lower,1000,0.0278903524178,0.0276721512857,0.000218201132123,favors_pca,true
residual_pca,current_pca,frozen-pca,8,fast_prefix_2,fast_prefix_2,fast_prefix_2,matched_intermediate_family_and_bytes,boundary_inversion_rate,lower,1000,0.0273493876747,0.0278112613773,-0.000461873702583,favors_transform,true
residual_pca,current_pca,frozen-pca,9,fast_prefix_2,fast_prefix_2,fast_prefix_2,matched_intermediate_family_and_bytes,boundary_inversion_rate,lower,1000,0.0280284181076,0.027810751759,0.000217666348627,favors_pca,true
residual_pca,current_pca,frozen-pca,0,fast_prefix_2,fast_prefix_2,fast_prefix_2,matched_intermediate_family_and_bytes,exact_best_rank,lower,1000,1.004,1.006,-0.002,favors_transform,true
residual_pca,current_pca,frozen-pca,1,fast_prefix_2,fast_prefix_2,fast_prefix_2,matched_intermediate_family_and_bytes,exact_best_rank,lower,1000,1.005,1.002,0.003,favors_pca,true
residual_pca,current_pca,frozen-pca,2,fast_prefix_2,fast_prefix_2,fast_prefix_2,matched_intermediate_family_and_bytes,exact_best_rank,lower,1000,1.006,1.005,0.001,favors_pca,true
residual_pca,current_pca,frozen-pca,3,fast_prefix_2,fast_prefix_2,fast_prefix_2,matched_intermediate_family_and_bytes,exact_best_rank,lower,1000,1.006,1.004,0.002,favors_pca,true
residual_pca,current_pca,frozen-pca,4,fast_prefix_2,fast_prefix_2,fast_prefix_2,matched_intermediate_family_and_bytes,exact_best_rank,lower,1000,1.005,1.005,0,tied,true
residual_pca,current_pca,frozen-pca,5,fast_prefix_2,fast_prefix_2,fast_prefix_2,matched_intermediate_family_and_bytes,exact_best_rank,lower,1000,1.003,1.005,-0.002,favors_transform,true
residual_pca,current_pca,frozen-pca,6,fast_prefix_2,fast_prefix_2,fast_prefix_2,matched_intermediate_family_and_bytes,exact_best_rank,lower,1000,1.005,1.005,0,tied,true
residual_pca,current_pca,frozen-pca,7,fast_prefix_2,fast_prefix_2,fast_prefix_2,matched_intermediate_family_and_bytes,exact_best_rank,lower,1000,1.006,1.005,0.001,favors_pca,true
residual_pca,current_pca,frozen-pca,8,fast_prefix_2,fast_prefix_2,fast_prefix_2,matched_intermediate_family_and_bytes,exact_best_rank,lower,1000,1.006,1.004,0.002,favors_pca,true
residual_pca,current_pca,frozen-pca,9,fast_prefix_2,fast_prefix_2,fast_prefix_2,matched_intermediate_family_and_bytes,exact_best_rank,lower,1000,1.007,1.005,0.002,favors_pca,true
residual_pca,current_pca,frozen-pca,-1,fast_prefix_3,fast_prefix_3,fast_prefix_3,matched_intermediate_family_and_bytes,mean_per_query_candidate_rmse,lower,1000,0.135884648322,0.135832431358,5.221696336e-05,favors_pca,true
residual_pca,current_pca,frozen-pca,-1,fast_prefix_3,fast_prefix_3,fast_prefix_3,matched_intermediate_family_and_bytes,pooled_candidate_rmse,lower,1000,0.134768729683,0.134715074817,5.3654866479e-05,favors_pca,true
residual_pca,current_pca,frozen-pca,-1,fast_prefix_3,fast_prefix_3,fast_prefix_3,matched_intermediate_family_and_bytes,candidate_mae,lower,1000,0.123123713122,0.123081908544,4.180457736e-05,favors_pca,true
residual_pca,current_pca,frozen-pca,-1,fast_prefix_3,fast_prefix_3,fast_prefix_3,matched_intermediate_family_and_bytes,topk_agreement,higher,1000,0.58882,0.58883,-1.00000000001e-05,favors_pca,true
residual_pca,current_pca,frozen-pca,-1,fast_prefix_3,fast_prefix_3,fast_prefix_3,matched_intermediate_family_and_bytes,boundary_inversion_rate,lower,1000,0.0346025355161,0.0347495213691,-0.000146985853049,favors_transform,true
residual_pca,current_pca,frozen-pca,-1,fast_prefix_3,fast_prefix_3,fast_prefix_3,matched_intermediate_family_and_bytes,exact_best_rank,lower,1000,1.004,1.002,0.002,favors_pca,true
residual_pca,current_pca,frozen-pca,0,fast_prefix_3,fast_prefix_3,fast_prefix_3,matched_intermediate_family_and_bytes,mean_per_query_candidate_rmse,lower,1000,0.133623098845,0.133535520209,8.757863514e-05,favors_pca,true
residual_pca,current_pca,frozen-pca,1,fast_prefix_3,fast_prefix_3,fast_prefix_3,matched_intermediate_family_and_bytes,mean_per_query_candidate_rmse,lower,1000,0.133589681899,0.133755002909,-0.00016532100971,favors_transform,true
residual_pca,current_pca,frozen-pca,2,fast_prefix_3,fast_prefix_3,fast_prefix_3,matched_intermediate_family_and_bytes,mean_per_query_candidate_rmse,lower,1000,0.133657951403,0.133433518833,0.00022443256954,favors_pca,true
residual_pca,current_pca,frozen-pca,3,fast_prefix_3,fast_prefix_3,fast_prefix_3,matched_intermediate_family_and_bytes,mean_per_query_candidate_rmse,lower,1000,0.13363672314,0.133525765464,0.00011095767596,favors_pca,true
residual_pca,current_pca,frozen-pca,4,fast_prefix_3,fast_prefix_3,fast_prefix_3,matched_intermediate_family_and_bytes,mean_per_query_candidate_rmse,lower,1000,0.133593241881,0.133575676533,1.756534758e-05,favors_pca,true
residual_pca,current_pca,frozen-pca,5,fast_prefix_3,fast_prefix_3,fast_prefix_3,matched_intermediate_family_and_bytes,mean_per_query_candidate_rmse,lower,1000,0.13359249377,0.133518160338,7.433343258e-05,favors_pca,true
residual_pca,current_pca,frozen-pca,6,fast_prefix_3,fast_prefix_3,fast_prefix_3,matched_intermediate_family_and_bytes,mean_per_query_candidate_rmse,lower,1000,0.133574012812,0.133501920223,7.209258949e-05,favors_pca,true
residual_pca,current_pca,frozen-pca,7,fast_prefix_3,fast_prefix_3,fast_prefix_3,matched_intermediate_family_and_bytes,mean_per_query_candidate_rmse,lower,1000,0.133640246895,0.133624506187,1.574070815e-05,favors_pca,true
residual_pca,current_pca,frozen-pca,8,fast_prefix_3,fast_prefix_3,fast_prefix_3,matched_intermediate_family_and_bytes,mean_per_query_candidate_rmse,lower,1000,0.133542854657,0.133543727862,-8.73204659996e-07,favors_transform,true
residual_pca,current_pca,frozen-pca,9,fast_prefix_3,fast_prefix_3,fast_prefix_3,matched_intermediate_family_and_bytes,mean_per_query_candidate_rmse,lower,1000,0.133547671858,0.13356118816,-1.35163023e-05,favors_transform,true
residual_pca,current_pca,frozen-pca,0,fast_prefix_3,fast_prefix_3,fast_prefix_3,matched_intermediate_family_and_bytes,pooled_candidate_rmse,lower,1000,0.132578011844,0.132488412411,8.95994331513e-05,favors_pca,true
residual_pca,current_pca,frozen-pca,1,fast_prefix_3,fast_prefix_3,fast_prefix_3,matched_intermediate_family_and_bytes,pooled_candidate_rmse,lower,1000,0.132548219028,0.132690800067,-0.000142581038798,favors_transform,true
residual_pca,current_pca,frozen-pca,2,fast_prefix_3,fast_prefix_3,fast_prefix_3,matched_intermediate_family_and_bytes,pooled_candidate_rmse,lower,1000,0.13258906394,0.132388773179,0.000200290761395,favors_pca,true
residual_pca,current_pca,frozen-pca,3,fast_prefix_3,fast_prefix_3,fast_prefix_3,matched_intermediate_family_and_bytes,pooled_candidate_rmse,lower,1000,0.132576853798,0.132473920751,0.000102933046214,favors_pca,true
residual_pca,current_pca,frozen-pca,4,fast_prefix_3,fast_prefix_3,fast_prefix_3,matched_intermediate_family_and_bytes,pooled_candidate_rmse,lower,1000,0.132551309935,0.132523008643,2.83012920698e-05,favors_pca,true
residual_pca,current_pca,frozen-pca,5,fast_prefix_3,fast_prefix_3,fast_prefix_3,matched_intermediate_family_and_bytes,pooled_candidate_rmse,lower,1000,0.132544290073,0.132471693552,7.25965212856e-05,favors_pca,true
residual_pca,current_pca,frozen-pca,6,fast_prefix_3,fast_prefix_3,fast_prefix_3,matched_intermediate_family_and_bytes,pooled_candidate_rmse,lower,1000,0.132519496877,0.132454669331,6.48275464861e-05,favors_pca,true
residual_pca,current_pca,frozen-pca,7,fast_prefix_3,fast_prefix_3,fast_prefix_3,matched_intermediate_family_and_bytes,pooled_candidate_rmse,lower,1000,0.132582006502,0.132565524878,1.64816242642e-05,favors_pca,true
residual_pca,current_pca,frozen-pca,8,fast_prefix_3,fast_prefix_3,fast_prefix_3,matched_intermediate_family_and_bytes,pooled_candidate_rmse,lower,1000,0.132491389145,0.13249686936,-5.48021493638e-06,favors_transform,true
residual_pca,current_pca,frozen-pca,9,fast_prefix_3,fast_prefix_3,fast_prefix_3,matched_intermediate_family_and_bytes,pooled_candidate_rmse,lower,1000,0.132491239794,0.132505292075,-1.40522803983e-05,favors_transform,true
residual_pca,current_pca,frozen-pca,0,fast_prefix_3,fast_prefix_3,fast_prefix_3,matched_intermediate_family_and_bytes,candidate_mae,lower,1000,0.122654428532,0.122547800843,0.00010662768889,favors_pca,true
residual_pca,current_pca,frozen-pca,1,fast_prefix_3,fast_prefix_3,fast_prefix_3,matched_intermediate_family_and_bytes,candidate_mae,lower,1000,0.122599216289,0.122725223542,-0.00012600725203,favors_transform,true
residual_pca,current_pca,frozen-pca,2,fast_prefix_3,fast_prefix_3,fast_prefix_3,matched_intermediate_family_and_bytes,candidate_mae,lower,1000,0.122612637144,0.122431059987,0.00018157715772,favors_pca,true
residual_pca,current_pca,frozen-pca,3,fast_prefix_3,fast_prefix_3,fast_prefix_3,matched_intermediate_family_and_bytes,candidate_mae,lower,1000,0.122643683351,0.122525912413,0.00011777093836,favors_pca,true
residual_pca,current_pca,frozen-pca,4,fast_prefix_3,fast_prefix_3,fast_prefix_3,matched_intermediate_family_and_bytes,candidate_mae,lower,1000,0.122607974983,0.122593103159,1.487182372e-05,favors_pca,true
residual_pca,current_pca,frozen-pca,5,fast_prefix_3,fast_prefix_3,fast_prefix_3,matched_intermediate_family_and_bytes,candidate_mae,lower,1000,0.1225484939,0.122504571012,4.392288859e-05,favors_pca,true
residual_pca,current_pca,frozen-pca,6,fast_prefix_3,fast_prefix_3,fast_prefix_3,matched_intermediate_family_and_bytes,candidate_mae,lower,1000,0.122592087607,0.122503158653,8.892895478e-05,favors_pca,true
residual_pca,current_pca,frozen-pca,7,fast_prefix_3,fast_prefix_3,fast_prefix_3,matched_intermediate_family_and_bytes,candidate_mae,lower,1000,0.122631201202,0.122640155525,-8.95432276e-06,favors_transform,true
residual_pca,current_pca,frozen-pca,8,fast_prefix_3,fast_prefix_3,fast_prefix_3,matched_intermediate_family_and_bytes,candidate_mae,lower,1000,0.122574959921,0.122541948524,3.301139702e-05,favors_pca,true
residual_pca,current_pca,frozen-pca,9,fast_prefix_3,fast_prefix_3,fast_prefix_3,matched_intermediate_family_and_bytes,candidate_mae,lower,1000,0.122526519745,0.122586298365,-5.977862059e-05,favors_transform,true
residual_pca,current_pca,frozen-pca,0,fast_prefix_3,fast_prefix_3,fast_prefix_3,matched_intermediate_family_and_bytes,topk_agreement,higher,1000,0.61659,0.61695,-0.00036,favors_pca,true
residual_pca,current_pca,frozen-pca,1,fast_prefix_3,fast_prefix_3,fast_prefix_3,matched_intermediate_family_and_bytes,topk_agreement,higher,1000,0.61644,0.61676,-0.00032,favors_pca,true
residual_pca,current_pca,frozen-pca,2,fast_prefix_3,fast_prefix_3,fast_prefix_3,matched_intermediate_family_and_bytes,topk_agreement,higher,1000,0.61783,0.62052,-0.00269,favors_pca,true
residual_pca,current_pca,frozen-pca,3,fast_prefix_3,fast_prefix_3,fast_prefix_3,matched_intermediate_family_and_bytes,topk_agreement,higher,1000,0.61959,0.61853,0.00106,favors_transform,true
residual_pca,current_pca,frozen-pca,4,fast_prefix_3,fast_prefix_3,fast_prefix_3,matched_intermediate_family_and_bytes,topk_agreement,higher,1000,0.61613,0.61689,-0.00076,favors_pca,true
residual_pca,current_pca,frozen-pca,5,fast_prefix_3,fast_prefix_3,fast_prefix_3,matched_intermediate_family_and_bytes,topk_agreement,higher,1000,0.61856,0.61678,0.00178,favors_transform,true
residual_pca,current_pca,frozen-pca,6,fast_prefix_3,fast_prefix_3,fast_prefix_3,matched_intermediate_family_and_bytes,topk_agreement,higher,1000,0.61923,0.61886,0.00037,favors_transform,true
residual_pca,current_pca,frozen-pca,7,fast_prefix_3,fast_prefix_3,fast_prefix_3,matched_intermediate_family_and_bytes,topk_agreement,higher,1000,0.61648,0.61798,-0.0015,favors_pca,true
residual_pca,current_pca,frozen-pca,8,fast_prefix_3,fast_prefix_3,fast_prefix_3,matched_intermediate_family_and_bytes,topk_agreement,higher,1000,0.61979,0.61788,0.00191,favors_transform,true
residual_pca,current_pca,frozen-pca,9,fast_prefix_3,fast_prefix_3,fast_prefix_3,matched_intermediate_family_and_bytes,topk_agreement,higher,1000,0.61619,0.61665,-0.00046,favors_pca,true
residual_pca,current_pca,frozen-pca,0,fast_prefix_3,fast_prefix_3,fast_prefix_3,matched_intermediate_family_and_bytes,boundary_inversion_rate,lower,1000,0.0277104219235,0.0276886149784,2.1806945097e-05,favors_pca,true
residual_pca,current_pca,frozen-pca,1,fast_prefix_3,fast_prefix_3,fast_prefix_3,matched_intermediate_family_and_bytes,boundary_inversion_rate,lower,1000,0.0278790238104,0.0276839634194,0.000195060391011,favors_pca,true
residual_pca,current_pca,frozen-pca,2,fast_prefix_3,fast_prefix_3,fast_prefix_3,matched_intermediate_family_and_bytes,boundary_inversion_rate,lower,1000,0.027636595931,0.0274640148573,0.000172581073705,favors_pca,true
residual_pca,current_pca,frozen-pca,3,fast_prefix_3,fast_prefix_3,fast_prefix_3,matched_intermediate_family_and_bytes,boundary_inversion_rate,lower,1000,0.0277147749572,0.0275119243876,0.000202850569612,favors_pca,true
residual_pca,current_pca,frozen-pca,4,fast_prefix_3,fast_prefix_3,fast_prefix_3,matched_intermediate_family_and_bytes,boundary_inversion_rate,lower,1000,0.0276741121911,0.0279655985299,-0.000291486338801,favors_transform,true
residual_pca,current_pca,frozen-pca,5,fast_prefix_3,fast_prefix_3,fast_prefix_3,matched_intermediate_family_and_bytes,boundary_inversion_rate,lower,1000,0.0273400468547,0.0276114860636,-0.000271439208934,favors_transform,true
residual_pca,current_pca,frozen-pca,6,fast_prefix_3,fast_prefix_3,fast_prefix_3,matched_intermediate_family_and_bytes,boundary_inversion_rate,lower,1000,0.0275018488348,0.0276044820944,-0.000102633259549,favors_transform,true
residual_pca,current_pca,frozen-pca,7,fast_prefix_3,fast_prefix_3,fast_prefix_3,matched_intermediate_family_and_bytes,boundary_inversion_rate,lower,1000,0.0278140827333,0.0275984724814,0.000215610251916,favors_pca,true
residual_pca,current_pca,frozen-pca,8,fast_prefix_3,fast_prefix_3,fast_prefix_3,matched_intermediate_family_and_bytes,boundary_inversion_rate,lower,1000,0.0272734520053,0.0277385930418,-0.000465141036478,favors_transform,true
residual_pca,current_pca,frozen-pca,9,fast_prefix_3,fast_prefix_3,fast_prefix_3,matched_intermediate_family_and_bytes,boundary_inversion_rate,lower,1000,0.0279573309971,0.0277298996538,0.000227431343264,favors_pca,true
residual_pca,current_pca,frozen-pca,0,fast_prefix_3,fast_prefix_3,fast_prefix_3,matched_intermediate_family_and_bytes,exact_best_rank,lower,1000,1.005,1.006,-0.001,favors_transform,true
residual_pca,current_pca,frozen-pca,1,fast_prefix_3,fast_prefix_3,fast_prefix_3,matched_intermediate_family_and_bytes,exact_best_rank,lower,1000,1.003,1.004,-0.001,favors_transform,true
residual_pca,current_pca,frozen-pca,2,fast_prefix_3,fast_prefix_3,fast_prefix_3,matched_intermediate_family_and_bytes,exact_best_rank,lower,1000,1.005,1.006,-0.001,favors_transform,true
residual_pca,current_pca,frozen-pca,3,fast_prefix_3,fast_prefix_3,fast_prefix_3,matched_intermediate_family_and_bytes,exact_best_rank,lower,1000,1.006,1.004,0.002,favors_pca,true
residual_pca,current_pca,frozen-pca,4,fast_prefix_3,fast_prefix_3,fast_prefix_3,matched_intermediate_family_and_bytes,exact_best_rank,lower,1000,1.004,1.006,-0.002,favors_transform,true
residual_pca,current_pca,frozen-pca,5,fast_prefix_3,fast_prefix_3,fast_prefix_3,matched_intermediate_family_and_bytes,exact_best_rank,lower,1000,1.003,1.005,-0.002,favors_transform,true
residual_pca,current_pca,frozen-pca,6,fast_prefix_3,fast_prefix_3,fast_prefix_3,matched_intermediate_family_and_bytes,exact_best_rank,lower,1000,1.005,1.007,-0.002,favors_transform,true
residual_pca,current_pca,frozen-pca,7,fast_prefix_3,fast_prefix_3,fast_prefix_3,matched_intermediate_family_and_bytes,exact_best_rank,lower,1000,1.003,1.007,-0.004,favors_transform,true
residual_pca,current_pca,frozen-pca,8,fast_prefix_3,fast_prefix_3,fast_prefix_3,matched_intermediate_family_and_bytes,exact_best_rank,lower,1000,1.006,1.005,0.001,favors_pca,true
residual_pca,current_pca,frozen-pca,9,fast_prefix_3,fast_prefix_3,fast_prefix_3,matched_intermediate_family_and_bytes,exact_best_rank,lower,1000,1.003,1.003,0,tied,true
residual_pca,current_pca,frozen-pca,-1,fast_all,fast_all,fast_all,common_endpoint,mean_per_query_candidate_rmse,lower,1000,0.135884648322,0.135832431358,5.221696336e-05,favors_pca,true
residual_pca,current_pca,frozen-pca,-1,fast_all,fast_all,fast_all,common_endpoint,pooled_candidate_rmse,lower,1000,0.134768729683,0.134715074817,5.3654866479e-05,favors_pca,true
residual_pca,current_pca,frozen-pca,-1,fast_all,fast_all,fast_all,common_endpoint,candidate_mae,lower,1000,0.123123713122,0.123081908544,4.180457736e-05,favors_pca,true
residual_pca,current_pca,frozen-pca,-1,fast_all,fast_all,fast_all,common_endpoint,topk_agreement,higher,1000,0.58882,0.58883,-1.00000000001e-05,favors_pca,true
residual_pca,current_pca,frozen-pca,-1,fast_all,fast_all,fast_all,common_endpoint,boundary_inversion_rate,lower,1000,0.0346025355161,0.0347495213691,-0.000146985853049,favors_transform,true
residual_pca,current_pca,frozen-pca,-1,fast_all,fast_all,fast_all,common_endpoint,exact_best_rank,lower,1000,1.004,1.002,0.002,favors_pca,true
residual_pca,current_pca,frozen-pca,0,fast_all,fast_all,fast_all,common_endpoint,mean_per_query_candidate_rmse,lower,1000,0.133623098845,0.133535520209,8.757863514e-05,favors_pca,true
residual_pca,current_pca,frozen-pca,1,fast_all,fast_all,fast_all,common_endpoint,mean_per_query_candidate_rmse,lower,1000,0.133589681899,0.133755002909,-0.00016532100971,favors_transform,true
residual_pca,current_pca,frozen-pca,2,fast_all,fast_all,fast_all,common_endpoint,mean_per_query_candidate_rmse,lower,1000,0.133657951403,0.133433518833,0.00022443256954,favors_pca,true
residual_pca,current_pca,frozen-pca,3,fast_all,fast_all,fast_all,common_endpoint,mean_per_query_candidate_rmse,lower,1000,0.13363672314,0.133525765464,0.00011095767596,favors_pca,true
residual_pca,current_pca,frozen-pca,4,fast_all,fast_all,fast_all,common_endpoint,mean_per_query_candidate_rmse,lower,1000,0.133593241881,0.133575676533,1.756534758e-05,favors_pca,true
residual_pca,current_pca,frozen-pca,5,fast_all,fast_all,fast_all,common_endpoint,mean_per_query_candidate_rmse,lower,1000,0.13359249377,0.133518160338,7.433343258e-05,favors_pca,true
residual_pca,current_pca,frozen-pca,6,fast_all,fast_all,fast_all,common_endpoint,mean_per_query_candidate_rmse,lower,1000,0.133574012812,0.133501920223,7.209258949e-05,favors_pca,true
residual_pca,current_pca,frozen-pca,7,fast_all,fast_all,fast_all,common_endpoint,mean_per_query_candidate_rmse,lower,1000,0.133640246895,0.133624506187,1.574070815e-05,favors_pca,true
residual_pca,current_pca,frozen-pca,8,fast_all,fast_all,fast_all,common_endpoint,mean_per_query_candidate_rmse,lower,1000,0.133542854657,0.133543727862,-8.73204659996e-07,favors_transform,true
residual_pca,current_pca,frozen-pca,9,fast_all,fast_all,fast_all,common_endpoint,mean_per_query_candidate_rmse,lower,1000,0.133547671858,0.13356118816,-1.35163023e-05,favors_transform,true
residual_pca,current_pca,frozen-pca,0,fast_all,fast_all,fast_all,common_endpoint,pooled_candidate_rmse,lower,1000,0.132578011844,0.132488412411,8.95994331513e-05,favors_pca,true
residual_pca,current_pca,frozen-pca,1,fast_all,fast_all,fast_all,common_endpoint,pooled_candidate_rmse,lower,1000,0.132548219028,0.132690800067,-0.000142581038798,favors_transform,true
residual_pca,current_pca,frozen-pca,2,fast_all,fast_all,fast_all,common_endpoint,pooled_candidate_rmse,lower,1000,0.13258906394,0.132388773179,0.000200290761395,favors_pca,true
residual_pca,current_pca,frozen-pca,3,fast_all,fast_all,fast_all,common_endpoint,pooled_candidate_rmse,lower,1000,0.132576853798,0.132473920751,0.000102933046214,favors_pca,true
residual_pca,current_pca,frozen-pca,4,fast_all,fast_all,fast_all,common_endpoint,pooled_candidate_rmse,lower,1000,0.132551309935,0.132523008643,2.83012920698e-05,favors_pca,true
residual_pca,current_pca,frozen-pca,5,fast_all,fast_all,fast_all,common_endpoint,pooled_candidate_rmse,lower,1000,0.132544290073,0.132471693552,7.25965212856e-05,favors_pca,true
residual_pca,current_pca,frozen-pca,6,fast_all,fast_all,fast_all,common_endpoint,pooled_candidate_rmse,lower,1000,0.132519496877,0.132454669331,6.48275464861e-05,favors_pca,true
residual_pca,current_pca,frozen-pca,7,fast_all,fast_all,fast_all,common_endpoint,pooled_candidate_rmse,lower,1000,0.132582006502,0.132565524878,1.64816242642e-05,favors_pca,true
residual_pca,current_pca,frozen-pca,8,fast_all,fast_all,fast_all,common_endpoint,pooled_candidate_rmse,lower,1000,0.132491389145,0.13249686936,-5.48021493638e-06,favors_transform,true
residual_pca,current_pca,frozen-pca,9,fast_all,fast_all,fast_all,common_endpoint,pooled_candidate_rmse,lower,1000,0.132491239794,0.132505292075,-1.40522803983e-05,favors_transform,true
residual_pca,current_pca,frozen-pca,0,fast_all,fast_all,fast_all,common_endpoint,candidate_mae,lower,1000,0.122654428532,0.122547800843,0.00010662768889,favors_pca,true
residual_pca,current_pca,frozen-pca,1,fast_all,fast_all,fast_all,common_endpoint,candidate_mae,lower,1000,0.122599216289,0.122725223542,-0.00012600725203,favors_transform,true
residual_pca,current_pca,frozen-pca,2,fast_all,fast_all,fast_all,common_endpoint,candidate_mae,lower,1000,0.122612637144,0.122431059987,0.00018157715772,favors_pca,true
residual_pca,current_pca,frozen-pca,3,fast_all,fast_all,fast_all,common_endpoint,candidate_mae,lower,1000,0.122643683351,0.122525912413,0.00011777093836,favors_pca,true
residual_pca,current_pca,frozen-pca,4,fast_all,fast_all,fast_all,common_endpoint,candidate_mae,lower,1000,0.122607974983,0.122593103159,1.487182372e-05,favors_pca,true
residual_pca,current_pca,frozen-pca,5,fast_all,fast_all,fast_all,common_endpoint,candidate_mae,lower,1000,0.1225484939,0.122504571012,4.392288859e-05,favors_pca,true
residual_pca,current_pca,frozen-pca,6,fast_all,fast_all,fast_all,common_endpoint,candidate_mae,lower,1000,0.122592087607,0.122503158653,8.892895478e-05,favors_pca,true
residual_pca,current_pca,frozen-pca,7,fast_all,fast_all,fast_all,common_endpoint,candidate_mae,lower,1000,0.122631201202,0.122640155525,-8.95432276e-06,favors_transform,true
residual_pca,current_pca,frozen-pca,8,fast_all,fast_all,fast_all,common_endpoint,candidate_mae,lower,1000,0.122574959921,0.122541948524,3.301139702e-05,favors_pca,true
residual_pca,current_pca,frozen-pca,9,fast_all,fast_all,fast_all,common_endpoint,candidate_mae,lower,1000,0.122526519745,0.122586298365,-5.977862059e-05,favors_transform,true
residual_pca,current_pca,frozen-pca,0,fast_all,fast_all,fast_all,common_endpoint,topk_agreement,higher,1000,0.61659,0.61695,-0.00036,favors_pca,true
residual_pca,current_pca,frozen-pca,1,fast_all,fast_all,fast_all,common_endpoint,topk_agreement,higher,1000,0.61644,0.61676,-0.00032,favors_pca,true
residual_pca,current_pca,frozen-pca,2,fast_all,fast_all,fast_all,common_endpoint,topk_agreement,higher,1000,0.61783,0.62052,-0.00269,favors_pca,true
residual_pca,current_pca,frozen-pca,3,fast_all,fast_all,fast_all,common_endpoint,topk_agreement,higher,1000,0.61959,0.61853,0.00106,favors_transform,true
residual_pca,current_pca,frozen-pca,4,fast_all,fast_all,fast_all,common_endpoint,topk_agreement,higher,1000,0.61613,0.61689,-0.00076,favors_pca,true
residual_pca,current_pca,frozen-pca,5,fast_all,fast_all,fast_all,common_endpoint,topk_agreement,higher,1000,0.61856,0.61678,0.00178,favors_transform,true
residual_pca,current_pca,frozen-pca,6,fast_all,fast_all,fast_all,common_endpoint,topk_agreement,higher,1000,0.61923,0.61886,0.00037,favors_transform,true
residual_pca,current_pca,frozen-pca,7,fast_all,fast_all,fast_all,common_endpoint,topk_agreement,higher,1000,0.61648,0.61798,-0.0015,favors_pca,true
residual_pca,current_pca,frozen-pca,8,fast_all,fast_all,fast_all,common_endpoint,topk_agreement,higher,1000,0.61979,0.61788,0.00191,favors_transform,true
residual_pca,current_pca,frozen-pca,9,fast_all,fast_all,fast_all,common_endpoint,topk_agreement,higher,1000,0.61619,0.61665,-0.00046,favors_pca,true
residual_pca,current_pca,frozen-pca,0,fast_all,fast_all,fast_all,common_endpoint,boundary_inversion_rate,lower,1000,0.0277104219235,0.0276886149784,2.1806945097e-05,favors_pca,true
residual_pca,current_pca,frozen-pca,1,fast_all,fast_all,fast_all,common_endpoint,boundary_inversion_rate,lower,1000,0.0278790238104,0.0276839634194,0.000195060391011,favors_pca,true
residual_pca,current_pca,frozen-pca,2,fast_all,fast_all,fast_all,common_endpoint,boundary_inversion_rate,lower,1000,0.027636595931,0.0274640148573,0.000172581073705,favors_pca,true
residual_pca,current_pca,frozen-pca,3,fast_all,fast_all,fast_all,common_endpoint,boundary_inversion_rate,lower,1000,0.0277147749572,0.0275119243876,0.000202850569612,favors_pca,true
residual_pca,current_pca,frozen-pca,4,fast_all,fast_all,fast_all,common_endpoint,boundary_inversion_rate,lower,1000,0.0276741121911,0.0279655985299,-0.000291486338801,favors_transform,true
residual_pca,current_pca,frozen-pca,5,fast_all,fast_all,fast_all,common_endpoint,boundary_inversion_rate,lower,1000,0.0273400468547,0.0276114860636,-0.000271439208934,favors_transform,true
residual_pca,current_pca,frozen-pca,6,fast_all,fast_all,fast_all,common_endpoint,boundary_inversion_rate,lower,1000,0.0275018488348,0.0276044820944,-0.000102633259549,favors_transform,true
residual_pca,current_pca,frozen-pca,7,fast_all,fast_all,fast_all,common_endpoint,boundary_inversion_rate,lower,1000,0.0278140827333,0.0275984724814,0.000215610251916,favors_pca,true
residual_pca,current_pca,frozen-pca,8,fast_all,fast_all,fast_all,common_endpoint,boundary_inversion_rate,lower,1000,0.0272734520053,0.0277385930418,-0.000465141036478,favors_transform,true
residual_pca,current_pca,frozen-pca,9,fast_all,fast_all,fast_all,common_endpoint,boundary_inversion_rate,lower,1000,0.0279573309971,0.0277298996538,0.000227431343264,favors_pca,true
residual_pca,current_pca,frozen-pca,0,fast_all,fast_all,fast_all,common_endpoint,exact_best_rank,lower,1000,1.005,1.006,-0.001,favors_transform,true
residual_pca,current_pca,frozen-pca,1,fast_all,fast_all,fast_all,common_endpoint,exact_best_rank,lower,1000,1.003,1.004,-0.001,favors_transform,true
residual_pca,current_pca,frozen-pca,2,fast_all,fast_all,fast_all,common_endpoint,exact_best_rank,lower,1000,1.005,1.006,-0.001,favors_transform,true
residual_pca,current_pca,frozen-pca,3,fast_all,fast_all,fast_all,common_endpoint,exact_best_rank,lower,1000,1.006,1.004,0.002,favors_pca,true
residual_pca,current_pca,frozen-pca,4,fast_all,fast_all,fast_all,common_endpoint,exact_best_rank,lower,1000,1.004,1.006,-0.002,favors_transform,true
residual_pca,current_pca,frozen-pca,5,fast_all,fast_all,fast_all,common_endpoint,exact_best_rank,lower,1000,1.003,1.005,-0.002,favors_transform,true
residual_pca,current_pca,frozen-pca,6,fast_all,fast_all,fast_all,common_endpoint,exact_best_rank,lower,1000,1.005,1.007,-0.002,favors_transform,true
residual_pca,current_pca,frozen-pca,7,fast_all,fast_all,fast_all,common_endpoint,exact_best_rank,lower,1000,1.003,1.007,-0.004,favors_transform,true
residual_pca,current_pca,frozen-pca,8,fast_all,fast_all,fast_all,common_endpoint,exact_best_rank,lower,1000,1.006,1.005,0.001,favors_pca,true
residual_pca,current_pca,frozen-pca,9,fast_all,fast_all,fast_all,common_endpoint,exact_best_rank,lower,1000,1.003,1.003,0,tied,true
residual_pca,current_pca,frozen-pca,-1,accurate_prefix_1,accurate_prefix_1,accurate_prefix_1,matched_intermediate_family_and_bytes,mean_per_query_candidate_rmse,lower,1000,0.0305610674812,0.0305495496427,1.1517838465e-05,favors_pca,true
residual_pca,current_pca,frozen-pca,-1,accurate_prefix_1,accurate_prefix_1,accurate_prefix_1,matched_intermediate_family_and_bytes,pooled_candidate_rmse,lower,1000,0.0310710761325,0.0310578322244,1.32439081963e-05,favors_pca,true
residual_pca,current_pca,frozen-pca,-1,accurate_prefix_1,accurate_prefix_1,accurate_prefix_1,matched_intermediate_family_and_bytes,candidate_mae,lower,1000,0.0277110623613,0.0276973906689,1.3671692417e-05,favors_pca,true
residual_pca,current_pca,frozen-pca,-1,accurate_prefix_1,accurate_prefix_1,accurate_prefix_1,matched_intermediate_family_and_bytes,topk_agreement,higher,1000,0.89399,0.89383,0.00016,favors_transform,true
residual_pca,current_pca,frozen-pca,-1,accurate_prefix_1,accurate_prefix_1,accurate_prefix_1,matched_intermediate_family_and_bytes,boundary_inversion_rate,lower,1000,0.00204634447654,0.00206144395653,-1.50994799906e-05,favors_transform,true
residual_pca,current_pca,frozen-pca,-1,accurate_prefix_1,accurate_prefix_1,accurate_prefix_1,matched_intermediate_family_and_bytes,exact_best_rank,lower,1000,1,1,0,tied,true
residual_pca,current_pca,frozen-pca,0,accurate_prefix_1,accurate_prefix_1,accurate_prefix_1,matched_intermediate_family_and_bytes,mean_per_query_candidate_rmse,lower,1000,0.0301197340432,0.0301072261092,1.2507934032e-05,favors_pca,true
residual_pca,current_pca,frozen-pca,1,accurate_prefix_1,accurate_prefix_1,accurate_prefix_1,matched_intermediate_family_and_bytes,mean_per_query_candidate_rmse,lower,1000,0.0301030943942,0.030126498159,-2.3403764848e-05,favors_transform,true
residual_pca,current_pca,frozen-pca,2,accurate_prefix_1,accurate_prefix_1,accurate_prefix_1,matched_intermediate_family_and_bytes,mean_per_query_candidate_rmse,lower,1000,0.0301050874937,0.0300855288183,1.9558675407e-05,favors_pca,true
residual_pca,current_pca,frozen-pca,3,accurate_prefix_1,accurate_prefix_1,accurate_prefix_1,matched_intermediate_family_and_bytes,mean_per_query_candidate_rmse,lower,1000,0.0301076760758,0.0301100430583,-2.366982425e-06,favors_transform,true
residual_pca,current_pca,frozen-pca,4,accurate_prefix_1,accurate_prefix_1,accurate_prefix_1,matched_intermediate_family_and_bytes,mean_per_query_candidate_rmse,lower,1000,0.0301195649417,0.0300981754424,2.1389499318e-05,favors_pca,true
residual_pca,current_pca,frozen-pca,5,accurate_prefix_1,accurate_prefix_1,accurate_prefix_1,matched_intermediate_family_and_bytes,mean_per_query_candidate_rmse,lower,1000,0.0301049433452,0.0301020107474,2.93259781e-06,favors_pca,true
residual_pca,current_pca,frozen-pca,6,accurate_prefix_1,accurate_prefix_1,accurate_prefix_1,matched_intermediate_family_and_bytes,mean_per_query_candidate_rmse,lower,1000,0.0301259519056,0.0301192221154,6.72979018e-06,favors_pca,true
residual_pca,current_pca,frozen-pca,7,accurate_prefix_1,accurate_prefix_1,accurate_prefix_1,matched_intermediate_family_and_bytes,mean_per_query_candidate_rmse,lower,1000,0.030110736781,0.0301088670018,1.869779154e-06,favors_pca,true
residual_pca,current_pca,frozen-pca,8,accurate_prefix_1,accurate_prefix_1,accurate_prefix_1,matched_intermediate_family_and_bytes,mean_per_query_candidate_rmse,lower,1000,0.0300936038985,0.0301112684237,-1.7664525155e-05,favors_transform,true
residual_pca,current_pca,frozen-pca,9,accurate_prefix_1,accurate_prefix_1,accurate_prefix_1,matched_intermediate_family_and_bytes,mean_per_query_candidate_rmse,lower,1000,0.0301051389771,0.0301127529256,-7.613948562e-06,favors_transform,true
residual_pca,current_pca,frozen-pca,0,accurate_prefix_1,accurate_prefix_1,accurate_prefix_1,matched_intermediate_family_and_bytes,pooled_candidate_rmse,lower,1000,0.0306449419875,0.030628833088,1.61088994184e-05,favors_pca,true
residual_pca,current_pca,frozen-pca,1,accurate_prefix_1,accurate_prefix_1,accurate_prefix_1,matched_intermediate_family_and_bytes,pooled_candidate_rmse,lower,1000,0.0306298548193,0.0306502098734,-2.03550540997e-05,favors_transform,true
residual_pca,current_pca,frozen-pca,2,accurate_prefix_1,accurate_prefix_1,accurate_prefix_1,matched_intermediate_family_and_bytes,pooled_candidate_rmse,lower,1000,0.0306288329989,0.0306062001667,2.26328322233e-05,favors_pca,true
residual_pca,current_pca,frozen-pca,3,accurate_prefix_1,accurate_prefix_1,accurate_prefix_1,matched_intermediate_family_and_bytes,pooled_candidate_rmse,lower,1000,0.0306330967957,0.0306365407878,-3.44399216129e-06,favors_transform,true
residual_pca,current_pca,frozen-pca,4,accurate_prefix_1,accurate_prefix_1,accurate_prefix_1,matched_intermediate_family_and_bytes,pooled_candidate_rmse,lower,1000,0.030645042472,0.0306242166694,2.08258025794e-05,favors_pca,true
residual_pca,current_pca,frozen-pca,5,accurate_prefix_1,accurate_prefix_1,accurate_prefix_1,matched_intermediate_family_and_bytes,pooled_candidate_rmse,lower,1000,0.0306283821715,0.0306286783914,-2.96219982508e-07,favors_transform,true
residual_pca,current_pca,frozen-pca,6,accurate_prefix_1,accurate_prefix_1,accurate_prefix_1,matched_intermediate_family_and_bytes,pooled_candidate_rmse,lower,1000,0.0306518607897,0.0306466082195,5.25257024075e-06,favors_pca,true
residual_pca,current_pca,frozen-pca,7,accurate_prefix_1,accurate_prefix_1,accurate_prefix_1,matched_intermediate_family_and_bytes,pooled_candidate_rmse,lower,1000,0.0306353822437,0.030632185219,3.19702472542e-06,favors_pca,true
residual_pca,current_pca,frozen-pca,8,accurate_prefix_1,accurate_prefix_1,accurate_prefix_1,matched_intermediate_family_and_bytes,pooled_candidate_rmse,lower,1000,0.0306178625487,0.0306332481047,-1.53855559866e-05,favors_transform,true
residual_pca,current_pca,frozen-pca,9,accurate_prefix_1,accurate_prefix_1,accurate_prefix_1,matched_intermediate_family_and_bytes,pooled_candidate_rmse,lower,1000,0.0306296987013,0.0306379265963,-8.22789501261e-06,favors_transform,true
residual_pca,current_pca,frozen-pca,0,accurate_prefix_1,accurate_prefix_1,accurate_prefix_1,matched_intermediate_family_and_bytes,candidate_mae,lower,1000,0.0276404388614,0.0276247199469,1.5718914449e-05,favors_pca,true
residual_pca,current_pca,frozen-pca,1,accurate_prefix_1,accurate_prefix_1,accurate_prefix_1,matched_intermediate_family_and_bytes,candidate_mae,lower,1000,0.0276243569056,0.027647739908,-2.3383002386e-05,favors_transform,true
residual_pca,current_pca,frozen-pca,2,accurate_prefix_1,accurate_prefix_1,accurate_prefix_1,matched_intermediate_family_and_bytes,candidate_mae,lower,1000,0.0276291241899,0.0276075412897,2.1582900149e-05,favors_pca,true
residual_pca,current_pca,frozen-pca,3,accurate_prefix_1,accurate_prefix_1,accurate_prefix_1,matched_intermediate_family_and_bytes,candidate_mae,lower,1000,0.0276296677226,0.0276272434556,2.424267006e-06,favors_pca,true
residual_pca,current_pca,frozen-pca,4,accurate_prefix_1,accurate_prefix_1,accurate_prefix_1,matched_intermediate_family_and_bytes,candidate_mae,lower,1000,0.0276391887791,0.0276206576424,1.8531136681e-05,favors_pca,true
residual_pca,current_pca,frozen-pca,5,accurate_prefix_1,accurate_prefix_1,accurate_prefix_1,matched_intermediate_family_and_bytes,candidate_mae,lower,1000,0.027626419078,0.0276236383941,2.780683868e-06,favors_pca,true
residual_pca,current_pca,frozen-pca,6,accurate_prefix_1,accurate_prefix_1,accurate_prefix_1,matched_intermediate_family_and_bytes,candidate_mae,lower,1000,0.0276510248894,0.0276392558063,1.1769083117e-05,favors_pca,true
residual_pca,current_pca,frozen-pca,7,accurate_prefix_1,accurate_prefix_1,accurate_prefix_1,matched_intermediate_family_and_bytes,candidate_mae,lower,1000,0.0276306218253,0.0276305268639,9.4961361996e-08,favors_pca,true
residual_pca,current_pca,frozen-pca,8,accurate_prefix_1,accurate_prefix_1,accurate_prefix_1,matched_intermediate_family_and_bytes,candidate_mae,lower,1000,0.0276190420716,0.0276329380178,-1.3895946189e-05,favors_transform,true
residual_pca,current_pca,frozen-pca,9,accurate_prefix_1,accurate_prefix_1,accurate_prefix_1,matched_intermediate_family_and_bytes,candidate_mae,lower,1000,0.0276270698781,0.0276355096726,-8.439794478e-06,favors_transform,true
residual_pca,current_pca,frozen-pca,0,accurate_prefix_1,accurate_prefix_1,accurate_prefix_1,matched_intermediate_family_and_bytes,topk_agreement,higher,1000,0.90111,0.90089,0.00022,favors_transform,true
residual_pca,current_pca,frozen-pca,1,accurate_prefix_1,accurate_prefix_1,accurate_prefix_1,matched_intermediate_family_and_bytes,topk_agreement,higher,1000,0.90203,0.90302,-0.00099,favors_pca,true
residual_pca,current_pca,frozen-pca,2,accurate_prefix_1,accurate_prefix_1,accurate_prefix_1,matched_intermediate_family_and_bytes,topk_agreement,higher,1000,0.90211,0.90096,0.00115,favors_transform,true
residual_pca,current_pca,frozen-pca,3,accurate_prefix_1,accurate_prefix_1,accurate_prefix_1,matched_intermediate_family_and_bytes,topk_agreement,higher,1000,0.90195,0.90192,3.00000000001e-05,favors_transform,true
residual_pca,current_pca,frozen-pca,4,accurate_prefix_1,accurate_prefix_1,accurate_prefix_1,matched_intermediate_family_and_bytes,topk_agreement,higher,1000,0.90191,0.90115,0.00076,favors_transform,true
residual_pca,current_pca,frozen-pca,5,accurate_prefix_1,accurate_prefix_1,accurate_prefix_1,matched_intermediate_family_and_bytes,topk_agreement,higher,1000,0.9022,0.90207,0.00013,favors_transform,true
residual_pca,current_pca,frozen-pca,6,accurate_prefix_1,accurate_prefix_1,accurate_prefix_1,matched_intermediate_family_and_bytes,topk_agreement,higher,1000,0.90188,0.90384,-0.00196,favors_pca,true
residual_pca,current_pca,frozen-pca,7,accurate_prefix_1,accurate_prefix_1,accurate_prefix_1,matched_intermediate_family_and_bytes,topk_agreement,higher,1000,0.90102,0.90177,-0.00075,favors_pca,true
residual_pca,current_pca,frozen-pca,8,accurate_prefix_1,accurate_prefix_1,accurate_prefix_1,matched_intermediate_family_and_bytes,topk_agreement,higher,1000,0.90175,0.90156,0.00019,favors_transform,true
residual_pca,current_pca,frozen-pca,9,accurate_prefix_1,accurate_prefix_1,accurate_prefix_1,matched_intermediate_family_and_bytes,topk_agreement,higher,1000,0.90195,0.90208,-0.00013,favors_pca,true
residual_pca,current_pca,frozen-pca,0,accurate_prefix_1,accurate_prefix_1,accurate_prefix_1,matched_intermediate_family_and_bytes,boundary_inversion_rate,lower,1000,0.0017662306608,0.00175196143972,1.4269221087e-05,favors_pca,true
residual_pca,current_pca,frozen-pca,1,accurate_prefix_1,accurate_prefix_1,accurate_prefix_1,matched_intermediate_family_and_bytes,boundary_inversion_rate,lower,1000,0.00173955090583,0.00170134938254,3.82015232954e-05,favors_pca,true
residual_pca,current_pca,frozen-pca,2,accurate_prefix_1,accurate_prefix_1,accurate_prefix_1,matched_intermediate_family_and_bytes,boundary_inversion_rate,lower,1000,0.00174086696899,0.00176889809702,-2.8031128022e-05,favors_transform,true
residual_pca,current_pca,frozen-pca,3,accurate_prefix_1,accurate_prefix_1,accurate_prefix_1,matched_intermediate_family_and_bytes,boundary_inversion_rate,lower,1000,0.00173260860649,0.00173571002799,-3.10142150351e-06,favors_transform,true
residual_pca,current_pca,frozen-pca,4,accurate_prefix_1,accurate_prefix_1,accurate_prefix_1,matched_intermediate_family_and_bytes,boundary_inversion_rate,lower,1000,0.00174913025545,0.0017658362122,-1.67059567525e-05,favors_transform,true
residual_pca,current_pca,frozen-pca,5,accurate_prefix_1,accurate_prefix_1,accurate_prefix_1,matched_intermediate_family_and_bytes,boundary_inversion_rate,lower,1000,0.00174251770877,0.0017349387006,7.57900817008e-06,favors_pca,true
residual_pca,current_pca,frozen-pca,6,accurate_prefix_1,accurate_prefix_1,accurate_prefix_1,matched_intermediate_family_and_bytes,boundary_inversion_rate,lower,1000,0.00174987917813,0.00171082902073,3.90501574033e-05,favors_pca,true
residual_pca,current_pca,frozen-pca,7,accurate_prefix_1,accurate_prefix_1,accurate_prefix_1,matched_intermediate_family_and_bytes,boundary_inversion_rate,lower,1000,0.00175185895265,0.00173995344172,1.19055109211e-05,favors_pca,true
residual_pca,current_pca,frozen-pca,8,accurate_prefix_1,accurate_prefix_1,accurate_prefix_1,matched_intermediate_family_and_bytes,boundary_inversion_rate,lower,1000,0.0017521500795,0.00177779762286,-2.56475433622e-05,favors_transform,true
residual_pca,current_pca,frozen-pca,9,accurate_prefix_1,accurate_prefix_1,accurate_prefix_1,matched_intermediate_family_and_bytes,boundary_inversion_rate,lower,1000,0.00173403574506,0.00174224043359,-8.20468852741e-06,favors_transform,true
residual_pca,current_pca,frozen-pca,0,accurate_prefix_1,accurate_prefix_1,accurate_prefix_1,matched_intermediate_family_and_bytes,exact_best_rank,lower,1000,1,1,0,tied,true
residual_pca,current_pca,frozen-pca,1,accurate_prefix_1,accurate_prefix_1,accurate_prefix_1,matched_intermediate_family_and_bytes,exact_best_rank,lower,1000,1,1,0,tied,true
residual_pca,current_pca,frozen-pca,2,accurate_prefix_1,accurate_prefix_1,accurate_prefix_1,matched_intermediate_family_and_bytes,exact_best_rank,lower,1000,1,1,0,tied,true
residual_pca,current_pca,frozen-pca,3,accurate_prefix_1,accurate_prefix_1,accurate_prefix_1,matched_intermediate_family_and_bytes,exact_best_rank,lower,1000,1,1,0,tied,true
residual_pca,current_pca,frozen-pca,4,accurate_prefix_1,accurate_prefix_1,accurate_prefix_1,matched_intermediate_family_and_bytes,exact_best_rank,lower,1000,1,1,0,tied,true
residual_pca,current_pca,frozen-pca,5,accurate_prefix_1,accurate_prefix_1,accurate_prefix_1,matched_intermediate_family_and_bytes,exact_best_rank,lower,1000,1,1,0,tied,true
residual_pca,current_pca,frozen-pca,6,accurate_prefix_1,accurate_prefix_1,accurate_prefix_1,matched_intermediate_family_and_bytes,exact_best_rank,lower,1000,1,1,0,tied,true
residual_pca,current_pca,frozen-pca,7,accurate_prefix_1,accurate_prefix_1,accurate_prefix_1,matched_intermediate_family_and_bytes,exact_best_rank,lower,1000,1,1,0,tied,true
residual_pca,current_pca,frozen-pca,8,accurate_prefix_1,accurate_prefix_1,accurate_prefix_1,matched_intermediate_family_and_bytes,exact_best_rank,lower,1000,1,1,0,tied,true
residual_pca,current_pca,frozen-pca,9,accurate_prefix_1,accurate_prefix_1,accurate_prefix_1,matched_intermediate_family_and_bytes,exact_best_rank,lower,1000,1,1,0,tied,true
residual_pca,current_pca,frozen-pca,-1,accurate_prefix_2,accurate_prefix_2,accurate_prefix_2,matched_intermediate_family_and_bytes,mean_per_query_candidate_rmse,lower,1000,0.00610103293264,0.00609776366456,3.269268076e-06,favors_pca,true
residual_pca,current_pca,frozen-pca,-1,accurate_prefix_2,accurate_prefix_2,accurate_prefix_2,matched_intermediate_family_and_bytes,pooled_candidate_rmse,lower,1000,0.00627875427046,0.00627614573763,2.60853282886e-06,favors_pca,true
residual_pca,current_pca,frozen-pca,-1,accurate_prefix_2,accurate_prefix_2,accurate_prefix_2,matched_intermediate_family_and_bytes,candidate_mae,lower,1000,0.00563716485371,0.00563393985266,3.2250010588e-06,favors_pca,true
residual_pca,current_pca,frozen-pca,-1,accurate_prefix_2,accurate_prefix_2,accurate_prefix_2,matched_intermediate_family_and_bytes,topk_agreement,higher,1000,0.97966,0.97926,0.0004,favors_transform,true
residual_pca,current_pca,frozen-pca,-1,accurate_prefix_2,accurate_prefix_2,accurate_prefix_2,matched_intermediate_family_and_bytes,boundary_inversion_rate,lower,1000,8.39958727776e-05,8.53845931072e-05,-1.38872032961e-06,favors_transform,true
residual_pca,current_pca,frozen-pca,-1,accurate_prefix_2,accurate_prefix_2,accurate_prefix_2,matched_intermediate_family_and_bytes,exact_best_rank,lower,1000,1,1,0,tied,true
residual_pca,current_pca,frozen-pca,0,accurate_prefix_2,accurate_prefix_2,accurate_prefix_2,matched_intermediate_family_and_bytes,mean_per_query_candidate_rmse,lower,1000,0.006052893716,0.00604760414766,5.2895683394e-06,favors_pca,true
residual_pca,current_pca,frozen-pca,1,accurate_prefix_2,accurate_prefix_2,accurate_prefix_2,matched_intermediate_family_and_bytes,mean_per_query_candidate_rmse,lower,1000,0.00605246104722,0.00604907873709,3.3823101248e-06,favors_pca,true
residual_pca,current_pca,frozen-pca,2,accurate_prefix_2,accurate_prefix_2,accurate_prefix_2,matched_intermediate_family_and_bytes,mean_per_query_candidate_rmse,lower,1000,0.00605416193296,0.00604772702171,6.4349112473e-06,favors_pca,true
residual_pca,current_pca,frozen-pca,3,accurate_prefix_2,accurate_prefix_2,accurate_prefix_2,matched_intermediate_family_and_bytes,mean_per_query_candidate_rmse,lower,1000,0.00605171592222,0.00605090100068,8.14921532501e-07,favors_pca,true
residual_pca,current_pca,frozen-pca,4,accurate_prefix_2,accurate_prefix_2,accurate_prefix_2,matched_intermediate_family_and_bytes,mean_per_query_candidate_rmse,lower,1000,0.0060522701567,0.00604675171797,5.5184387281e-06,favors_pca,true
residual_pca,current_pca,frozen-pca,5,accurate_prefix_2,accurate_prefix_2,accurate_prefix_2,matched_intermediate_family_and_bytes,mean_per_query_candidate_rmse,lower,1000,0.00604982585903,0.00605086560217,-1.0397431367e-06,favors_transform,true
residual_pca,current_pca,frozen-pca,6,accurate_prefix_2,accurate_prefix_2,accurate_prefix_2,matched_intermediate_family_and_bytes,mean_per_query_candidate_rmse,lower,1000,0.00605422979576,0.00604578580135,8.4439944108e-06,favors_pca,true
residual_pca,current_pca,frozen-pca,7,accurate_prefix_2,accurate_prefix_2,accurate_prefix_2,matched_intermediate_family_and_bytes,mean_per_query_candidate_rmse,lower,1000,0.00605018310553,0.00605159554423,-1.4124387079e-06,favors_transform,true
residual_pca,current_pca,frozen-pca,8,accurate_prefix_2,accurate_prefix_2,accurate_prefix_2,matched_intermediate_family_and_bytes,mean_per_query_candidate_rmse,lower,1000,0.00605155729965,0.00604881305867,2.7442409845e-06,favors_pca,true
residual_pca,current_pca,frozen-pca,9,accurate_prefix_2,accurate_prefix_2,accurate_prefix_2,matched_intermediate_family_and_bytes,mean_per_query_candidate_rmse,lower,1000,0.00604863382198,0.0060493425781,-7.087561158e-07,favors_transform,true
residual_pca,current_pca,frozen-pca,0,accurate_prefix_2,accurate_prefix_2,accurate_prefix_2,matched_intermediate_family_and_bytes,pooled_candidate_rmse,lower,1000,0.0062308822809,0.00622711995515,3.76232574622e-06,favors_pca,true
residual_pca,current_pca,frozen-pca,1,accurate_prefix_2,accurate_prefix_2,accurate_prefix_2,matched_intermediate_family_and_bytes,pooled_candidate_rmse,lower,1000,0.00623034027973,0.00622906022528,1.28005445413e-06,favors_pca,true
residual_pca,current_pca,frozen-pca,2,accurate_prefix_2,accurate_prefix_2,accurate_prefix_2,matched_intermediate_family_and_bytes,pooled_candidate_rmse,lower,1000,0.0062329319032,0.00622748498695,5.44691624879e-06,favors_pca,true
residual_pca,current_pca,frozen-pca,3,accurate_prefix_2,accurate_prefix_2,accurate_prefix_2,matched_intermediate_family_and_bytes,pooled_candidate_rmse,lower,1000,0.0062302138496,0.00623042168248,-2.07832883101e-07,favors_transform,true
residual_pca,current_pca,frozen-pca,4,accurate_prefix_2,accurate_prefix_2,accurate_prefix_2,matched_intermediate_family_and_bytes,pooled_candidate_rmse,lower,1000,0.00623102969827,0.00622605792832,4.97176994406e-06,favors_pca,true
residual_pca,current_pca,frozen-pca,5,accurate_prefix_2,accurate_prefix_2,accurate_prefix_2,matched_intermediate_family_and_bytes,pooled_candidate_rmse,lower,1000,0.00622789824491,0.0062309196243,-3.02137939328e-06,favors_transform,true
residual_pca,current_pca,frozen-pca,6,accurate_prefix_2,accurate_prefix_2,accurate_prefix_2,matched_intermediate_family_and_bytes,pooled_candidate_rmse,lower,1000,0.00623123671022,0.00622525373844,5.98297178376e-06,favors_pca,true
residual_pca,current_pca,frozen-pca,7,accurate_prefix_2,accurate_prefix_2,accurate_prefix_2,matched_intermediate_family_and_bytes,pooled_candidate_rmse,lower,1000,0.006228457567,0.00623120782093,-2.75025393068e-06,favors_transform,true
residual_pca,current_pca,frozen-pca,8,accurate_prefix_2,accurate_prefix_2,accurate_prefix_2,matched_intermediate_family_and_bytes,pooled_candidate_rmse,lower,1000,0.00622949385502,0.0062284347062,1.05914881844e-06,favors_pca,true
residual_pca,current_pca,frozen-pca,9,accurate_prefix_2,accurate_prefix_2,accurate_prefix_2,matched_intermediate_family_and_bytes,pooled_candidate_rmse,lower,1000,0.00622693356511,0.00622930423152,-2.37066641572e-06,favors_transform,true
residual_pca,current_pca,frozen-pca,0,accurate_prefix_2,accurate_prefix_2,accurate_prefix_2,matched_intermediate_family_and_bytes,candidate_mae,lower,1000,0.00563028066982,0.0056256138417,4.6668281271e-06,favors_pca,true
residual_pca,current_pca,frozen-pca,1,accurate_prefix_2,accurate_prefix_2,accurate_prefix_2,matched_intermediate_family_and_bytes,candidate_mae,lower,1000,0.00563022849417,0.00562652196363,3.7065305373e-06,favors_pca,true
residual_pca,current_pca,frozen-pca,2,accurate_prefix_2,accurate_prefix_2,accurate_prefix_2,matched_intermediate_family_and_bytes,candidate_mae,lower,1000,0.00563256069547,0.00562539218943,7.1685060397e-06,favors_pca,true
residual_pca,current_pca,frozen-pca,3,accurate_prefix_2,accurate_prefix_2,accurate_prefix_2,matched_intermediate_family_and_bytes,candidate_mae,lower,1000,0.00563007324248,0.00562942619136,6.470511221e-07,favors_pca,true
residual_pca,current_pca,frozen-pca,4,accurate_prefix_2,accurate_prefix_2,accurate_prefix_2,matched_intermediate_family_and_bytes,candidate_mae,lower,1000,0.00563006109529,0.00562375449568,6.3065996165e-06,favors_pca,true
residual_pca,current_pca,frozen-pca,5,accurate_prefix_2,accurate_prefix_2,accurate_prefix_2,matched_intermediate_family_and_bytes,candidate_mae,lower,1000,0.00562808038412,0.00562886183772,-7.814535983e-07,favors_transform,true
residual_pca,current_pca,frozen-pca,6,accurate_prefix_2,accurate_prefix_2,accurate_prefix_2,matched_intermediate_family_and_bytes,candidate_mae,lower,1000,0.00563314048841,0.0056233774009,9.7630875067e-06,favors_pca,true
residual_pca,current_pca,frozen-pca,7,accurate_prefix_2,accurate_prefix_2,accurate_prefix_2,matched_intermediate_family_and_bytes,candidate_mae,lower,1000,0.00562847724481,0.00562917385543,-6.96610625199e-07,favors_transform,true
residual_pca,current_pca,frozen-pca,8,accurate_prefix_2,accurate_prefix_2,accurate_prefix_2,matched_intermediate_family_and_bytes,candidate_mae,lower,1000,0.00562962217498,0.00562740435117,2.2178238151e-06,favors_pca,true
residual_pca,current_pca,frozen-pca,9,accurate_prefix_2,accurate_prefix_2,accurate_prefix_2,matched_intermediate_family_and_bytes,candidate_mae,lower,1000,0.00562737682707,0.00562720694859,1.698784871e-07,favors_pca,true
residual_pca,current_pca,frozen-pca,0,accurate_prefix_2,accurate_prefix_2,accurate_prefix_2,matched_intermediate_family_and_bytes,topk_agreement,higher,1000,0.98029,0.98027,2e-05,favors_transform,true
residual_pca,current_pca,frozen-pca,1,accurate_prefix_2,accurate_prefix_2,accurate_prefix_2,matched_intermediate_family_and_bytes,topk_agreement,higher,1000,0.98021,0.98055,-0.00034,favors_pca,true
residual_pca,current_pca,frozen-pca,2,accurate_prefix_2,accurate_prefix_2,accurate_prefix_2,matched_intermediate_family_and_bytes,topk_agreement,higher,1000,0.98074,0.98051,0.00023,favors_transform,true
residual_pca,current_pca,frozen-pca,3,accurate_prefix_2,accurate_prefix_2,accurate_prefix_2,matched_intermediate_family_and_bytes,topk_agreement,higher,1000,0.98028,0.98027,9.99999999995e-06,favors_transform,true
residual_pca,current_pca,frozen-pca,4,accurate_prefix_2,accurate_prefix_2,accurate_prefix_2,matched_intermediate_family_and_bytes,topk_agreement,higher,1000,0.9801,0.98028,-0.00018,favors_pca,true
residual_pca,current_pca,frozen-pca,5,accurate_prefix_2,accurate_prefix_2,accurate_prefix_2,matched_intermediate_family_and_bytes,topk_agreement,higher,1000,0.97991,0.97996,-5.00000000001e-05,favors_pca,true
residual_pca,current_pca,frozen-pca,6,accurate_prefix_2,accurate_prefix_2,accurate_prefix_2,matched_intermediate_family_and_bytes,topk_agreement,higher,1000,0.98039,0.97993,0.00046,favors_transform,true
residual_pca,current_pca,frozen-pca,7,accurate_prefix_2,accurate_prefix_2,accurate_prefix_2,matched_intermediate_family_and_bytes,topk_agreement,higher,1000,0.98003,0.98121,-0.00118,favors_pca,true
residual_pca,current_pca,frozen-pca,8,accurate_prefix_2,accurate_prefix_2,accurate_prefix_2,matched_intermediate_family_and_bytes,topk_agreement,higher,1000,0.98053,0.98013,0.0004,favors_transform,true
residual_pca,current_pca,frozen-pca,9,accurate_prefix_2,accurate_prefix_2,accurate_prefix_2,matched_intermediate_family_and_bytes,topk_agreement,higher,1000,0.98025,0.98045,-0.0002,favors_pca,true
residual_pca,current_pca,frozen-pca,0,accurate_prefix_2,accurate_prefix_2,accurate_prefix_2,matched_intermediate_family_and_bytes,boundary_inversion_rate,lower,1000,7.7192693422e-05,7.71242203964e-05,6.8473025579e-08,favors_pca,true
residual_pca,current_pca,frozen-pca,1,accurate_prefix_2,accurate_prefix_2,accurate_prefix_2,matched_intermediate_family_and_bytes,boundary_inversion_rate,lower,1000,7.82552745969e-05,7.67034098811e-05,1.55186471584e-06,favors_pca,true
residual_pca,current_pca,frozen-pca,2,accurate_prefix_2,accurate_prefix_2,accurate_prefix_2,matched_intermediate_family_and_bytes,boundary_inversion_rate,lower,1000,7.64520754313e-05,7.60412205281e-05,4.10854903185e-07,favors_pca,true
residual_pca,current_pca,frozen-pca,3,accurate_prefix_2,accurate_prefix_2,accurate_prefix_2,matched_intermediate_family_and_bytes,boundary_inversion_rate,lower,1000,7.47915796266e-05,7.70036008748e-05,-2.21202124825e-06,favors_transform,true
residual_pca,current_pca,frozen-pca,4,accurate_prefix_2,accurate_prefix_2,accurate_prefix_2,matched_intermediate_family_and_bytes,boundary_inversion_rate,lower,1000,7.59447657874e-05,7.66647376186e-05,-7.19971831292e-07,favors_transform,true
residual_pca,current_pca,frozen-pca,5,accurate_prefix_2,accurate_prefix_2,accurate_prefix_2,matched_intermediate_family_and_bytes,boundary_inversion_rate,lower,1000,7.80764127206e-05,7.74426489897e-05,6.33763730831e-07,favors_pca,true
residual_pca,current_pca,frozen-pca,6,accurate_prefix_2,accurate_prefix_2,accurate_prefix_2,matched_intermediate_family_and_bytes,boundary_inversion_rate,lower,1000,7.6014778474e-05,7.74483024693e-05,-1.4335239953e-06,favors_transform,true
residual_pca,current_pca,frozen-pca,7,accurate_prefix_2,accurate_prefix_2,accurate_prefix_2,matched_intermediate_family_and_bytes,boundary_inversion_rate,lower,1000,7.72968914957e-05,7.3018455161e-05,4.27843633465e-06,favors_pca,true
residual_pca,current_pca,frozen-pca,8,accurate_prefix_2,accurate_prefix_2,accurate_prefix_2,matched_intermediate_family_and_bytes,boundary_inversion_rate,lower,1000,7.49362731127e-05,7.47064282605e-05,2.29844852263e-07,favors_pca,true
residual_pca,current_pca,frozen-pca,9,accurate_prefix_2,accurate_prefix_2,accurate_prefix_2,matched_intermediate_family_and_bytes,boundary_inversion_rate,lower,1000,7.58009219051e-05,7.37990671305e-05,2.00185477468e-06,favors_pca,true
residual_pca,current_pca,frozen-pca,0,accurate_prefix_2,accurate_prefix_2,accurate_prefix_2,matched_intermediate_family_and_bytes,exact_best_rank,lower,1000,1,1,0,tied,true
residual_pca,current_pca,frozen-pca,1,accurate_prefix_2,accurate_prefix_2,accurate_prefix_2,matched_intermediate_family_and_bytes,exact_best_rank,lower,1000,1,1,0,tied,true
residual_pca,current_pca,frozen-pca,2,accurate_prefix_2,accurate_prefix_2,accurate_prefix_2,matched_intermediate_family_and_bytes,exact_best_rank,lower,1000,1,1,0,tied,true
residual_pca,current_pca,frozen-pca,3,accurate_prefix_2,accurate_prefix_2,accurate_prefix_2,matched_intermediate_family_and_bytes,exact_best_rank,lower,1000,1,1,0,tied,true
residual_pca,current_pca,frozen-pca,4,accurate_prefix_2,accurate_prefix_2,accurate_prefix_2,matched_intermediate_family_and_bytes,exact_best_rank,lower,1000,1,1,0,tied,true
residual_pca,current_pca,frozen-pca,5,accurate_prefix_2,accurate_prefix_2,accurate_prefix_2,matched_intermediate_family_and_bytes,exact_best_rank,lower,1000,1,1,0,tied,true
residual_pca,current_pca,frozen-pca,6,accurate_prefix_2,accurate_prefix_2,accurate_prefix_2,matched_intermediate_family_and_bytes,exact_best_rank,lower,1000,1,1,0,tied,true
residual_pca,current_pca,frozen-pca,7,accurate_prefix_2,accurate_prefix_2,accurate_prefix_2,matched_intermediate_family_and_bytes,exact_best_rank,lower,1000,1,1,0,tied,true
residual_pca,current_pca,frozen-pca,8,accurate_prefix_2,accurate_prefix_2,accurate_prefix_2,matched_intermediate_family_and_bytes,exact_best_rank,lower,1000,1,1,0,tied,true
residual_pca,current_pca,frozen-pca,9,accurate_prefix_2,accurate_prefix_2,accurate_prefix_2,matched_intermediate_family_and_bytes,exact_best_rank,lower,1000,1,1,0,tied,true
residual_pca,current_pca,frozen-pca,-1,accurate_prefix_3,accurate_prefix_3,accurate_prefix_3,matched_intermediate_family_and_bytes,mean_per_query_candidate_rmse,lower,1000,0.00233665265675,0.00233338090307,3.2717536871e-06,favors_pca,true
residual_pca,current_pca,frozen-pca,-1,accurate_prefix_3,accurate_prefix_3,accurate_prefix_3,matched_intermediate_family_and_bytes,pooled_candidate_rmse,lower,1000,0.00237398405409,0.00237043943588,3.54461820945e-06,favors_pca,true
residual_pca,current_pca,frozen-pca,-1,accurate_prefix_3,accurate_prefix_3,accurate_prefix_3,matched_intermediate_family_and_bytes,candidate_mae,lower,1000,0.00203544262561,0.00203214170042,3.3009251964e-06,favors_pca,true
residual_pca,current_pca,frozen-pca,-1,accurate_prefix_3,accurate_prefix_3,accurate_prefix_3,matched_intermediate_family_and_bytes,topk_agreement,higher,1000,0.98873,0.98849,0.00024,favors_transform,true
residual_pca,current_pca,frozen-pca,-1,accurate_prefix_3,accurate_prefix_3,accurate_prefix_3,matched_intermediate_family_and_bytes,boundary_inversion_rate,lower,1000,2.64848248283e-05,2.60359312858e-05,4.4889354245e-07,favors_pca,true
residual_pca,current_pca,frozen-pca,-1,accurate_prefix_3,accurate_prefix_3,accurate_prefix_3,matched_intermediate_family_and_bytes,exact_best_rank,lower,1000,1,1,0,tied,true
residual_pca,current_pca,frozen-pca,0,accurate_prefix_3,accurate_prefix_3,accurate_prefix_3,matched_intermediate_family_and_bytes,mean_per_query_candidate_rmse,lower,1000,0.00225124357837,0.0022481506243,3.0929540746e-06,favors_pca,true
residual_pca,current_pca,frozen-pca,1,accurate_prefix_3,accurate_prefix_3,accurate_prefix_3,matched_intermediate_family_and_bytes,mean_per_query_candidate_rmse,lower,1000,0.00225201480198,0.00224881891636,3.1958856118e-06,favors_pca,true
residual_pca,current_pca,frozen-pca,2,accurate_prefix_3,accurate_prefix_3,accurate_prefix_3,matched_intermediate_family_and_bytes,mean_per_query_candidate_rmse,lower,1000,0.00225097463107,0.00224861068961,2.3639414618e-06,favors_pca,true
residual_pca,current_pca,frozen-pca,3,accurate_prefix_3,accurate_prefix_3,accurate_prefix_3,matched_intermediate_family_and_bytes,mean_per_query_candidate_rmse,lower,1000,0.00225166078853,0.00224995535292,1.7054356165e-06,favors_pca,true
residual_pca,current_pca,frozen-pca,4,accurate_prefix_3,accurate_prefix_3,accurate_prefix_3,matched_intermediate_family_and_bytes,mean_per_query_candidate_rmse,lower,1000,0.00225102158482,0.00224957793459,1.4436502218e-06,favors_pca,true
residual_pca,current_pca,frozen-pca,5,accurate_prefix_3,accurate_prefix_3,accurate_prefix_3,matched_intermediate_family_and_bytes,mean_per_query_candidate_rmse,lower,1000,0.00225010968893,0.00224852473348,1.5849554487e-06,favors_pca,true
residual_pca,current_pca,frozen-pca,6,accurate_prefix_3,accurate_prefix_3,accurate_prefix_3,matched_intermediate_family_and_bytes,mean_per_query_candidate_rmse,lower,1000,0.00225110715156,0.00224744779592,3.6593556458e-06,favors_pca,true
residual_pca,current_pca,frozen-pca,7,accurate_prefix_3,accurate_prefix_3,accurate_prefix_3,matched_intermediate_family_and_bytes,mean_per_query_candidate_rmse,lower,1000,0.00225107410441,0.00224981702675,1.2570776584e-06,favors_pca,true
residual_pca,current_pca,frozen-pca,8,accurate_prefix_3,accurate_prefix_3,accurate_prefix_3,matched_intermediate_family_and_bytes,mean_per_query_candidate_rmse,lower,1000,0.00225126916942,0.00224884879473,2.4203746886e-06,favors_pca,true
residual_pca,current_pca,frozen-pca,9,accurate_prefix_3,accurate_prefix_3,accurate_prefix_3,matched_intermediate_family_and_bytes,mean_per_query_candidate_rmse,lower,1000,0.00224993812618,0.00224908266459,8.554615891e-07,favors_pca,true
residual_pca,current_pca,frozen-pca,0,accurate_prefix_3,accurate_prefix_3,accurate_prefix_3,matched_intermediate_family_and_bytes,pooled_candidate_rmse,lower,1000,0.00229064300189,0.00228755326595,3.08973593718e-06,favors_pca,true
residual_pca,current_pca,frozen-pca,1,accurate_prefix_3,accurate_prefix_3,accurate_prefix_3,matched_intermediate_family_and_bytes,pooled_candidate_rmse,lower,1000,0.00229126475279,0.00228836638382,2.89836896509e-06,favors_pca,true
residual_pca,current_pca,frozen-pca,2,accurate_prefix_3,accurate_prefix_3,accurate_prefix_3,matched_intermediate_family_and_bytes,pooled_candidate_rmse,lower,1000,0.0022905120896,0.00228827587802,2.23621158612e-06,favors_pca,true
residual_pca,current_pca,frozen-pca,3,accurate_prefix_3,accurate_prefix_3,accurate_prefix_3,matched_intermediate_family_and_bytes,pooled_candidate_rmse,lower,1000,0.00229134297457,0.00228956864994,1.77432462194e-06,favors_pca,true
residual_pca,current_pca,frozen-pca,4,accurate_prefix_3,accurate_prefix_3,accurate_prefix_3,matched_intermediate_family_and_bytes,pooled_candidate_rmse,lower,1000,0.00229049684699,0.00228928204254,1.21480445045e-06,favors_pca,true
residual_pca,current_pca,frozen-pca,5,accurate_prefix_3,accurate_prefix_3,accurate_prefix_3,matched_intermediate_family_and_bytes,pooled_candidate_rmse,lower,1000,0.00228940257293,0.00228810364401,1.29892891611e-06,favors_pca,true
residual_pca,current_pca,frozen-pca,6,accurate_prefix_3,accurate_prefix_3,accurate_prefix_3,matched_intermediate_family_and_bytes,pooled_candidate_rmse,lower,1000,0.00229000988066,0.00228714635579,2.86352486927e-06,favors_pca,true
residual_pca,current_pca,frozen-pca,7,accurate_prefix_3,accurate_prefix_3,accurate_prefix_3,matched_intermediate_family_and_bytes,pooled_candidate_rmse,lower,1000,0.00229075538,0.00228916347368,1.59190631994e-06,favors_pca,true
residual_pca,current_pca,frozen-pca,8,accurate_prefix_3,accurate_prefix_3,accurate_prefix_3,matched_intermediate_family_and_bytes,pooled_candidate_rmse,lower,1000,0.00229048261452,0.00228839844828,2.08416624405e-06,favors_pca,true
residual_pca,current_pca,frozen-pca,9,accurate_prefix_3,accurate_prefix_3,accurate_prefix_3,matched_intermediate_family_and_bytes,pooled_candidate_rmse,lower,1000,0.00228923730611,0.00228880647242,4.30833680833e-07,favors_pca,true
residual_pca,current_pca,frozen-pca,0,accurate_prefix_3,accurate_prefix_3,accurate_prefix_3,matched_intermediate_family_and_bytes,candidate_mae,lower,1000,0.0019987631402,0.00199588922574,2.8739144525e-06,favors_pca,true
residual_pca,current_pca,frozen-pca,1,accurate_prefix_3,accurate_prefix_3,accurate_prefix_3,matched_intermediate_family_and_bytes,candidate_mae,lower,1000,0.00199945390609,0.00199594940234,3.5045037447e-06,favors_pca,true
residual_pca,current_pca,frozen-pca,2,accurate_prefix_3,accurate_prefix_3,accurate_prefix_3,matched_intermediate_family_and_bytes,candidate_mae,lower,1000,0.00199858491661,0.00199596206474,2.6228518705e-06,favors_pca,true
residual_pca,current_pca,frozen-pca,3,accurate_prefix_3,accurate_prefix_3,accurate_prefix_3,matched_intermediate_family_and_bytes,candidate_mae,lower,1000,0.00199933654632,0.00199763392822,1.7026180995e-06,favors_pca,true
residual_pca,current_pca,frozen-pca,4,accurate_prefix_3,accurate_prefix_3,accurate_prefix_3,matched_intermediate_family_and_bytes,candidate_mae,lower,1000,0.00199891279601,0.00199676280206,2.1499939433e-06,favors_pca,true
residual_pca,current_pca,frozen-pca,5,accurate_prefix_3,accurate_prefix_3,accurate_prefix_3,matched_intermediate_family_and_bytes,candidate_mae,lower,1000,0.00199776822068,0.00199625122182,1.5169988607e-06,favors_pca,true
residual_pca,current_pca,frozen-pca,6,accurate_prefix_3,accurate_prefix_3,accurate_prefix_3,matched_intermediate_family_and_bytes,candidate_mae,lower,1000,0.00199902705015,0.00199493830028,4.088749868e-06,favors_pca,true
residual_pca,current_pca,frozen-pca,7,accurate_prefix_3,accurate_prefix_3,accurate_prefix_3,matched_intermediate_family_and_bytes,candidate_mae,lower,1000,0.00199869824156,0.00199706598754,1.632254011e-06,favors_pca,true
residual_pca,current_pca,frozen-pca,8,accurate_prefix_3,accurate_prefix_3,accurate_prefix_3,matched_intermediate_family_and_bytes,candidate_mae,lower,1000,0.00199938273617,0.00199650259138,2.8801447933e-06,favors_pca,true
residual_pca,current_pca,frozen-pca,9,accurate_prefix_3,accurate_prefix_3,accurate_prefix_3,matched_intermediate_family_and_bytes,candidate_mae,lower,1000,0.00199791850905,0.0019966131855,1.3053235547e-06,favors_pca,true
residual_pca,current_pca,frozen-pca,0,accurate_prefix_3,accurate_prefix_3,accurate_prefix_3,matched_intermediate_family_and_bytes,topk_agreement,higher,1000,0.98974,0.98984,-0.0001,favors_pca,true
residual_pca,current_pca,frozen-pca,1,accurate_prefix_3,accurate_prefix_3,accurate_prefix_3,matched_intermediate_family_and_bytes,topk_agreement,higher,1000,0.98982,0.98982,0,tied,true
residual_pca,current_pca,frozen-pca,2,accurate_prefix_3,accurate_prefix_3,accurate_prefix_3,matched_intermediate_family_and_bytes,topk_agreement,higher,1000,0.98972,0.98992,-0.0002,favors_pca,true
residual_pca,current_pca,frozen-pca,3,accurate_prefix_3,accurate_prefix_3,accurate_prefix_3,matched_intermediate_family_and_bytes,topk_agreement,higher,1000,0.99001,0.98976,0.00025,favors_transform,true
residual_pca,current_pca,frozen-pca,4,accurate_prefix_3,accurate_prefix_3,accurate_prefix_3,matched_intermediate_family_and_bytes,topk_agreement,higher,1000,0.98994,0.9898,0.00014,favors_transform,true
residual_pca,current_pca,frozen-pca,5,accurate_prefix_3,accurate_prefix_3,accurate_prefix_3,matched_intermediate_family_and_bytes,topk_agreement,higher,1000,0.98972,0.99005,-0.00033,favors_pca,true
residual_pca,current_pca,frozen-pca,6,accurate_prefix_3,accurate_prefix_3,accurate_prefix_3,matched_intermediate_family_and_bytes,topk_agreement,higher,1000,0.98991,0.98987,3.99999999999e-05,favors_transform,true
residual_pca,current_pca,frozen-pca,7,accurate_prefix_3,accurate_prefix_3,accurate_prefix_3,matched_intermediate_family_and_bytes,topk_agreement,higher,1000,0.99011,0.99009,2e-05,favors_transform,true
residual_pca,current_pca,frozen-pca,8,accurate_prefix_3,accurate_prefix_3,accurate_prefix_3,matched_intermediate_family_and_bytes,topk_agreement,higher,1000,0.99005,0.98975,0.0003,favors_transform,true
residual_pca,current_pca,frozen-pca,9,accurate_prefix_3,accurate_prefix_3,accurate_prefix_3,matched_intermediate_family_and_bytes,topk_agreement,higher,1000,0.98991,0.98992,-9.99999999995e-06,favors_pca,true
residual_pca,current_pca,frozen-pca,0,accurate_prefix_3,accurate_prefix_3,accurate_prefix_3,matched_intermediate_family_and_bytes,boundary_inversion_rate,lower,1000,2.11240442798e-05,2.09853882218e-05,1.38656058005e-07,favors_pca,true
residual_pca,current_pca,frozen-pca,1,accurate_prefix_3,accurate_prefix_3,accurate_prefix_3,matched_intermediate_family_and_bytes,boundary_inversion_rate,lower,1000,2.06747975574e-05,2.08232993415e-05,-1.48501784104e-07,favors_transform,true
residual_pca,current_pca,frozen-pca,2,accurate_prefix_3,accurate_prefix_3,accurate_prefix_3,matched_intermediate_family_and_bytes,boundary_inversion_rate,lower,1000,2.22056184349e-05,2.08596003974e-05,1.34601803747e-06,favors_pca,true
residual_pca,current_pca,frozen-pca,3,accurate_prefix_3,accurate_prefix_3,accurate_prefix_3,matched_intermediate_family_and_bytes,boundary_inversion_rate,lower,1000,2.08138466533e-05,2.10763242027e-05,-2.62477549405e-07,favors_transform,true
residual_pca,current_pca,frozen-pca,4,accurate_prefix_3,accurate_prefix_3,accurate_prefix_3,matched_intermediate_family_and_bytes,boundary_inversion_rate,lower,1000,2.0094576872e-05,2.0908295647e-05,-8.13718774984e-07,favors_transform,true
residual_pca,current_pca,frozen-pca,5,accurate_prefix_3,accurate_prefix_3,accurate_prefix_3,matched_intermediate_family_and_bytes,boundary_inversion_rate,lower,1000,2.13790086469e-05,2.08525939642e-05,5.26414682713e-07,favors_pca,true
residual_pca,current_pca,frozen-pca,6,accurate_prefix_3,accurate_prefix_3,accurate_prefix_3,matched_intermediate_family_and_bytes,boundary_inversion_rate,lower,1000,2.01217321554e-05,2.03944415333e-05,-2.72709377889e-07,favors_transform,true
residual_pca,current_pca,frozen-pca,7,accurate_prefix_3,accurate_prefix_3,accurate_prefix_3,matched_intermediate_family_and_bytes,boundary_inversion_rate,lower,1000,2.12498164206e-05,2.0158896539e-05,1.09091988162e-06,favors_pca,true
residual_pca,current_pca,frozen-pca,8,accurate_prefix_3,accurate_prefix_3,accurate_prefix_3,matched_intermediate_family_and_bytes,boundary_inversion_rate,lower,1000,2.06332653905e-05,2.11271338088e-05,-4.93868418286e-07,favors_transform,true
residual_pca,current_pca,frozen-pca,9,accurate_prefix_3,accurate_prefix_3,accurate_prefix_3,matched_intermediate_family_and_bytes,boundary_inversion_rate,lower,1000,2.06107416875e-05,2.01502954438e-05,4.60446243671e-07,favors_pca,true
residual_pca,current_pca,frozen-pca,0,accurate_prefix_3,accurate_prefix_3,accurate_prefix_3,matched_intermediate_family_and_bytes,exact_best_rank,lower,1000,1,1,0,tied,true
residual_pca,current_pca,frozen-pca,1,accurate_prefix_3,accurate_prefix_3,accurate_prefix_3,matched_intermediate_family_and_bytes,exact_best_rank,lower,1000,1,1,0,tied,true
residual_pca,current_pca,frozen-pca,2,accurate_prefix_3,accurate_prefix_3,accurate_prefix_3,matched_intermediate_family_and_bytes,exact_best_rank,lower,1000,1,1,0,tied,true
residual_pca,current_pca,frozen-pca,3,accurate_prefix_3,accurate_prefix_3,accurate_prefix_3,matched_intermediate_family_and_bytes,exact_best_rank,lower,1000,1,1,0,tied,true
residual_pca,current_pca,frozen-pca,4,accurate_prefix_3,accurate_prefix_3,accurate_prefix_3,matched_intermediate_family_and_bytes,exact_best_rank,lower,1000,1,1,0,tied,true
residual_pca,current_pca,frozen-pca,5,accurate_prefix_3,accurate_prefix_3,accurate_prefix_3,matched_intermediate_family_and_bytes,exact_best_rank,lower,1000,1,1,0,tied,true
residual_pca,current_pca,frozen-pca,6,accurate_prefix_3,accurate_prefix_3,accurate_prefix_3,matched_intermediate_family_and_bytes,exact_best_rank,lower,1000,1,1,0,tied,true
residual_pca,current_pca,frozen-pca,7,accurate_prefix_3,accurate_prefix_3,accurate_prefix_3,matched_intermediate_family_and_bytes,exact_best_rank,lower,1000,1,1,0,tied,true
residual_pca,current_pca,frozen-pca,8,accurate_prefix_3,accurate_prefix_3,accurate_prefix_3,matched_intermediate_family_and_bytes,exact_best_rank,lower,1000,1,1,0,tied,true
residual_pca,current_pca,frozen-pca,9,accurate_prefix_3,accurate_prefix_3,accurate_prefix_3,matched_intermediate_family_and_bytes,exact_best_rank,lower,1000,1,1,0,tied,true
residual_pca,current_pca,frozen-pca,-1,full,full,full,common_endpoint,mean_per_query_candidate_rmse,lower,1000,0.00127159901273,0.00127061037124,9.886414865e-07,favors_pca,true
residual_pca,current_pca,frozen-pca,-1,full,full,full,common_endpoint,pooled_candidate_rmse,lower,1000,0.00129348810284,0.00129200411062,1.48399222135e-06,favors_pca,true
residual_pca,current_pca,frozen-pca,-1,full,full,full,common_endpoint,candidate_mae,lower,1000,0.00100107519026,0.00100053449236,5.406979019e-07,favors_pca,true
residual_pca,current_pca,frozen-pca,-1,full,full,full,common_endpoint,topk_agreement,higher,1000,0.98873,0.98853,0.0002,favors_transform,true
residual_pca,current_pca,frozen-pca,-1,full,full,full,common_endpoint,boundary_inversion_rate,lower,1000,2.64580801115e-05,2.60164314212e-05,4.41648690236e-07,favors_pca,true
residual_pca,current_pca,frozen-pca,-1,full,full,full,common_endpoint,exact_best_rank,lower,1000,1,1,0,tied,true
residual_pca,current_pca,frozen-pca,0,full,full,full,common_endpoint,mean_per_query_candidate_rmse,lower,1000,0.00110890982468,0.00110808523154,8.24593148e-07,favors_pca,true
residual_pca,current_pca,frozen-pca,1,full,full,full,common_endpoint,mean_per_query_candidate_rmse,lower,1000,0.00110962680223,0.00110910014965,5.266525825e-07,favors_pca,true
residual_pca,current_pca,frozen-pca,2,full,full,full,common_endpoint,mean_per_query_candidate_rmse,lower,1000,0.00110822778286,0.00110914495457,-9.171717127e-07,favors_transform,true
residual_pca,current_pca,frozen-pca,3,full,full,full,common_endpoint,mean_per_query_candidate_rmse,lower,1000,0.00110871311382,0.00110801116884,7.019449808e-07,favors_pca,true
residual_pca,current_pca,frozen-pca,4,full,full,full,common_endpoint,mean_per_query_candidate_rmse,lower,1000,0.00110759464051,0.00110962419836,-2.0295578488e-06,favors_transform,true
residual_pca,current_pca,frozen-pca,5,full,full,full,common_endpoint,mean_per_query_candidate_rmse,lower,1000,0.00110816670784,0.00110738821373,7.784941085e-07,favors_pca,true
residual_pca,current_pca,frozen-pca,6,full,full,full,common_endpoint,mean_per_query_candidate_rmse,lower,1000,0.00110792841096,0.0011079883479,-5.99369440999e-08,favors_transform,true
residual_pca,current_pca,frozen-pca,7,full,full,full,common_endpoint,mean_per_query_candidate_rmse,lower,1000,0.0011084581273,0.0011083630786,9.5048708e-08,favors_pca,true
residual_pca,current_pca,frozen-pca,8,full,full,full,common_endpoint,mean_per_query_candidate_rmse,lower,1000,0.00110763722647,0.00110859969702,-9.624705516e-07,favors_transform,true
residual_pca,current_pca,frozen-pca,9,full,full,full,common_endpoint,mean_per_query_candidate_rmse,lower,1000,0.00110735613903,0.00110892412744,-1.5679884096e-06,favors_transform,true
residual_pca,current_pca,frozen-pca,0,full,full,full,common_endpoint,pooled_candidate_rmse,lower,1000,0.00113338228443,0.00113245012911,9.32155320097e-07,favors_pca,true
residual_pca,current_pca,frozen-pca,1,full,full,full,common_endpoint,pooled_candidate_rmse,lower,1000,0.00113419634112,0.00113352448114,6.71859976085e-07,favors_pca,true
residual_pca,current_pca,frozen-pca,2,full,full,full,common_endpoint,pooled_candidate_rmse,lower,1000,0.00113274366582,0.00113410051367,-1.35684785307e-06,favors_transform,true
residual_pca,current_pca,frozen-pca,3,full,full,full,common_endpoint,pooled_candidate_rmse,lower,1000,0.00113343911037,0.00113244477947,9.94330892455e-07,favors_pca,true
residual_pca,current_pca,frozen-pca,4,full,full,full,common_endpoint,pooled_candidate_rmse,lower,1000,0.00113213360281,0.00113436865871,-2.23505590632e-06,favors_transform,true
residual_pca,current_pca,frozen-pca,5,full,full,full,common_endpoint,pooled_candidate_rmse,lower,1000,0.00113269883265,0.00113192761512,7.71217533743e-07,favors_pca,true
residual_pca,current_pca,frozen-pca,6,full,full,full,common_endpoint,pooled_candidate_rmse,lower,1000,0.00113227700129,0.00113225286493,2.41363568559e-08,favors_pca,true
residual_pca,current_pca,frozen-pca,7,full,full,full,common_endpoint,pooled_candidate_rmse,lower,1000,0.00113300332557,0.00113241490253,5.88423046652e-07,favors_pca,true
residual_pca,current_pca,frozen-pca,8,full,full,full,common_endpoint,pooled_candidate_rmse,lower,1000,0.00113190799978,0.00113304041501,-1.13241523403e-06,favors_transform,true
residual_pca,current_pca,frozen-pca,9,full,full,full,common_endpoint,pooled_candidate_rmse,lower,1000,0.00113172669247,0.0011332939578,-1.56726533737e-06,favors_transform,true
residual_pca,current_pca,frozen-pca,0,full,full,full,common_endpoint,candidate_mae,lower,1000,0.000875059524928,0.000874286252427,7.73272501e-07,favors_pca,true
residual_pca,current_pca,frozen-pca,1,full,full,full,common_endpoint,candidate_mae,lower,1000,0.000875306270219,0.000875237590956,6.86792629e-08,favors_pca,true
residual_pca,current_pca,frozen-pca,2,full,full,full,common_endpoint,candidate_mae,lower,1000,0.000874898521397,0.000875252062407,-3.535410107e-07,favors_transform,true
residual_pca,current_pca,frozen-pca,3,full,full,full,common_endpoint,candidate_mae,lower,1000,0.000874587130437,0.000874446556198,1.405742387e-07,favors_pca,true
residual_pca,current_pca,frozen-pca,4,full,full,full,common_endpoint,candidate_mae,lower,1000,0.000874546631085,0.000875887177159,-1.3405460735e-06,favors_transform,true
residual_pca,current_pca,frozen-pca,5,full,full,full,common_endpoint,candidate_mae,lower,1000,0.000874462854134,0.000873902837883,5.600162507e-07,favors_pca,true
residual_pca,current_pca,frozen-pca,6,full,full,full,common_endpoint,candidate_mae,lower,1000,0.000874397125349,0.000874503954252,-1.068289027e-07,favors_transform,true
residual_pca,current_pca,frozen-pca,7,full,full,full,common_endpoint,candidate_mae,lower,1000,0.000874911377481,0.000875114885451,-2.035079697e-07,favors_transform,true
residual_pca,current_pca,frozen-pca,8,full,full,full,common_endpoint,candidate_mae,lower,1000,0.000874199912984,0.000874864761393,-6.648484089e-07,favors_transform,true
residual_pca,current_pca,frozen-pca,9,full,full,full,common_endpoint,candidate_mae,lower,1000,0.000874201864755,0.000875310043858,-1.1081791026e-06,favors_transform,true
residual_pca,current_pca,frozen-pca,0,full,full,full,common_endpoint,topk_agreement,higher,1000,0.98977,0.98991,-0.00014,favors_pca,true
residual_pca,current_pca,frozen-pca,1,full,full,full,common_endpoint,topk_agreement,higher,1000,0.98982,0.98989,-7e-05,favors_pca,true
residual_pca,current_pca,frozen-pca,2,full,full,full,common_endpoint,topk_agreement,higher,1000,0.98971,0.98999,-0.00028,favors_pca,true
residual_pca,current_pca,frozen-pca,3,full,full,full,common_endpoint,topk_agreement,higher,1000,0.98999,0.98978,0.00021,favors_transform,true
residual_pca,current_pca,frozen-pca,4,full,full,full,common_endpoint,topk_agreement,higher,1000,0.98995,0.98981,0.00014,favors_transform,true
residual_pca,current_pca,frozen-pca,5,full,full,full,common_endpoint,topk_agreement,higher,1000,0.98976,0.99005,-0.00029,favors_pca,true
residual_pca,current_pca,frozen-pca,6,full,full,full,common_endpoint,topk_agreement,higher,1000,0.98992,0.98988,3.99999999999e-05,favors_transform,true
residual_pca,current_pca,frozen-pca,7,full,full,full,common_endpoint,topk_agreement,higher,1000,0.99013,0.99008,4.99999999999e-05,favors_transform,true
residual_pca,current_pca,frozen-pca,8,full,full,full,common_endpoint,topk_agreement,higher,1000,0.99005,0.98979,0.00026,favors_transform,true
residual_pca,current_pca,frozen-pca,9,full,full,full,common_endpoint,topk_agreement,higher,1000,0.98991,0.98995,-4e-05,favors_pca,true
residual_pca,current_pca,frozen-pca,0,full,full,full,common_endpoint,boundary_inversion_rate,lower,1000,2.10707857004e-05,2.09222916619e-05,1.4849403856e-07,favors_pca,true
residual_pca,current_pca,frozen-pca,1,full,full,full,common_endpoint,boundary_inversion_rate,lower,1000,2.06627742127e-05,2.08077379095e-05,-1.44963696847e-07,favors_transform,true
residual_pca,current_pca,frozen-pca,2,full,full,full,common_endpoint,boundary_inversion_rate,lower,1000,2.22013266343e-05,2.0806956422e-05,1.39437021235e-06,favors_pca,true
residual_pca,current_pca,frozen-pca,3,full,full,full,common_endpoint,boundary_inversion_rate,lower,1000,2.07997071858e-05,2.10614567733e-05,-2.6174958753e-07,favors_transform,true
residual_pca,current_pca,frozen-pca,4,full,full,full,common_endpoint,boundary_inversion_rate,lower,1000,2.00590812219e-05,2.08820540295e-05,-8.22972807562e-07,favors_transform,true
residual_pca,current_pca,frozen-pca,5,full,full,full,common_endpoint,boundary_inversion_rate,lower,1000,2.13249399141e-05,2.08458112937e-05,4.79128620338e-07,favors_pca,true
residual_pca,current_pca,frozen-pca,6,full,full,full,common_endpoint,boundary_inversion_rate,lower,1000,2.01057879637e-05,2.03587888794e-05,-2.53000915646e-07,favors_transform,true
residual_pca,current_pca,frozen-pca,7,full,full,full,common_endpoint,boundary_inversion_rate,lower,1000,2.12041226726e-05,2.013837066e-05,1.06575201258e-06,favors_pca,true
residual_pca,current_pca,frozen-pca,8,full,full,full,common_endpoint,boundary_inversion_rate,lower,1000,2.06233342658e-05,2.10806314781e-05,-4.57297212293e-07,favors_transform,true
residual_pca,current_pca,frozen-pca,9,full,full,full,common_endpoint,boundary_inversion_rate,lower,1000,2.05694048901e-05,2.01109056008e-05,4.58499289337e-07,favors_pca,true
residual_pca,current_pca,frozen-pca,0,full,full,full,common_endpoint,exact_best_rank,lower,1000,1,1,0,tied,true
residual_pca,current_pca,frozen-pca,1,full,full,full,common_endpoint,exact_best_rank,lower,1000,1,1,0,tied,true
residual_pca,current_pca,frozen-pca,2,full,full,full,common_endpoint,exact_best_rank,lower,1000,1,1,0,tied,true
residual_pca,current_pca,frozen-pca,3,full,full,full,common_endpoint,exact_best_rank,lower,1000,1,1,0,tied,true
residual_pca,current_pca,frozen-pca,4,full,full,full,common_endpoint,exact_best_rank,lower,1000,1,1,0,tied,true
residual_pca,current_pca,frozen-pca,5,full,full,full,common_endpoint,exact_best_rank,lower,1000,1,1,0,tied,true
residual_pca,current_pca,frozen-pca,6,full,full,full,common_endpoint,exact_best_rank,lower,1000,1,1,0,tied,true
residual_pca,current_pca,frozen-pca,7,full,full,full,common_endpoint,exact_best_rank,lower,1000,1,1,0,tied,true
residual_pca,current_pca,frozen-pca,8,full,full,full,common_endpoint,exact_best_rank,lower,1000,1,1,0,tied,true
residual_pca,current_pca,frozen-pca,9,full,full,full,common_endpoint,exact_best_rank,lower,1000,1,1,0,tied,true
