dataset	stage	fold	plan	arm	group	dim1	dim2	local_axis	bits	group_bits	fit_sse	eval_sse
SIFT1M	RESIDUAL_NLIST1024	A_TO_B	ADJ	U	0	0	1	0	4	8	102167.68568000736	103041.26660928511
SIFT1M	RESIDUAL_NLIST1024	A_TO_B	ADJ	U	0	0	1	1	4	8	134347.228766953	99086.78698231722
SIFT1M	RESIDUAL_NLIST1024	A_TO_B	ADJ	U	1	2	3	0	4	8	111648.03624010846	109376.9968218786
SIFT1M	RESIDUAL_NLIST1024	A_TO_B	ADJ	U	1	2	3	1	4	8	95596.07615110191	86919.6774125302
SIFT1M	RESIDUAL_NLIST1024	A_TO_B	ADJ	U	2	4	5	0	4	8	114379.97402925338	104897.41978680994
SIFT1M	RESIDUAL_NLIST1024	A_TO_B	ADJ	U	2	4	5	1	4	8	98694.57260596205	118390.75556527576
SIFT1M	RESIDUAL_NLIST1024	A_TO_B	ADJ	U	3	6	7	0	4	8	129328.37066190009	117135.93476594114
SIFT1M	RESIDUAL_NLIST1024	A_TO_B	ADJ	U	3	6	7	1	4	8	95889.2816947237	93325.06723670967
SIFT1M	RESIDUAL_NLIST1024	A_TO_B	ADJ	U	4	8	9	0	4	8	97201.11341290627	102584.60829000545
SIFT1M	RESIDUAL_NLIST1024	A_TO_B	ADJ	U	4	8	9	1	4	8	87451.06548781008	87634.87537522483
SIFT1M	RESIDUAL_NLIST1024	A_TO_B	ADJ	U	5	10	11	0	4	8	102854.96851409208	105068.0641227939
SIFT1M	RESIDUAL_NLIST1024	A_TO_B	ADJ	U	5	10	11	1	4	8	96621.12648862698	90410.2137487272
SIFT1M	RESIDUAL_NLIST1024	A_TO_B	ADJ	U	6	12	13	0	4	8	87367.46337925202	95367.15013270325
SIFT1M	RESIDUAL_NLIST1024	A_TO_B	ADJ	U	6	12	13	1	4	8	86048.22173639978	87714.43303256332
SIFT1M	RESIDUAL_NLIST1024	A_TO_B	ADJ	U	7	14	15	0	4	8	82753.66492857464	84241.11220221651
SIFT1M	RESIDUAL_NLIST1024	A_TO_B	ADJ	U	7	14	15	1	4	8	68109.05843293291	77784.85835454053
SIFT1M	RESIDUAL_NLIST1024	A_TO_B	ADJ	U	8	16	17	0	4	8	87507.14615367261	88090.87340085563
SIFT1M	RESIDUAL_NLIST1024	A_TO_B	ADJ	U	8	16	17	1	4	8	89743.64679271755	87613.68253185027
SIFT1M	RESIDUAL_NLIST1024	A_TO_B	ADJ	U	9	18	19	0	4	8	76168.89862860004	83376.22746055541
SIFT1M	RESIDUAL_NLIST1024	A_TO_B	ADJ	U	9	18	19	1	4	8	73113.10471352554	70702.93474491284
SIFT1M	RESIDUAL_NLIST1024	A_TO_B	ADJ	U	10	20	21	0	4	8	84804.21063771567	85975.19573569667
SIFT1M	RESIDUAL_NLIST1024	A_TO_B	ADJ	U	10	20	21	1	4	8	73998.39160316536	71523.8299221139
SIFT1M	RESIDUAL_NLIST1024	A_TO_B	ADJ	U	11	22	23	0	4	8	78321.39647172976	79270.97646372547
SIFT1M	RESIDUAL_NLIST1024	A_TO_B	ADJ	U	11	22	23	1	4	8	68651.96217863432	75460.57896898319
SIFT1M	RESIDUAL_NLIST1024	A_TO_B	ADJ	U	12	24	25	0	4	8	75977.93687184025	74578.3314242244
SIFT1M	RESIDUAL_NLIST1024	A_TO_B	ADJ	U	12	24	25	1	4	8	68623.24386412397	66170.69447407073
SIFT1M	RESIDUAL_NLIST1024	A_TO_B	ADJ	U	13	26	27	0	4	8	72800.43760905051	72761.30584430379
SIFT1M	RESIDUAL_NLIST1024	A_TO_B	ADJ	U	13	26	27	1	4	8	65734.80962650862	74490.05300399066
SIFT1M	RESIDUAL_NLIST1024	A_TO_B	ADJ	U	14	28	29	0	4	8	65532.71001406523	62912.26367675623
SIFT1M	RESIDUAL_NLIST1024	A_TO_B	ADJ	U	14	28	29	1	4	8	58907.48940025142	55881.77541452895
SIFT1M	RESIDUAL_NLIST1024	A_TO_B	ADJ	U	15	30	31	0	4	8	65600.93270647815	67386.33980833623
SIFT1M	RESIDUAL_NLIST1024	A_TO_B	ADJ	U	15	30	31	1	4	8	55773.68360534325	57646.62735388952
SIFT1M	RESIDUAL_NLIST1024	A_TO_B	ADJ	U	16	32	33	0	4	8	59787.903204220944	59401.3403517067
SIFT1M	RESIDUAL_NLIST1024	A_TO_B	ADJ	U	16	32	33	1	4	8	65372.09876539131	62108.09984884865
SIFT1M	RESIDUAL_NLIST1024	A_TO_B	ADJ	U	17	34	35	0	4	8	58282.09434410101	55870.52000243176
SIFT1M	RESIDUAL_NLIST1024	A_TO_B	ADJ	U	17	34	35	1	4	8	52073.11154309819	57901.75107306326
SIFT1M	RESIDUAL_NLIST1024	A_TO_B	ADJ	U	18	36	37	0	4	8	48600.81451456806	53378.91701520598
SIFT1M	RESIDUAL_NLIST1024	A_TO_B	ADJ	U	18	36	37	1	4	8	47182.50114808274	44956.09489616122
SIFT1M	RESIDUAL_NLIST1024	A_TO_B	ADJ	U	19	38	39	0	4	8	51142.27637172802	52104.39249113422
SIFT1M	RESIDUAL_NLIST1024	A_TO_B	ADJ	U	19	38	39	1	4	8	47954.1009663484	50934.85758478971
SIFT1M	RESIDUAL_NLIST1024	A_TO_B	ADJ	U	20	40	41	0	4	8	43304.552762678315	46129.83382564701
SIFT1M	RESIDUAL_NLIST1024	A_TO_B	ADJ	U	20	40	41	1	4	8	42153.289597250594	44282.48516980145
SIFT1M	RESIDUAL_NLIST1024	A_TO_B	ADJ	U	21	42	43	0	4	8	43267.178972305395	44805.09877348746
SIFT1M	RESIDUAL_NLIST1024	A_TO_B	ADJ	U	21	42	43	1	4	8	46006.11856413804	43892.06046712371
SIFT1M	RESIDUAL_NLIST1024	A_TO_B	ADJ	U	22	44	45	0	4	8	41411.55744334254	39971.650923413654
SIFT1M	RESIDUAL_NLIST1024	A_TO_B	ADJ	U	22	44	45	1	4	8	39292.8052440492	40281.53124554371
SIFT1M	RESIDUAL_NLIST1024	A_TO_B	ADJ	U	23	46	47	0	4	8	42233.03530650853	38016.0231543361
SIFT1M	RESIDUAL_NLIST1024	A_TO_B	ADJ	U	23	46	47	1	4	8	38840.78886380353	35573.06328454585
SIFT1M	RESIDUAL_NLIST1024	A_TO_B	ADJ	U	24	48	49	0	4	8	35375.02059613599	40304.30756908821
SIFT1M	RESIDUAL_NLIST1024	A_TO_B	ADJ	U	24	48	49	1	4	8	36576.5640294331	39582.396212614585
SIFT1M	RESIDUAL_NLIST1024	A_TO_B	ADJ	U	25	50	51	0	4	8	34273.653471597994	34449.06708192236
SIFT1M	RESIDUAL_NLIST1024	A_TO_B	ADJ	U	25	50	51	1	4	8	33150.99114930078	37167.3349205109
SIFT1M	RESIDUAL_NLIST1024	A_TO_B	ADJ	U	26	52	53	0	4	8	37460.581707303776	35881.55544943515
SIFT1M	RESIDUAL_NLIST1024	A_TO_B	ADJ	U	26	52	53	1	4	8	32845.98263750384	33935.33586771012
SIFT1M	RESIDUAL_NLIST1024	A_TO_B	ADJ	U	27	54	55	0	4	8	31428.02792889899	31078.74502792177
SIFT1M	RESIDUAL_NLIST1024	A_TO_B	ADJ	U	27	54	55	1	4	8	29333.620061260382	29244.17115084738
SIFT1M	RESIDUAL_NLIST1024	A_TO_B	ADJ	U	28	56	57	0	4	8	34003.01516031518	28421.73878890597
SIFT1M	RESIDUAL_NLIST1024	A_TO_B	ADJ	U	28	56	57	1	4	8	29346.80252520873	28575.60025903554
SIFT1M	RESIDUAL_NLIST1024	A_TO_B	ADJ	U	29	58	59	0	4	8	29205.496863547327	28261.338404677597
SIFT1M	RESIDUAL_NLIST1024	A_TO_B	ADJ	U	29	58	59	1	4	8	26782.368790300505	25593.096993450185
SIFT1M	RESIDUAL_NLIST1024	A_TO_B	ADJ	U	30	60	61	0	4	8	28666.390706199127	29157.005566238884
SIFT1M	RESIDUAL_NLIST1024	A_TO_B	ADJ	U	30	60	61	1	4	8	25600.24440696506	27389.39391714226
SIFT1M	RESIDUAL_NLIST1024	A_TO_B	ADJ	U	31	62	63	0	4	8	26963.73051757899	28001.861391715214
SIFT1M	RESIDUAL_NLIST1024	A_TO_B	ADJ	U	31	62	63	1	4	8	23780.10752652034	28998.11199747999
SIFT1M	RESIDUAL_NLIST1024	A_TO_B	ADJ	U	32	64	65	0	4	8	25457.950416931028	25231.596291711972
SIFT1M	RESIDUAL_NLIST1024	A_TO_B	ADJ	U	32	64	65	1	4	8	24916.40616220249	28617.54337834716
SIFT1M	RESIDUAL_NLIST1024	A_TO_B	ADJ	U	33	66	67	0	4	8	26784.61050417246	22539.63779565546
SIFT1M	RESIDUAL_NLIST1024	A_TO_B	ADJ	U	33	66	67	1	4	8	20479.904825119513	22754.582224852424
SIFT1M	RESIDUAL_NLIST1024	A_TO_B	ADJ	U	34	68	69	0	4	8	21016.44682797721	25519.73933247688
SIFT1M	RESIDUAL_NLIST1024	A_TO_B	ADJ	U	34	68	69	1	4	8	19804.48969796751	19378.755251009497
SIFT1M	RESIDUAL_NLIST1024	A_TO_B	ADJ	U	35	70	71	0	4	8	21451.341350817296	22301.703580818445
SIFT1M	RESIDUAL_NLIST1024	A_TO_B	ADJ	U	35	70	71	1	4	8	21251.46950796286	20370.249050726485
SIFT1M	RESIDUAL_NLIST1024	A_TO_B	ADJ	U	36	72	73	0	4	8	19123.827370179628	18829.43573735712
SIFT1M	RESIDUAL_NLIST1024	A_TO_B	ADJ	U	36	72	73	1	4	8	21277.16167893143	20495.2676976346
SIFT1M	RESIDUAL_NLIST1024	A_TO_B	ADJ	U	37	74	75	0	4	8	19456.49318121674	21020.735713168946
SIFT1M	RESIDUAL_NLIST1024	A_TO_B	ADJ	U	37	74	75	1	4	8	18825.27273790699	19441.022180508906
SIFT1M	RESIDUAL_NLIST1024	A_TO_B	ADJ	U	38	76	77	0	4	8	18476.074800199873	18143.331740756883
SIFT1M	RESIDUAL_NLIST1024	A_TO_B	ADJ	U	38	76	77	1	4	8	19188.03136489996	19043.086166784804
SIFT1M	RESIDUAL_NLIST1024	A_TO_B	ADJ	U	39	78	79	0	4	8	21399.397816382836	17707.91466486726
SIFT1M	RESIDUAL_NLIST1024	A_TO_B	ADJ	U	39	78	79	1	4	8	15925.731979043492	16554.580435387277
SIFT1M	RESIDUAL_NLIST1024	A_TO_B	ADJ	U	40	80	81	0	4	8	17019.804114827093	16905.464976007155
SIFT1M	RESIDUAL_NLIST1024	A_TO_B	ADJ	U	40	80	81	1	4	8	15519.287598293196	20285.311621707733
SIFT1M	RESIDUAL_NLIST1024	A_TO_B	ADJ	U	41	82	83	0	4	8	16384.164051875734	16372.290209544753
SIFT1M	RESIDUAL_NLIST1024	A_TO_B	ADJ	U	41	82	83	1	4	8	15653.102046142816	16069.25905139481
SIFT1M	RESIDUAL_NLIST1024	A_TO_B	ADJ	U	42	84	85	0	4	8	15698.485904675757	16145.613820997347
SIFT1M	RESIDUAL_NLIST1024	A_TO_B	ADJ	U	42	84	85	1	4	8	15285.789659021048	17959.40962632383
SIFT1M	RESIDUAL_NLIST1024	A_TO_B	ADJ	U	43	86	87	0	4	8	16675.580020111913	15473.68847450926
SIFT1M	RESIDUAL_NLIST1024	A_TO_B	ADJ	U	43	86	87	1	4	8	16340.433113815756	15374.309733155624
SIFT1M	RESIDUAL_NLIST1024	A_TO_B	ADJ	U	44	88	89	0	4	8	15378.655952326011	14432.730947161777
SIFT1M	RESIDUAL_NLIST1024	A_TO_B	ADJ	U	44	88	89	1	4	8	15138.574644894554	15076.400168712793
SIFT1M	RESIDUAL_NLIST1024	A_TO_B	ADJ	U	45	90	91	0	4	8	13381.297830323834	13212.1891615858
SIFT1M	RESIDUAL_NLIST1024	A_TO_B	ADJ	U	45	90	91	1	4	8	12459.983679239787	13064.6385654288
SIFT1M	RESIDUAL_NLIST1024	A_TO_B	ADJ	U	46	92	93	0	4	8	13196.764225470495	12876.591789872982
SIFT1M	RESIDUAL_NLIST1024	A_TO_B	ADJ	U	46	92	93	1	4	8	12742.11092297099	13776.815074285762
SIFT1M	RESIDUAL_NLIST1024	A_TO_B	ADJ	U	47	94	95	0	4	8	12985.774069876461	12929.608532040966
SIFT1M	RESIDUAL_NLIST1024	A_TO_B	ADJ	U	47	94	95	1	4	8	13113.257566301694	12233.567234572009
SIFT1M	RESIDUAL_NLIST1024	A_TO_B	ADJ	U	48	96	97	0	4	8	12927.146536736956	11896.907969461488
SIFT1M	RESIDUAL_NLIST1024	A_TO_B	ADJ	U	48	96	97	1	4	8	12259.098519961419	12314.350343361744
SIFT1M	RESIDUAL_NLIST1024	A_TO_B	ADJ	U	49	98	99	0	4	8	12504.505382534899	12594.371274159872
SIFT1M	RESIDUAL_NLIST1024	A_TO_B	ADJ	U	49	98	99	1	4	8	12870.529948149207	11360.042238296011
SIFT1M	RESIDUAL_NLIST1024	A_TO_B	ADJ	U	50	100	101	0	4	8	10921.550627528643	10464.504786224705
SIFT1M	RESIDUAL_NLIST1024	A_TO_B	ADJ	U	50	100	101	1	4	8	9997.604652536502	10570.764036123297
SIFT1M	RESIDUAL_NLIST1024	A_TO_B	ADJ	U	51	102	103	0	4	8	11598.328500107467	10199.421555208795
SIFT1M	RESIDUAL_NLIST1024	A_TO_B	ADJ	U	51	102	103	1	4	8	10307.56212997099	10123.991111550573
SIFT1M	RESIDUAL_NLIST1024	A_TO_B	ADJ	U	52	104	105	0	4	8	10193.460960180173	10076.376671961454
SIFT1M	RESIDUAL_NLIST1024	A_TO_B	ADJ	U	52	104	105	1	4	8	9573.05413569179	9833.040623161567
SIFT1M	RESIDUAL_NLIST1024	A_TO_B	ADJ	U	53	106	107	0	4	8	8833.840543160666	9278.677977891195
SIFT1M	RESIDUAL_NLIST1024	A_TO_B	ADJ	U	53	106	107	1	4	8	10580.229165970813	11002.576025710348
SIFT1M	RESIDUAL_NLIST1024	A_TO_B	ADJ	U	54	108	109	0	4	8	9527.976033994502	9672.939859995418
SIFT1M	RESIDUAL_NLIST1024	A_TO_B	ADJ	U	54	108	109	1	4	8	9770.149597265305	8470.503293925363
SIFT1M	RESIDUAL_NLIST1024	A_TO_B	ADJ	U	55	110	111	0	4	8	7903.75968622093	8942.180958318271
SIFT1M	RESIDUAL_NLIST1024	A_TO_B	ADJ	U	55	110	111	1	4	8	7703.303171420689	7823.070498203877
SIFT1M	RESIDUAL_NLIST1024	A_TO_B	ADJ	U	56	112	113	0	4	8	7906.000380194137	7507.782050836737
SIFT1M	RESIDUAL_NLIST1024	A_TO_B	ADJ	U	56	112	113	1	4	8	7588.222378304905	7897.502949991219
SIFT1M	RESIDUAL_NLIST1024	A_TO_B	ADJ	U	57	114	115	0	4	8	7544.385299974692	7476.012772877415
SIFT1M	RESIDUAL_NLIST1024	A_TO_B	ADJ	U	57	114	115	1	4	8	6969.760982331511	7230.272355004132
SIFT1M	RESIDUAL_NLIST1024	A_TO_B	ADJ	U	58	116	117	0	4	8	6972.495292754051	6611.009947254869
SIFT1M	RESIDUAL_NLIST1024	A_TO_B	ADJ	U	58	116	117	1	4	8	6187.20784878049	7466.457463332701
SIFT1M	RESIDUAL_NLIST1024	A_TO_B	ADJ	U	59	118	119	0	4	8	6273.925077112785	6439.680693500504
SIFT1M	RESIDUAL_NLIST1024	A_TO_B	ADJ	U	59	118	119	1	4	8	6640.920422665655	7018.024206089141
SIFT1M	RESIDUAL_NLIST1024	A_TO_B	ADJ	U	60	120	121	0	4	8	5975.360783775574	5916.802660943993
SIFT1M	RESIDUAL_NLIST1024	A_TO_B	ADJ	U	60	120	121	1	4	8	5911.322664454574	5523.028805474069
SIFT1M	RESIDUAL_NLIST1024	A_TO_B	ADJ	U	61	122	123	0	4	8	5752.9008948052915	5275.026896825896
SIFT1M	RESIDUAL_NLIST1024	A_TO_B	ADJ	U	61	122	123	1	4	8	4851.410457065454	5433.46845509058
SIFT1M	RESIDUAL_NLIST1024	A_TO_B	ADJ	U	62	124	125	0	4	8	5320.102079175842	5370.802069619795
SIFT1M	RESIDUAL_NLIST1024	A_TO_B	ADJ	U	62	124	125	1	4	8	5076.0500168795215	5410.006241931637
SIFT1M	RESIDUAL_NLIST1024	A_TO_B	ADJ	U	63	126	127	0	4	8	4205.381677759037	3975.527608496461
SIFT1M	RESIDUAL_NLIST1024	A_TO_B	ADJ	U	63	126	127	1	4	8	3851.982409789473	3688.705756733135
SIFT1M	RESIDUAL_NLIST1024	A_TO_B	ADJ	V	0	0	1	0	5	10	36092.53582372655	38251.83355641382
SIFT1M	RESIDUAL_NLIST1024	A_TO_B	ADJ	V	0	0	1	1	5	10	54436.73491909734	43759.96174082195
SIFT1M	RESIDUAL_NLIST1024	A_TO_B	ADJ	V	1	2	3	0	5	10	41399.52105376699	42668.23368850509
SIFT1M	RESIDUAL_NLIST1024	A_TO_B	ADJ	V	1	2	3	1	5	10	35894.1267603919	36524.23162055479
SIFT1M	RESIDUAL_NLIST1024	A_TO_B	ADJ	V	2	4	5	0	5	10	45050.32927729276	38574.499476132194
SIFT1M	RESIDUAL_NLIST1024	A_TO_B	ADJ	V	2	4	5	1	5	10	36294.752443553414	44017.50733667958
SIFT1M	RESIDUAL_NLIST1024	A_TO_B	ADJ	V	3	6	7	0	5	10	49030.192267646285	42191.428744592966
SIFT1M	RESIDUAL_NLIST1024	A_TO_B	ADJ	V	3	6	7	1	5	10	38059.35866752098	35810.13463768254
SIFT1M	RESIDUAL_NLIST1024	A_TO_B	ADJ	V	4	8	9	0	5	10	34388.666180030996	39312.68901684667
SIFT1M	RESIDUAL_NLIST1024	A_TO_B	ADJ	V	4	8	9	1	5	10	32124.708481251357	33092.10122669376
SIFT1M	RESIDUAL_NLIST1024	A_TO_B	ADJ	V	5	10	11	0	5	10	37761.33845134312	39785.194259974785
SIFT1M	RESIDUAL_NLIST1024	A_TO_B	ADJ	V	5	10	11	1	5	10	36644.30363453671	35326.40372989369
SIFT1M	RESIDUAL_NLIST1024	A_TO_B	ADJ	V	6	12	13	0	5	10	31346.03408471789	37815.866312966675
SIFT1M	RESIDUAL_NLIST1024	A_TO_B	ADJ	V	6	12	13	1	5	10	35811.72788603483	38060.38726322116
SIFT1M	RESIDUAL_NLIST1024	A_TO_B	ADJ	V	7	14	15	0	5	10	33147.70882854567	34388.134569267204
SIFT1M	RESIDUAL_NLIST1024	A_TO_B	ADJ	V	7	14	15	1	5	10	24648.539044426918	30025.49296398361
SIFT1M	RESIDUAL_NLIST1024	A_TO_B	ADJ	V	8	16	17	0	5	10	32559.315084183974	34700.69545688412
SIFT1M	RESIDUAL_NLIST1024	A_TO_B	ADJ	V	8	16	17	1	5	10	35883.628116704356	35361.493045876865
SIFT1M	RESIDUAL_NLIST1024	A_TO_B	ADJ	V	9	18	19	0	5	10	28129.42404784212	30703.57274754402
SIFT1M	RESIDUAL_NLIST1024	A_TO_B	ADJ	V	9	18	19	1	5	10	29994.050697198814	25390.390290790874
SIFT1M	RESIDUAL_NLIST1024	A_TO_B	ADJ	V	10	20	21	0	5	10	31570.489576741737	34186.167320783476
SIFT1M	RESIDUAL_NLIST1024	A_TO_B	ADJ	V	10	20	21	1	5	10	28936.28621798362	27258.336389810946
SIFT1M	RESIDUAL_NLIST1024	A_TO_B	ADJ	V	11	22	23	0	5	10	29101.85763699431	32349.025405734286
SIFT1M	RESIDUAL_NLIST1024	A_TO_B	ADJ	V	11	22	23	1	5	10	24194.713681613182	30044.12933161221
SIFT1M	RESIDUAL_NLIST1024	A_TO_B	ADJ	V	12	24	25	0	5	10	27173.279568346887	28599.659881325664
SIFT1M	RESIDUAL_NLIST1024	A_TO_B	ADJ	V	12	24	25	1	5	10	25687.517125972085	25334.994589274844
SIFT1M	RESIDUAL_NLIST1024	A_TO_B	ADJ	V	13	26	27	0	5	10	25966.979593802942	27795.091894918096
SIFT1M	RESIDUAL_NLIST1024	A_TO_B	ADJ	V	13	26	27	1	5	10	28104.08718583591	33760.017971552734
SIFT1M	RESIDUAL_NLIST1024	A_TO_B	ADJ	V	14	28	29	0	5	10	27980.239429724315	26456.53665283457
SIFT1M	RESIDUAL_NLIST1024	A_TO_B	ADJ	V	14	28	29	1	5	10	23020.471415851833	20706.157926010597
SIFT1M	RESIDUAL_NLIST1024	A_TO_B	ADJ	V	15	30	31	0	5	10	26073.584348669094	25375.86686445492
SIFT1M	RESIDUAL_NLIST1024	A_TO_B	ADJ	V	15	30	31	1	5	10	21452.092795885663	22438.766242101963
SIFT1M	RESIDUAL_NLIST1024	A_TO_B	ADJ	V	16	32	33	0	5	10	24725.675839738753	23471.88134674023
SIFT1M	RESIDUAL_NLIST1024	A_TO_B	ADJ	V	16	32	33	1	5	10	23030.900205387792	23235.693036552737
SIFT1M	RESIDUAL_NLIST1024	A_TO_B	ADJ	V	17	34	35	0	5	9	23878.754363041895	21835.81629405468
SIFT1M	RESIDUAL_NLIST1024	A_TO_B	ADJ	V	17	34	35	1	4	9	52073.11154309819	57901.75107306326
SIFT1M	RESIDUAL_NLIST1024	A_TO_B	ADJ	V	18	36	37	0	4	8	48600.81451456806	53378.91701520598
SIFT1M	RESIDUAL_NLIST1024	A_TO_B	ADJ	V	18	36	37	1	4	8	47182.50114808274	44956.09489616122
SIFT1M	RESIDUAL_NLIST1024	A_TO_B	ADJ	V	19	38	39	0	5	9	20126.083299701633	19953.613359074945
SIFT1M	RESIDUAL_NLIST1024	A_TO_B	ADJ	V	19	38	39	1	4	9	47954.1009663484	50934.85758478971
SIFT1M	RESIDUAL_NLIST1024	A_TO_B	ADJ	V	20	40	41	0	4	8	43304.552762678315	46129.83382564701
SIFT1M	RESIDUAL_NLIST1024	A_TO_B	ADJ	V	20	40	41	1	4	8	42153.289597250594	44282.48516980145
SIFT1M	RESIDUAL_NLIST1024	A_TO_B	ADJ	V	21	42	43	0	4	8	43267.178972305395	44805.09877348746
SIFT1M	RESIDUAL_NLIST1024	A_TO_B	ADJ	V	21	42	43	1	4	8	46006.11856413804	43892.06046712371
SIFT1M	RESIDUAL_NLIST1024	A_TO_B	ADJ	V	22	44	45	0	4	8	41411.55744334254	39971.650923413654
SIFT1M	RESIDUAL_NLIST1024	A_TO_B	ADJ	V	22	44	45	1	4	8	39292.8052440492	40281.53124554371
SIFT1M	RESIDUAL_NLIST1024	A_TO_B	ADJ	V	23	46	47	0	4	8	42233.03530650853	38016.0231543361
SIFT1M	RESIDUAL_NLIST1024	A_TO_B	ADJ	V	23	46	47	1	4	8	38840.78886380353	35573.06328454585
SIFT1M	RESIDUAL_NLIST1024	A_TO_B	ADJ	V	24	48	49	0	4	8	35375.02059613599	40304.30756908821
SIFT1M	RESIDUAL_NLIST1024	A_TO_B	ADJ	V	24	48	49	1	4	8	36576.5640294331	39582.396212614585
SIFT1M	RESIDUAL_NLIST1024	A_TO_B	ADJ	V	25	50	51	0	4	8	34273.653471597994	34449.06708192236
SIFT1M	RESIDUAL_NLIST1024	A_TO_B	ADJ	V	25	50	51	1	4	8	33150.99114930078	37167.3349205109
SIFT1M	RESIDUAL_NLIST1024	A_TO_B	ADJ	V	26	52	53	0	4	8	37460.581707303776	35881.55544943515
SIFT1M	RESIDUAL_NLIST1024	A_TO_B	ADJ	V	26	52	53	1	4	8	32845.98263750384	33935.33586771012
SIFT1M	RESIDUAL_NLIST1024	A_TO_B	ADJ	V	27	54	55	0	4	8	31428.02792889899	31078.74502792177
SIFT1M	RESIDUAL_NLIST1024	A_TO_B	ADJ	V	27	54	55	1	4	8	29333.620061260382	29244.17115084738
SIFT1M	RESIDUAL_NLIST1024	A_TO_B	ADJ	V	28	56	57	0	4	8	34003.01516031518	28421.73878890597
SIFT1M	RESIDUAL_NLIST1024	A_TO_B	ADJ	V	28	56	57	1	4	8	29346.80252520873	28575.60025903554
SIFT1M	RESIDUAL_NLIST1024	A_TO_B	ADJ	V	29	58	59	0	4	8	29205.496863547327	28261.338404677597
SIFT1M	RESIDUAL_NLIST1024	A_TO_B	ADJ	V	29	58	59	1	4	8	26782.368790300505	25593.096993450185
SIFT1M	RESIDUAL_NLIST1024	A_TO_B	ADJ	V	30	60	61	0	4	8	28666.390706199127	29157.005566238884
SIFT1M	RESIDUAL_NLIST1024	A_TO_B	ADJ	V	30	60	61	1	4	8	25600.24440696506	27389.39391714226
SIFT1M	RESIDUAL_NLIST1024	A_TO_B	ADJ	V	31	62	63	0	4	8	26963.73051757899	28001.861391715214
SIFT1M	RESIDUAL_NLIST1024	A_TO_B	ADJ	V	31	62	63	1	4	8	23780.10752652034	28998.11199747999
SIFT1M	RESIDUAL_NLIST1024	A_TO_B	ADJ	V	32	64	65	0	4	8	25457.950416931028	25231.596291711972
SIFT1M	RESIDUAL_NLIST1024	A_TO_B	ADJ	V	32	64	65	1	4	8	24916.40616220249	28617.54337834716
SIFT1M	RESIDUAL_NLIST1024	A_TO_B	ADJ	V	33	66	67	0	4	8	26784.61050417246	22539.63779565546
SIFT1M	RESIDUAL_NLIST1024	A_TO_B	ADJ	V	33	66	67	1	4	8	20479.904825119513	22754.582224852424
SIFT1M	RESIDUAL_NLIST1024	A_TO_B	ADJ	V	34	68	69	0	4	8	21016.44682797721	25519.73933247688
SIFT1M	RESIDUAL_NLIST1024	A_TO_B	ADJ	V	34	68	69	1	4	8	19804.48969796751	19378.755251009497
SIFT1M	RESIDUAL_NLIST1024	A_TO_B	ADJ	V	35	70	71	0	4	8	21451.341350817296	22301.703580818445
SIFT1M	RESIDUAL_NLIST1024	A_TO_B	ADJ	V	35	70	71	1	4	8	21251.46950796286	20370.249050726485
SIFT1M	RESIDUAL_NLIST1024	A_TO_B	ADJ	V	36	72	73	0	4	8	19123.827370179628	18829.43573735712
SIFT1M	RESIDUAL_NLIST1024	A_TO_B	ADJ	V	36	72	73	1	4	8	21277.16167893143	20495.2676976346
SIFT1M	RESIDUAL_NLIST1024	A_TO_B	ADJ	V	37	74	75	0	4	8	19456.49318121674	21020.735713168946
SIFT1M	RESIDUAL_NLIST1024	A_TO_B	ADJ	V	37	74	75	1	4	8	18825.27273790699	19441.022180508906
SIFT1M	RESIDUAL_NLIST1024	A_TO_B	ADJ	V	38	76	77	0	4	8	18476.074800199873	18143.331740756883
SIFT1M	RESIDUAL_NLIST1024	A_TO_B	ADJ	V	38	76	77	1	4	8	19188.03136489996	19043.086166784804
SIFT1M	RESIDUAL_NLIST1024	A_TO_B	ADJ	V	39	78	79	0	4	8	21399.397816382836	17707.91466486726
SIFT1M	RESIDUAL_NLIST1024	A_TO_B	ADJ	V	39	78	79	1	4	8	15925.731979043492	16554.580435387277
SIFT1M	RESIDUAL_NLIST1024	A_TO_B	ADJ	V	40	80	81	0	4	8	17019.804114827093	16905.464976007155
SIFT1M	RESIDUAL_NLIST1024	A_TO_B	ADJ	V	40	80	81	1	4	8	15519.287598293196	20285.311621707733
SIFT1M	RESIDUAL_NLIST1024	A_TO_B	ADJ	V	41	82	83	0	4	8	16384.164051875734	16372.290209544753
SIFT1M	RESIDUAL_NLIST1024	A_TO_B	ADJ	V	41	82	83	1	4	8	15653.102046142816	16069.25905139481
SIFT1M	RESIDUAL_NLIST1024	A_TO_B	ADJ	V	42	84	85	0	4	8	15698.485904675757	16145.613820997347
SIFT1M	RESIDUAL_NLIST1024	A_TO_B	ADJ	V	42	84	85	1	4	8	15285.789659021048	17959.40962632383
SIFT1M	RESIDUAL_NLIST1024	A_TO_B	ADJ	V	43	86	87	0	4	8	16675.580020111913	15473.68847450926
SIFT1M	RESIDUAL_NLIST1024	A_TO_B	ADJ	V	43	86	87	1	4	8	16340.433113815756	15374.309733155624
SIFT1M	RESIDUAL_NLIST1024	A_TO_B	ADJ	V	44	88	89	0	4	8	15378.655952326011	14432.730947161777
SIFT1M	RESIDUAL_NLIST1024	A_TO_B	ADJ	V	44	88	89	1	4	8	15138.574644894554	15076.400168712793
SIFT1M	RESIDUAL_NLIST1024	A_TO_B	ADJ	V	45	90	91	0	4	7	13381.297830323834	13212.1891615858
SIFT1M	RESIDUAL_NLIST1024	A_TO_B	ADJ	V	45	90	91	1	3	7	41694.52520516167	42135.95239399496
SIFT1M	RESIDUAL_NLIST1024	A_TO_B	ADJ	V	46	92	93	0	4	7	13196.764225470495	12876.591789872982
SIFT1M	RESIDUAL_NLIST1024	A_TO_B	ADJ	V	46	92	93	1	3	7	41998.813072279685	42937.94985483735
SIFT1M	RESIDUAL_NLIST1024	A_TO_B	ADJ	V	47	94	95	0	3	6	42219.69423010666	43036.816116356924
SIFT1M	RESIDUAL_NLIST1024	A_TO_B	ADJ	V	47	94	95	1	3	6	39815.929833723414	41258.798619147696
SIFT1M	RESIDUAL_NLIST1024	A_TO_B	ADJ	V	48	96	97	0	3	6	42572.4938049038	40576.60617646914
SIFT1M	RESIDUAL_NLIST1024	A_TO_B	ADJ	V	48	96	97	1	3	6	41417.23243098277	41436.914326854734
SIFT1M	RESIDUAL_NLIST1024	A_TO_B	ADJ	V	49	98	99	0	3	6	41203.55668085416	40304.82057769296
SIFT1M	RESIDUAL_NLIST1024	A_TO_B	ADJ	V	49	98	99	1	3	6	40418.87037016005	36582.95359675193
SIFT1M	RESIDUAL_NLIST1024	A_TO_B	ADJ	V	50	100	101	0	3	6	35595.742834476725	34447.55481721623
SIFT1M	RESIDUAL_NLIST1024	A_TO_B	ADJ	V	50	100	101	1	3	6	34535.32776813448	35908.88378577538
SIFT1M	RESIDUAL_NLIST1024	A_TO_B	ADJ	V	51	102	103	0	3	6	37710.19355856768	35206.0491731799
SIFT1M	RESIDUAL_NLIST1024	A_TO_B	ADJ	V	51	102	103	1	3	6	35030.6005744242	33390.504669551025
SIFT1M	RESIDUAL_NLIST1024	A_TO_B	ADJ	V	52	104	105	0	3	6	34193.22823152112	34150.23682830838
SIFT1M	RESIDUAL_NLIST1024	A_TO_B	ADJ	V	52	104	105	1	3	6	33548.150147286535	33607.0394836989
SIFT1M	RESIDUAL_NLIST1024	A_TO_B	ADJ	V	53	106	107	0	3	6	30943.021508144535	30820.04667436755
SIFT1M	RESIDUAL_NLIST1024	A_TO_B	ADJ	V	53	106	107	1	3	6	32685.958193087536	33879.85385556129
SIFT1M	RESIDUAL_NLIST1024	A_TO_B	ADJ	V	54	108	109	0	3	6	31352.357428428448	31481.068713195076
SIFT1M	RESIDUAL_NLIST1024	A_TO_B	ADJ	V	54	108	109	1	3	6	30078.739669154413	28348.559901423097
SIFT1M	RESIDUAL_NLIST1024	A_TO_B	ADJ	V	55	110	111	0	3	6	26631.938723281666	28635.382373302687
SIFT1M	RESIDUAL_NLIST1024	A_TO_B	ADJ	V	55	110	111	1	3	6	25829.248723172343	25876.91362929675
SIFT1M	RESIDUAL_NLIST1024	A_TO_B	ADJ	V	56	112	113	0	3	6	26332.324439157674	26141.01220788175
SIFT1M	RESIDUAL_NLIST1024	A_TO_B	ADJ	V	56	112	113	1	3	6	25592.98038206045	25875.35172778886
SIFT1M	RESIDUAL_NLIST1024	A_TO_B	ADJ	V	57	114	115	0	3	6	25430.072396743974	25250.01816228753
SIFT1M	RESIDUAL_NLIST1024	A_TO_B	ADJ	V	57	114	115	1	3	6	22881.31371449995	23697.243844538985
SIFT1M	RESIDUAL_NLIST1024	A_TO_B	ADJ	V	58	116	117	0	3	6	23473.929226198168	22654.21792185747
SIFT1M	RESIDUAL_NLIST1024	A_TO_B	ADJ	V	58	116	117	1	3	6	20910.483775195185	23007.26395722513
SIFT1M	RESIDUAL_NLIST1024	A_TO_B	ADJ	V	59	118	119	0	3	6	21642.404685316305	21005.69461857734
SIFT1M	RESIDUAL_NLIST1024	A_TO_B	ADJ	V	59	118	119	1	3	6	21739.9820429948	22650.383691761766
SIFT1M	RESIDUAL_NLIST1024	A_TO_B	ADJ	V	60	120	121	0	3	6	19367.23599245381	18781.14346040043
SIFT1M	RESIDUAL_NLIST1024	A_TO_B	ADJ	V	60	120	121	1	3	6	18995.15399996397	18778.969801279978
SIFT1M	RESIDUAL_NLIST1024	A_TO_B	ADJ	V	61	122	123	0	3	6	18381.01092336596	17896.787778510057
SIFT1M	RESIDUAL_NLIST1024	A_TO_B	ADJ	V	61	122	123	1	3	6	16693.85431348825	18051.345692526607
SIFT1M	RESIDUAL_NLIST1024	A_TO_B	ADJ	V	62	124	125	0	3	6	18130.546391281216	17714.561306657488
SIFT1M	RESIDUAL_NLIST1024	A_TO_B	ADJ	V	62	124	125	1	3	6	16568.41712591224	17336.266363438343
SIFT1M	RESIDUAL_NLIST1024	A_TO_B	ADJ	V	63	126	127	0	3	6	13811.885932950303	13973.41879694237
SIFT1M	RESIDUAL_NLIST1024	A_TO_B	ADJ	V	63	126	127	1	3	6	12310.181676235212	12080.583667684126
SIFT1M	RESIDUAL_NLIST1024	A_TO_B	ADJ	E	0	0	1	0	5	10	36092.53582372655	38251.83355641382
SIFT1M	RESIDUAL_NLIST1024	A_TO_B	ADJ	E	0	0	1	1	5	10	54436.73491909734	43759.96174082195
SIFT1M	RESIDUAL_NLIST1024	A_TO_B	ADJ	E	1	2	3	0	5	10	41399.52105376699	42668.23368850509
SIFT1M	RESIDUAL_NLIST1024	A_TO_B	ADJ	E	1	2	3	1	5	10	35894.1267603919	36524.23162055479
SIFT1M	RESIDUAL_NLIST1024	A_TO_B	ADJ	E	2	4	5	0	5	10	45050.32927729276	38574.499476132194
SIFT1M	RESIDUAL_NLIST1024	A_TO_B	ADJ	E	2	4	5	1	5	10	36294.752443553414	44017.50733667958
SIFT1M	RESIDUAL_NLIST1024	A_TO_B	ADJ	E	3	6	7	0	5	10	49030.192267646285	42191.428744592966
SIFT1M	RESIDUAL_NLIST1024	A_TO_B	ADJ	E	3	6	7	1	5	10	38059.35866752098	35810.13463768254
SIFT1M	RESIDUAL_NLIST1024	A_TO_B	ADJ	E	4	8	9	0	5	10	34388.666180030996	39312.68901684667
SIFT1M	RESIDUAL_NLIST1024	A_TO_B	ADJ	E	4	8	9	1	5	10	32124.708481251357	33092.10122669376
SIFT1M	RESIDUAL_NLIST1024	A_TO_B	ADJ	E	5	10	11	0	5	10	37761.33845134312	39785.194259974785
SIFT1M	RESIDUAL_NLIST1024	A_TO_B	ADJ	E	5	10	11	1	5	10	36644.30363453671	35326.40372989369
SIFT1M	RESIDUAL_NLIST1024	A_TO_B	ADJ	E	6	12	13	0	5	10	31346.03408471789	37815.866312966675
SIFT1M	RESIDUAL_NLIST1024	A_TO_B	ADJ	E	6	12	13	1	5	10	35811.72788603483	38060.38726322116
SIFT1M	RESIDUAL_NLIST1024	A_TO_B	ADJ	E	7	14	15	0	5	10	33147.70882854567	34388.134569267204
SIFT1M	RESIDUAL_NLIST1024	A_TO_B	ADJ	E	7	14	15	1	5	10	24648.539044426918	30025.49296398361
SIFT1M	RESIDUAL_NLIST1024	A_TO_B	ADJ	E	8	16	17	0	5	10	32559.315084183974	34700.69545688412
SIFT1M	RESIDUAL_NLIST1024	A_TO_B	ADJ	E	8	16	17	1	5	10	35883.628116704356	35361.493045876865
SIFT1M	RESIDUAL_NLIST1024	A_TO_B	ADJ	E	9	18	19	0	5	10	28129.42404784212	30703.57274754402
SIFT1M	RESIDUAL_NLIST1024	A_TO_B	ADJ	E	9	18	19	1	5	10	29994.050697198814	25390.390290790874
SIFT1M	RESIDUAL_NLIST1024	A_TO_B	ADJ	E	10	20	21	0	5	10	31570.489576741737	34186.167320783476
SIFT1M	RESIDUAL_NLIST1024	A_TO_B	ADJ	E	10	20	21	1	5	10	28936.28621798362	27258.336389810946
SIFT1M	RESIDUAL_NLIST1024	A_TO_B	ADJ	E	11	22	23	0	5	10	29101.85763699431	32349.025405734286
SIFT1M	RESIDUAL_NLIST1024	A_TO_B	ADJ	E	11	22	23	1	5	10	24194.713681613182	30044.12933161221
SIFT1M	RESIDUAL_NLIST1024	A_TO_B	ADJ	E	12	24	25	0	5	10	27173.279568346887	28599.659881325664
SIFT1M	RESIDUAL_NLIST1024	A_TO_B	ADJ	E	12	24	25	1	5	10	25687.517125972085	25334.994589274844
SIFT1M	RESIDUAL_NLIST1024	A_TO_B	ADJ	E	13	26	27	0	5	10	25966.979593802942	27795.091894918096
SIFT1M	RESIDUAL_NLIST1024	A_TO_B	ADJ	E	13	26	27	1	5	10	28104.08718583591	33760.017971552734
SIFT1M	RESIDUAL_NLIST1024	A_TO_B	ADJ	E	14	28	29	0	5	10	27980.239429724315	26456.53665283457
SIFT1M	RESIDUAL_NLIST1024	A_TO_B	ADJ	E	14	28	29	1	5	10	23020.471415851833	20706.157926010597
SIFT1M	RESIDUAL_NLIST1024	A_TO_B	ADJ	E	15	30	31	0	5	10	26073.584348669094	25375.86686445492
SIFT1M	RESIDUAL_NLIST1024	A_TO_B	ADJ	E	15	30	31	1	5	10	21452.092795885663	22438.766242101963
SIFT1M	RESIDUAL_NLIST1024	A_TO_B	ADJ	E	16	32	33	0	5	10	24725.675839738753	23471.88134674023
SIFT1M	RESIDUAL_NLIST1024	A_TO_B	ADJ	E	16	32	33	1	5	10	23030.900205387792	23235.693036552737
SIFT1M	RESIDUAL_NLIST1024	A_TO_B	ADJ	E	17	34	35	0	5	10	23878.754363041895	21835.81629405468
SIFT1M	RESIDUAL_NLIST1024	A_TO_B	ADJ	E	17	34	35	1	5	10	18975.721374731307	22868.312794404217
SIFT1M	RESIDUAL_NLIST1024	A_TO_B	ADJ	E	18	36	37	0	4	8	48600.81451456806	53378.91701520598
SIFT1M	RESIDUAL_NLIST1024	A_TO_B	ADJ	E	18	36	37	1	4	8	47182.50114808274	44956.09489616122
SIFT1M	RESIDUAL_NLIST1024	A_TO_B	ADJ	E	19	38	39	0	5	9	20126.083299701633	19953.613359074945
SIFT1M	RESIDUAL_NLIST1024	A_TO_B	ADJ	E	19	38	39	1	4	9	47954.1009663484	50934.85758478971
SIFT1M	RESIDUAL_NLIST1024	A_TO_B	ADJ	E	20	40	41	0	4	8	43304.552762678315	46129.83382564701
SIFT1M	RESIDUAL_NLIST1024	A_TO_B	ADJ	E	20	40	41	1	4	8	42153.289597250594	44282.48516980145
SIFT1M	RESIDUAL_NLIST1024	A_TO_B	ADJ	E	21	42	43	0	4	8	43267.178972305395	44805.09877348746
SIFT1M	RESIDUAL_NLIST1024	A_TO_B	ADJ	E	21	42	43	1	4	8	46006.11856413804	43892.06046712371
SIFT1M	RESIDUAL_NLIST1024	A_TO_B	ADJ	E	22	44	45	0	4	8	41411.55744334254	39971.650923413654
SIFT1M	RESIDUAL_NLIST1024	A_TO_B	ADJ	E	22	44	45	1	4	8	39292.8052440492	40281.53124554371
SIFT1M	RESIDUAL_NLIST1024	A_TO_B	ADJ	E	23	46	47	0	4	8	42233.03530650853	38016.0231543361
SIFT1M	RESIDUAL_NLIST1024	A_TO_B	ADJ	E	23	46	47	1	4	8	38840.78886380353	35573.06328454585
SIFT1M	RESIDUAL_NLIST1024	A_TO_B	ADJ	E	24	48	49	0	4	8	35375.02059613599	40304.30756908821
SIFT1M	RESIDUAL_NLIST1024	A_TO_B	ADJ	E	24	48	49	1	4	8	36576.5640294331	39582.396212614585
SIFT1M	RESIDUAL_NLIST1024	A_TO_B	ADJ	E	25	50	51	0	4	8	34273.653471597994	34449.06708192236
SIFT1M	RESIDUAL_NLIST1024	A_TO_B	ADJ	E	25	50	51	1	4	8	33150.99114930078	37167.3349205109
SIFT1M	RESIDUAL_NLIST1024	A_TO_B	ADJ	E	26	52	53	0	4	8	37460.581707303776	35881.55544943515
SIFT1M	RESIDUAL_NLIST1024	A_TO_B	ADJ	E	26	52	53	1	4	8	32845.98263750384	33935.33586771012
SIFT1M	RESIDUAL_NLIST1024	A_TO_B	ADJ	E	27	54	55	0	4	8	31428.02792889899	31078.74502792177
SIFT1M	RESIDUAL_NLIST1024	A_TO_B	ADJ	E	27	54	55	1	4	8	29333.620061260382	29244.17115084738
SIFT1M	RESIDUAL_NLIST1024	A_TO_B	ADJ	E	28	56	57	0	4	8	34003.01516031518	28421.73878890597
SIFT1M	RESIDUAL_NLIST1024	A_TO_B	ADJ	E	28	56	57	1	4	8	29346.80252520873	28575.60025903554
SIFT1M	RESIDUAL_NLIST1024	A_TO_B	ADJ	E	29	58	59	0	4	8	29205.496863547327	28261.338404677597
SIFT1M	RESIDUAL_NLIST1024	A_TO_B	ADJ	E	29	58	59	1	4	8	26782.368790300505	25593.096993450185
SIFT1M	RESIDUAL_NLIST1024	A_TO_B	ADJ	E	30	60	61	0	4	8	28666.390706199127	29157.005566238884
SIFT1M	RESIDUAL_NLIST1024	A_TO_B	ADJ	E	30	60	61	1	4	8	25600.24440696506	27389.39391714226
SIFT1M	RESIDUAL_NLIST1024	A_TO_B	ADJ	E	31	62	63	0	4	8	26963.73051757899	28001.861391715214
SIFT1M	RESIDUAL_NLIST1024	A_TO_B	ADJ	E	31	62	63	1	4	8	23780.10752652034	28998.11199747999
SIFT1M	RESIDUAL_NLIST1024	A_TO_B	ADJ	E	32	64	65	0	4	8	25457.950416931028	25231.596291711972
SIFT1M	RESIDUAL_NLIST1024	A_TO_B	ADJ	E	32	64	65	1	4	8	24916.40616220249	28617.54337834716
SIFT1M	RESIDUAL_NLIST1024	A_TO_B	ADJ	E	33	66	67	0	4	8	26784.61050417246	22539.63779565546
SIFT1M	RESIDUAL_NLIST1024	A_TO_B	ADJ	E	33	66	67	1	4	8	20479.904825119513	22754.582224852424
SIFT1M	RESIDUAL_NLIST1024	A_TO_B	ADJ	E	34	68	69	0	4	8	21016.44682797721	25519.73933247688
SIFT1M	RESIDUAL_NLIST1024	A_TO_B	ADJ	E	34	68	69	1	4	8	19804.48969796751	19378.755251009497
SIFT1M	RESIDUAL_NLIST1024	A_TO_B	ADJ	E	35	70	71	0	4	8	21451.341350817296	22301.703580818445
SIFT1M	RESIDUAL_NLIST1024	A_TO_B	ADJ	E	35	70	71	1	4	8	21251.46950796286	20370.249050726485
SIFT1M	RESIDUAL_NLIST1024	A_TO_B	ADJ	E	36	72	73	0	4	8	19123.827370179628	18829.43573735712
SIFT1M	RESIDUAL_NLIST1024	A_TO_B	ADJ	E	36	72	73	1	4	8	21277.16167893143	20495.2676976346
SIFT1M	RESIDUAL_NLIST1024	A_TO_B	ADJ	E	37	74	75	0	4	8	19456.49318121674	21020.735713168946
SIFT1M	RESIDUAL_NLIST1024	A_TO_B	ADJ	E	37	74	75	1	4	8	18825.27273790699	19441.022180508906
SIFT1M	RESIDUAL_NLIST1024	A_TO_B	ADJ	E	38	76	77	0	4	8	18476.074800199873	18143.331740756883
SIFT1M	RESIDUAL_NLIST1024	A_TO_B	ADJ	E	38	76	77	1	4	8	19188.03136489996	19043.086166784804
SIFT1M	RESIDUAL_NLIST1024	A_TO_B	ADJ	E	39	78	79	0	4	8	21399.397816382836	17707.91466486726
SIFT1M	RESIDUAL_NLIST1024	A_TO_B	ADJ	E	39	78	79	1	4	8	15925.731979043492	16554.580435387277
SIFT1M	RESIDUAL_NLIST1024	A_TO_B	ADJ	E	40	80	81	0	4	8	17019.804114827093	16905.464976007155
SIFT1M	RESIDUAL_NLIST1024	A_TO_B	ADJ	E	40	80	81	1	4	8	15519.287598293196	20285.311621707733
SIFT1M	RESIDUAL_NLIST1024	A_TO_B	ADJ	E	41	82	83	0	4	8	16384.164051875734	16372.290209544753
SIFT1M	RESIDUAL_NLIST1024	A_TO_B	ADJ	E	41	82	83	1	4	8	15653.102046142816	16069.25905139481
SIFT1M	RESIDUAL_NLIST1024	A_TO_B	ADJ	E	42	84	85	0	4	8	15698.485904675757	16145.613820997347
SIFT1M	RESIDUAL_NLIST1024	A_TO_B	ADJ	E	42	84	85	1	4	8	15285.789659021048	17959.40962632383
SIFT1M	RESIDUAL_NLIST1024	A_TO_B	ADJ	E	43	86	87	0	4	8	16675.580020111913	15473.68847450926
SIFT1M	RESIDUAL_NLIST1024	A_TO_B	ADJ	E	43	86	87	1	4	8	16340.433113815756	15374.309733155624
SIFT1M	RESIDUAL_NLIST1024	A_TO_B	ADJ	E	44	88	89	0	4	8	15378.655952326011	14432.730947161777
SIFT1M	RESIDUAL_NLIST1024	A_TO_B	ADJ	E	44	88	89	1	4	8	15138.574644894554	15076.400168712793
SIFT1M	RESIDUAL_NLIST1024	A_TO_B	ADJ	E	45	90	91	0	4	7	13381.297830323834	13212.1891615858
SIFT1M	RESIDUAL_NLIST1024	A_TO_B	ADJ	E	45	90	91	1	3	7	41694.52520516167	42135.95239399496
SIFT1M	RESIDUAL_NLIST1024	A_TO_B	ADJ	E	46	92	93	0	3	6	43398.65123311304	42364.5261895806
SIFT1M	RESIDUAL_NLIST1024	A_TO_B	ADJ	E	46	92	93	1	3	6	41998.813072279685	42937.94985483735
SIFT1M	RESIDUAL_NLIST1024	A_TO_B	ADJ	E	47	94	95	0	3	6	42219.69423010666	43036.816116356924
SIFT1M	RESIDUAL_NLIST1024	A_TO_B	ADJ	E	47	94	95	1	3	6	39815.929833723414	41258.798619147696
SIFT1M	RESIDUAL_NLIST1024	A_TO_B	ADJ	E	48	96	97	0	3	6	42572.4938049038	40576.60617646914
SIFT1M	RESIDUAL_NLIST1024	A_TO_B	ADJ	E	48	96	97	1	3	6	41417.23243098277	41436.914326854734
SIFT1M	RESIDUAL_NLIST1024	A_TO_B	ADJ	E	49	98	99	0	3	6	41203.55668085416	40304.82057769296
SIFT1M	RESIDUAL_NLIST1024	A_TO_B	ADJ	E	49	98	99	1	3	6	40418.87037016005	36582.95359675193
SIFT1M	RESIDUAL_NLIST1024	A_TO_B	ADJ	E	50	100	101	0	3	6	35595.742834476725	34447.55481721623
SIFT1M	RESIDUAL_NLIST1024	A_TO_B	ADJ	E	50	100	101	1	3	6	34535.32776813448	35908.88378577538
SIFT1M	RESIDUAL_NLIST1024	A_TO_B	ADJ	E	51	102	103	0	3	6	37710.19355856768	35206.0491731799
SIFT1M	RESIDUAL_NLIST1024	A_TO_B	ADJ	E	51	102	103	1	3	6	35030.6005744242	33390.504669551025
SIFT1M	RESIDUAL_NLIST1024	A_TO_B	ADJ	E	52	104	105	0	3	6	34193.22823152112	34150.23682830838
SIFT1M	RESIDUAL_NLIST1024	A_TO_B	ADJ	E	52	104	105	1	3	6	33548.150147286535	33607.0394836989
SIFT1M	RESIDUAL_NLIST1024	A_TO_B	ADJ	E	53	106	107	0	3	6	30943.021508144535	30820.04667436755
SIFT1M	RESIDUAL_NLIST1024	A_TO_B	ADJ	E	53	106	107	1	3	6	32685.958193087536	33879.85385556129
SIFT1M	RESIDUAL_NLIST1024	A_TO_B	ADJ	E	54	108	109	0	3	6	31352.357428428448	31481.068713195076
SIFT1M	RESIDUAL_NLIST1024	A_TO_B	ADJ	E	54	108	109	1	3	6	30078.739669154413	28348.559901423097
SIFT1M	RESIDUAL_NLIST1024	A_TO_B	ADJ	E	55	110	111	0	3	6	26631.938723281666	28635.382373302687
SIFT1M	RESIDUAL_NLIST1024	A_TO_B	ADJ	E	55	110	111	1	3	6	25829.248723172343	25876.91362929675
SIFT1M	RESIDUAL_NLIST1024	A_TO_B	ADJ	E	56	112	113	0	3	6	26332.324439157674	26141.01220788175
SIFT1M	RESIDUAL_NLIST1024	A_TO_B	ADJ	E	56	112	113	1	3	6	25592.98038206045	25875.35172778886
SIFT1M	RESIDUAL_NLIST1024	A_TO_B	ADJ	E	57	114	115	0	3	6	25430.072396743974	25250.01816228753
SIFT1M	RESIDUAL_NLIST1024	A_TO_B	ADJ	E	57	114	115	1	3	6	22881.31371449995	23697.243844538985
SIFT1M	RESIDUAL_NLIST1024	A_TO_B	ADJ	E	58	116	117	0	3	6	23473.929226198168	22654.21792185747
SIFT1M	RESIDUAL_NLIST1024	A_TO_B	ADJ	E	58	116	117	1	3	6	20910.483775195185	23007.26395722513
SIFT1M	RESIDUAL_NLIST1024	A_TO_B	ADJ	E	59	118	119	0	3	6	21642.404685316305	21005.69461857734
SIFT1M	RESIDUAL_NLIST1024	A_TO_B	ADJ	E	59	118	119	1	3	6	21739.9820429948	22650.383691761766
SIFT1M	RESIDUAL_NLIST1024	A_TO_B	ADJ	E	60	120	121	0	3	6	19367.23599245381	18781.14346040043
SIFT1M	RESIDUAL_NLIST1024	A_TO_B	ADJ	E	60	120	121	1	3	6	18995.15399996397	18778.969801279978
SIFT1M	RESIDUAL_NLIST1024	A_TO_B	ADJ	E	61	122	123	0	3	6	18381.01092336596	17896.787778510057
SIFT1M	RESIDUAL_NLIST1024	A_TO_B	ADJ	E	61	122	123	1	3	6	16693.85431348825	18051.345692526607
SIFT1M	RESIDUAL_NLIST1024	A_TO_B	ADJ	E	62	124	125	0	3	6	18130.546391281216	17714.561306657488
SIFT1M	RESIDUAL_NLIST1024	A_TO_B	ADJ	E	62	124	125	1	3	6	16568.41712591224	17336.266363438343
SIFT1M	RESIDUAL_NLIST1024	A_TO_B	ADJ	E	63	126	127	0	3	6	13811.885932950303	13973.41879694237
SIFT1M	RESIDUAL_NLIST1024	A_TO_B	ADJ	E	63	126	127	1	3	6	12310.181676235212	12080.583667684126
SIFT1M	RESIDUAL_NLIST1024	A_TO_B	ADJ	S	0	0	1	0	5	10	36092.53582372655	38251.83355641382
SIFT1M	RESIDUAL_NLIST1024	A_TO_B	ADJ	S	0	0	1	1	5	10	54436.73491909734	43759.96174082195
SIFT1M	RESIDUAL_NLIST1024	A_TO_B	ADJ	S	1	2	3	0	5	10	41399.52105376699	42668.23368850509
SIFT1M	RESIDUAL_NLIST1024	A_TO_B	ADJ	S	1	2	3	1	5	10	35894.1267603919	36524.23162055479
SIFT1M	RESIDUAL_NLIST1024	A_TO_B	ADJ	S	2	4	5	0	5	10	45050.32927729276	38574.499476132194
SIFT1M	RESIDUAL_NLIST1024	A_TO_B	ADJ	S	2	4	5	1	5	10	36294.752443553414	44017.50733667958
SIFT1M	RESIDUAL_NLIST1024	A_TO_B	ADJ	S	3	6	7	0	5	10	49030.192267646285	42191.428744592966
SIFT1M	RESIDUAL_NLIST1024	A_TO_B	ADJ	S	3	6	7	1	5	10	38059.35866752098	35810.13463768254
SIFT1M	RESIDUAL_NLIST1024	A_TO_B	ADJ	S	4	8	9	0	5	10	34388.666180030996	39312.68901684667
SIFT1M	RESIDUAL_NLIST1024	A_TO_B	ADJ	S	4	8	9	1	5	10	32124.708481251357	33092.10122669376
SIFT1M	RESIDUAL_NLIST1024	A_TO_B	ADJ	S	5	10	11	0	5	10	37761.33845134312	39785.194259974785
SIFT1M	RESIDUAL_NLIST1024	A_TO_B	ADJ	S	5	10	11	1	5	10	36644.30363453671	35326.40372989369
SIFT1M	RESIDUAL_NLIST1024	A_TO_B	ADJ	S	6	12	13	0	5	10	31346.03408471789	37815.866312966675
SIFT1M	RESIDUAL_NLIST1024	A_TO_B	ADJ	S	6	12	13	1	5	10	35811.72788603483	38060.38726322116
SIFT1M	RESIDUAL_NLIST1024	A_TO_B	ADJ	S	7	14	15	0	5	10	33147.70882854567	34388.134569267204
SIFT1M	RESIDUAL_NLIST1024	A_TO_B	ADJ	S	7	14	15	1	5	10	24648.539044426918	30025.49296398361
SIFT1M	RESIDUAL_NLIST1024	A_TO_B	ADJ	S	8	16	17	0	5	10	32559.315084183974	34700.69545688412
SIFT1M	RESIDUAL_NLIST1024	A_TO_B	ADJ	S	8	16	17	1	5	10	35883.628116704356	35361.493045876865
SIFT1M	RESIDUAL_NLIST1024	A_TO_B	ADJ	S	9	18	19	0	5	10	28129.42404784212	30703.57274754402
SIFT1M	RESIDUAL_NLIST1024	A_TO_B	ADJ	S	9	18	19	1	5	10	29994.050697198814	25390.390290790874
SIFT1M	RESIDUAL_NLIST1024	A_TO_B	ADJ	S	10	20	21	0	5	10	31570.489576741737	34186.167320783476
SIFT1M	RESIDUAL_NLIST1024	A_TO_B	ADJ	S	10	20	21	1	5	10	28936.28621798362	27258.336389810946
SIFT1M	RESIDUAL_NLIST1024	A_TO_B	ADJ	S	11	22	23	0	5	10	29101.85763699431	32349.025405734286
SIFT1M	RESIDUAL_NLIST1024	A_TO_B	ADJ	S	11	22	23	1	5	10	24194.713681613182	30044.12933161221
SIFT1M	RESIDUAL_NLIST1024	A_TO_B	ADJ	S	12	24	25	0	5	10	27173.279568346887	28599.659881325664
SIFT1M	RESIDUAL_NLIST1024	A_TO_B	ADJ	S	12	24	25	1	5	10	25687.517125972085	25334.994589274844
SIFT1M	RESIDUAL_NLIST1024	A_TO_B	ADJ	S	13	26	27	0	5	10	25966.979593802942	27795.091894918096
SIFT1M	RESIDUAL_NLIST1024	A_TO_B	ADJ	S	13	26	27	1	5	10	28104.08718583591	33760.017971552734
SIFT1M	RESIDUAL_NLIST1024	A_TO_B	ADJ	S	14	28	29	0	5	10	27980.239429724315	26456.53665283457
SIFT1M	RESIDUAL_NLIST1024	A_TO_B	ADJ	S	14	28	29	1	5	10	23020.471415851833	20706.157926010597
SIFT1M	RESIDUAL_NLIST1024	A_TO_B	ADJ	S	15	30	31	0	5	10	26073.584348669094	25375.86686445492
SIFT1M	RESIDUAL_NLIST1024	A_TO_B	ADJ	S	15	30	31	1	5	10	21452.092795885663	22438.766242101963
SIFT1M	RESIDUAL_NLIST1024	A_TO_B	ADJ	S	16	32	33	0	5	10	24725.675839738753	23471.88134674023
SIFT1M	RESIDUAL_NLIST1024	A_TO_B	ADJ	S	16	32	33	1	5	10	23030.900205387792	23235.693036552737
SIFT1M	RESIDUAL_NLIST1024	A_TO_B	ADJ	S	17	34	35	0	5	10	23878.754363041895	21835.81629405468
SIFT1M	RESIDUAL_NLIST1024	A_TO_B	ADJ	S	17	34	35	1	5	10	18975.721374731307	22868.312794404217
SIFT1M	RESIDUAL_NLIST1024	A_TO_B	ADJ	S	18	36	37	0	4	8	48600.81451456806	53378.91701520598
SIFT1M	RESIDUAL_NLIST1024	A_TO_B	ADJ	S	18	36	37	1	4	8	47182.50114808274	44956.09489616122
SIFT1M	RESIDUAL_NLIST1024	A_TO_B	ADJ	S	19	38	39	0	5	9	20126.083299701633	19953.613359074945
SIFT1M	RESIDUAL_NLIST1024	A_TO_B	ADJ	S	19	38	39	1	4	9	47954.1009663484	50934.85758478971
SIFT1M	RESIDUAL_NLIST1024	A_TO_B	ADJ	S	20	40	41	0	4	8	43304.552762678315	46129.83382564701
SIFT1M	RESIDUAL_NLIST1024	A_TO_B	ADJ	S	20	40	41	1	4	8	42153.289597250594	44282.48516980145
SIFT1M	RESIDUAL_NLIST1024	A_TO_B	ADJ	S	21	42	43	0	4	8	43267.178972305395	44805.09877348746
SIFT1M	RESIDUAL_NLIST1024	A_TO_B	ADJ	S	21	42	43	1	4	8	46006.11856413804	43892.06046712371
SIFT1M	RESIDUAL_NLIST1024	A_TO_B	ADJ	S	22	44	45	0	4	8	41411.55744334254	39971.650923413654
SIFT1M	RESIDUAL_NLIST1024	A_TO_B	ADJ	S	22	44	45	1	4	8	39292.8052440492	40281.53124554371
SIFT1M	RESIDUAL_NLIST1024	A_TO_B	ADJ	S	23	46	47	0	4	8	42233.03530650853	38016.0231543361
SIFT1M	RESIDUAL_NLIST1024	A_TO_B	ADJ	S	23	46	47	1	4	8	38840.78886380353	35573.06328454585
SIFT1M	RESIDUAL_NLIST1024	A_TO_B	ADJ	S	24	48	49	0	4	8	35375.02059613599	40304.30756908821
SIFT1M	RESIDUAL_NLIST1024	A_TO_B	ADJ	S	24	48	49	1	4	8	36576.5640294331	39582.396212614585
SIFT1M	RESIDUAL_NLIST1024	A_TO_B	ADJ	S	25	50	51	0	4	8	34273.653471597994	34449.06708192236
SIFT1M	RESIDUAL_NLIST1024	A_TO_B	ADJ	S	25	50	51	1	4	8	33150.99114930078	37167.3349205109
SIFT1M	RESIDUAL_NLIST1024	A_TO_B	ADJ	S	26	52	53	0	4	8	37460.581707303776	35881.55544943515
SIFT1M	RESIDUAL_NLIST1024	A_TO_B	ADJ	S	26	52	53	1	4	8	32845.98263750384	33935.33586771012
SIFT1M	RESIDUAL_NLIST1024	A_TO_B	ADJ	S	27	54	55	0	4	8	31428.02792889899	31078.74502792177
SIFT1M	RESIDUAL_NLIST1024	A_TO_B	ADJ	S	27	54	55	1	4	8	29333.620061260382	29244.17115084738
SIFT1M	RESIDUAL_NLIST1024	A_TO_B	ADJ	S	28	56	57	0	4	8	34003.01516031518	28421.73878890597
SIFT1M	RESIDUAL_NLIST1024	A_TO_B	ADJ	S	28	56	57	1	4	8	29346.80252520873	28575.60025903554
SIFT1M	RESIDUAL_NLIST1024	A_TO_B	ADJ	S	29	58	59	0	4	8	29205.496863547327	28261.338404677597
SIFT1M	RESIDUAL_NLIST1024	A_TO_B	ADJ	S	29	58	59	1	4	8	26782.368790300505	25593.096993450185
SIFT1M	RESIDUAL_NLIST1024	A_TO_B	ADJ	S	30	60	61	0	4	8	28666.390706199127	29157.005566238884
SIFT1M	RESIDUAL_NLIST1024	A_TO_B	ADJ	S	30	60	61	1	4	8	25600.24440696506	27389.39391714226
SIFT1M	RESIDUAL_NLIST1024	A_TO_B	ADJ	S	31	62	63	0	4	8	26963.73051757899	28001.861391715214
SIFT1M	RESIDUAL_NLIST1024	A_TO_B	ADJ	S	31	62	63	1	4	8	23780.10752652034	28998.11199747999
SIFT1M	RESIDUAL_NLIST1024	A_TO_B	ADJ	S	32	64	65	0	4	8	25457.950416931028	25231.596291711972
SIFT1M	RESIDUAL_NLIST1024	A_TO_B	ADJ	S	32	64	65	1	4	8	24916.40616220249	28617.54337834716
SIFT1M	RESIDUAL_NLIST1024	A_TO_B	ADJ	S	33	66	67	0	4	8	26784.61050417246	22539.63779565546
SIFT1M	RESIDUAL_NLIST1024	A_TO_B	ADJ	S	33	66	67	1	4	8	20479.904825119513	22754.582224852424
SIFT1M	RESIDUAL_NLIST1024	A_TO_B	ADJ	S	34	68	69	0	4	8	21016.44682797721	25519.73933247688
SIFT1M	RESIDUAL_NLIST1024	A_TO_B	ADJ	S	34	68	69	1	4	8	19804.48969796751	19378.755251009497
SIFT1M	RESIDUAL_NLIST1024	A_TO_B	ADJ	S	35	70	71	0	4	8	21451.341350817296	22301.703580818445
SIFT1M	RESIDUAL_NLIST1024	A_TO_B	ADJ	S	35	70	71	1	4	8	21251.46950796286	20370.249050726485
SIFT1M	RESIDUAL_NLIST1024	A_TO_B	ADJ	S	36	72	73	0	4	8	19123.827370179628	18829.43573735712
SIFT1M	RESIDUAL_NLIST1024	A_TO_B	ADJ	S	36	72	73	1	4	8	21277.16167893143	20495.2676976346
SIFT1M	RESIDUAL_NLIST1024	A_TO_B	ADJ	S	37	74	75	0	4	8	19456.49318121674	21020.735713168946
SIFT1M	RESIDUAL_NLIST1024	A_TO_B	ADJ	S	37	74	75	1	4	8	18825.27273790699	19441.022180508906
SIFT1M	RESIDUAL_NLIST1024	A_TO_B	ADJ	S	38	76	77	0	4	8	18476.074800199873	18143.331740756883
SIFT1M	RESIDUAL_NLIST1024	A_TO_B	ADJ	S	38	76	77	1	4	8	19188.03136489996	19043.086166784804
SIFT1M	RESIDUAL_NLIST1024	A_TO_B	ADJ	S	39	78	79	0	4	8	21399.397816382836	17707.91466486726
SIFT1M	RESIDUAL_NLIST1024	A_TO_B	ADJ	S	39	78	79	1	4	8	15925.731979043492	16554.580435387277
SIFT1M	RESIDUAL_NLIST1024	A_TO_B	ADJ	S	40	80	81	0	4	8	17019.804114827093	16905.464976007155
SIFT1M	RESIDUAL_NLIST1024	A_TO_B	ADJ	S	40	80	81	1	4	8	15519.287598293196	20285.311621707733
SIFT1M	RESIDUAL_NLIST1024	A_TO_B	ADJ	S	41	82	83	0	4	8	16384.164051875734	16372.290209544753
SIFT1M	RESIDUAL_NLIST1024	A_TO_B	ADJ	S	41	82	83	1	4	8	15653.102046142816	16069.25905139481
SIFT1M	RESIDUAL_NLIST1024	A_TO_B	ADJ	S	42	84	85	0	4	8	15698.485904675757	16145.613820997347
SIFT1M	RESIDUAL_NLIST1024	A_TO_B	ADJ	S	42	84	85	1	4	8	15285.789659021048	17959.40962632383
SIFT1M	RESIDUAL_NLIST1024	A_TO_B	ADJ	S	43	86	87	0	4	8	16675.580020111913	15473.68847450926
SIFT1M	RESIDUAL_NLIST1024	A_TO_B	ADJ	S	43	86	87	1	4	8	16340.433113815756	15374.309733155624
SIFT1M	RESIDUAL_NLIST1024	A_TO_B	ADJ	S	44	88	89	0	4	8	15378.655952326011	14432.730947161777
SIFT1M	RESIDUAL_NLIST1024	A_TO_B	ADJ	S	44	88	89	1	4	8	15138.574644894554	15076.400168712793
SIFT1M	RESIDUAL_NLIST1024	A_TO_B	ADJ	S	45	90	91	0	4	7	13381.297830323834	13212.1891615858
SIFT1M	RESIDUAL_NLIST1024	A_TO_B	ADJ	S	45	90	91	1	3	7	41694.52520516167	42135.95239399496
SIFT1M	RESIDUAL_NLIST1024	A_TO_B	ADJ	S	46	92	93	0	4	7	13196.764225470495	12876.591789872982
SIFT1M	RESIDUAL_NLIST1024	A_TO_B	ADJ	S	46	92	93	1	3	7	41998.813072279685	42937.94985483735
SIFT1M	RESIDUAL_NLIST1024	A_TO_B	ADJ	S	47	94	95	0	3	6	42219.69423010666	43036.816116356924
SIFT1M	RESIDUAL_NLIST1024	A_TO_B	ADJ	S	47	94	95	1	3	6	39815.929833723414	41258.798619147696
SIFT1M	RESIDUAL_NLIST1024	A_TO_B	ADJ	S	48	96	97	0	3	6	42572.4938049038	40576.60617646914
SIFT1M	RESIDUAL_NLIST1024	A_TO_B	ADJ	S	48	96	97	1	3	6	41417.23243098277	41436.914326854734
SIFT1M	RESIDUAL_NLIST1024	A_TO_B	ADJ	S	49	98	99	0	3	6	41203.55668085416	40304.82057769296
SIFT1M	RESIDUAL_NLIST1024	A_TO_B	ADJ	S	49	98	99	1	3	6	40418.87037016005	36582.95359675193
SIFT1M	RESIDUAL_NLIST1024	A_TO_B	ADJ	S	50	100	101	0	3	6	35595.742834476725	34447.55481721623
SIFT1M	RESIDUAL_NLIST1024	A_TO_B	ADJ	S	50	100	101	1	3	6	34535.32776813448	35908.88378577538
SIFT1M	RESIDUAL_NLIST1024	A_TO_B	ADJ	S	51	102	103	0	3	6	37710.19355856768	35206.0491731799
SIFT1M	RESIDUAL_NLIST1024	A_TO_B	ADJ	S	51	102	103	1	3	6	35030.6005744242	33390.504669551025
SIFT1M	RESIDUAL_NLIST1024	A_TO_B	ADJ	S	52	104	105	0	3	6	34193.22823152112	34150.23682830838
SIFT1M	RESIDUAL_NLIST1024	A_TO_B	ADJ	S	52	104	105	1	3	6	33548.150147286535	33607.0394836989
SIFT1M	RESIDUAL_NLIST1024	A_TO_B	ADJ	S	53	106	107	0	3	6	30943.021508144535	30820.04667436755
SIFT1M	RESIDUAL_NLIST1024	A_TO_B	ADJ	S	53	106	107	1	3	6	32685.958193087536	33879.85385556129
SIFT1M	RESIDUAL_NLIST1024	A_TO_B	ADJ	S	54	108	109	0	3	6	31352.357428428448	31481.068713195076
SIFT1M	RESIDUAL_NLIST1024	A_TO_B	ADJ	S	54	108	109	1	3	6	30078.739669154413	28348.559901423097
SIFT1M	RESIDUAL_NLIST1024	A_TO_B	ADJ	S	55	110	111	0	3	6	26631.938723281666	28635.382373302687
SIFT1M	RESIDUAL_NLIST1024	A_TO_B	ADJ	S	55	110	111	1	3	6	25829.248723172343	25876.91362929675
SIFT1M	RESIDUAL_NLIST1024	A_TO_B	ADJ	S	56	112	113	0	3	6	26332.324439157674	26141.01220788175
SIFT1M	RESIDUAL_NLIST1024	A_TO_B	ADJ	S	56	112	113	1	3	6	25592.98038206045	25875.35172778886
SIFT1M	RESIDUAL_NLIST1024	A_TO_B	ADJ	S	57	114	115	0	3	6	25430.072396743974	25250.01816228753
SIFT1M	RESIDUAL_NLIST1024	A_TO_B	ADJ	S	57	114	115	1	3	6	22881.31371449995	23697.243844538985
SIFT1M	RESIDUAL_NLIST1024	A_TO_B	ADJ	S	58	116	117	0	3	6	23473.929226198168	22654.21792185747
SIFT1M	RESIDUAL_NLIST1024	A_TO_B	ADJ	S	58	116	117	1	3	6	20910.483775195185	23007.26395722513
SIFT1M	RESIDUAL_NLIST1024	A_TO_B	ADJ	S	59	118	119	0	3	6	21642.404685316305	21005.69461857734
SIFT1M	RESIDUAL_NLIST1024	A_TO_B	ADJ	S	59	118	119	1	3	6	21739.9820429948	22650.383691761766
SIFT1M	RESIDUAL_NLIST1024	A_TO_B	ADJ	S	60	120	121	0	3	6	19367.23599245381	18781.14346040043
SIFT1M	RESIDUAL_NLIST1024	A_TO_B	ADJ	S	60	120	121	1	3	6	18995.15399996397	18778.969801279978
SIFT1M	RESIDUAL_NLIST1024	A_TO_B	ADJ	S	61	122	123	0	3	6	18381.01092336596	17896.787778510057
SIFT1M	RESIDUAL_NLIST1024	A_TO_B	ADJ	S	61	122	123	1	3	6	16693.85431348825	18051.345692526607
SIFT1M	RESIDUAL_NLIST1024	A_TO_B	ADJ	S	62	124	125	0	3	6	18130.546391281216	17714.561306657488
SIFT1M	RESIDUAL_NLIST1024	A_TO_B	ADJ	S	62	124	125	1	3	6	16568.41712591224	17336.266363438343
SIFT1M	RESIDUAL_NLIST1024	A_TO_B	ADJ	S	63	126	127	0	3	5	13811.885932950303	13973.41879694237
SIFT1M	RESIDUAL_NLIST1024	A_TO_B	ADJ	S	63	126	127	1	2	5	39778.404356982166	40517.15030527985
SIFT1M	RESIDUAL_NLIST1024	A_TO_B	CORR_GREEDY	U	0	0	3	0	4	8	128025.96267997616	118093.07399404552
SIFT1M	RESIDUAL_NLIST1024	A_TO_B	CORR_GREEDY	U	0	0	3	1	4	8	126135.04667689826	96766.07953337666
SIFT1M	RESIDUAL_NLIST1024	A_TO_B	CORR_GREEDY	U	1	1	40	0	4	8	101238.19766083668	102768.4918008752
SIFT1M	RESIDUAL_NLIST1024	A_TO_B	CORR_GREEDY	U	1	1	40	1	4	8	44238.559618119085	49825.94339402787
SIFT1M	RESIDUAL_NLIST1024	A_TO_B	CORR_GREEDY	U	2	2	7	0	4	8	99718.17855704778	105335.89030334694
SIFT1M	RESIDUAL_NLIST1024	A_TO_B	CORR_GREEDY	U	2	2	7	1	4	8	83419.83096014662	78219.42699940637
SIFT1M	RESIDUAL_NLIST1024	A_TO_B	CORR_GREEDY	U	3	4	18	0	4	8	97575.74023101793	114065.5839504957
SIFT1M	RESIDUAL_NLIST1024	A_TO_B	CORR_GREEDY	U	3	4	18	1	4	8	73777.5164556941	69698.45286795753
SIFT1M	RESIDUAL_NLIST1024	A_TO_B	CORR_GREEDY	U	4	5	55	0	5	8	40658.28485283199	39043.353464644955
SIFT1M	RESIDUAL_NLIST1024	A_TO_B	CORR_GREEDY	U	4	5	55	1	3	8	97280.45949119085	96019.44363830313
SIFT1M	RESIDUAL_NLIST1024	A_TO_B	CORR_GREEDY	U	5	6	47	0	4	8	131634.13833294564	117580.71037691872
SIFT1M	RESIDUAL_NLIST1024	A_TO_B	CORR_GREEDY	U	5	6	47	1	4	8	40513.77541800758	36116.31378611608
SIFT1M	RESIDUAL_NLIST1024	A_TO_B	CORR_GREEDY	U	6	8	117	0	5	8	34001.62421537876	38884.70071937429
SIFT1M	RESIDUAL_NLIST1024	A_TO_B	CORR_GREEDY	U	6	8	117	1	3	8	22104.81585621883	22597.9599282828
SIFT1M	RESIDUAL_NLIST1024	A_TO_B	CORR_GREEDY	U	7	9	32	0	4	8	90122.5171999032	90999.92110312643
SIFT1M	RESIDUAL_NLIST1024	A_TO_B	CORR_GREEDY	U	7	9	32	1	4	8	62024.83951643127	60752.06241017684
SIFT1M	RESIDUAL_NLIST1024	A_TO_B	CORR_GREEDY	U	8	10	19	0	4	8	105707.67327531321	109187.19839294814
SIFT1M	RESIDUAL_NLIST1024	A_TO_B	CORR_GREEDY	U	8	10	19	1	4	8	68944.79304175006	81006.96015550652
SIFT1M	RESIDUAL_NLIST1024	A_TO_B	CORR_GREEDY	U	9	11	33	0	4	8	99736.45575219326	96196.07782406177
SIFT1M	RESIDUAL_NLIST1024	A_TO_B	CORR_GREEDY	U	9	11	33	1	4	8	58219.12297811746	54254.505206885646
SIFT1M	RESIDUAL_NLIST1024	A_TO_B	CORR_GREEDY	U	10	12	24	0	4	8	92673.74991531727	99753.81115202082
SIFT1M	RESIDUAL_NLIST1024	A_TO_B	CORR_GREEDY	U	10	12	24	1	4	8	72259.20829750769	72326.74496001212
SIFT1M	RESIDUAL_NLIST1024	A_TO_B	CORR_GREEDY	U	11	13	23	0	4	8	87648.57033873073	93724.95540228268
SIFT1M	RESIDUAL_NLIST1024	A_TO_B	CORR_GREEDY	U	11	13	23	1	4	8	67154.2727866125	75063.05830506541
SIFT1M	RESIDUAL_NLIST1024	A_TO_B	CORR_GREEDY	U	12	14	63	0	4	8	83079.52645272901	83374.25481262247
SIFT1M	RESIDUAL_NLIST1024	A_TO_B	CORR_GREEDY	U	12	14	63	1	4	8	25453.900397254016	27313.924975968752
SIFT1M	RESIDUAL_NLIST1024	A_TO_B	CORR_GREEDY	U	13	15	25	0	4	8	77614.34007266219	83093.00913712382
SIFT1M	RESIDUAL_NLIST1024	A_TO_B	CORR_GREEDY	U	13	15	25	1	4	8	54083.466348844224	59707.83047618873
SIFT1M	RESIDUAL_NLIST1024	A_TO_B	CORR_GREEDY	U	14	16	21	0	4	8	93492.08364937137	84021.58017461695
SIFT1M	RESIDUAL_NLIST1024	A_TO_B	CORR_GREEDY	U	14	16	21	1	4	8	75626.59390580072	75943.33941416876
SIFT1M	RESIDUAL_NLIST1024	A_TO_B	CORR_GREEDY	U	15	17	34	0	4	8	93848.0236299105	85179.923092886
SIFT1M	RESIDUAL_NLIST1024	A_TO_B	CORR_GREEDY	U	15	17	34	1	4	8	50018.01569902374	54948.65042942797
SIFT1M	RESIDUAL_NLIST1024	A_TO_B	CORR_GREEDY	U	16	20	39	0	4	8	79253.64996351211	84143.23049734555
SIFT1M	RESIDUAL_NLIST1024	A_TO_B	CORR_GREEDY	U	16	20	39	1	4	8	48951.81218487576	51718.40930970841
SIFT1M	RESIDUAL_NLIST1024	A_TO_B	CORR_GREEDY	U	17	22	123	0	5	8	28855.505157498257	32014.61048214874
SIFT1M	RESIDUAL_NLIST1024	A_TO_B	CORR_GREEDY	U	17	22	123	1	3	8	16675.617559999315	17195.505123847208
SIFT1M	RESIDUAL_NLIST1024	A_TO_B	CORR_GREEDY	U	18	26	29	0	4	8	65541.20327403487	69993.83265333597
SIFT1M	RESIDUAL_NLIST1024	A_TO_B	CORR_GREEDY	U	18	26	29	1	4	8	58585.65355784467	57439.89705926388
SIFT1M	RESIDUAL_NLIST1024	A_TO_B	CORR_GREEDY	U	19	27	118	0	5	8	27831.32191843344	28982.90974471176
SIFT1M	RESIDUAL_NLIST1024	A_TO_B	CORR_GREEDY	U	19	27	118	1	3	8	21736.217321125147	21012.683797879767
SIFT1M	RESIDUAL_NLIST1024	A_TO_B	CORR_GREEDY	U	20	28	70	0	4	8	59499.85415825825	63910.89568498552
SIFT1M	RESIDUAL_NLIST1024	A_TO_B	CORR_GREEDY	U	20	28	70	1	4	8	21339.32945363718	20193.629307216128
SIFT1M	RESIDUAL_NLIST1024	A_TO_B	CORR_GREEDY	U	21	30	31	0	4	8	65600.93270647815	67386.33980833623
SIFT1M	RESIDUAL_NLIST1024	A_TO_B	CORR_GREEDY	U	21	30	31	1	4	8	55773.68360534325	57646.62735388952
SIFT1M	RESIDUAL_NLIST1024	A_TO_B	CORR_GREEDY	U	22	35	44	0	4	8	55480.104520355715	56201.114150899244
SIFT1M	RESIDUAL_NLIST1024	A_TO_B	CORR_GREEDY	U	22	35	44	1	4	8	41407.06746884295	40542.307510446364
SIFT1M	RESIDUAL_NLIST1024	A_TO_B	CORR_GREEDY	U	23	36	67	0	4	8	51009.747221988	46996.49971296068
SIFT1M	RESIDUAL_NLIST1024	A_TO_B	CORR_GREEDY	U	23	36	67	1	4	8	21447.094401615046	22296.90845433865
SIFT1M	RESIDUAL_NLIST1024	A_TO_B	CORR_GREEDY	U	24	37	119	0	5	8	20021.17530497667	21604.138835418402
SIFT1M	RESIDUAL_NLIST1024	A_TO_B	CORR_GREEDY	U	24	37	119	1	3	8	21568.705310425757	22745.809083957105
SIFT1M	RESIDUAL_NLIST1024	A_TO_B	CORR_GREEDY	U	25	38	89	0	4	8	50439.073203974425	51613.84511221542
SIFT1M	RESIDUAL_NLIST1024	A_TO_B	CORR_GREEDY	U	25	38	89	1	4	8	14741.18592908482	16606.511486911062
SIFT1M	RESIDUAL_NLIST1024	A_TO_B	CORR_GREEDY	U	26	41	57	0	4	8	42742.74677932573	45445.31985509455
SIFT1M	RESIDUAL_NLIST1024	A_TO_B	CORR_GREEDY	U	26	41	57	1	4	8	32870.277689177485	28133.44115622447
SIFT1M	RESIDUAL_NLIST1024	A_TO_B	CORR_GREEDY	U	27	42	76	0	4	8	44037.186654099685	46235.420561464794
SIFT1M	RESIDUAL_NLIST1024	A_TO_B	CORR_GREEDY	U	27	42	76	1	4	8	19729.38996225415	19411.67483628811
SIFT1M	RESIDUAL_NLIST1024	A_TO_B	CORR_GREEDY	U	28	43	124	0	5	8	19876.6582524849	16040.825579228862
SIFT1M	RESIDUAL_NLIST1024	A_TO_B	CORR_GREEDY	U	28	43	124	1	3	8	17990.23105868443	18077.771843692204
SIFT1M	RESIDUAL_NLIST1024	A_TO_B	CORR_GREEDY	U	29	45	101	0	5	8	15642.92042042303	15982.069436094615
SIFT1M	RESIDUAL_NLIST1024	A_TO_B	CORR_GREEDY	U	29	45	101	1	3	8	33733.505484562105	34896.13519720177
SIFT1M	RESIDUAL_NLIST1024	A_TO_B	CORR_GREEDY	U	30	46	94	0	4	8	44211.49315809106	40139.78244790273
SIFT1M	RESIDUAL_NLIST1024	A_TO_B	CORR_GREEDY	U	30	46	94	1	4	8	13046.766148933959	12556.168192035811
SIFT1M	RESIDUAL_NLIST1024	A_TO_B	CORR_GREEDY	U	31	48	84	0	4	8	36973.98196266587	42612.724361987915
SIFT1M	RESIDUAL_NLIST1024	A_TO_B	CORR_GREEDY	U	31	48	84	1	4	8	15839.999036923578	16919.624903558215
SIFT1M	RESIDUAL_NLIST1024	A_TO_B	CORR_GREEDY	U	32	49	58	0	4	8	35332.63850654334	34035.429629006714
SIFT1M	RESIDUAL_NLIST1024	A_TO_B	CORR_GREEDY	U	32	49	58	1	4	8	28679.40419280832	28631.50113617187
SIFT1M	RESIDUAL_NLIST1024	A_TO_B	CORR_GREEDY	U	33	50	100	0	4	8	36680.37627276627	36115.703480701195
SIFT1M	RESIDUAL_NLIST1024	A_TO_B	CORR_GREEDY	U	33	50	100	1	4	8	11018.408312577432	10967.176252254838
SIFT1M	RESIDUAL_NLIST1024	A_TO_B	CORR_GREEDY	U	34	51	115	0	5	8	14216.31527416794	15690.713431228494
SIFT1M	RESIDUAL_NLIST1024	A_TO_B	CORR_GREEDY	U	34	51	115	1	3	8	22772.965953408606	23763.19988781588
SIFT1M	RESIDUAL_NLIST1024	A_TO_B	CORR_GREEDY	U	35	52	113	0	5	8	12914.386801045926	13171.002063064756
SIFT1M	RESIDUAL_NLIST1024	A_TO_B	CORR_GREEDY	U	35	52	113	1	3	8	25704.56806824175	25471.733438318985
SIFT1M	RESIDUAL_NLIST1024	A_TO_B	CORR_GREEDY	U	36	53	120	0	5	8	11959.251866313407	13097.569455905148
SIFT1M	RESIDUAL_NLIST1024	A_TO_B	CORR_GREEDY	U	36	53	120	1	3	8	19230.65921761041	19330.189974103272
SIFT1M	RESIDUAL_NLIST1024	A_TO_B	CORR_GREEDY	U	37	54	59	0	4	8	30288.659201326915	32094.596870031928
SIFT1M	RESIDUAL_NLIST1024	A_TO_B	CORR_GREEDY	U	37	54	59	1	4	8	25867.6520962577	25315.41607089073
SIFT1M	RESIDUAL_NLIST1024	A_TO_B	CORR_GREEDY	U	38	56	102	0	4	8	31501.752719283217	29812.25354287999
SIFT1M	RESIDUAL_NLIST1024	A_TO_B	CORR_GREEDY	U	38	56	102	1	4	8	11648.327435325427	10932.710977546903
SIFT1M	RESIDUAL_NLIST1024	A_TO_B	CORR_GREEDY	U	39	60	64	0	4	8	29754.677492384755	26045.019885178597
SIFT1M	RESIDUAL_NLIST1024	A_TO_B	CORR_GREEDY	U	39	60	64	1	4	8	22706.21432495179	28813.674826196948
SIFT1M	RESIDUAL_NLIST1024	A_TO_B	CORR_GREEDY	U	40	61	109	0	4	8	29673.843156474075	27820.24414952557
SIFT1M	RESIDUAL_NLIST1024	A_TO_B	CORR_GREEDY	U	40	61	109	1	4	8	9585.372637626466	8499.263963212316
SIFT1M	RESIDUAL_NLIST1024	A_TO_B	CORR_GREEDY	U	41	62	79	0	4	8	27453.14669699986	30830.822956864184
SIFT1M	RESIDUAL_NLIST1024	A_TO_B	CORR_GREEDY	U	41	62	79	1	4	8	16161.91316125109	16363.755041803586
SIFT1M	RESIDUAL_NLIST1024	A_TO_B	CORR_GREEDY	U	42	65	80	0	4	8	24340.47403173097	29788.334579795155
SIFT1M	RESIDUAL_NLIST1024	A_TO_B	CORR_GREEDY	U	42	65	80	1	4	8	17264.195997970164	17094.25169122855
SIFT1M	RESIDUAL_NLIST1024	A_TO_B	CORR_GREEDY	U	43	66	112	0	4	8	27521.546922665497	22438.21522578426
SIFT1M	RESIDUAL_NLIST1024	A_TO_B	CORR_GREEDY	U	43	66	112	1	4	8	7622.291750945809	7516.443190123392
SIFT1M	RESIDUAL_NLIST1024	A_TO_B	CORR_GREEDY	U	44	68	71	0	4	8	20333.97988648945	23420.566752170496
SIFT1M	RESIDUAL_NLIST1024	A_TO_B	CORR_GREEDY	U	44	68	71	1	4	8	19928.234613066066	24454.124516508822
SIFT1M	RESIDUAL_NLIST1024	A_TO_B	CORR_GREEDY	U	45	69	107	0	4	8	19823.076093985743	19133.358899253923
SIFT1M	RESIDUAL_NLIST1024	A_TO_B	CORR_GREEDY	U	45	69	107	1	4	8	10520.159947313019	11288.12732657939
SIFT1M	RESIDUAL_NLIST1024	A_TO_B	CORR_GREEDY	U	46	72	110	0	4	8	19134.417181493387	20075.426456495283
SIFT1M	RESIDUAL_NLIST1024	A_TO_B	CORR_GREEDY	U	46	72	110	1	4	8	7828.9207622718295	8631.450021333598
SIFT1M	RESIDUAL_NLIST1024	A_TO_B	CORR_GREEDY	U	47	73	127	0	5	8	7850.961879681613	7589.185589435245
SIFT1M	RESIDUAL_NLIST1024	A_TO_B	CORR_GREEDY	U	47	73	127	1	3	8	12236.283087603926	12189.320517368591
SIFT1M	RESIDUAL_NLIST1024	A_TO_B	CORR_GREEDY	U	48	74	103	0	4	8	19524.64470461005	20667.98803306695
SIFT1M	RESIDUAL_NLIST1024	A_TO_B	CORR_GREEDY	U	48	74	103	1	4	8	10278.174079216293	10361.509978513828
SIFT1M	RESIDUAL_NLIST1024	A_TO_B	CORR_GREEDY	U	49	75	93	0	4	8	19103.159839054468	19398.378224634595
SIFT1M	RESIDUAL_NLIST1024	A_TO_B	CORR_GREEDY	U	49	75	93	1	4	8	12608.69805772318	12971.893476707035
SIFT1M	RESIDUAL_NLIST1024	A_TO_B	CORR_GREEDY	U	50	77	125	0	4	8	18498.4827890115	17816.278173420997
SIFT1M	RESIDUAL_NLIST1024	A_TO_B	CORR_GREEDY	U	50	77	125	1	4	8	5149.9232572460105	5069.661082768944
SIFT1M	RESIDUAL_NLIST1024	A_TO_B	CORR_GREEDY	U	51	78	96	0	4	8	20666.890241336157	17823.163148002546
SIFT1M	RESIDUAL_NLIST1024	A_TO_B	CORR_GREEDY	U	51	78	96	1	4	8	13471.276926827886	11961.107270693368
SIFT1M	RESIDUAL_NLIST1024	A_TO_B	CORR_GREEDY	U	52	81	83	0	4	8	16068.379455507136	17996.37646838166
SIFT1M	RESIDUAL_NLIST1024	A_TO_B	CORR_GREEDY	U	52	81	83	1	4	8	16231.425554042533	20276.13364916787
SIFT1M	RESIDUAL_NLIST1024	A_TO_B	CORR_GREEDY	U	53	82	126	0	5	8	5938.590705783145	6247.582209183771
SIFT1M	RESIDUAL_NLIST1024	A_TO_B	CORR_GREEDY	U	53	82	126	1	3	8	13752.063903440288	13971.910726756618
SIFT1M	RESIDUAL_NLIST1024	A_TO_B	CORR_GREEDY	U	54	85	108	0	4	8	14723.839326530831	17358.00473472113
SIFT1M	RESIDUAL_NLIST1024	A_TO_B	CORR_GREEDY	U	54	85	108	1	4	8	9747.770237715296	9891.403471904316
SIFT1M	RESIDUAL_NLIST1024	A_TO_B	CORR_GREEDY	U	55	86	111	0	4	8	16517.247346584503	16342.711051573155
SIFT1M	RESIDUAL_NLIST1024	A_TO_B	CORR_GREEDY	U	55	86	111	1	4	8	7794.981888761866	7829.39174701924
SIFT1M	RESIDUAL_NLIST1024	A_TO_B	CORR_GREEDY	U	56	87	88	0	4	8	16294.195979817587	16169.033483003768
SIFT1M	RESIDUAL_NLIST1024	A_TO_B	CORR_GREEDY	U	56	87	88	1	4	8	14356.643749168885	15719.890872691894
SIFT1M	RESIDUAL_NLIST1024	A_TO_B	CORR_GREEDY	U	57	90	91	0	4	8	13381.297830323834	13212.1891615858
SIFT1M	RESIDUAL_NLIST1024	A_TO_B	CORR_GREEDY	U	57	90	91	1	4	8	12459.983679239787	13064.6385654288
SIFT1M	RESIDUAL_NLIST1024	A_TO_B	CORR_GREEDY	U	58	92	104	0	4	8	12640.044029636112	13129.159365131938
SIFT1M	RESIDUAL_NLIST1024	A_TO_B	CORR_GREEDY	U	58	92	104	1	4	8	9978.378541385895	10235.141998262923
SIFT1M	RESIDUAL_NLIST1024	A_TO_B	CORR_GREEDY	U	59	95	99	0	4	8	12166.899288475674	11613.42757186052
SIFT1M	RESIDUAL_NLIST1024	A_TO_B	CORR_GREEDY	U	59	95	99	1	4	8	14404.327646837573	12829.179245995712
SIFT1M	RESIDUAL_NLIST1024	A_TO_B	CORR_GREEDY	U	60	97	121	0	4	8	13035.035893957927	12652.254806294148
SIFT1M	RESIDUAL_NLIST1024	A_TO_B	CORR_GREEDY	U	60	97	121	1	4	8	5724.658595349286	5434.967302389665
SIFT1M	RESIDUAL_NLIST1024	A_TO_B	CORR_GREEDY	U	61	98	122	0	4	8	12392.79498342151	12803.602942843205
SIFT1M	RESIDUAL_NLIST1024	A_TO_B	CORR_GREEDY	U	61	98	122	1	4	8	5689.764663922877	5420.563881995784
SIFT1M	RESIDUAL_NLIST1024	A_TO_B	CORR_GREEDY	U	62	105	106	0	4	8	10194.188818580002	10558.701523945809
SIFT1M	RESIDUAL_NLIST1024	A_TO_B	CORR_GREEDY	U	62	105	106	1	4	8	8952.685719569137	9528.455515304391
SIFT1M	RESIDUAL_NLIST1024	A_TO_B	CORR_GREEDY	U	63	114	116	0	4	8	7885.518571300774	8041.691348565057
SIFT1M	RESIDUAL_NLIST1024	A_TO_B	CORR_GREEDY	U	63	114	116	1	4	8	6158.509609730089	6836.230740001602
SIFT1M	RESIDUAL_NLIST1024	A_TO_B	CORR_GREEDY	V	0	0	3	0	5	10	48785.8784135772	47821.955016248874
SIFT1M	RESIDUAL_NLIST1024	A_TO_B	CORR_GREEDY	V	0	0	3	1	5	10	50041.94334121895	43221.79661922251
SIFT1M	RESIDUAL_NLIST1024	A_TO_B	CORR_GREEDY	V	1	1	40	0	5	9	34500.85082203757	39455.88207392585
SIFT1M	RESIDUAL_NLIST1024	A_TO_B	CORR_GREEDY	V	1	1	40	1	4	9	44238.559618119085	49825.94339402787
SIFT1M	RESIDUAL_NLIST1024	A_TO_B	CORR_GREEDY	V	2	2	7	0	5	10	38569.15843112131	39727.61312723738
SIFT1M	RESIDUAL_NLIST1024	A_TO_B	CORR_GREEDY	V	2	2	7	1	5	10	33836.07127407279	31428.831522095075
SIFT1M	RESIDUAL_NLIST1024	A_TO_B	CORR_GREEDY	V	3	4	18	0	5	10	37915.099412957854	47328.60043262024
SIFT1M	RESIDUAL_NLIST1024	A_TO_B	CORR_GREEDY	V	3	4	18	1	5	10	26547.028068631884	25632.18535238614
SIFT1M	RESIDUAL_NLIST1024	A_TO_B	CORR_GREEDY	V	4	5	55	0	5	9	40658.28485283199	39043.353464644955
SIFT1M	RESIDUAL_NLIST1024	A_TO_B	CORR_GREEDY	V	4	5	55	1	4	9	28353.91178626471	28426.045395781533
SIFT1M	RESIDUAL_NLIST1024	A_TO_B	CORR_GREEDY	V	5	6	47	0	5	9	49274.70750237944	42320.840579947646
SIFT1M	RESIDUAL_NLIST1024	A_TO_B	CORR_GREEDY	V	5	6	47	1	4	9	40513.77541800758	36116.31378611608
SIFT1M	RESIDUAL_NLIST1024	A_TO_B	CORR_GREEDY	V	6	8	117	0	5	8	34001.62421537876	38884.70071937429
SIFT1M	RESIDUAL_NLIST1024	A_TO_B	CORR_GREEDY	V	6	8	117	1	3	8	22104.81585621883	22597.9599282828
SIFT1M	RESIDUAL_NLIST1024	A_TO_B	CORR_GREEDY	V	7	9	32	0	5	10	34057.81411218412	34966.21704472106
SIFT1M	RESIDUAL_NLIST1024	A_TO_B	CORR_GREEDY	V	7	9	32	1	5	10	24751.54955111032	22283.25429782029
SIFT1M	RESIDUAL_NLIST1024	A_TO_B	CORR_GREEDY	V	8	10	19	0	5	10	38343.15021188086	41996.12419502424
SIFT1M	RESIDUAL_NLIST1024	A_TO_B	CORR_GREEDY	V	8	10	19	1	5	10	27197.538214315726	31333.657590161558
SIFT1M	RESIDUAL_NLIST1024	A_TO_B	CORR_GREEDY	V	9	11	33	0	5	10	39078.35655865454	36463.32568106979
SIFT1M	RESIDUAL_NLIST1024	A_TO_B	CORR_GREEDY	V	9	11	33	1	5	10	21829.736726400224	20833.205164420353
SIFT1M	RESIDUAL_NLIST1024	A_TO_B	CORR_GREEDY	V	10	12	24	0	5	10	31201.304744586174	37551.27860049996
SIFT1M	RESIDUAL_NLIST1024	A_TO_B	CORR_GREEDY	V	10	12	24	1	5	10	27451.24455598185	27248.507056707258
SIFT1M	RESIDUAL_NLIST1024	A_TO_B	CORR_GREEDY	V	11	13	23	0	5	10	32811.63021446487	35880.950925588746
SIFT1M	RESIDUAL_NLIST1024	A_TO_B	CORR_GREEDY	V	11	13	23	1	5	10	26618.240195619204	30408.50239049639
SIFT1M	RESIDUAL_NLIST1024	A_TO_B	CORR_GREEDY	V	12	14	63	0	5	9	32143.134090408123	31831.810875540148
SIFT1M	RESIDUAL_NLIST1024	A_TO_B	CORR_GREEDY	V	12	14	63	1	4	9	25453.900397254016	27313.924975968752
SIFT1M	RESIDUAL_NLIST1024	A_TO_B	CORR_GREEDY	V	13	15	25	0	5	10	30241.034865192003	33778.73834613584
SIFT1M	RESIDUAL_NLIST1024	A_TO_B	CORR_GREEDY	V	13	15	25	1	5	10	20530.891441481916	26008.702943417193
SIFT1M	RESIDUAL_NLIST1024	A_TO_B	CORR_GREEDY	V	14	16	21	0	5	10	37521.569720663065	32123.21369426372
SIFT1M	RESIDUAL_NLIST1024	A_TO_B	CORR_GREEDY	V	14	16	21	1	5	10	31954.282689345877	29816.805243143703
SIFT1M	RESIDUAL_NLIST1024	A_TO_B	CORR_GREEDY	V	15	17	34	0	5	9	34329.41220950195	36012.46995094757
SIFT1M	RESIDUAL_NLIST1024	A_TO_B	CORR_GREEDY	V	15	17	34	1	4	9	50018.01569902374	54948.65042942797
SIFT1M	RESIDUAL_NLIST1024	A_TO_B	CORR_GREEDY	V	16	20	39	0	5	9	30352.423905880547	32808.00026242082
SIFT1M	RESIDUAL_NLIST1024	A_TO_B	CORR_GREEDY	V	16	20	39	1	4	9	48951.81218487576	51718.40930970841
SIFT1M	RESIDUAL_NLIST1024	A_TO_B	CORR_GREEDY	V	17	22	123	0	5	8	28855.505157498257	32014.61048214874
SIFT1M	RESIDUAL_NLIST1024	A_TO_B	CORR_GREEDY	V	17	22	123	1	3	8	16675.617559999315	17195.505123847208
SIFT1M	RESIDUAL_NLIST1024	A_TO_B	CORR_GREEDY	V	18	26	29	0	5	10	26090.187086389444	28107.972714049305
SIFT1M	RESIDUAL_NLIST1024	A_TO_B	CORR_GREEDY	V	18	26	29	1	5	10	23438.418274375046	23810.198724809557
SIFT1M	RESIDUAL_NLIST1024	A_TO_B	CORR_GREEDY	V	19	27	118	0	5	8	27831.32191843344	28982.90974471176
SIFT1M	RESIDUAL_NLIST1024	A_TO_B	CORR_GREEDY	V	19	27	118	1	3	8	21736.217321125147	21012.683797879767
SIFT1M	RESIDUAL_NLIST1024	A_TO_B	CORR_GREEDY	V	20	28	70	0	5	9	22025.55471794731	27646.243694313685
SIFT1M	RESIDUAL_NLIST1024	A_TO_B	CORR_GREEDY	V	20	28	70	1	4	9	21339.32945363718	20193.629307216128
SIFT1M	RESIDUAL_NLIST1024	A_TO_B	CORR_GREEDY	V	21	30	31	0	5	10	26073.584348669094	25375.86686445492
SIFT1M	RESIDUAL_NLIST1024	A_TO_B	CORR_GREEDY	V	21	30	31	1	5	10	21452.092795885663	22438.766242101963
SIFT1M	RESIDUAL_NLIST1024	A_TO_B	CORR_GREEDY	V	22	35	44	0	5	9	22615.38205950701	23176.386005404092
SIFT1M	RESIDUAL_NLIST1024	A_TO_B	CORR_GREEDY	V	22	35	44	1	4	9	41407.06746884295	40542.307510446364
SIFT1M	RESIDUAL_NLIST1024	A_TO_B	CORR_GREEDY	V	23	36	67	0	4	8	51009.747221988	46996.49971296068
SIFT1M	RESIDUAL_NLIST1024	A_TO_B	CORR_GREEDY	V	23	36	67	1	4	8	21447.094401615046	22296.90845433865
SIFT1M	RESIDUAL_NLIST1024	A_TO_B	CORR_GREEDY	V	24	37	119	0	4	7	48151.07839727941	51506.54079077876
SIFT1M	RESIDUAL_NLIST1024	A_TO_B	CORR_GREEDY	V	24	37	119	1	3	7	21568.705310425757	22745.809083957105
SIFT1M	RESIDUAL_NLIST1024	A_TO_B	CORR_GREEDY	V	25	38	89	0	5	9	19691.19014478683	19908.3964175677
SIFT1M	RESIDUAL_NLIST1024	A_TO_B	CORR_GREEDY	V	25	38	89	1	4	9	14741.18592908482	16606.511486911062
SIFT1M	RESIDUAL_NLIST1024	A_TO_B	CORR_GREEDY	V	26	41	57	0	4	8	42742.74677932573	45445.31985509455
SIFT1M	RESIDUAL_NLIST1024	A_TO_B	CORR_GREEDY	V	26	41	57	1	4	8	32870.277689177485	28133.44115622447
SIFT1M	RESIDUAL_NLIST1024	A_TO_B	CORR_GREEDY	V	27	42	76	0	4	8	44037.186654099685	46235.420561464794
SIFT1M	RESIDUAL_NLIST1024	A_TO_B	CORR_GREEDY	V	27	42	76	1	4	8	19729.38996225415	19411.67483628811
SIFT1M	RESIDUAL_NLIST1024	A_TO_B	CORR_GREEDY	V	28	43	124	0	4	7	48474.377917359045	43479.73753187948
SIFT1M	RESIDUAL_NLIST1024	A_TO_B	CORR_GREEDY	V	28	43	124	1	3	7	17990.23105868443	18077.771843692204
SIFT1M	RESIDUAL_NLIST1024	A_TO_B	CORR_GREEDY	V	29	45	101	0	4	7	40102.813265522476	38723.12430200324
SIFT1M	RESIDUAL_NLIST1024	A_TO_B	CORR_GREEDY	V	29	45	101	1	3	7	33733.505484562105	34896.13519720177
SIFT1M	RESIDUAL_NLIST1024	A_TO_B	CORR_GREEDY	V	30	46	94	0	4	7	44211.49315809106	40139.78244790273
SIFT1M	RESIDUAL_NLIST1024	A_TO_B	CORR_GREEDY	V	30	46	94	1	3	7	42789.62157280088	43057.77142278226
SIFT1M	RESIDUAL_NLIST1024	A_TO_B	CORR_GREEDY	V	31	48	84	0	4	8	36973.98196266587	42612.724361987915
SIFT1M	RESIDUAL_NLIST1024	A_TO_B	CORR_GREEDY	V	31	48	84	1	4	8	15839.999036923578	16919.624903558215
SIFT1M	RESIDUAL_NLIST1024	A_TO_B	CORR_GREEDY	V	32	49	58	0	4	8	35332.63850654334	34035.429629006714
SIFT1M	RESIDUAL_NLIST1024	A_TO_B	CORR_GREEDY	V	32	49	58	1	4	8	28679.40419280832	28631.50113617187
SIFT1M	RESIDUAL_NLIST1024	A_TO_B	CORR_GREEDY	V	33	50	100	0	4	7	36680.37627276627	36115.703480701195
SIFT1M	RESIDUAL_NLIST1024	A_TO_B	CORR_GREEDY	V	33	50	100	1	3	7	35406.97810622459	35587.164392710205
SIFT1M	RESIDUAL_NLIST1024	A_TO_B	CORR_GREEDY	V	34	51	115	0	4	7	34910.31591011153	37114.956979223934
SIFT1M	RESIDUAL_NLIST1024	A_TO_B	CORR_GREEDY	V	34	51	115	1	3	7	22772.965953408606	23763.19988781588
SIFT1M	RESIDUAL_NLIST1024	A_TO_B	CORR_GREEDY	V	35	52	113	0	4	7	37830.02771419715	36068.298238229385
SIFT1M	RESIDUAL_NLIST1024	A_TO_B	CORR_GREEDY	V	35	52	113	1	3	7	25704.56806824175	25471.733438318985
SIFT1M	RESIDUAL_NLIST1024	A_TO_B	CORR_GREEDY	V	36	53	120	0	4	7	32817.204106067875	34271.7085164655
SIFT1M	RESIDUAL_NLIST1024	A_TO_B	CORR_GREEDY	V	36	53	120	1	3	7	19230.65921761041	19330.189974103272
SIFT1M	RESIDUAL_NLIST1024	A_TO_B	CORR_GREEDY	V	37	54	59	0	4	8	30288.659201326915	32094.596870031928
SIFT1M	RESIDUAL_NLIST1024	A_TO_B	CORR_GREEDY	V	37	54	59	1	4	8	25867.6520962577	25315.41607089073
SIFT1M	RESIDUAL_NLIST1024	A_TO_B	CORR_GREEDY	V	38	56	102	0	4	7	31501.752719283217	29812.25354287999
SIFT1M	RESIDUAL_NLIST1024	A_TO_B	CORR_GREEDY	V	38	56	102	1	3	7	38139.92560480472	35852.6305182452
SIFT1M	RESIDUAL_NLIST1024	A_TO_B	CORR_GREEDY	V	39	60	64	0	4	8	29754.677492384755	26045.019885178597
SIFT1M	RESIDUAL_NLIST1024	A_TO_B	CORR_GREEDY	V	39	60	64	1	4	8	22706.21432495179	28813.674826196948
SIFT1M	RESIDUAL_NLIST1024	A_TO_B	CORR_GREEDY	V	40	61	109	0	4	7	29673.843156474075	27820.24414952557
SIFT1M	RESIDUAL_NLIST1024	A_TO_B	CORR_GREEDY	V	40	61	109	1	3	7	30100.36073370693	28471.268237296154
SIFT1M	RESIDUAL_NLIST1024	A_TO_B	CORR_GREEDY	V	41	62	79	0	4	8	27453.14669699986	30830.822956864184
SIFT1M	RESIDUAL_NLIST1024	A_TO_B	CORR_GREEDY	V	41	62	79	1	4	8	16161.91316125109	16363.755041803586
SIFT1M	RESIDUAL_NLIST1024	A_TO_B	CORR_GREEDY	V	42	65	80	0	4	8	24340.47403173097	29788.334579795155
SIFT1M	RESIDUAL_NLIST1024	A_TO_B	CORR_GREEDY	V	42	65	80	1	4	8	17264.195997970164	17094.25169122855
SIFT1M	RESIDUAL_NLIST1024	A_TO_B	CORR_GREEDY	V	43	66	112	0	4	7	27521.546922665497	22438.21522578426
SIFT1M	RESIDUAL_NLIST1024	A_TO_B	CORR_GREEDY	V	43	66	112	1	3	7	26093.75833257613	25769.838313725333
SIFT1M	RESIDUAL_NLIST1024	A_TO_B	CORR_GREEDY	V	44	68	71	0	4	8	20333.97988648945	23420.566752170496
SIFT1M	RESIDUAL_NLIST1024	A_TO_B	CORR_GREEDY	V	44	68	71	1	4	8	19928.234613066066	24454.124516508822
SIFT1M	RESIDUAL_NLIST1024	A_TO_B	CORR_GREEDY	V	45	69	107	0	4	7	19823.076093985743	19133.358899253923
SIFT1M	RESIDUAL_NLIST1024	A_TO_B	CORR_GREEDY	V	45	69	107	1	3	7	32632.567607648125	33334.67329428441
SIFT1M	RESIDUAL_NLIST1024	A_TO_B	CORR_GREEDY	V	46	72	110	0	4	7	19134.417181493387	20075.426456495283
SIFT1M	RESIDUAL_NLIST1024	A_TO_B	CORR_GREEDY	V	46	72	110	1	3	7	26739.475673100962	28792.396169411135
SIFT1M	RESIDUAL_NLIST1024	A_TO_B	CORR_GREEDY	V	47	73	127	0	4	6	21552.970150798596	20360.290892230878
SIFT1M	RESIDUAL_NLIST1024	A_TO_B	CORR_GREEDY	V	47	73	127	1	2	6	39777.64933016446	40686.7667288261
SIFT1M	RESIDUAL_NLIST1024	A_TO_B	CORR_GREEDY	V	48	74	103	0	4	7	19524.64470461005	20667.98803306695
SIFT1M	RESIDUAL_NLIST1024	A_TO_B	CORR_GREEDY	V	48	74	103	1	3	7	35636.36684641777	34106.478934849474
SIFT1M	RESIDUAL_NLIST1024	A_TO_B	CORR_GREEDY	V	49	75	93	0	4	8	19103.159839054468	19398.378224634595
SIFT1M	RESIDUAL_NLIST1024	A_TO_B	CORR_GREEDY	V	49	75	93	1	4	8	12608.69805772318	12971.893476707035
SIFT1M	RESIDUAL_NLIST1024	A_TO_B	CORR_GREEDY	V	50	77	125	0	4	7	18498.4827890115	17816.278173420997
SIFT1M	RESIDUAL_NLIST1024	A_TO_B	CORR_GREEDY	V	50	77	125	1	3	7	16438.73907007616	16483.0656397139
SIFT1M	RESIDUAL_NLIST1024	A_TO_B	CORR_GREEDY	V	51	78	96	0	4	7	20666.890241336157	17823.163148002546
SIFT1M	RESIDUAL_NLIST1024	A_TO_B	CORR_GREEDY	V	51	78	96	1	3	7	40921.639581367446	39892.882845074295
SIFT1M	RESIDUAL_NLIST1024	A_TO_B	CORR_GREEDY	V	52	81	83	0	4	8	16068.379455507136	17996.37646838166
SIFT1M	RESIDUAL_NLIST1024	A_TO_B	CORR_GREEDY	V	52	81	83	1	4	8	16231.425554042533	20276.13364916787
SIFT1M	RESIDUAL_NLIST1024	A_TO_B	CORR_GREEDY	V	53	82	126	0	4	7	15961.607092224109	16195.163844099108
SIFT1M	RESIDUAL_NLIST1024	A_TO_B	CORR_GREEDY	V	53	82	126	1	3	7	13752.063903440288	13971.910726756618
SIFT1M	RESIDUAL_NLIST1024	A_TO_B	CORR_GREEDY	V	54	85	108	0	4	7	14723.839326530831	17358.00473472113
SIFT1M	RESIDUAL_NLIST1024	A_TO_B	CORR_GREEDY	V	54	85	108	1	3	7	30977.559614972084	31447.969664018423
SIFT1M	RESIDUAL_NLIST1024	A_TO_B	CORR_GREEDY	V	55	86	111	0	4	7	16517.247346584503	16342.711051573155
SIFT1M	RESIDUAL_NLIST1024	A_TO_B	CORR_GREEDY	V	55	86	111	1	3	7	25749.254157831892	26052.859424454728
SIFT1M	RESIDUAL_NLIST1024	A_TO_B	CORR_GREEDY	V	56	87	88	0	4	8	16294.195979817587	16169.033483003768
SIFT1M	RESIDUAL_NLIST1024	A_TO_B	CORR_GREEDY	V	56	87	88	1	4	8	14356.643749168885	15719.890872691894
SIFT1M	RESIDUAL_NLIST1024	A_TO_B	CORR_GREEDY	V	57	90	91	0	4	7	13381.297830323834	13212.1891615858
SIFT1M	RESIDUAL_NLIST1024	A_TO_B	CORR_GREEDY	V	57	90	91	1	3	7	41694.52520516167	42135.95239399496
SIFT1M	RESIDUAL_NLIST1024	A_TO_B	CORR_GREEDY	V	58	92	104	0	4	7	12640.044029636112	13129.159365131938
SIFT1M	RESIDUAL_NLIST1024	A_TO_B	CORR_GREEDY	V	58	92	104	1	3	7	33873.58365791205	34249.7930647577
SIFT1M	RESIDUAL_NLIST1024	A_TO_B	CORR_GREEDY	V	59	95	99	0	3	6	41363.242205468116	40124.809439792196
SIFT1M	RESIDUAL_NLIST1024	A_TO_B	CORR_GREEDY	V	59	95	99	1	3	6	42667.98401463326	39311.3877555741
SIFT1M	RESIDUAL_NLIST1024	A_TO_B	CORR_GREEDY	V	60	97	121	0	3	6	41652.59192875381	41204.62664960135
SIFT1M	RESIDUAL_NLIST1024	A_TO_B	CORR_GREEDY	V	60	97	121	1	3	6	18630.626751812062	18251.497004205547
SIFT1M	RESIDUAL_NLIST1024	A_TO_B	CORR_GREEDY	V	61	98	122	0	3	6	40218.444264578444	40143.118340037574
SIFT1M	RESIDUAL_NLIST1024	A_TO_B	CORR_GREEDY	V	61	98	122	1	3	6	18499.71749411989	17825.804553283997
SIFT1M	RESIDUAL_NLIST1024	A_TO_B	CORR_GREEDY	V	62	105	106	0	3	6	33859.387662253204	34527.12454250289
SIFT1M	RESIDUAL_NLIST1024	A_TO_B	CORR_GREEDY	V	62	105	106	1	3	6	31423.217633923676	32084.86121920592
SIFT1M	RESIDUAL_NLIST1024	A_TO_B	CORR_GREEDY	V	63	114	116	0	3	6	25728.605515761614	25295.747147543407
SIFT1M	RESIDUAL_NLIST1024	A_TO_B	CORR_GREEDY	V	63	114	116	1	3	6	21053.576543440995	22107.873247945372
SIFT1M	RESIDUAL_NLIST1024	A_TO_B	CORR_GREEDY	E	0	0	3	0	5	10	48785.8784135772	47821.955016248874
SIFT1M	RESIDUAL_NLIST1024	A_TO_B	CORR_GREEDY	E	0	0	3	1	5	10	50041.94334121895	43221.79661922251
SIFT1M	RESIDUAL_NLIST1024	A_TO_B	CORR_GREEDY	E	1	1	40	0	5	9	34500.85082203757	39455.88207392585
SIFT1M	RESIDUAL_NLIST1024	A_TO_B	CORR_GREEDY	E	1	1	40	1	4	9	44238.559618119085	49825.94339402787
SIFT1M	RESIDUAL_NLIST1024	A_TO_B	CORR_GREEDY	E	2	2	7	0	5	10	38569.15843112131	39727.61312723738
SIFT1M	RESIDUAL_NLIST1024	A_TO_B	CORR_GREEDY	E	2	2	7	1	5	10	33836.07127407279	31428.831522095075
SIFT1M	RESIDUAL_NLIST1024	A_TO_B	CORR_GREEDY	E	3	4	18	0	5	10	37915.099412957854	47328.60043262024
SIFT1M	RESIDUAL_NLIST1024	A_TO_B	CORR_GREEDY	E	3	4	18	1	5	10	26547.028068631884	25632.18535238614
SIFT1M	RESIDUAL_NLIST1024	A_TO_B	CORR_GREEDY	E	4	5	55	0	5	9	40658.28485283199	39043.353464644955
SIFT1M	RESIDUAL_NLIST1024	A_TO_B	CORR_GREEDY	E	4	5	55	1	4	9	28353.91178626471	28426.045395781533
SIFT1M	RESIDUAL_NLIST1024	A_TO_B	CORR_GREEDY	E	5	6	47	0	5	9	49274.70750237944	42320.840579947646
SIFT1M	RESIDUAL_NLIST1024	A_TO_B	CORR_GREEDY	E	5	6	47	1	4	9	40513.77541800758	36116.31378611608
SIFT1M	RESIDUAL_NLIST1024	A_TO_B	CORR_GREEDY	E	6	8	117	0	5	8	34001.62421537876	38884.70071937429
SIFT1M	RESIDUAL_NLIST1024	A_TO_B	CORR_GREEDY	E	6	8	117	1	3	8	22104.81585621883	22597.9599282828
SIFT1M	RESIDUAL_NLIST1024	A_TO_B	CORR_GREEDY	E	7	9	32	0	5	10	34057.81411218412	34966.21704472106
SIFT1M	RESIDUAL_NLIST1024	A_TO_B	CORR_GREEDY	E	7	9	32	1	5	10	24751.54955111032	22283.25429782029
SIFT1M	RESIDUAL_NLIST1024	A_TO_B	CORR_GREEDY	E	8	10	19	0	5	10	38343.15021188086	41996.12419502424
SIFT1M	RESIDUAL_NLIST1024	A_TO_B	CORR_GREEDY	E	8	10	19	1	5	10	27197.538214315726	31333.657590161558
SIFT1M	RESIDUAL_NLIST1024	A_TO_B	CORR_GREEDY	E	9	11	33	0	5	10	39078.35655865454	36463.32568106979
SIFT1M	RESIDUAL_NLIST1024	A_TO_B	CORR_GREEDY	E	9	11	33	1	5	10	21829.736726400224	20833.205164420353
SIFT1M	RESIDUAL_NLIST1024	A_TO_B	CORR_GREEDY	E	10	12	24	0	5	10	31201.304744586174	37551.27860049996
SIFT1M	RESIDUAL_NLIST1024	A_TO_B	CORR_GREEDY	E	10	12	24	1	5	10	27451.24455598185	27248.507056707258
SIFT1M	RESIDUAL_NLIST1024	A_TO_B	CORR_GREEDY	E	11	13	23	0	5	10	32811.63021446487	35880.950925588746
SIFT1M	RESIDUAL_NLIST1024	A_TO_B	CORR_GREEDY	E	11	13	23	1	5	10	26618.240195619204	30408.50239049639
SIFT1M	RESIDUAL_NLIST1024	A_TO_B	CORR_GREEDY	E	12	14	63	0	5	9	32143.134090408123	31831.810875540148
SIFT1M	RESIDUAL_NLIST1024	A_TO_B	CORR_GREEDY	E	12	14	63	1	4	9	25453.900397254016	27313.924975968752
SIFT1M	RESIDUAL_NLIST1024	A_TO_B	CORR_GREEDY	E	13	15	25	0	5	10	30241.034865192003	33778.73834613584
SIFT1M	RESIDUAL_NLIST1024	A_TO_B	CORR_GREEDY	E	13	15	25	1	5	10	20530.891441481916	26008.702943417193
SIFT1M	RESIDUAL_NLIST1024	A_TO_B	CORR_GREEDY	E	14	16	21	0	5	10	37521.569720663065	32123.21369426372
SIFT1M	RESIDUAL_NLIST1024	A_TO_B	CORR_GREEDY	E	14	16	21	1	5	10	31954.282689345877	29816.805243143703
SIFT1M	RESIDUAL_NLIST1024	A_TO_B	CORR_GREEDY	E	15	17	34	0	5	9	34329.41220950195	36012.46995094757
SIFT1M	RESIDUAL_NLIST1024	A_TO_B	CORR_GREEDY	E	15	17	34	1	4	9	50018.01569902374	54948.65042942797
SIFT1M	RESIDUAL_NLIST1024	A_TO_B	CORR_GREEDY	E	16	20	39	0	5	9	30352.423905880547	32808.00026242082
SIFT1M	RESIDUAL_NLIST1024	A_TO_B	CORR_GREEDY	E	16	20	39	1	4	9	48951.81218487576	51718.40930970841
SIFT1M	RESIDUAL_NLIST1024	A_TO_B	CORR_GREEDY	E	17	22	123	0	5	8	28855.505157498257	32014.61048214874
SIFT1M	RESIDUAL_NLIST1024	A_TO_B	CORR_GREEDY	E	17	22	123	1	3	8	16675.617559999315	17195.505123847208
SIFT1M	RESIDUAL_NLIST1024	A_TO_B	CORR_GREEDY	E	18	26	29	0	5	10	26090.187086389444	28107.972714049305
SIFT1M	RESIDUAL_NLIST1024	A_TO_B	CORR_GREEDY	E	18	26	29	1	5	10	23438.418274375046	23810.198724809557
SIFT1M	RESIDUAL_NLIST1024	A_TO_B	CORR_GREEDY	E	19	27	118	0	5	8	27831.32191843344	28982.90974471176
SIFT1M	RESIDUAL_NLIST1024	A_TO_B	CORR_GREEDY	E	19	27	118	1	3	8	21736.217321125147	21012.683797879767
SIFT1M	RESIDUAL_NLIST1024	A_TO_B	CORR_GREEDY	E	20	28	70	0	5	9	22025.55471794731	27646.243694313685
SIFT1M	RESIDUAL_NLIST1024	A_TO_B	CORR_GREEDY	E	20	28	70	1	4	9	21339.32945363718	20193.629307216128
SIFT1M	RESIDUAL_NLIST1024	A_TO_B	CORR_GREEDY	E	21	30	31	0	5	10	26073.584348669094	25375.86686445492
SIFT1M	RESIDUAL_NLIST1024	A_TO_B	CORR_GREEDY	E	21	30	31	1	5	10	21452.092795885663	22438.766242101963
SIFT1M	RESIDUAL_NLIST1024	A_TO_B	CORR_GREEDY	E	22	35	44	0	5	9	22615.38205950701	23176.386005404092
SIFT1M	RESIDUAL_NLIST1024	A_TO_B	CORR_GREEDY	E	22	35	44	1	4	9	41407.06746884295	40542.307510446364
SIFT1M	RESIDUAL_NLIST1024	A_TO_B	CORR_GREEDY	E	23	36	67	0	5	9	19945.830168416484	16603.668232389806
SIFT1M	RESIDUAL_NLIST1024	A_TO_B	CORR_GREEDY	E	23	36	67	1	4	9	21447.094401615046	22296.90845433865
SIFT1M	RESIDUAL_NLIST1024	A_TO_B	CORR_GREEDY	E	24	37	119	0	4	7	48151.07839727941	51506.54079077876
SIFT1M	RESIDUAL_NLIST1024	A_TO_B	CORR_GREEDY	E	24	37	119	1	3	7	21568.705310425757	22745.809083957105
SIFT1M	RESIDUAL_NLIST1024	A_TO_B	CORR_GREEDY	E	25	38	89	0	5	9	19691.19014478683	19908.3964175677
SIFT1M	RESIDUAL_NLIST1024	A_TO_B	CORR_GREEDY	E	25	38	89	1	4	9	14741.18592908482	16606.511486911062
SIFT1M	RESIDUAL_NLIST1024	A_TO_B	CORR_GREEDY	E	26	41	57	0	4	8	42742.74677932573	45445.31985509455
SIFT1M	RESIDUAL_NLIST1024	A_TO_B	CORR_GREEDY	E	26	41	57	1	4	8	32870.277689177485	28133.44115622447
SIFT1M	RESIDUAL_NLIST1024	A_TO_B	CORR_GREEDY	E	27	42	76	0	4	8	44037.186654099685	46235.420561464794
SIFT1M	RESIDUAL_NLIST1024	A_TO_B	CORR_GREEDY	E	27	42	76	1	4	8	19729.38996225415	19411.67483628811
SIFT1M	RESIDUAL_NLIST1024	A_TO_B	CORR_GREEDY	E	28	43	124	0	4	7	48474.377917359045	43479.73753187948
SIFT1M	RESIDUAL_NLIST1024	A_TO_B	CORR_GREEDY	E	28	43	124	1	3	7	17990.23105868443	18077.771843692204
SIFT1M	RESIDUAL_NLIST1024	A_TO_B	CORR_GREEDY	E	29	45	101	0	4	7	40102.813265522476	38723.12430200324
SIFT1M	RESIDUAL_NLIST1024	A_TO_B	CORR_GREEDY	E	29	45	101	1	3	7	33733.505484562105	34896.13519720177
SIFT1M	RESIDUAL_NLIST1024	A_TO_B	CORR_GREEDY	E	30	46	94	0	4	7	44211.49315809106	40139.78244790273
SIFT1M	RESIDUAL_NLIST1024	A_TO_B	CORR_GREEDY	E	30	46	94	1	3	7	42789.62157280088	43057.77142278226
SIFT1M	RESIDUAL_NLIST1024	A_TO_B	CORR_GREEDY	E	31	48	84	0	4	8	36973.98196266587	42612.724361987915
SIFT1M	RESIDUAL_NLIST1024	A_TO_B	CORR_GREEDY	E	31	48	84	1	4	8	15839.999036923578	16919.624903558215
SIFT1M	RESIDUAL_NLIST1024	A_TO_B	CORR_GREEDY	E	32	49	58	0	4	8	35332.63850654334	34035.429629006714
SIFT1M	RESIDUAL_NLIST1024	A_TO_B	CORR_GREEDY	E	32	49	58	1	4	8	28679.40419280832	28631.50113617187
SIFT1M	RESIDUAL_NLIST1024	A_TO_B	CORR_GREEDY	E	33	50	100	0	4	7	36680.37627276627	36115.703480701195
SIFT1M	RESIDUAL_NLIST1024	A_TO_B	CORR_GREEDY	E	33	50	100	1	3	7	35406.97810622459	35587.164392710205
SIFT1M	RESIDUAL_NLIST1024	A_TO_B	CORR_GREEDY	E	34	51	115	0	4	7	34910.31591011153	37114.956979223934
SIFT1M	RESIDUAL_NLIST1024	A_TO_B	CORR_GREEDY	E	34	51	115	1	3	7	22772.965953408606	23763.19988781588
SIFT1M	RESIDUAL_NLIST1024	A_TO_B	CORR_GREEDY	E	35	52	113	0	4	7	37830.02771419715	36068.298238229385
SIFT1M	RESIDUAL_NLIST1024	A_TO_B	CORR_GREEDY	E	35	52	113	1	3	7	25704.56806824175	25471.733438318985
SIFT1M	RESIDUAL_NLIST1024	A_TO_B	CORR_GREEDY	E	36	53	120	0	4	7	32817.204106067875	34271.7085164655
SIFT1M	RESIDUAL_NLIST1024	A_TO_B	CORR_GREEDY	E	36	53	120	1	3	7	19230.65921761041	19330.189974103272
SIFT1M	RESIDUAL_NLIST1024	A_TO_B	CORR_GREEDY	E	37	54	59	0	4	8	30288.659201326915	32094.596870031928
SIFT1M	RESIDUAL_NLIST1024	A_TO_B	CORR_GREEDY	E	37	54	59	1	4	8	25867.6520962577	25315.41607089073
SIFT1M	RESIDUAL_NLIST1024	A_TO_B	CORR_GREEDY	E	38	56	102	0	4	7	31501.752719283217	29812.25354287999
SIFT1M	RESIDUAL_NLIST1024	A_TO_B	CORR_GREEDY	E	38	56	102	1	3	7	38139.92560480472	35852.6305182452
SIFT1M	RESIDUAL_NLIST1024	A_TO_B	CORR_GREEDY	E	39	60	64	0	4	8	29754.677492384755	26045.019885178597
SIFT1M	RESIDUAL_NLIST1024	A_TO_B	CORR_GREEDY	E	39	60	64	1	4	8	22706.21432495179	28813.674826196948
SIFT1M	RESIDUAL_NLIST1024	A_TO_B	CORR_GREEDY	E	40	61	109	0	4	7	29673.843156474075	27820.24414952557
SIFT1M	RESIDUAL_NLIST1024	A_TO_B	CORR_GREEDY	E	40	61	109	1	3	7	30100.36073370693	28471.268237296154
SIFT1M	RESIDUAL_NLIST1024	A_TO_B	CORR_GREEDY	E	41	62	79	0	4	8	27453.14669699986	30830.822956864184
SIFT1M	RESIDUAL_NLIST1024	A_TO_B	CORR_GREEDY	E	41	62	79	1	4	8	16161.91316125109	16363.755041803586
SIFT1M	RESIDUAL_NLIST1024	A_TO_B	CORR_GREEDY	E	42	65	80	0	4	8	24340.47403173097	29788.334579795155
SIFT1M	RESIDUAL_NLIST1024	A_TO_B	CORR_GREEDY	E	42	65	80	1	4	8	17264.195997970164	17094.25169122855
SIFT1M	RESIDUAL_NLIST1024	A_TO_B	CORR_GREEDY	E	43	66	112	0	4	7	27521.546922665497	22438.21522578426
SIFT1M	RESIDUAL_NLIST1024	A_TO_B	CORR_GREEDY	E	43	66	112	1	3	7	26093.75833257613	25769.838313725333
SIFT1M	RESIDUAL_NLIST1024	A_TO_B	CORR_GREEDY	E	44	68	71	0	4	8	20333.97988648945	23420.566752170496
SIFT1M	RESIDUAL_NLIST1024	A_TO_B	CORR_GREEDY	E	44	68	71	1	4	8	19928.234613066066	24454.124516508822
SIFT1M	RESIDUAL_NLIST1024	A_TO_B	CORR_GREEDY	E	45	69	107	0	4	7	19823.076093985743	19133.358899253923
SIFT1M	RESIDUAL_NLIST1024	A_TO_B	CORR_GREEDY	E	45	69	107	1	3	7	32632.567607648125	33334.67329428441
SIFT1M	RESIDUAL_NLIST1024	A_TO_B	CORR_GREEDY	E	46	72	110	0	4	7	19134.417181493387	20075.426456495283
SIFT1M	RESIDUAL_NLIST1024	A_TO_B	CORR_GREEDY	E	46	72	110	1	3	7	26739.475673100962	28792.396169411135
SIFT1M	RESIDUAL_NLIST1024	A_TO_B	CORR_GREEDY	E	47	73	127	0	4	6	21552.970150798596	20360.290892230878
SIFT1M	RESIDUAL_NLIST1024	A_TO_B	CORR_GREEDY	E	47	73	127	1	2	6	39777.64933016446	40686.7667288261
SIFT1M	RESIDUAL_NLIST1024	A_TO_B	CORR_GREEDY	E	48	74	103	0	4	7	19524.64470461005	20667.98803306695
SIFT1M	RESIDUAL_NLIST1024	A_TO_B	CORR_GREEDY	E	48	74	103	1	3	7	35636.36684641777	34106.478934849474
SIFT1M	RESIDUAL_NLIST1024	A_TO_B	CORR_GREEDY	E	49	75	93	0	4	7	19103.159839054468	19398.378224634595
SIFT1M	RESIDUAL_NLIST1024	A_TO_B	CORR_GREEDY	E	49	75	93	1	3	7	40475.560018447184	42109.45392475418
SIFT1M	RESIDUAL_NLIST1024	A_TO_B	CORR_GREEDY	E	50	77	125	0	4	7	18498.4827890115	17816.278173420997
SIFT1M	RESIDUAL_NLIST1024	A_TO_B	CORR_GREEDY	E	50	77	125	1	3	7	16438.73907007616	16483.0656397139
SIFT1M	RESIDUAL_NLIST1024	A_TO_B	CORR_GREEDY	E	51	78	96	0	4	7	20666.890241336157	17823.163148002546
SIFT1M	RESIDUAL_NLIST1024	A_TO_B	CORR_GREEDY	E	51	78	96	1	3	7	40921.639581367446	39892.882845074295
SIFT1M	RESIDUAL_NLIST1024	A_TO_B	CORR_GREEDY	E	52	81	83	0	4	8	16068.379455507136	17996.37646838166
SIFT1M	RESIDUAL_NLIST1024	A_TO_B	CORR_GREEDY	E	52	81	83	1	4	8	16231.425554042533	20276.13364916787
SIFT1M	RESIDUAL_NLIST1024	A_TO_B	CORR_GREEDY	E	53	82	126	0	4	7	15961.607092224109	16195.163844099108
SIFT1M	RESIDUAL_NLIST1024	A_TO_B	CORR_GREEDY	E	53	82	126	1	3	7	13752.063903440288	13971.910726756618
SIFT1M	RESIDUAL_NLIST1024	A_TO_B	CORR_GREEDY	E	54	85	108	0	4	7	14723.839326530831	17358.00473472113
SIFT1M	RESIDUAL_NLIST1024	A_TO_B	CORR_GREEDY	E	54	85	108	1	3	7	30977.559614972084	31447.969664018423
SIFT1M	RESIDUAL_NLIST1024	A_TO_B	CORR_GREEDY	E	55	86	111	0	4	7	16517.247346584503	16342.711051573155
SIFT1M	RESIDUAL_NLIST1024	A_TO_B	CORR_GREEDY	E	55	86	111	1	3	7	25749.254157831892	26052.859424454728
SIFT1M	RESIDUAL_NLIST1024	A_TO_B	CORR_GREEDY	E	56	87	88	0	4	8	16294.195979817587	16169.033483003768
SIFT1M	RESIDUAL_NLIST1024	A_TO_B	CORR_GREEDY	E	56	87	88	1	4	8	14356.643749168885	15719.890872691894
SIFT1M	RESIDUAL_NLIST1024	A_TO_B	CORR_GREEDY	E	57	90	91	0	4	7	13381.297830323834	13212.1891615858
SIFT1M	RESIDUAL_NLIST1024	A_TO_B	CORR_GREEDY	E	57	90	91	1	3	7	41694.52520516167	42135.95239399496
SIFT1M	RESIDUAL_NLIST1024	A_TO_B	CORR_GREEDY	E	58	92	104	0	4	7	12640.044029636112	13129.159365131938
SIFT1M	RESIDUAL_NLIST1024	A_TO_B	CORR_GREEDY	E	58	92	104	1	3	7	33873.58365791205	34249.7930647577
SIFT1M	RESIDUAL_NLIST1024	A_TO_B	CORR_GREEDY	E	59	95	99	0	3	6	41363.242205468116	40124.809439792196
SIFT1M	RESIDUAL_NLIST1024	A_TO_B	CORR_GREEDY	E	59	95	99	1	3	6	42667.98401463326	39311.3877555741
SIFT1M	RESIDUAL_NLIST1024	A_TO_B	CORR_GREEDY	E	60	97	121	0	3	6	41652.59192875381	41204.62664960135
SIFT1M	RESIDUAL_NLIST1024	A_TO_B	CORR_GREEDY	E	60	97	121	1	3	6	18630.626751812062	18251.497004205547
SIFT1M	RESIDUAL_NLIST1024	A_TO_B	CORR_GREEDY	E	61	98	122	0	3	6	40218.444264578444	40143.118340037574
SIFT1M	RESIDUAL_NLIST1024	A_TO_B	CORR_GREEDY	E	61	98	122	1	3	6	18499.71749411989	17825.804553283997
SIFT1M	RESIDUAL_NLIST1024	A_TO_B	CORR_GREEDY	E	62	105	106	0	3	6	33859.387662253204	34527.12454250289
SIFT1M	RESIDUAL_NLIST1024	A_TO_B	CORR_GREEDY	E	62	105	106	1	3	6	31423.217633923676	32084.86121920592
SIFT1M	RESIDUAL_NLIST1024	A_TO_B	CORR_GREEDY	E	63	114	116	0	3	6	25728.605515761614	25295.747147543407
SIFT1M	RESIDUAL_NLIST1024	A_TO_B	CORR_GREEDY	E	63	114	116	1	3	6	21053.576543440995	22107.873247945372
SIFT1M	RESIDUAL_NLIST1024	A_TO_B	CORR_GREEDY	S	0	0	3	0	5	10	48785.8784135772	47821.955016248874
SIFT1M	RESIDUAL_NLIST1024	A_TO_B	CORR_GREEDY	S	0	0	3	1	5	10	50041.94334121895	43221.79661922251
SIFT1M	RESIDUAL_NLIST1024	A_TO_B	CORR_GREEDY	S	1	1	40	0	5	9	34500.85082203757	39455.88207392585
SIFT1M	RESIDUAL_NLIST1024	A_TO_B	CORR_GREEDY	S	1	1	40	1	4	9	44238.559618119085	49825.94339402787
SIFT1M	RESIDUAL_NLIST1024	A_TO_B	CORR_GREEDY	S	2	2	7	0	5	10	38569.15843112131	39727.61312723738
SIFT1M	RESIDUAL_NLIST1024	A_TO_B	CORR_GREEDY	S	2	2	7	1	5	10	33836.07127407279	31428.831522095075
SIFT1M	RESIDUAL_NLIST1024	A_TO_B	CORR_GREEDY	S	3	4	18	0	5	10	37915.099412957854	47328.60043262024
SIFT1M	RESIDUAL_NLIST1024	A_TO_B	CORR_GREEDY	S	3	4	18	1	5	10	26547.028068631884	25632.18535238614
SIFT1M	RESIDUAL_NLIST1024	A_TO_B	CORR_GREEDY	S	4	5	55	0	5	9	40658.28485283199	39043.353464644955
SIFT1M	RESIDUAL_NLIST1024	A_TO_B	CORR_GREEDY	S	4	5	55	1	4	9	28353.91178626471	28426.045395781533
SIFT1M	RESIDUAL_NLIST1024	A_TO_B	CORR_GREEDY	S	5	6	47	0	5	9	49274.70750237944	42320.840579947646
SIFT1M	RESIDUAL_NLIST1024	A_TO_B	CORR_GREEDY	S	5	6	47	1	4	9	40513.77541800758	36116.31378611608
SIFT1M	RESIDUAL_NLIST1024	A_TO_B	CORR_GREEDY	S	6	8	117	0	5	8	34001.62421537876	38884.70071937429
SIFT1M	RESIDUAL_NLIST1024	A_TO_B	CORR_GREEDY	S	6	8	117	1	3	8	22104.81585621883	22597.9599282828
SIFT1M	RESIDUAL_NLIST1024	A_TO_B	CORR_GREEDY	S	7	9	32	0	5	10	34057.81411218412	34966.21704472106
SIFT1M	RESIDUAL_NLIST1024	A_TO_B	CORR_GREEDY	S	7	9	32	1	5	10	24751.54955111032	22283.25429782029
SIFT1M	RESIDUAL_NLIST1024	A_TO_B	CORR_GREEDY	S	8	10	19	0	5	10	38343.15021188086	41996.12419502424
SIFT1M	RESIDUAL_NLIST1024	A_TO_B	CORR_GREEDY	S	8	10	19	1	5	10	27197.538214315726	31333.657590161558
SIFT1M	RESIDUAL_NLIST1024	A_TO_B	CORR_GREEDY	S	9	11	33	0	5	10	39078.35655865454	36463.32568106979
SIFT1M	RESIDUAL_NLIST1024	A_TO_B	CORR_GREEDY	S	9	11	33	1	5	10	21829.736726400224	20833.205164420353
SIFT1M	RESIDUAL_NLIST1024	A_TO_B	CORR_GREEDY	S	10	12	24	0	5	10	31201.304744586174	37551.27860049996
SIFT1M	RESIDUAL_NLIST1024	A_TO_B	CORR_GREEDY	S	10	12	24	1	5	10	27451.24455598185	27248.507056707258
SIFT1M	RESIDUAL_NLIST1024	A_TO_B	CORR_GREEDY	S	11	13	23	0	5	10	32811.63021446487	35880.950925588746
SIFT1M	RESIDUAL_NLIST1024	A_TO_B	CORR_GREEDY	S	11	13	23	1	5	10	26618.240195619204	30408.50239049639
SIFT1M	RESIDUAL_NLIST1024	A_TO_B	CORR_GREEDY	S	12	14	63	0	5	9	32143.134090408123	31831.810875540148
SIFT1M	RESIDUAL_NLIST1024	A_TO_B	CORR_GREEDY	S	12	14	63	1	4	9	25453.900397254016	27313.924975968752
SIFT1M	RESIDUAL_NLIST1024	A_TO_B	CORR_GREEDY	S	13	15	25	0	5	10	30241.034865192003	33778.73834613584
SIFT1M	RESIDUAL_NLIST1024	A_TO_B	CORR_GREEDY	S	13	15	25	1	5	10	20530.891441481916	26008.702943417193
SIFT1M	RESIDUAL_NLIST1024	A_TO_B	CORR_GREEDY	S	14	16	21	0	5	10	37521.569720663065	32123.21369426372
SIFT1M	RESIDUAL_NLIST1024	A_TO_B	CORR_GREEDY	S	14	16	21	1	5	10	31954.282689345877	29816.805243143703
SIFT1M	RESIDUAL_NLIST1024	A_TO_B	CORR_GREEDY	S	15	17	34	0	5	9	34329.41220950195	36012.46995094757
SIFT1M	RESIDUAL_NLIST1024	A_TO_B	CORR_GREEDY	S	15	17	34	1	4	9	50018.01569902374	54948.65042942797
SIFT1M	RESIDUAL_NLIST1024	A_TO_B	CORR_GREEDY	S	16	20	39	0	5	9	30352.423905880547	32808.00026242082
SIFT1M	RESIDUAL_NLIST1024	A_TO_B	CORR_GREEDY	S	16	20	39	1	4	9	48951.81218487576	51718.40930970841
SIFT1M	RESIDUAL_NLIST1024	A_TO_B	CORR_GREEDY	S	17	22	123	0	5	8	28855.505157498257	32014.61048214874
SIFT1M	RESIDUAL_NLIST1024	A_TO_B	CORR_GREEDY	S	17	22	123	1	3	8	16675.617559999315	17195.505123847208
SIFT1M	RESIDUAL_NLIST1024	A_TO_B	CORR_GREEDY	S	18	26	29	0	5	10	26090.187086389444	28107.972714049305
SIFT1M	RESIDUAL_NLIST1024	A_TO_B	CORR_GREEDY	S	18	26	29	1	5	10	23438.418274375046	23810.198724809557
SIFT1M	RESIDUAL_NLIST1024	A_TO_B	CORR_GREEDY	S	19	27	118	0	5	8	27831.32191843344	28982.90974471176
SIFT1M	RESIDUAL_NLIST1024	A_TO_B	CORR_GREEDY	S	19	27	118	1	3	8	21736.217321125147	21012.683797879767
SIFT1M	RESIDUAL_NLIST1024	A_TO_B	CORR_GREEDY	S	20	28	70	0	5	9	22025.55471794731	27646.243694313685
SIFT1M	RESIDUAL_NLIST1024	A_TO_B	CORR_GREEDY	S	20	28	70	1	4	9	21339.32945363718	20193.629307216128
SIFT1M	RESIDUAL_NLIST1024	A_TO_B	CORR_GREEDY	S	21	30	31	0	5	10	26073.584348669094	25375.86686445492
SIFT1M	RESIDUAL_NLIST1024	A_TO_B	CORR_GREEDY	S	21	30	31	1	5	10	21452.092795885663	22438.766242101963
SIFT1M	RESIDUAL_NLIST1024	A_TO_B	CORR_GREEDY	S	22	35	44	0	5	9	22615.38205950701	23176.386005404092
SIFT1M	RESIDUAL_NLIST1024	A_TO_B	CORR_GREEDY	S	22	35	44	1	4	9	41407.06746884295	40542.307510446364
SIFT1M	RESIDUAL_NLIST1024	A_TO_B	CORR_GREEDY	S	23	36	67	0	5	9	19945.830168416484	16603.668232389806
SIFT1M	RESIDUAL_NLIST1024	A_TO_B	CORR_GREEDY	S	23	36	67	1	4	9	21447.094401615046	22296.90845433865
SIFT1M	RESIDUAL_NLIST1024	A_TO_B	CORR_GREEDY	S	24	37	119	0	4	7	48151.07839727941	51506.54079077876
SIFT1M	RESIDUAL_NLIST1024	A_TO_B	CORR_GREEDY	S	24	37	119	1	3	7	21568.705310425757	22745.809083957105
SIFT1M	RESIDUAL_NLIST1024	A_TO_B	CORR_GREEDY	S	25	38	89	0	5	9	19691.19014478683	19908.3964175677
SIFT1M	RESIDUAL_NLIST1024	A_TO_B	CORR_GREEDY	S	25	38	89	1	4	9	14741.18592908482	16606.511486911062
SIFT1M	RESIDUAL_NLIST1024	A_TO_B	CORR_GREEDY	S	26	41	57	0	4	8	42742.74677932573	45445.31985509455
SIFT1M	RESIDUAL_NLIST1024	A_TO_B	CORR_GREEDY	S	26	41	57	1	4	8	32870.277689177485	28133.44115622447
SIFT1M	RESIDUAL_NLIST1024	A_TO_B	CORR_GREEDY	S	27	42	76	0	4	8	44037.186654099685	46235.420561464794
SIFT1M	RESIDUAL_NLIST1024	A_TO_B	CORR_GREEDY	S	27	42	76	1	4	8	19729.38996225415	19411.67483628811
SIFT1M	RESIDUAL_NLIST1024	A_TO_B	CORR_GREEDY	S	28	43	124	0	4	7	48474.377917359045	43479.73753187948
SIFT1M	RESIDUAL_NLIST1024	A_TO_B	CORR_GREEDY	S	28	43	124	1	3	7	17990.23105868443	18077.771843692204
SIFT1M	RESIDUAL_NLIST1024	A_TO_B	CORR_GREEDY	S	29	45	101	0	4	7	40102.813265522476	38723.12430200324
SIFT1M	RESIDUAL_NLIST1024	A_TO_B	CORR_GREEDY	S	29	45	101	1	3	7	33733.505484562105	34896.13519720177
SIFT1M	RESIDUAL_NLIST1024	A_TO_B	CORR_GREEDY	S	30	46	94	0	4	7	44211.49315809106	40139.78244790273
SIFT1M	RESIDUAL_NLIST1024	A_TO_B	CORR_GREEDY	S	30	46	94	1	3	7	42789.62157280088	43057.77142278226
SIFT1M	RESIDUAL_NLIST1024	A_TO_B	CORR_GREEDY	S	31	48	84	0	4	8	36973.98196266587	42612.724361987915
SIFT1M	RESIDUAL_NLIST1024	A_TO_B	CORR_GREEDY	S	31	48	84	1	4	8	15839.999036923578	16919.624903558215
SIFT1M	RESIDUAL_NLIST1024	A_TO_B	CORR_GREEDY	S	32	49	58	0	4	8	35332.63850654334	34035.429629006714
SIFT1M	RESIDUAL_NLIST1024	A_TO_B	CORR_GREEDY	S	32	49	58	1	4	8	28679.40419280832	28631.50113617187
SIFT1M	RESIDUAL_NLIST1024	A_TO_B	CORR_GREEDY	S	33	50	100	0	4	7	36680.37627276627	36115.703480701195
SIFT1M	RESIDUAL_NLIST1024	A_TO_B	CORR_GREEDY	S	33	50	100	1	3	7	35406.97810622459	35587.164392710205
SIFT1M	RESIDUAL_NLIST1024	A_TO_B	CORR_GREEDY	S	34	51	115	0	4	7	34910.31591011153	37114.956979223934
SIFT1M	RESIDUAL_NLIST1024	A_TO_B	CORR_GREEDY	S	34	51	115	1	3	7	22772.965953408606	23763.19988781588
SIFT1M	RESIDUAL_NLIST1024	A_TO_B	CORR_GREEDY	S	35	52	113	0	4	7	37830.02771419715	36068.298238229385
SIFT1M	RESIDUAL_NLIST1024	A_TO_B	CORR_GREEDY	S	35	52	113	1	3	7	25704.56806824175	25471.733438318985
SIFT1M	RESIDUAL_NLIST1024	A_TO_B	CORR_GREEDY	S	36	53	120	0	4	7	32817.204106067875	34271.7085164655
SIFT1M	RESIDUAL_NLIST1024	A_TO_B	CORR_GREEDY	S	36	53	120	1	3	7	19230.65921761041	19330.189974103272
SIFT1M	RESIDUAL_NLIST1024	A_TO_B	CORR_GREEDY	S	37	54	59	0	4	8	30288.659201326915	32094.596870031928
SIFT1M	RESIDUAL_NLIST1024	A_TO_B	CORR_GREEDY	S	37	54	59	1	4	8	25867.6520962577	25315.41607089073
SIFT1M	RESIDUAL_NLIST1024	A_TO_B	CORR_GREEDY	S	38	56	102	0	4	7	31501.752719283217	29812.25354287999
SIFT1M	RESIDUAL_NLIST1024	A_TO_B	CORR_GREEDY	S	38	56	102	1	3	7	38139.92560480472	35852.6305182452
SIFT1M	RESIDUAL_NLIST1024	A_TO_B	CORR_GREEDY	S	39	60	64	0	4	8	29754.677492384755	26045.019885178597
SIFT1M	RESIDUAL_NLIST1024	A_TO_B	CORR_GREEDY	S	39	60	64	1	4	8	22706.21432495179	28813.674826196948
SIFT1M	RESIDUAL_NLIST1024	A_TO_B	CORR_GREEDY	S	40	61	109	0	4	7	29673.843156474075	27820.24414952557
SIFT1M	RESIDUAL_NLIST1024	A_TO_B	CORR_GREEDY	S	40	61	109	1	3	7	30100.36073370693	28471.268237296154
SIFT1M	RESIDUAL_NLIST1024	A_TO_B	CORR_GREEDY	S	41	62	79	0	4	8	27453.14669699986	30830.822956864184
SIFT1M	RESIDUAL_NLIST1024	A_TO_B	CORR_GREEDY	S	41	62	79	1	4	8	16161.91316125109	16363.755041803586
SIFT1M	RESIDUAL_NLIST1024	A_TO_B	CORR_GREEDY	S	42	65	80	0	4	8	24340.47403173097	29788.334579795155
SIFT1M	RESIDUAL_NLIST1024	A_TO_B	CORR_GREEDY	S	42	65	80	1	4	8	17264.195997970164	17094.25169122855
SIFT1M	RESIDUAL_NLIST1024	A_TO_B	CORR_GREEDY	S	43	66	112	0	4	7	27521.546922665497	22438.21522578426
SIFT1M	RESIDUAL_NLIST1024	A_TO_B	CORR_GREEDY	S	43	66	112	1	3	7	26093.75833257613	25769.838313725333
SIFT1M	RESIDUAL_NLIST1024	A_TO_B	CORR_GREEDY	S	44	68	71	0	4	8	20333.97988648945	23420.566752170496
SIFT1M	RESIDUAL_NLIST1024	A_TO_B	CORR_GREEDY	S	44	68	71	1	4	8	19928.234613066066	24454.124516508822
SIFT1M	RESIDUAL_NLIST1024	A_TO_B	CORR_GREEDY	S	45	69	107	0	4	7	19823.076093985743	19133.358899253923
SIFT1M	RESIDUAL_NLIST1024	A_TO_B	CORR_GREEDY	S	45	69	107	1	3	7	32632.567607648125	33334.67329428441
SIFT1M	RESIDUAL_NLIST1024	A_TO_B	CORR_GREEDY	S	46	72	110	0	4	7	19134.417181493387	20075.426456495283
SIFT1M	RESIDUAL_NLIST1024	A_TO_B	CORR_GREEDY	S	46	72	110	1	3	7	26739.475673100962	28792.396169411135
SIFT1M	RESIDUAL_NLIST1024	A_TO_B	CORR_GREEDY	S	47	73	127	0	4	6	21552.970150798596	20360.290892230878
SIFT1M	RESIDUAL_NLIST1024	A_TO_B	CORR_GREEDY	S	47	73	127	1	2	6	39777.64933016446	40686.7667288261
SIFT1M	RESIDUAL_NLIST1024	A_TO_B	CORR_GREEDY	S	48	74	103	0	4	7	19524.64470461005	20667.98803306695
SIFT1M	RESIDUAL_NLIST1024	A_TO_B	CORR_GREEDY	S	48	74	103	1	3	7	35636.36684641777	34106.478934849474
SIFT1M	RESIDUAL_NLIST1024	A_TO_B	CORR_GREEDY	S	49	75	93	0	4	7	19103.159839054468	19398.378224634595
SIFT1M	RESIDUAL_NLIST1024	A_TO_B	CORR_GREEDY	S	49	75	93	1	3	7	40475.560018447184	42109.45392475418
SIFT1M	RESIDUAL_NLIST1024	A_TO_B	CORR_GREEDY	S	50	77	125	0	4	7	18498.4827890115	17816.278173420997
SIFT1M	RESIDUAL_NLIST1024	A_TO_B	CORR_GREEDY	S	50	77	125	1	3	7	16438.73907007616	16483.0656397139
SIFT1M	RESIDUAL_NLIST1024	A_TO_B	CORR_GREEDY	S	51	78	96	0	4	7	20666.890241336157	17823.163148002546
SIFT1M	RESIDUAL_NLIST1024	A_TO_B	CORR_GREEDY	S	51	78	96	1	3	7	40921.639581367446	39892.882845074295
SIFT1M	RESIDUAL_NLIST1024	A_TO_B	CORR_GREEDY	S	52	81	83	0	4	8	16068.379455507136	17996.37646838166
SIFT1M	RESIDUAL_NLIST1024	A_TO_B	CORR_GREEDY	S	52	81	83	1	4	8	16231.425554042533	20276.13364916787
SIFT1M	RESIDUAL_NLIST1024	A_TO_B	CORR_GREEDY	S	53	82	126	0	4	7	15961.607092224109	16195.163844099108
SIFT1M	RESIDUAL_NLIST1024	A_TO_B	CORR_GREEDY	S	53	82	126	1	3	7	13752.063903440288	13971.910726756618
SIFT1M	RESIDUAL_NLIST1024	A_TO_B	CORR_GREEDY	S	54	85	108	0	4	7	14723.839326530831	17358.00473472113
SIFT1M	RESIDUAL_NLIST1024	A_TO_B	CORR_GREEDY	S	54	85	108	1	3	7	30977.559614972084	31447.969664018423
SIFT1M	RESIDUAL_NLIST1024	A_TO_B	CORR_GREEDY	S	55	86	111	0	4	7	16517.247346584503	16342.711051573155
SIFT1M	RESIDUAL_NLIST1024	A_TO_B	CORR_GREEDY	S	55	86	111	1	3	7	25749.254157831892	26052.859424454728
SIFT1M	RESIDUAL_NLIST1024	A_TO_B	CORR_GREEDY	S	56	87	88	0	4	8	16294.195979817587	16169.033483003768
SIFT1M	RESIDUAL_NLIST1024	A_TO_B	CORR_GREEDY	S	56	87	88	1	4	8	14356.643749168885	15719.890872691894
SIFT1M	RESIDUAL_NLIST1024	A_TO_B	CORR_GREEDY	S	57	90	91	0	4	7	13381.297830323834	13212.1891615858
SIFT1M	RESIDUAL_NLIST1024	A_TO_B	CORR_GREEDY	S	57	90	91	1	3	7	41694.52520516167	42135.95239399496
SIFT1M	RESIDUAL_NLIST1024	A_TO_B	CORR_GREEDY	S	58	92	104	0	4	7	12640.044029636112	13129.159365131938
SIFT1M	RESIDUAL_NLIST1024	A_TO_B	CORR_GREEDY	S	58	92	104	1	3	7	33873.58365791205	34249.7930647577
SIFT1M	RESIDUAL_NLIST1024	A_TO_B	CORR_GREEDY	S	59	95	99	0	3	6	41363.242205468116	40124.809439792196
SIFT1M	RESIDUAL_NLIST1024	A_TO_B	CORR_GREEDY	S	59	95	99	1	3	6	42667.98401463326	39311.3877555741
SIFT1M	RESIDUAL_NLIST1024	A_TO_B	CORR_GREEDY	S	60	97	121	0	3	6	41652.59192875381	41204.62664960135
SIFT1M	RESIDUAL_NLIST1024	A_TO_B	CORR_GREEDY	S	60	97	121	1	3	6	18630.626751812062	18251.497004205547
SIFT1M	RESIDUAL_NLIST1024	A_TO_B	CORR_GREEDY	S	61	98	122	0	3	6	40218.444264578444	40143.118340037574
SIFT1M	RESIDUAL_NLIST1024	A_TO_B	CORR_GREEDY	S	61	98	122	1	3	6	18499.71749411989	17825.804553283997
SIFT1M	RESIDUAL_NLIST1024	A_TO_B	CORR_GREEDY	S	62	105	106	0	3	6	33859.387662253204	34527.12454250289
SIFT1M	RESIDUAL_NLIST1024	A_TO_B	CORR_GREEDY	S	62	105	106	1	3	6	31423.217633923676	32084.86121920592
SIFT1M	RESIDUAL_NLIST1024	A_TO_B	CORR_GREEDY	S	63	114	116	0	3	6	25728.605515761614	25295.747147543407
SIFT1M	RESIDUAL_NLIST1024	A_TO_B	CORR_GREEDY	S	63	114	116	1	3	6	21053.576543440995	22107.873247945372
SIFT1M	RESIDUAL_NLIST1024	A_TO_B	EA	U	0	0	117	0	5	8	56511.5478923477	41875.09142880567
SIFT1M	RESIDUAL_NLIST1024	A_TO_B	EA	U	0	0	117	1	3	8	22252.687650371437	22528.435003975013
SIFT1M	RESIDUAL_NLIST1024	A_TO_B	EA	U	1	1	122	0	5	8	34263.0789510223	38427.61223683186
SIFT1M	RESIDUAL_NLIST1024	A_TO_B	EA	U	1	1	122	1	3	8	18576.75796767227	17773.88555846486
SIFT1M	RESIDUAL_NLIST1024	A_TO_B	EA	U	2	2	116	0	5	8	34548.862097657126	36069.442547143495
SIFT1M	RESIDUAL_NLIST1024	A_TO_B	EA	U	2	2	116	1	3	8	21099.342522084364	22368.323140847293
SIFT1M	RESIDUAL_NLIST1024	A_TO_B	EA	U	3	3	126	0	5	8	43322.748526883035	41464.19567676516
SIFT1M	RESIDUAL_NLIST1024	A_TO_B	EA	U	3	3	126	1	3	8	13751.657122949962	13933.603673778818
SIFT1M	RESIDUAL_NLIST1024	A_TO_B	EA	U	4	4	121	0	5	8	34338.36426378599	41543.0014160177
SIFT1M	RESIDUAL_NLIST1024	A_TO_B	EA	U	4	4	121	1	3	8	18806.276956204856	18091.245108048606
SIFT1M	RESIDUAL_NLIST1024	A_TO_B	EA	U	5	5	125	0	5	8	42451.81170340348	39297.36430976142
SIFT1M	RESIDUAL_NLIST1024	A_TO_B	EA	U	5	5	125	1	3	8	16534.994426273894	16605.69309144474
SIFT1M	RESIDUAL_NLIST1024	A_TO_B	EA	U	6	6	127	0	5	8	48431.7173356757	41049.24318954471
SIFT1M	RESIDUAL_NLIST1024	A_TO_B	EA	U	6	6	127	1	3	8	12296.398912811834	12112.4205727263
SIFT1M	RESIDUAL_NLIST1024	A_TO_B	EA	U	7	7	119	0	5	8	37987.21686417168	35330.61809476561
SIFT1M	RESIDUAL_NLIST1024	A_TO_B	EA	U	7	7	119	1	3	8	21663.410479080252	22567.992450590653
SIFT1M	RESIDUAL_NLIST1024	A_TO_B	EA	U	8	8	123	0	5	8	34183.564547205875	39177.02137415439
SIFT1M	RESIDUAL_NLIST1024	A_TO_B	EA	U	8	8	123	1	3	8	16628.73970603403	17108.783098437503
SIFT1M	RESIDUAL_NLIST1024	A_TO_B	EA	U	9	9	114	0	5	8	32048.116230851003	32662.505062787473
SIFT1M	RESIDUAL_NLIST1024	A_TO_B	EA	U	9	9	114	1	3	8	25434.30631680414	25646.451058249993
SIFT1M	RESIDUAL_NLIST1024	A_TO_B	EA	U	10	10	124	0	5	8	38559.59749948449	42760.46940060688
SIFT1M	RESIDUAL_NLIST1024	A_TO_B	EA	U	10	10	124	1	3	8	18021.414213333068	18100.533094538463
SIFT1M	RESIDUAL_NLIST1024	A_TO_B	EA	U	11	11	120	0	5	8	38694.9346918443	39033.814948174346
SIFT1M	RESIDUAL_NLIST1024	A_TO_B	EA	U	11	11	120	1	3	8	19240.039716231917	18982.54239039669
SIFT1M	RESIDUAL_NLIST1024	A_TO_B	EA	U	12	12	118	0	5	8	32962.14386060637	37183.06429455476
SIFT1M	RESIDUAL_NLIST1024	A_TO_B	EA	U	12	12	118	1	3	8	21625.046447997036	21093.863348817347
SIFT1M	RESIDUAL_NLIST1024	A_TO_B	EA	U	13	13	115	0	5	8	33499.346141330316	35429.871329362264
SIFT1M	RESIDUAL_NLIST1024	A_TO_B	EA	U	13	13	115	1	3	8	22672.80610156671	23879.063031207996
SIFT1M	RESIDUAL_NLIST1024	A_TO_B	EA	U	14	14	111	0	5	8	31309.833705877078	31630.647295506737
SIFT1M	RESIDUAL_NLIST1024	A_TO_B	EA	U	14	14	111	1	3	8	25749.493946144266	25967.92431824046
SIFT1M	RESIDUAL_NLIST1024	A_TO_B	EA	U	15	15	105	0	5	8	25442.86494634111	28578.08449414897
SIFT1M	RESIDUAL_NLIST1024	A_TO_B	EA	U	15	15	105	1	3	8	34825.87392262323	33654.74585892459
SIFT1M	RESIDUAL_NLIST1024	A_TO_B	EA	U	16	16	113	0	5	8	29227.828443241073	33850.597006549215
SIFT1M	RESIDUAL_NLIST1024	A_TO_B	EA	U	16	16	113	1	3	8	25670.627062971722	25538.208355043134
SIFT1M	RESIDUAL_NLIST1024	A_TO_B	EA	U	17	17	109	0	5	8	34836.07356598086	34761.1582895616
SIFT1M	RESIDUAL_NLIST1024	A_TO_B	EA	U	17	17	109	1	3	8	30061.162890486623	28435.82702343004
SIFT1M	RESIDUAL_NLIST1024	A_TO_B	EA	U	18	18	106	0	5	8	30529.49329157549	25000.97562741529
SIFT1M	RESIDUAL_NLIST1024	A_TO_B	EA	U	18	18	106	1	3	8	31078.271584417766	31009.793511536107
SIFT1M	RESIDUAL_NLIST1024	A_TO_B	EA	U	19	19	107	0	5	8	28301.657398118055	31779.089917052428
SIFT1M	RESIDUAL_NLIST1024	A_TO_B	EA	U	19	19	107	1	3	8	32772.735594020516	33157.64529847214
SIFT1M	RESIDUAL_NLIST1024	A_TO_B	EA	U	20	20	112	0	5	8	29774.361145124578	32669.52553078415
SIFT1M	RESIDUAL_NLIST1024	A_TO_B	EA	U	20	20	112	1	3	8	25981.15108052235	25843.458506179806
SIFT1M	RESIDUAL_NLIST1024	A_TO_B	EA	U	21	21	110	0	5	8	30298.109893231092	31768.15665159795
SIFT1M	RESIDUAL_NLIST1024	A_TO_B	EA	U	21	21	110	1	3	8	26519.84942460655	28790.525897358413
SIFT1M	RESIDUAL_NLIST1024	A_TO_B	EA	U	22	22	108	0	5	8	28733.35149421504	32084.742792985766
SIFT1M	RESIDUAL_NLIST1024	A_TO_B	EA	U	22	22	108	1	3	8	31154.81964871602	31413.45448544185
SIFT1M	RESIDUAL_NLIST1024	A_TO_B	EA	U	23	23	101	0	5	8	24225.21058064563	29566.210562832028
SIFT1M	RESIDUAL_NLIST1024	A_TO_B	EA	U	23	23	101	1	3	8	34097.73297437593	34549.43674537887
SIFT1M	RESIDUAL_NLIST1024	A_TO_B	EA	U	24	24	104	0	5	8	28144.999703822163	27341.57290597464
SIFT1M	RESIDUAL_NLIST1024	A_TO_B	EA	U	24	24	104	1	3	8	34606.04888531039	33998.282432587315
SIFT1M	RESIDUAL_NLIST1024	A_TO_B	EA	U	25	25	100	0	5	8	25620.21763669273	27736.424084698258
SIFT1M	RESIDUAL_NLIST1024	A_TO_B	EA	U	25	25	100	1	3	8	35298.810100126255	35532.692997505765
SIFT1M	RESIDUAL_NLIST1024	A_TO_B	EA	U	26	26	102	0	5	8	27403.88884303601	31542.96162758172
SIFT1M	RESIDUAL_NLIST1024	A_TO_B	EA	U	26	26	102	1	3	8	38076.47705114589	35957.66396622228
SIFT1M	RESIDUAL_NLIST1024	A_TO_B	EA	U	27	27	103	0	5	8	27758.199616995596	29018.564857532525
SIFT1M	RESIDUAL_NLIST1024	A_TO_B	EA	U	27	27	103	1	3	8	35576.17316753164	33982.41203916728
SIFT1M	RESIDUAL_NLIST1024	A_TO_B	EA	U	28	28	95	0	5	8	22431.658880852898	27524.042696375865
SIFT1M	RESIDUAL_NLIST1024	A_TO_B	EA	U	28	28	95	1	3	8	40313.63990376206	40631.74431055537
SIFT1M	RESIDUAL_NLIST1024	A_TO_B	EA	U	29	29	96	0	5	8	22995.402820102652	20798.70870866262
SIFT1M	RESIDUAL_NLIST1024	A_TO_B	EA	U	29	29	96	1	3	8	41343.48845123747	39827.31175094176
SIFT1M	RESIDUAL_NLIST1024	A_TO_B	EA	U	30	30	98	0	5	8	25522.94127051301	23920.561376932368
SIFT1M	RESIDUAL_NLIST1024	A_TO_B	EA	U	30	30	98	1	3	8	40088.54577221199	40373.92110721207
SIFT1M	RESIDUAL_NLIST1024	A_TO_B	EA	U	31	31	99	0	5	8	22093.192703497738	27588.80601294228
SIFT1M	RESIDUAL_NLIST1024	A_TO_B	EA	U	31	31	99	1	3	8	40611.280714867426	36425.04889988608
SIFT1M	RESIDUAL_NLIST1024	A_TO_B	EA	U	32	32	97	0	5	8	24403.885948398194	24058.493000264934
SIFT1M	RESIDUAL_NLIST1024	A_TO_B	EA	U	32	32	97	1	3	8	41551.017538000764	41277.386841650776
SIFT1M	RESIDUAL_NLIST1024	A_TO_B	EA	U	33	33	94	0	5	8	22489.960658900498	22362.499667503922
SIFT1M	RESIDUAL_NLIST1024	A_TO_B	EA	U	33	33	94	1	3	8	42397.03969289837	42824.48980633193
SIFT1M	RESIDUAL_NLIST1024	A_TO_B	EA	U	34	34	92	0	5	8	19969.825423408514	20235.75389461124
SIFT1M	RESIDUAL_NLIST1024	A_TO_B	EA	U	34	34	92	1	3	8	43048.15937958405	43049.29057728317
SIFT1M	RESIDUAL_NLIST1024	A_TO_B	EA	U	35	35	93	0	5	8	24041.96853745869	22755.44792120503
SIFT1M	RESIDUAL_NLIST1024	A_TO_B	EA	U	35	35	93	1	3	8	40798.76755632378	42167.384932076166
SIFT1M	RESIDUAL_NLIST1024	A_TO_B	EA	U	36	36	89	0	4	8	51956.51204392221	47126.45238208692
SIFT1M	RESIDUAL_NLIST1024	A_TO_B	EA	U	36	36	89	1	4	8	14297.157468598358	16421.47985639253
SIFT1M	RESIDUAL_NLIST1024	A_TO_B	EA	U	37	37	90	0	4	8	48237.77319196274	51561.76459730295
SIFT1M	RESIDUAL_NLIST1024	A_TO_B	EA	U	37	37	90	1	4	8	13726.564868161313	13285.289626874783
SIFT1M	RESIDUAL_NLIST1024	A_TO_B	EA	U	38	38	91	0	5	8	19410.883657333106	19471.01431947334
SIFT1M	RESIDUAL_NLIST1024	A_TO_B	EA	U	38	38	91	1	3	8	43158.39837220169	42972.66402292962
SIFT1M	RESIDUAL_NLIST1024	A_TO_B	EA	U	39	39	88	0	4	8	48003.822875447615	50585.08240954112
SIFT1M	RESIDUAL_NLIST1024	A_TO_B	EA	U	39	39	88	1	4	8	14506.32700391364	16014.543089758976
SIFT1M	RESIDUAL_NLIST1024	A_TO_B	EA	U	40	40	86	0	4	8	45704.09259093185	50220.36437650262
SIFT1M	RESIDUAL_NLIST1024	A_TO_B	EA	U	40	40	86	1	4	8	16121.875227552619	16190.71819505162
SIFT1M	RESIDUAL_NLIST1024	A_TO_B	EA	U	41	41	85	0	4	8	42672.203146123415	44573.148106404944
SIFT1M	RESIDUAL_NLIST1024	A_TO_B	EA	U	41	41	85	1	4	8	14985.254207409474	17441.5518145771
SIFT1M	RESIDUAL_NLIST1024	A_TO_B	EA	U	42	42	87	0	4	8	44148.020150066346	46285.80878403538
SIFT1M	RESIDUAL_NLIST1024	A_TO_B	EA	U	42	42	87	1	4	8	16518.483983359336	16128.263846761427
SIFT1M	RESIDUAL_NLIST1024	A_TO_B	EA	U	43	43	84	0	4	8	48375.822226902026	43378.99477333526
SIFT1M	RESIDUAL_NLIST1024	A_TO_B	EA	U	43	43	84	1	4	8	15664.49837489425	16561.124530307527
SIFT1M	RESIDUAL_NLIST1024	A_TO_B	EA	U	44	44	83	0	4	8	40512.00685599919	39564.16989488431
SIFT1M	RESIDUAL_NLIST1024	A_TO_B	EA	U	44	44	83	1	4	8	15165.108144817857	15985.198861746441
SIFT1M	RESIDUAL_NLIST1024	A_TO_B	EA	U	45	45	82	0	4	8	40654.88417872094	39072.19716511217
SIFT1M	RESIDUAL_NLIST1024	A_TO_B	EA	U	45	45	82	1	4	8	15995.713836492	16234.496382612746
SIFT1M	RESIDUAL_NLIST1024	A_TO_B	EA	U	46	46	81	0	4	8	43443.170472911755	39725.96580622507
SIFT1M	RESIDUAL_NLIST1024	A_TO_B	EA	U	46	46	81	1	4	8	15380.961586147652	20090.998780891314
SIFT1M	RESIDUAL_NLIST1024	A_TO_B	EA	U	47	47	79	0	4	8	39146.194960713125	35837.92527843671
SIFT1M	RESIDUAL_NLIST1024	A_TO_B	EA	U	47	47	79	1	4	8	15805.707401734815	16219.153103574432
SIFT1M	RESIDUAL_NLIST1024	A_TO_B	EA	U	48	48	80	0	4	8	37360.391928500736	43150.015805937146
SIFT1M	RESIDUAL_NLIST1024	A_TO_B	EA	U	48	48	80	1	4	8	16705.73484579206	16561.744917921096
SIFT1M	RESIDUAL_NLIST1024	A_TO_B	EA	U	49	49	76	0	4	8	35190.022537220626	34018.9543532022
SIFT1M	RESIDUAL_NLIST1024	A_TO_B	EA	U	49	49	76	1	4	8	19866.608240906084	19548.975257232378
SIFT1M	RESIDUAL_NLIST1024	A_TO_B	EA	U	50	50	75	0	4	8	36843.27065114216	36085.00841102408
SIFT1M	RESIDUAL_NLIST1024	A_TO_B	EA	U	50	50	75	1	4	8	18678.07988371211	19138.45766816225
SIFT1M	RESIDUAL_NLIST1024	A_TO_B	EA	U	51	51	78	0	4	8	35075.3194008608	37522.174758302725
SIFT1M	RESIDUAL_NLIST1024	A_TO_B	EA	U	51	51	78	1	4	8	21513.80029454625	17758.13281227219
SIFT1M	RESIDUAL_NLIST1024	A_TO_B	EA	U	52	52	77	0	4	8	37718.143127137155	36030.49191335103
SIFT1M	RESIDUAL_NLIST1024	A_TO_B	EA	U	52	52	77	1	4	8	18798.66378635071	18066.550001704043
SIFT1M	RESIDUAL_NLIST1024	A_TO_B	EA	U	53	53	74	0	4	8	32801.16676386697	34480.32410885079
SIFT1M	RESIDUAL_NLIST1024	A_TO_B	EA	U	53	53	74	1	4	8	19997.767027969894	21053.98936018475
SIFT1M	RESIDUAL_NLIST1024	A_TO_B	EA	U	54	54	73	0	4	8	29491.858629701448	29971.296455958312
SIFT1M	RESIDUAL_NLIST1024	A_TO_B	EA	U	54	54	73	1	4	8	21980.14522139322	21008.427580299962
SIFT1M	RESIDUAL_NLIST1024	A_TO_B	EA	U	55	55	71	0	4	8	29560.25060737842	29302.614889711265
SIFT1M	RESIDUAL_NLIST1024	A_TO_B	EA	U	55	55	71	1	4	8	21145.854869732073	23827.84485257721
SIFT1M	RESIDUAL_NLIST1024	A_TO_B	EA	U	56	56	72	0	4	8	31532.699236621556	30136.97126617071
SIFT1M	RESIDUAL_NLIST1024	A_TO_B	EA	U	56	56	72	1	4	8	19122.718259963334	19926.442541508306
SIFT1M	RESIDUAL_NLIST1024	A_TO_B	EA	U	57	57	70	0	4	8	31597.564303791994	28460.807325850656
SIFT1M	RESIDUAL_NLIST1024	A_TO_B	EA	U	57	57	70	1	4	8	21733.968027594852	20188.793562808354
SIFT1M	RESIDUAL_NLIST1024	A_TO_B	EA	U	58	58	69	0	4	8	29462.084707538328	28969.92356598187
SIFT1M	RESIDUAL_NLIST1024	A_TO_B	EA	U	58	58	69	1	4	8	19646.588801752587	18986.927949581783
SIFT1M	RESIDUAL_NLIST1024	A_TO_B	EA	U	59	59	65	0	4	8	28639.706722201874	25754.225540917378
SIFT1M	RESIDUAL_NLIST1024	A_TO_B	EA	U	59	59	65	1	4	8	22704.633543207947	27740.635818897616
SIFT1M	RESIDUAL_NLIST1024	A_TO_B	EA	U	60	60	68	0	4	8	27790.072980850775	27312.120087231204
SIFT1M	RESIDUAL_NLIST1024	A_TO_B	EA	U	60	60	68	1	4	8	21041.099586878932	25992.26309352178
SIFT1M	RESIDUAL_NLIST1024	A_TO_B	EA	U	61	61	67	0	4	8	29732.816010213268	27915.32750464697
SIFT1M	RESIDUAL_NLIST1024	A_TO_B	EA	U	61	61	67	1	4	8	22299.988031982128	22359.917370785563
SIFT1M	RESIDUAL_NLIST1024	A_TO_B	EA	U	62	62	66	0	4	8	28171.37505503044	28693.35978788011
SIFT1M	RESIDUAL_NLIST1024	A_TO_B	EA	U	62	62	66	1	4	8	23363.836252865145	23068.991622285517
SIFT1M	RESIDUAL_NLIST1024	A_TO_B	EA	U	63	63	64	0	4	8	24763.40245814943	25077.970184688325
SIFT1M	RESIDUAL_NLIST1024	A_TO_B	EA	U	63	63	64	1	4	8	24931.058188965682	25955.26517583323
SIFT1M	RESIDUAL_NLIST1024	A_TO_B	EA	V	0	0	117	0	5	8	56511.5478923477	41875.09142880567
SIFT1M	RESIDUAL_NLIST1024	A_TO_B	EA	V	0	0	117	1	3	8	22252.687650371437	22528.435003975013
SIFT1M	RESIDUAL_NLIST1024	A_TO_B	EA	V	1	1	122	0	5	8	34263.0789510223	38427.61223683186
SIFT1M	RESIDUAL_NLIST1024	A_TO_B	EA	V	1	1	122	1	3	8	18576.75796767227	17773.88555846486
SIFT1M	RESIDUAL_NLIST1024	A_TO_B	EA	V	2	2	116	0	5	8	34548.862097657126	36069.442547143495
SIFT1M	RESIDUAL_NLIST1024	A_TO_B	EA	V	2	2	116	1	3	8	21099.342522084364	22368.323140847293
SIFT1M	RESIDUAL_NLIST1024	A_TO_B	EA	V	3	3	126	0	5	8	43322.748526883035	41464.19567676516
SIFT1M	RESIDUAL_NLIST1024	A_TO_B	EA	V	3	3	126	1	3	8	13751.657122949962	13933.603673778818
SIFT1M	RESIDUAL_NLIST1024	A_TO_B	EA	V	4	4	121	0	5	8	34338.36426378599	41543.0014160177
SIFT1M	RESIDUAL_NLIST1024	A_TO_B	EA	V	4	4	121	1	3	8	18806.276956204856	18091.245108048606
SIFT1M	RESIDUAL_NLIST1024	A_TO_B	EA	V	5	5	125	0	5	8	42451.81170340348	39297.36430976142
SIFT1M	RESIDUAL_NLIST1024	A_TO_B	EA	V	5	5	125	1	3	8	16534.994426273894	16605.69309144474
SIFT1M	RESIDUAL_NLIST1024	A_TO_B	EA	V	6	6	127	0	5	7	48431.7173356757	41049.24318954471
SIFT1M	RESIDUAL_NLIST1024	A_TO_B	EA	V	6	6	127	1	2	7	39838.00653933262	40581.39798088841
SIFT1M	RESIDUAL_NLIST1024	A_TO_B	EA	V	7	7	119	0	5	8	37987.21686417168	35330.61809476561
SIFT1M	RESIDUAL_NLIST1024	A_TO_B	EA	V	7	7	119	1	3	8	21663.410479080252	22567.992450590653
SIFT1M	RESIDUAL_NLIST1024	A_TO_B	EA	V	8	8	123	0	5	8	34183.564547205875	39177.02137415439
SIFT1M	RESIDUAL_NLIST1024	A_TO_B	EA	V	8	8	123	1	3	8	16628.73970603403	17108.783098437503
SIFT1M	RESIDUAL_NLIST1024	A_TO_B	EA	V	9	9	114	0	5	8	32048.116230851003	32662.505062787473
SIFT1M	RESIDUAL_NLIST1024	A_TO_B	EA	V	9	9	114	1	3	8	25434.30631680414	25646.451058249993
SIFT1M	RESIDUAL_NLIST1024	A_TO_B	EA	V	10	10	124	0	5	8	38559.59749948449	42760.46940060688
SIFT1M	RESIDUAL_NLIST1024	A_TO_B	EA	V	10	10	124	1	3	8	18021.414213333068	18100.533094538463
SIFT1M	RESIDUAL_NLIST1024	A_TO_B	EA	V	11	11	120	0	5	8	38694.9346918443	39033.814948174346
SIFT1M	RESIDUAL_NLIST1024	A_TO_B	EA	V	11	11	120	1	3	8	19240.039716231917	18982.54239039669
SIFT1M	RESIDUAL_NLIST1024	A_TO_B	EA	V	12	12	118	0	5	8	32962.14386060637	37183.06429455476
SIFT1M	RESIDUAL_NLIST1024	A_TO_B	EA	V	12	12	118	1	3	8	21625.046447997036	21093.863348817347
SIFT1M	RESIDUAL_NLIST1024	A_TO_B	EA	V	13	13	115	0	5	8	33499.346141330316	35429.871329362264
SIFT1M	RESIDUAL_NLIST1024	A_TO_B	EA	V	13	13	115	1	3	8	22672.80610156671	23879.063031207996
SIFT1M	RESIDUAL_NLIST1024	A_TO_B	EA	V	14	14	111	0	5	8	31309.833705877078	31630.647295506737
SIFT1M	RESIDUAL_NLIST1024	A_TO_B	EA	V	14	14	111	1	3	8	25749.493946144266	25967.92431824046
SIFT1M	RESIDUAL_NLIST1024	A_TO_B	EA	V	15	15	105	0	5	8	25442.86494634111	28578.08449414897
SIFT1M	RESIDUAL_NLIST1024	A_TO_B	EA	V	15	15	105	1	3	8	34825.87392262323	33654.74585892459
SIFT1M	RESIDUAL_NLIST1024	A_TO_B	EA	V	16	16	113	0	5	8	29227.828443241073	33850.597006549215
SIFT1M	RESIDUAL_NLIST1024	A_TO_B	EA	V	16	16	113	1	3	8	25670.627062971722	25538.208355043134
SIFT1M	RESIDUAL_NLIST1024	A_TO_B	EA	V	17	17	109	0	5	8	34836.07356598086	34761.1582895616
SIFT1M	RESIDUAL_NLIST1024	A_TO_B	EA	V	17	17	109	1	3	8	30061.162890486623	28435.82702343004
SIFT1M	RESIDUAL_NLIST1024	A_TO_B	EA	V	18	18	106	0	5	8	30529.49329157549	25000.97562741529
SIFT1M	RESIDUAL_NLIST1024	A_TO_B	EA	V	18	18	106	1	3	8	31078.271584417766	31009.793511536107
SIFT1M	RESIDUAL_NLIST1024	A_TO_B	EA	V	19	19	107	0	5	8	28301.657398118055	31779.089917052428
SIFT1M	RESIDUAL_NLIST1024	A_TO_B	EA	V	19	19	107	1	3	8	32772.735594020516	33157.64529847214
SIFT1M	RESIDUAL_NLIST1024	A_TO_B	EA	V	20	20	112	0	5	8	29774.361145124578	32669.52553078415
SIFT1M	RESIDUAL_NLIST1024	A_TO_B	EA	V	20	20	112	1	3	8	25981.15108052235	25843.458506179806
SIFT1M	RESIDUAL_NLIST1024	A_TO_B	EA	V	21	21	110	0	5	8	30298.109893231092	31768.15665159795
SIFT1M	RESIDUAL_NLIST1024	A_TO_B	EA	V	21	21	110	1	3	8	26519.84942460655	28790.525897358413
SIFT1M	RESIDUAL_NLIST1024	A_TO_B	EA	V	22	22	108	0	5	8	28733.35149421504	32084.742792985766
SIFT1M	RESIDUAL_NLIST1024	A_TO_B	EA	V	22	22	108	1	3	8	31154.81964871602	31413.45448544185
SIFT1M	RESIDUAL_NLIST1024	A_TO_B	EA	V	23	23	101	0	5	8	24225.21058064563	29566.210562832028
SIFT1M	RESIDUAL_NLIST1024	A_TO_B	EA	V	23	23	101	1	3	8	34097.73297437593	34549.43674537887
SIFT1M	RESIDUAL_NLIST1024	A_TO_B	EA	V	24	24	104	0	5	8	28144.999703822163	27341.57290597464
SIFT1M	RESIDUAL_NLIST1024	A_TO_B	EA	V	24	24	104	1	3	8	34606.04888531039	33998.282432587315
SIFT1M	RESIDUAL_NLIST1024	A_TO_B	EA	V	25	25	100	0	5	8	25620.21763669273	27736.424084698258
SIFT1M	RESIDUAL_NLIST1024	A_TO_B	EA	V	25	25	100	1	3	8	35298.810100126255	35532.692997505765
SIFT1M	RESIDUAL_NLIST1024	A_TO_B	EA	V	26	26	102	0	5	8	27403.88884303601	31542.96162758172
SIFT1M	RESIDUAL_NLIST1024	A_TO_B	EA	V	26	26	102	1	3	8	38076.47705114589	35957.66396622228
SIFT1M	RESIDUAL_NLIST1024	A_TO_B	EA	V	27	27	103	0	5	8	27758.199616995596	29018.564857532525
SIFT1M	RESIDUAL_NLIST1024	A_TO_B	EA	V	27	27	103	1	3	8	35576.17316753164	33982.41203916728
SIFT1M	RESIDUAL_NLIST1024	A_TO_B	EA	V	28	28	95	0	5	8	22431.658880852898	27524.042696375865
SIFT1M	RESIDUAL_NLIST1024	A_TO_B	EA	V	28	28	95	1	3	8	40313.63990376206	40631.74431055537
SIFT1M	RESIDUAL_NLIST1024	A_TO_B	EA	V	29	29	96	0	5	8	22995.402820102652	20798.70870866262
SIFT1M	RESIDUAL_NLIST1024	A_TO_B	EA	V	29	29	96	1	3	8	41343.48845123747	39827.31175094176
SIFT1M	RESIDUAL_NLIST1024	A_TO_B	EA	V	30	30	98	0	5	8	25522.94127051301	23920.561376932368
SIFT1M	RESIDUAL_NLIST1024	A_TO_B	EA	V	30	30	98	1	3	8	40088.54577221199	40373.92110721207
SIFT1M	RESIDUAL_NLIST1024	A_TO_B	EA	V	31	31	99	0	5	8	22093.192703497738	27588.80601294228
SIFT1M	RESIDUAL_NLIST1024	A_TO_B	EA	V	31	31	99	1	3	8	40611.280714867426	36425.04889988608
SIFT1M	RESIDUAL_NLIST1024	A_TO_B	EA	V	32	32	97	0	5	8	24403.885948398194	24058.493000264934
SIFT1M	RESIDUAL_NLIST1024	A_TO_B	EA	V	32	32	97	1	3	8	41551.017538000764	41277.386841650776
SIFT1M	RESIDUAL_NLIST1024	A_TO_B	EA	V	33	33	94	0	5	8	22489.960658900498	22362.499667503922
SIFT1M	RESIDUAL_NLIST1024	A_TO_B	EA	V	33	33	94	1	3	8	42397.03969289837	42824.48980633193
SIFT1M	RESIDUAL_NLIST1024	A_TO_B	EA	V	34	34	92	0	4	8	52062.97215339454	58510.55059269555
SIFT1M	RESIDUAL_NLIST1024	A_TO_B	EA	V	34	34	92	1	4	8	12976.599368860097	13326.180409801416
SIFT1M	RESIDUAL_NLIST1024	A_TO_B	EA	V	35	35	93	0	5	9	24041.96853745869	22755.44792120503
SIFT1M	RESIDUAL_NLIST1024	A_TO_B	EA	V	35	35	93	1	4	9	12780.778023336441	13363.237404453586
SIFT1M	RESIDUAL_NLIST1024	A_TO_B	EA	V	36	36	89	0	4	8	51956.51204392221	47126.45238208692
SIFT1M	RESIDUAL_NLIST1024	A_TO_B	EA	V	36	36	89	1	4	8	14297.157468598358	16421.47985639253
SIFT1M	RESIDUAL_NLIST1024	A_TO_B	EA	V	37	37	90	0	4	8	48237.77319196274	51561.76459730295
SIFT1M	RESIDUAL_NLIST1024	A_TO_B	EA	V	37	37	90	1	4	8	13726.564868161313	13285.289626874783
SIFT1M	RESIDUAL_NLIST1024	A_TO_B	EA	V	38	38	91	0	5	8	19410.883657333106	19471.01431947334
SIFT1M	RESIDUAL_NLIST1024	A_TO_B	EA	V	38	38	91	1	3	8	43158.39837220169	42972.66402292962
SIFT1M	RESIDUAL_NLIST1024	A_TO_B	EA	V	39	39	88	0	4	8	48003.822875447615	50585.08240954112
SIFT1M	RESIDUAL_NLIST1024	A_TO_B	EA	V	39	39	88	1	4	8	14506.32700391364	16014.543089758976
SIFT1M	RESIDUAL_NLIST1024	A_TO_B	EA	V	40	40	86	0	4	8	45704.09259093185	50220.36437650262
SIFT1M	RESIDUAL_NLIST1024	A_TO_B	EA	V	40	40	86	1	4	8	16121.875227552619	16190.71819505162
SIFT1M	RESIDUAL_NLIST1024	A_TO_B	EA	V	41	41	85	0	4	8	42672.203146123415	44573.148106404944
SIFT1M	RESIDUAL_NLIST1024	A_TO_B	EA	V	41	41	85	1	4	8	14985.254207409474	17441.5518145771
SIFT1M	RESIDUAL_NLIST1024	A_TO_B	EA	V	42	42	87	0	4	8	44148.020150066346	46285.80878403538
SIFT1M	RESIDUAL_NLIST1024	A_TO_B	EA	V	42	42	87	1	4	8	16518.483983359336	16128.263846761427
SIFT1M	RESIDUAL_NLIST1024	A_TO_B	EA	V	43	43	84	0	4	8	48375.822226902026	43378.99477333526
SIFT1M	RESIDUAL_NLIST1024	A_TO_B	EA	V	43	43	84	1	4	8	15664.49837489425	16561.124530307527
SIFT1M	RESIDUAL_NLIST1024	A_TO_B	EA	V	44	44	83	0	4	8	40512.00685599919	39564.16989488431
SIFT1M	RESIDUAL_NLIST1024	A_TO_B	EA	V	44	44	83	1	4	8	15165.108144817857	15985.198861746441
SIFT1M	RESIDUAL_NLIST1024	A_TO_B	EA	V	45	45	82	0	4	8	40654.88417872094	39072.19716511217
SIFT1M	RESIDUAL_NLIST1024	A_TO_B	EA	V	45	45	82	1	4	8	15995.713836492	16234.496382612746
SIFT1M	RESIDUAL_NLIST1024	A_TO_B	EA	V	46	46	81	0	4	8	43443.170472911755	39725.96580622507
SIFT1M	RESIDUAL_NLIST1024	A_TO_B	EA	V	46	46	81	1	4	8	15380.961586147652	20090.998780891314
SIFT1M	RESIDUAL_NLIST1024	A_TO_B	EA	V	47	47	79	0	4	8	39146.194960713125	35837.92527843671
SIFT1M	RESIDUAL_NLIST1024	A_TO_B	EA	V	47	47	79	1	4	8	15805.707401734815	16219.153103574432
SIFT1M	RESIDUAL_NLIST1024	A_TO_B	EA	V	48	48	80	0	4	8	37360.391928500736	43150.015805937146
SIFT1M	RESIDUAL_NLIST1024	A_TO_B	EA	V	48	48	80	1	4	8	16705.73484579206	16561.744917921096
SIFT1M	RESIDUAL_NLIST1024	A_TO_B	EA	V	49	49	76	0	4	8	35190.022537220626	34018.9543532022
SIFT1M	RESIDUAL_NLIST1024	A_TO_B	EA	V	49	49	76	1	4	8	19866.608240906084	19548.975257232378
SIFT1M	RESIDUAL_NLIST1024	A_TO_B	EA	V	50	50	75	0	4	8	36843.27065114216	36085.00841102408
SIFT1M	RESIDUAL_NLIST1024	A_TO_B	EA	V	50	50	75	1	4	8	18678.07988371211	19138.45766816225
SIFT1M	RESIDUAL_NLIST1024	A_TO_B	EA	V	51	51	78	0	4	8	35075.3194008608	37522.174758302725
SIFT1M	RESIDUAL_NLIST1024	A_TO_B	EA	V	51	51	78	1	4	8	21513.80029454625	17758.13281227219
SIFT1M	RESIDUAL_NLIST1024	A_TO_B	EA	V	52	52	77	0	4	8	37718.143127137155	36030.49191335103
SIFT1M	RESIDUAL_NLIST1024	A_TO_B	EA	V	52	52	77	1	4	8	18798.66378635071	18066.550001704043
SIFT1M	RESIDUAL_NLIST1024	A_TO_B	EA	V	53	53	74	0	4	8	32801.16676386697	34480.32410885079
SIFT1M	RESIDUAL_NLIST1024	A_TO_B	EA	V	53	53	74	1	4	8	19997.767027969894	21053.98936018475
SIFT1M	RESIDUAL_NLIST1024	A_TO_B	EA	V	54	54	73	0	4	8	29491.858629701448	29971.296455958312
SIFT1M	RESIDUAL_NLIST1024	A_TO_B	EA	V	54	54	73	1	4	8	21980.14522139322	21008.427580299962
SIFT1M	RESIDUAL_NLIST1024	A_TO_B	EA	V	55	55	71	0	4	8	29560.25060737842	29302.614889711265
SIFT1M	RESIDUAL_NLIST1024	A_TO_B	EA	V	55	55	71	1	4	8	21145.854869732073	23827.84485257721
SIFT1M	RESIDUAL_NLIST1024	A_TO_B	EA	V	56	56	72	0	4	8	31532.699236621556	30136.97126617071
SIFT1M	RESIDUAL_NLIST1024	A_TO_B	EA	V	56	56	72	1	4	8	19122.718259963334	19926.442541508306
SIFT1M	RESIDUAL_NLIST1024	A_TO_B	EA	V	57	57	70	0	4	8	31597.564303791994	28460.807325850656
SIFT1M	RESIDUAL_NLIST1024	A_TO_B	EA	V	57	57	70	1	4	8	21733.968027594852	20188.793562808354
SIFT1M	RESIDUAL_NLIST1024	A_TO_B	EA	V	58	58	69	0	4	8	29462.084707538328	28969.92356598187
SIFT1M	RESIDUAL_NLIST1024	A_TO_B	EA	V	58	58	69	1	4	8	19646.588801752587	18986.927949581783
SIFT1M	RESIDUAL_NLIST1024	A_TO_B	EA	V	59	59	65	0	4	8	28639.706722201874	25754.225540917378
SIFT1M	RESIDUAL_NLIST1024	A_TO_B	EA	V	59	59	65	1	4	8	22704.633543207947	27740.635818897616
SIFT1M	RESIDUAL_NLIST1024	A_TO_B	EA	V	60	60	68	0	4	8	27790.072980850775	27312.120087231204
SIFT1M	RESIDUAL_NLIST1024	A_TO_B	EA	V	60	60	68	1	4	8	21041.099586878932	25992.26309352178
SIFT1M	RESIDUAL_NLIST1024	A_TO_B	EA	V	61	61	67	0	4	8	29732.816010213268	27915.32750464697
SIFT1M	RESIDUAL_NLIST1024	A_TO_B	EA	V	61	61	67	1	4	8	22299.988031982128	22359.917370785563
SIFT1M	RESIDUAL_NLIST1024	A_TO_B	EA	V	62	62	66	0	4	8	28171.37505503044	28693.35978788011
SIFT1M	RESIDUAL_NLIST1024	A_TO_B	EA	V	62	62	66	1	4	8	23363.836252865145	23068.991622285517
SIFT1M	RESIDUAL_NLIST1024	A_TO_B	EA	V	63	63	64	0	4	8	24763.40245814943	25077.970184688325
SIFT1M	RESIDUAL_NLIST1024	A_TO_B	EA	V	63	63	64	1	4	8	24931.058188965682	25955.26517583323
SIFT1M	RESIDUAL_NLIST1024	A_TO_B	EA	E	0	0	117	0	5	8	56511.5478923477	41875.09142880567
SIFT1M	RESIDUAL_NLIST1024	A_TO_B	EA	E	0	0	117	1	3	8	22252.687650371437	22528.435003975013
SIFT1M	RESIDUAL_NLIST1024	A_TO_B	EA	E	1	1	122	0	5	8	34263.0789510223	38427.61223683186
SIFT1M	RESIDUAL_NLIST1024	A_TO_B	EA	E	1	1	122	1	3	8	18576.75796767227	17773.88555846486
SIFT1M	RESIDUAL_NLIST1024	A_TO_B	EA	E	2	2	116	0	5	8	34548.862097657126	36069.442547143495
SIFT1M	RESIDUAL_NLIST1024	A_TO_B	EA	E	2	2	116	1	3	8	21099.342522084364	22368.323140847293
SIFT1M	RESIDUAL_NLIST1024	A_TO_B	EA	E	3	3	126	0	5	8	43322.748526883035	41464.19567676516
SIFT1M	RESIDUAL_NLIST1024	A_TO_B	EA	E	3	3	126	1	3	8	13751.657122949962	13933.603673778818
SIFT1M	RESIDUAL_NLIST1024	A_TO_B	EA	E	4	4	121	0	5	8	34338.36426378599	41543.0014160177
SIFT1M	RESIDUAL_NLIST1024	A_TO_B	EA	E	4	4	121	1	3	8	18806.276956204856	18091.245108048606
SIFT1M	RESIDUAL_NLIST1024	A_TO_B	EA	E	5	5	125	0	5	8	42451.81170340348	39297.36430976142
SIFT1M	RESIDUAL_NLIST1024	A_TO_B	EA	E	5	5	125	1	3	8	16534.994426273894	16605.69309144474
SIFT1M	RESIDUAL_NLIST1024	A_TO_B	EA	E	6	6	127	0	5	7	48431.7173356757	41049.24318954471
SIFT1M	RESIDUAL_NLIST1024	A_TO_B	EA	E	6	6	127	1	2	7	39838.00653933262	40581.39798088841
SIFT1M	RESIDUAL_NLIST1024	A_TO_B	EA	E	7	7	119	0	5	8	37987.21686417168	35330.61809476561
SIFT1M	RESIDUAL_NLIST1024	A_TO_B	EA	E	7	7	119	1	3	8	21663.410479080252	22567.992450590653
SIFT1M	RESIDUAL_NLIST1024	A_TO_B	EA	E	8	8	123	0	5	8	34183.564547205875	39177.02137415439
SIFT1M	RESIDUAL_NLIST1024	A_TO_B	EA	E	8	8	123	1	3	8	16628.73970603403	17108.783098437503
SIFT1M	RESIDUAL_NLIST1024	A_TO_B	EA	E	9	9	114	0	5	8	32048.116230851003	32662.505062787473
SIFT1M	RESIDUAL_NLIST1024	A_TO_B	EA	E	9	9	114	1	3	8	25434.30631680414	25646.451058249993
SIFT1M	RESIDUAL_NLIST1024	A_TO_B	EA	E	10	10	124	0	5	8	38559.59749948449	42760.46940060688
SIFT1M	RESIDUAL_NLIST1024	A_TO_B	EA	E	10	10	124	1	3	8	18021.414213333068	18100.533094538463
SIFT1M	RESIDUAL_NLIST1024	A_TO_B	EA	E	11	11	120	0	5	8	38694.9346918443	39033.814948174346
SIFT1M	RESIDUAL_NLIST1024	A_TO_B	EA	E	11	11	120	1	3	8	19240.039716231917	18982.54239039669
SIFT1M	RESIDUAL_NLIST1024	A_TO_B	EA	E	12	12	118	0	5	8	32962.14386060637	37183.06429455476
SIFT1M	RESIDUAL_NLIST1024	A_TO_B	EA	E	12	12	118	1	3	8	21625.046447997036	21093.863348817347
SIFT1M	RESIDUAL_NLIST1024	A_TO_B	EA	E	13	13	115	0	5	8	33499.346141330316	35429.871329362264
SIFT1M	RESIDUAL_NLIST1024	A_TO_B	EA	E	13	13	115	1	3	8	22672.80610156671	23879.063031207996
SIFT1M	RESIDUAL_NLIST1024	A_TO_B	EA	E	14	14	111	0	5	8	31309.833705877078	31630.647295506737
SIFT1M	RESIDUAL_NLIST1024	A_TO_B	EA	E	14	14	111	1	3	8	25749.493946144266	25967.92431824046
SIFT1M	RESIDUAL_NLIST1024	A_TO_B	EA	E	15	15	105	0	5	8	25442.86494634111	28578.08449414897
SIFT1M	RESIDUAL_NLIST1024	A_TO_B	EA	E	15	15	105	1	3	8	34825.87392262323	33654.74585892459
SIFT1M	RESIDUAL_NLIST1024	A_TO_B	EA	E	16	16	113	0	5	8	29227.828443241073	33850.597006549215
SIFT1M	RESIDUAL_NLIST1024	A_TO_B	EA	E	16	16	113	1	3	8	25670.627062971722	25538.208355043134
SIFT1M	RESIDUAL_NLIST1024	A_TO_B	EA	E	17	17	109	0	5	8	34836.07356598086	34761.1582895616
SIFT1M	RESIDUAL_NLIST1024	A_TO_B	EA	E	17	17	109	1	3	8	30061.162890486623	28435.82702343004
SIFT1M	RESIDUAL_NLIST1024	A_TO_B	EA	E	18	18	106	0	5	8	30529.49329157549	25000.97562741529
SIFT1M	RESIDUAL_NLIST1024	A_TO_B	EA	E	18	18	106	1	3	8	31078.271584417766	31009.793511536107
SIFT1M	RESIDUAL_NLIST1024	A_TO_B	EA	E	19	19	107	0	5	8	28301.657398118055	31779.089917052428
SIFT1M	RESIDUAL_NLIST1024	A_TO_B	EA	E	19	19	107	1	3	8	32772.735594020516	33157.64529847214
SIFT1M	RESIDUAL_NLIST1024	A_TO_B	EA	E	20	20	112	0	5	8	29774.361145124578	32669.52553078415
SIFT1M	RESIDUAL_NLIST1024	A_TO_B	EA	E	20	20	112	1	3	8	25981.15108052235	25843.458506179806
SIFT1M	RESIDUAL_NLIST1024	A_TO_B	EA	E	21	21	110	0	5	8	30298.109893231092	31768.15665159795
SIFT1M	RESIDUAL_NLIST1024	A_TO_B	EA	E	21	21	110	1	3	8	26519.84942460655	28790.525897358413
SIFT1M	RESIDUAL_NLIST1024	A_TO_B	EA	E	22	22	108	0	5	8	28733.35149421504	32084.742792985766
SIFT1M	RESIDUAL_NLIST1024	A_TO_B	EA	E	22	22	108	1	3	8	31154.81964871602	31413.45448544185
SIFT1M	RESIDUAL_NLIST1024	A_TO_B	EA	E	23	23	101	0	5	8	24225.21058064563	29566.210562832028
SIFT1M	RESIDUAL_NLIST1024	A_TO_B	EA	E	23	23	101	1	3	8	34097.73297437593	34549.43674537887
SIFT1M	RESIDUAL_NLIST1024	A_TO_B	EA	E	24	24	104	0	5	8	28144.999703822163	27341.57290597464
SIFT1M	RESIDUAL_NLIST1024	A_TO_B	EA	E	24	24	104	1	3	8	34606.04888531039	33998.282432587315
SIFT1M	RESIDUAL_NLIST1024	A_TO_B	EA	E	25	25	100	0	5	8	25620.21763669273	27736.424084698258
SIFT1M	RESIDUAL_NLIST1024	A_TO_B	EA	E	25	25	100	1	3	8	35298.810100126255	35532.692997505765
SIFT1M	RESIDUAL_NLIST1024	A_TO_B	EA	E	26	26	102	0	5	8	27403.88884303601	31542.96162758172
SIFT1M	RESIDUAL_NLIST1024	A_TO_B	EA	E	26	26	102	1	3	8	38076.47705114589	35957.66396622228
SIFT1M	RESIDUAL_NLIST1024	A_TO_B	EA	E	27	27	103	0	5	8	27758.199616995596	29018.564857532525
SIFT1M	RESIDUAL_NLIST1024	A_TO_B	EA	E	27	27	103	1	3	8	35576.17316753164	33982.41203916728
SIFT1M	RESIDUAL_NLIST1024	A_TO_B	EA	E	28	28	95	0	5	8	22431.658880852898	27524.042696375865
SIFT1M	RESIDUAL_NLIST1024	A_TO_B	EA	E	28	28	95	1	3	8	40313.63990376206	40631.74431055537
SIFT1M	RESIDUAL_NLIST1024	A_TO_B	EA	E	29	29	96	0	5	8	22995.402820102652	20798.70870866262
SIFT1M	RESIDUAL_NLIST1024	A_TO_B	EA	E	29	29	96	1	3	8	41343.48845123747	39827.31175094176
SIFT1M	RESIDUAL_NLIST1024	A_TO_B	EA	E	30	30	98	0	5	8	25522.94127051301	23920.561376932368
SIFT1M	RESIDUAL_NLIST1024	A_TO_B	EA	E	30	30	98	1	3	8	40088.54577221199	40373.92110721207
SIFT1M	RESIDUAL_NLIST1024	A_TO_B	EA	E	31	31	99	0	5	8	22093.192703497738	27588.80601294228
SIFT1M	RESIDUAL_NLIST1024	A_TO_B	EA	E	31	31	99	1	3	8	40611.280714867426	36425.04889988608
SIFT1M	RESIDUAL_NLIST1024	A_TO_B	EA	E	32	32	97	0	5	8	24403.885948398194	24058.493000264934
SIFT1M	RESIDUAL_NLIST1024	A_TO_B	EA	E	32	32	97	1	3	8	41551.017538000764	41277.386841650776
SIFT1M	RESIDUAL_NLIST1024	A_TO_B	EA	E	33	33	94	0	5	8	22489.960658900498	22362.499667503922
SIFT1M	RESIDUAL_NLIST1024	A_TO_B	EA	E	33	33	94	1	3	8	42397.03969289837	42824.48980633193
SIFT1M	RESIDUAL_NLIST1024	A_TO_B	EA	E	34	34	92	0	5	8	19969.825423408514	20235.75389461124
SIFT1M	RESIDUAL_NLIST1024	A_TO_B	EA	E	34	34	92	1	3	8	43048.15937958405	43049.29057728317
SIFT1M	RESIDUAL_NLIST1024	A_TO_B	EA	E	35	35	93	0	5	8	24041.96853745869	22755.44792120503
SIFT1M	RESIDUAL_NLIST1024	A_TO_B	EA	E	35	35	93	1	3	8	40798.76755632378	42167.384932076166
SIFT1M	RESIDUAL_NLIST1024	A_TO_B	EA	E	36	36	89	0	5	9	20000.70671501128	16456.02954317572
SIFT1M	RESIDUAL_NLIST1024	A_TO_B	EA	E	36	36	89	1	4	9	14297.157468598358	16421.47985639253
SIFT1M	RESIDUAL_NLIST1024	A_TO_B	EA	E	37	37	90	0	4	8	48237.77319196274	51561.76459730295
SIFT1M	RESIDUAL_NLIST1024	A_TO_B	EA	E	37	37	90	1	4	8	13726.564868161313	13285.289626874783
SIFT1M	RESIDUAL_NLIST1024	A_TO_B	EA	E	38	38	91	0	5	8	19410.883657333106	19471.01431947334
SIFT1M	RESIDUAL_NLIST1024	A_TO_B	EA	E	38	38	91	1	3	8	43158.39837220169	42972.66402292962
SIFT1M	RESIDUAL_NLIST1024	A_TO_B	EA	E	39	39	88	0	4	8	48003.822875447615	50585.08240954112
SIFT1M	RESIDUAL_NLIST1024	A_TO_B	EA	E	39	39	88	1	4	8	14506.32700391364	16014.543089758976
SIFT1M	RESIDUAL_NLIST1024	A_TO_B	EA	E	40	40	86	0	4	8	45704.09259093185	50220.36437650262
SIFT1M	RESIDUAL_NLIST1024	A_TO_B	EA	E	40	40	86	1	4	8	16121.875227552619	16190.71819505162
SIFT1M	RESIDUAL_NLIST1024	A_TO_B	EA	E	41	41	85	0	4	8	42672.203146123415	44573.148106404944
SIFT1M	RESIDUAL_NLIST1024	A_TO_B	EA	E	41	41	85	1	4	8	14985.254207409474	17441.5518145771
SIFT1M	RESIDUAL_NLIST1024	A_TO_B	EA	E	42	42	87	0	4	8	44148.020150066346	46285.80878403538
SIFT1M	RESIDUAL_NLIST1024	A_TO_B	EA	E	42	42	87	1	4	8	16518.483983359336	16128.263846761427
SIFT1M	RESIDUAL_NLIST1024	A_TO_B	EA	E	43	43	84	0	4	8	48375.822226902026	43378.99477333526
SIFT1M	RESIDUAL_NLIST1024	A_TO_B	EA	E	43	43	84	1	4	8	15664.49837489425	16561.124530307527
SIFT1M	RESIDUAL_NLIST1024	A_TO_B	EA	E	44	44	83	0	4	8	40512.00685599919	39564.16989488431
SIFT1M	RESIDUAL_NLIST1024	A_TO_B	EA	E	44	44	83	1	4	8	15165.108144817857	15985.198861746441
SIFT1M	RESIDUAL_NLIST1024	A_TO_B	EA	E	45	45	82	0	4	8	40654.88417872094	39072.19716511217
SIFT1M	RESIDUAL_NLIST1024	A_TO_B	EA	E	45	45	82	1	4	8	15995.713836492	16234.496382612746
SIFT1M	RESIDUAL_NLIST1024	A_TO_B	EA	E	46	46	81	0	4	8	43443.170472911755	39725.96580622507
SIFT1M	RESIDUAL_NLIST1024	A_TO_B	EA	E	46	46	81	1	4	8	15380.961586147652	20090.998780891314
SIFT1M	RESIDUAL_NLIST1024	A_TO_B	EA	E	47	47	79	0	4	8	39146.194960713125	35837.92527843671
SIFT1M	RESIDUAL_NLIST1024	A_TO_B	EA	E	47	47	79	1	4	8	15805.707401734815	16219.153103574432
SIFT1M	RESIDUAL_NLIST1024	A_TO_B	EA	E	48	48	80	0	4	8	37360.391928500736	43150.015805937146
SIFT1M	RESIDUAL_NLIST1024	A_TO_B	EA	E	48	48	80	1	4	8	16705.73484579206	16561.744917921096
SIFT1M	RESIDUAL_NLIST1024	A_TO_B	EA	E	49	49	76	0	4	8	35190.022537220626	34018.9543532022
SIFT1M	RESIDUAL_NLIST1024	A_TO_B	EA	E	49	49	76	1	4	8	19866.608240906084	19548.975257232378
SIFT1M	RESIDUAL_NLIST1024	A_TO_B	EA	E	50	50	75	0	4	8	36843.27065114216	36085.00841102408
SIFT1M	RESIDUAL_NLIST1024	A_TO_B	EA	E	50	50	75	1	4	8	18678.07988371211	19138.45766816225
SIFT1M	RESIDUAL_NLIST1024	A_TO_B	EA	E	51	51	78	0	4	8	35075.3194008608	37522.174758302725
SIFT1M	RESIDUAL_NLIST1024	A_TO_B	EA	E	51	51	78	1	4	8	21513.80029454625	17758.13281227219
SIFT1M	RESIDUAL_NLIST1024	A_TO_B	EA	E	52	52	77	0	4	8	37718.143127137155	36030.49191335103
SIFT1M	RESIDUAL_NLIST1024	A_TO_B	EA	E	52	52	77	1	4	8	18798.66378635071	18066.550001704043
SIFT1M	RESIDUAL_NLIST1024	A_TO_B	EA	E	53	53	74	0	4	8	32801.16676386697	34480.32410885079
SIFT1M	RESIDUAL_NLIST1024	A_TO_B	EA	E	53	53	74	1	4	8	19997.767027969894	21053.98936018475
SIFT1M	RESIDUAL_NLIST1024	A_TO_B	EA	E	54	54	73	0	4	8	29491.858629701448	29971.296455958312
SIFT1M	RESIDUAL_NLIST1024	A_TO_B	EA	E	54	54	73	1	4	8	21980.14522139322	21008.427580299962
SIFT1M	RESIDUAL_NLIST1024	A_TO_B	EA	E	55	55	71	0	4	8	29560.25060737842	29302.614889711265
SIFT1M	RESIDUAL_NLIST1024	A_TO_B	EA	E	55	55	71	1	4	8	21145.854869732073	23827.84485257721
SIFT1M	RESIDUAL_NLIST1024	A_TO_B	EA	E	56	56	72	0	4	8	31532.699236621556	30136.97126617071
SIFT1M	RESIDUAL_NLIST1024	A_TO_B	EA	E	56	56	72	1	4	8	19122.718259963334	19926.442541508306
SIFT1M	RESIDUAL_NLIST1024	A_TO_B	EA	E	57	57	70	0	4	8	31597.564303791994	28460.807325850656
SIFT1M	RESIDUAL_NLIST1024	A_TO_B	EA	E	57	57	70	1	4	8	21733.968027594852	20188.793562808354
SIFT1M	RESIDUAL_NLIST1024	A_TO_B	EA	E	58	58	69	0	4	8	29462.084707538328	28969.92356598187
SIFT1M	RESIDUAL_NLIST1024	A_TO_B	EA	E	58	58	69	1	4	8	19646.588801752587	18986.927949581783
SIFT1M	RESIDUAL_NLIST1024	A_TO_B	EA	E	59	59	65	0	4	8	28639.706722201874	25754.225540917378
SIFT1M	RESIDUAL_NLIST1024	A_TO_B	EA	E	59	59	65	1	4	8	22704.633543207947	27740.635818897616
SIFT1M	RESIDUAL_NLIST1024	A_TO_B	EA	E	60	60	68	0	4	8	27790.072980850775	27312.120087231204
SIFT1M	RESIDUAL_NLIST1024	A_TO_B	EA	E	60	60	68	1	4	8	21041.099586878932	25992.26309352178
SIFT1M	RESIDUAL_NLIST1024	A_TO_B	EA	E	61	61	67	0	4	8	29732.816010213268	27915.32750464697
SIFT1M	RESIDUAL_NLIST1024	A_TO_B	EA	E	61	61	67	1	4	8	22299.988031982128	22359.917370785563
SIFT1M	RESIDUAL_NLIST1024	A_TO_B	EA	E	62	62	66	0	4	8	28171.37505503044	28693.35978788011
SIFT1M	RESIDUAL_NLIST1024	A_TO_B	EA	E	62	62	66	1	4	8	23363.836252865145	23068.991622285517
SIFT1M	RESIDUAL_NLIST1024	A_TO_B	EA	E	63	63	64	0	4	8	24763.40245814943	25077.970184688325
SIFT1M	RESIDUAL_NLIST1024	A_TO_B	EA	E	63	63	64	1	4	8	24931.058188965682	25955.26517583323
SIFT1M	RESIDUAL_NLIST1024	A_TO_B	EA	S	0	0	117	0	5	8	56511.5478923477	41875.09142880567
SIFT1M	RESIDUAL_NLIST1024	A_TO_B	EA	S	0	0	117	1	3	8	22252.687650371437	22528.435003975013
SIFT1M	RESIDUAL_NLIST1024	A_TO_B	EA	S	1	1	122	0	5	8	34263.0789510223	38427.61223683186
SIFT1M	RESIDUAL_NLIST1024	A_TO_B	EA	S	1	1	122	1	3	8	18576.75796767227	17773.88555846486
SIFT1M	RESIDUAL_NLIST1024	A_TO_B	EA	S	2	2	116	0	5	8	34548.862097657126	36069.442547143495
SIFT1M	RESIDUAL_NLIST1024	A_TO_B	EA	S	2	2	116	1	3	8	21099.342522084364	22368.323140847293
SIFT1M	RESIDUAL_NLIST1024	A_TO_B	EA	S	3	3	126	0	5	8	43322.748526883035	41464.19567676516
SIFT1M	RESIDUAL_NLIST1024	A_TO_B	EA	S	3	3	126	1	3	8	13751.657122949962	13933.603673778818
SIFT1M	RESIDUAL_NLIST1024	A_TO_B	EA	S	4	4	121	0	5	8	34338.36426378599	41543.0014160177
SIFT1M	RESIDUAL_NLIST1024	A_TO_B	EA	S	4	4	121	1	3	8	18806.276956204856	18091.245108048606
SIFT1M	RESIDUAL_NLIST1024	A_TO_B	EA	S	5	5	125	0	5	8	42451.81170340348	39297.36430976142
SIFT1M	RESIDUAL_NLIST1024	A_TO_B	EA	S	5	5	125	1	3	8	16534.994426273894	16605.69309144474
SIFT1M	RESIDUAL_NLIST1024	A_TO_B	EA	S	6	6	127	0	5	7	48431.7173356757	41049.24318954471
SIFT1M	RESIDUAL_NLIST1024	A_TO_B	EA	S	6	6	127	1	2	7	39838.00653933262	40581.39798088841
SIFT1M	RESIDUAL_NLIST1024	A_TO_B	EA	S	7	7	119	0	5	8	37987.21686417168	35330.61809476561
SIFT1M	RESIDUAL_NLIST1024	A_TO_B	EA	S	7	7	119	1	3	8	21663.410479080252	22567.992450590653
SIFT1M	RESIDUAL_NLIST1024	A_TO_B	EA	S	8	8	123	0	5	8	34183.564547205875	39177.02137415439
SIFT1M	RESIDUAL_NLIST1024	A_TO_B	EA	S	8	8	123	1	3	8	16628.73970603403	17108.783098437503
SIFT1M	RESIDUAL_NLIST1024	A_TO_B	EA	S	9	9	114	0	5	8	32048.116230851003	32662.505062787473
SIFT1M	RESIDUAL_NLIST1024	A_TO_B	EA	S	9	9	114	1	3	8	25434.30631680414	25646.451058249993
SIFT1M	RESIDUAL_NLIST1024	A_TO_B	EA	S	10	10	124	0	5	8	38559.59749948449	42760.46940060688
SIFT1M	RESIDUAL_NLIST1024	A_TO_B	EA	S	10	10	124	1	3	8	18021.414213333068	18100.533094538463
SIFT1M	RESIDUAL_NLIST1024	A_TO_B	EA	S	11	11	120	0	5	8	38694.9346918443	39033.814948174346
SIFT1M	RESIDUAL_NLIST1024	A_TO_B	EA	S	11	11	120	1	3	8	19240.039716231917	18982.54239039669
SIFT1M	RESIDUAL_NLIST1024	A_TO_B	EA	S	12	12	118	0	5	8	32962.14386060637	37183.06429455476
SIFT1M	RESIDUAL_NLIST1024	A_TO_B	EA	S	12	12	118	1	3	8	21625.046447997036	21093.863348817347
SIFT1M	RESIDUAL_NLIST1024	A_TO_B	EA	S	13	13	115	0	5	8	33499.346141330316	35429.871329362264
SIFT1M	RESIDUAL_NLIST1024	A_TO_B	EA	S	13	13	115	1	3	8	22672.80610156671	23879.063031207996
SIFT1M	RESIDUAL_NLIST1024	A_TO_B	EA	S	14	14	111	0	5	8	31309.833705877078	31630.647295506737
SIFT1M	RESIDUAL_NLIST1024	A_TO_B	EA	S	14	14	111	1	3	8	25749.493946144266	25967.92431824046
SIFT1M	RESIDUAL_NLIST1024	A_TO_B	EA	S	15	15	105	0	5	8	25442.86494634111	28578.08449414897
SIFT1M	RESIDUAL_NLIST1024	A_TO_B	EA	S	15	15	105	1	3	8	34825.87392262323	33654.74585892459
SIFT1M	RESIDUAL_NLIST1024	A_TO_B	EA	S	16	16	113	0	5	8	29227.828443241073	33850.597006549215
SIFT1M	RESIDUAL_NLIST1024	A_TO_B	EA	S	16	16	113	1	3	8	25670.627062971722	25538.208355043134
SIFT1M	RESIDUAL_NLIST1024	A_TO_B	EA	S	17	17	109	0	5	8	34836.07356598086	34761.1582895616
SIFT1M	RESIDUAL_NLIST1024	A_TO_B	EA	S	17	17	109	1	3	8	30061.162890486623	28435.82702343004
SIFT1M	RESIDUAL_NLIST1024	A_TO_B	EA	S	18	18	106	0	5	8	30529.49329157549	25000.97562741529
SIFT1M	RESIDUAL_NLIST1024	A_TO_B	EA	S	18	18	106	1	3	8	31078.271584417766	31009.793511536107
SIFT1M	RESIDUAL_NLIST1024	A_TO_B	EA	S	19	19	107	0	5	8	28301.657398118055	31779.089917052428
SIFT1M	RESIDUAL_NLIST1024	A_TO_B	EA	S	19	19	107	1	3	8	32772.735594020516	33157.64529847214
SIFT1M	RESIDUAL_NLIST1024	A_TO_B	EA	S	20	20	112	0	5	8	29774.361145124578	32669.52553078415
SIFT1M	RESIDUAL_NLIST1024	A_TO_B	EA	S	20	20	112	1	3	8	25981.15108052235	25843.458506179806
SIFT1M	RESIDUAL_NLIST1024	A_TO_B	EA	S	21	21	110	0	5	8	30298.109893231092	31768.15665159795
SIFT1M	RESIDUAL_NLIST1024	A_TO_B	EA	S	21	21	110	1	3	8	26519.84942460655	28790.525897358413
SIFT1M	RESIDUAL_NLIST1024	A_TO_B	EA	S	22	22	108	0	5	8	28733.35149421504	32084.742792985766
SIFT1M	RESIDUAL_NLIST1024	A_TO_B	EA	S	22	22	108	1	3	8	31154.81964871602	31413.45448544185
SIFT1M	RESIDUAL_NLIST1024	A_TO_B	EA	S	23	23	101	0	5	8	24225.21058064563	29566.210562832028
SIFT1M	RESIDUAL_NLIST1024	A_TO_B	EA	S	23	23	101	1	3	8	34097.73297437593	34549.43674537887
SIFT1M	RESIDUAL_NLIST1024	A_TO_B	EA	S	24	24	104	0	5	8	28144.999703822163	27341.57290597464
SIFT1M	RESIDUAL_NLIST1024	A_TO_B	EA	S	24	24	104	1	3	8	34606.04888531039	33998.282432587315
SIFT1M	RESIDUAL_NLIST1024	A_TO_B	EA	S	25	25	100	0	5	8	25620.21763669273	27736.424084698258
SIFT1M	RESIDUAL_NLIST1024	A_TO_B	EA	S	25	25	100	1	3	8	35298.810100126255	35532.692997505765
SIFT1M	RESIDUAL_NLIST1024	A_TO_B	EA	S	26	26	102	0	5	8	27403.88884303601	31542.96162758172
SIFT1M	RESIDUAL_NLIST1024	A_TO_B	EA	S	26	26	102	1	3	8	38076.47705114589	35957.66396622228
SIFT1M	RESIDUAL_NLIST1024	A_TO_B	EA	S	27	27	103	0	5	8	27758.199616995596	29018.564857532525
SIFT1M	RESIDUAL_NLIST1024	A_TO_B	EA	S	27	27	103	1	3	8	35576.17316753164	33982.41203916728
SIFT1M	RESIDUAL_NLIST1024	A_TO_B	EA	S	28	28	95	0	5	8	22431.658880852898	27524.042696375865
SIFT1M	RESIDUAL_NLIST1024	A_TO_B	EA	S	28	28	95	1	3	8	40313.63990376206	40631.74431055537
SIFT1M	RESIDUAL_NLIST1024	A_TO_B	EA	S	29	29	96	0	5	8	22995.402820102652	20798.70870866262
SIFT1M	RESIDUAL_NLIST1024	A_TO_B	EA	S	29	29	96	1	3	8	41343.48845123747	39827.31175094176
SIFT1M	RESIDUAL_NLIST1024	A_TO_B	EA	S	30	30	98	0	5	8	25522.94127051301	23920.561376932368
SIFT1M	RESIDUAL_NLIST1024	A_TO_B	EA	S	30	30	98	1	3	8	40088.54577221199	40373.92110721207
SIFT1M	RESIDUAL_NLIST1024	A_TO_B	EA	S	31	31	99	0	5	8	22093.192703497738	27588.80601294228
SIFT1M	RESIDUAL_NLIST1024	A_TO_B	EA	S	31	31	99	1	3	8	40611.280714867426	36425.04889988608
SIFT1M	RESIDUAL_NLIST1024	A_TO_B	EA	S	32	32	97	0	5	8	24403.885948398194	24058.493000264934
SIFT1M	RESIDUAL_NLIST1024	A_TO_B	EA	S	32	32	97	1	3	8	41551.017538000764	41277.386841650776
SIFT1M	RESIDUAL_NLIST1024	A_TO_B	EA	S	33	33	94	0	5	8	22489.960658900498	22362.499667503922
SIFT1M	RESIDUAL_NLIST1024	A_TO_B	EA	S	33	33	94	1	3	8	42397.03969289837	42824.48980633193
SIFT1M	RESIDUAL_NLIST1024	A_TO_B	EA	S	34	34	92	0	5	8	19969.825423408514	20235.75389461124
SIFT1M	RESIDUAL_NLIST1024	A_TO_B	EA	S	34	34	92	1	3	8	43048.15937958405	43049.29057728317
SIFT1M	RESIDUAL_NLIST1024	A_TO_B	EA	S	35	35	93	0	5	8	24041.96853745869	22755.44792120503
SIFT1M	RESIDUAL_NLIST1024	A_TO_B	EA	S	35	35	93	1	3	8	40798.76755632378	42167.384932076166
SIFT1M	RESIDUAL_NLIST1024	A_TO_B	EA	S	36	36	89	0	5	9	20000.70671501128	16456.02954317572
SIFT1M	RESIDUAL_NLIST1024	A_TO_B	EA	S	36	36	89	1	4	9	14297.157468598358	16421.47985639253
SIFT1M	RESIDUAL_NLIST1024	A_TO_B	EA	S	37	37	90	0	4	8	48237.77319196274	51561.76459730295
SIFT1M	RESIDUAL_NLIST1024	A_TO_B	EA	S	37	37	90	1	4	8	13726.564868161313	13285.289626874783
SIFT1M	RESIDUAL_NLIST1024	A_TO_B	EA	S	38	38	91	0	5	8	19410.883657333106	19471.01431947334
SIFT1M	RESIDUAL_NLIST1024	A_TO_B	EA	S	38	38	91	1	3	8	43158.39837220169	42972.66402292962
SIFT1M	RESIDUAL_NLIST1024	A_TO_B	EA	S	39	39	88	0	4	8	48003.822875447615	50585.08240954112
SIFT1M	RESIDUAL_NLIST1024	A_TO_B	EA	S	39	39	88	1	4	8	14506.32700391364	16014.543089758976
SIFT1M	RESIDUAL_NLIST1024	A_TO_B	EA	S	40	40	86	0	4	8	45704.09259093185	50220.36437650262
SIFT1M	RESIDUAL_NLIST1024	A_TO_B	EA	S	40	40	86	1	4	8	16121.875227552619	16190.71819505162
SIFT1M	RESIDUAL_NLIST1024	A_TO_B	EA	S	41	41	85	0	4	8	42672.203146123415	44573.148106404944
SIFT1M	RESIDUAL_NLIST1024	A_TO_B	EA	S	41	41	85	1	4	8	14985.254207409474	17441.5518145771
SIFT1M	RESIDUAL_NLIST1024	A_TO_B	EA	S	42	42	87	0	4	8	44148.020150066346	46285.80878403538
SIFT1M	RESIDUAL_NLIST1024	A_TO_B	EA	S	42	42	87	1	4	8	16518.483983359336	16128.263846761427
SIFT1M	RESIDUAL_NLIST1024	A_TO_B	EA	S	43	43	84	0	4	8	48375.822226902026	43378.99477333526
SIFT1M	RESIDUAL_NLIST1024	A_TO_B	EA	S	43	43	84	1	4	8	15664.49837489425	16561.124530307527
SIFT1M	RESIDUAL_NLIST1024	A_TO_B	EA	S	44	44	83	0	4	8	40512.00685599919	39564.16989488431
SIFT1M	RESIDUAL_NLIST1024	A_TO_B	EA	S	44	44	83	1	4	8	15165.108144817857	15985.198861746441
SIFT1M	RESIDUAL_NLIST1024	A_TO_B	EA	S	45	45	82	0	4	8	40654.88417872094	39072.19716511217
SIFT1M	RESIDUAL_NLIST1024	A_TO_B	EA	S	45	45	82	1	4	8	15995.713836492	16234.496382612746
SIFT1M	RESIDUAL_NLIST1024	A_TO_B	EA	S	46	46	81	0	4	8	43443.170472911755	39725.96580622507
SIFT1M	RESIDUAL_NLIST1024	A_TO_B	EA	S	46	46	81	1	4	8	15380.961586147652	20090.998780891314
SIFT1M	RESIDUAL_NLIST1024	A_TO_B	EA	S	47	47	79	0	4	8	39146.194960713125	35837.92527843671
SIFT1M	RESIDUAL_NLIST1024	A_TO_B	EA	S	47	47	79	1	4	8	15805.707401734815	16219.153103574432
SIFT1M	RESIDUAL_NLIST1024	A_TO_B	EA	S	48	48	80	0	4	8	37360.391928500736	43150.015805937146
SIFT1M	RESIDUAL_NLIST1024	A_TO_B	EA	S	48	48	80	1	4	8	16705.73484579206	16561.744917921096
SIFT1M	RESIDUAL_NLIST1024	A_TO_B	EA	S	49	49	76	0	4	8	35190.022537220626	34018.9543532022
SIFT1M	RESIDUAL_NLIST1024	A_TO_B	EA	S	49	49	76	1	4	8	19866.608240906084	19548.975257232378
SIFT1M	RESIDUAL_NLIST1024	A_TO_B	EA	S	50	50	75	0	4	8	36843.27065114216	36085.00841102408
SIFT1M	RESIDUAL_NLIST1024	A_TO_B	EA	S	50	50	75	1	4	8	18678.07988371211	19138.45766816225
SIFT1M	RESIDUAL_NLIST1024	A_TO_B	EA	S	51	51	78	0	4	8	35075.3194008608	37522.174758302725
SIFT1M	RESIDUAL_NLIST1024	A_TO_B	EA	S	51	51	78	1	4	8	21513.80029454625	17758.13281227219
SIFT1M	RESIDUAL_NLIST1024	A_TO_B	EA	S	52	52	77	0	4	8	37718.143127137155	36030.49191335103
SIFT1M	RESIDUAL_NLIST1024	A_TO_B	EA	S	52	52	77	1	4	8	18798.66378635071	18066.550001704043
SIFT1M	RESIDUAL_NLIST1024	A_TO_B	EA	S	53	53	74	0	4	8	32801.16676386697	34480.32410885079
SIFT1M	RESIDUAL_NLIST1024	A_TO_B	EA	S	53	53	74	1	4	8	19997.767027969894	21053.98936018475
SIFT1M	RESIDUAL_NLIST1024	A_TO_B	EA	S	54	54	73	0	4	8	29491.858629701448	29971.296455958312
SIFT1M	RESIDUAL_NLIST1024	A_TO_B	EA	S	54	54	73	1	4	8	21980.14522139322	21008.427580299962
SIFT1M	RESIDUAL_NLIST1024	A_TO_B	EA	S	55	55	71	0	4	8	29560.25060737842	29302.614889711265
SIFT1M	RESIDUAL_NLIST1024	A_TO_B	EA	S	55	55	71	1	4	8	21145.854869732073	23827.84485257721
SIFT1M	RESIDUAL_NLIST1024	A_TO_B	EA	S	56	56	72	0	4	8	31532.699236621556	30136.97126617071
SIFT1M	RESIDUAL_NLIST1024	A_TO_B	EA	S	56	56	72	1	4	8	19122.718259963334	19926.442541508306
SIFT1M	RESIDUAL_NLIST1024	A_TO_B	EA	S	57	57	70	0	4	8	31597.564303791994	28460.807325850656
SIFT1M	RESIDUAL_NLIST1024	A_TO_B	EA	S	57	57	70	1	4	8	21733.968027594852	20188.793562808354
SIFT1M	RESIDUAL_NLIST1024	A_TO_B	EA	S	58	58	69	0	4	8	29462.084707538328	28969.92356598187
SIFT1M	RESIDUAL_NLIST1024	A_TO_B	EA	S	58	58	69	1	4	8	19646.588801752587	18986.927949581783
SIFT1M	RESIDUAL_NLIST1024	A_TO_B	EA	S	59	59	65	0	4	8	28639.706722201874	25754.225540917378
SIFT1M	RESIDUAL_NLIST1024	A_TO_B	EA	S	59	59	65	1	4	8	22704.633543207947	27740.635818897616
SIFT1M	RESIDUAL_NLIST1024	A_TO_B	EA	S	60	60	68	0	4	8	27790.072980850775	27312.120087231204
SIFT1M	RESIDUAL_NLIST1024	A_TO_B	EA	S	60	60	68	1	4	8	21041.099586878932	25992.26309352178
SIFT1M	RESIDUAL_NLIST1024	A_TO_B	EA	S	61	61	67	0	4	8	29732.816010213268	27915.32750464697
SIFT1M	RESIDUAL_NLIST1024	A_TO_B	EA	S	61	61	67	1	4	8	22299.988031982128	22359.917370785563
SIFT1M	RESIDUAL_NLIST1024	A_TO_B	EA	S	62	62	66	0	4	8	28171.37505503044	28693.35978788011
SIFT1M	RESIDUAL_NLIST1024	A_TO_B	EA	S	62	62	66	1	4	8	23363.836252865145	23068.991622285517
SIFT1M	RESIDUAL_NLIST1024	A_TO_B	EA	S	63	63	64	0	4	8	24763.40245814943	25077.970184688325
SIFT1M	RESIDUAL_NLIST1024	A_TO_B	EA	S	63	63	64	1	4	8	24931.058188965682	25955.26517583323
SIFT1M	RESIDUAL_NLIST1024	B_TO_A	ADJ	U	0	0	1	0	4	8	99753.39292970506	101394.23969120748
SIFT1M	RESIDUAL_NLIST1024	B_TO_A	ADJ	U	0	0	1	1	4	8	102063.11490536085	175539.9397136013
SIFT1M	RESIDUAL_NLIST1024	B_TO_A	ADJ	U	1	2	3	0	4	8	104253.74400894574	112966.48461027368
SIFT1M	RESIDUAL_NLIST1024	B_TO_A	ADJ	U	1	2	3	1	4	8	85233.47966494344	95750.0939983699
SIFT1M	RESIDUAL_NLIST1024	B_TO_A	ADJ	U	2	4	5	0	4	8	102683.29837458709	116454.56799787145
SIFT1M	RESIDUAL_NLIST1024	B_TO_A	ADJ	U	2	4	5	1	4	8	110488.17780211249	98989.30281530524
SIFT1M	RESIDUAL_NLIST1024	B_TO_A	ADJ	U	3	6	7	0	4	8	117570.40489499003	133842.30880830623
SIFT1M	RESIDUAL_NLIST1024	B_TO_A	ADJ	U	3	6	7	1	4	8	92722.2408976176	99098.37725482225
SIFT1M	RESIDUAL_NLIST1024	B_TO_A	ADJ	U	4	8	9	0	4	8	103233.67636225845	97219.80600051321
SIFT1M	RESIDUAL_NLIST1024	B_TO_A	ADJ	U	4	8	9	1	4	8	83206.36933040059	91491.33489184818
SIFT1M	RESIDUAL_NLIST1024	B_TO_A	ADJ	U	5	10	11	0	4	8	101751.93042244439	102333.21748898257
SIFT1M	RESIDUAL_NLIST1024	B_TO_A	ADJ	U	5	10	11	1	4	8	92642.42203683621	102616.78931331958
SIFT1M	RESIDUAL_NLIST1024	B_TO_A	ADJ	U	6	12	13	0	4	8	94998.75021413606	91372.3807403459
SIFT1M	RESIDUAL_NLIST1024	B_TO_A	ADJ	U	6	12	13	1	4	8	85879.11164963957	84912.3000014571
SIFT1M	RESIDUAL_NLIST1024	B_TO_A	ADJ	U	7	14	15	0	4	8	85054.77007957708	85096.45939917873
SIFT1M	RESIDUAL_NLIST1024	B_TO_A	ADJ	U	7	14	15	1	4	8	74418.21697302382	67632.01471736762
SIFT1M	RESIDUAL_NLIST1024	B_TO_A	ADJ	U	8	16	17	0	4	8	86247.35059524857	91585.12927216144
SIFT1M	RESIDUAL_NLIST1024	B_TO_A	ADJ	U	8	16	17	1	4	8	87412.65783882176	90357.38733622944
SIFT1M	RESIDUAL_NLIST1024	B_TO_A	ADJ	U	9	18	19	0	4	8	73658.90681455217	74967.95597390235
SIFT1M	RESIDUAL_NLIST1024	B_TO_A	ADJ	U	9	18	19	1	4	8	68094.67249662211	83139.74955920328
SIFT1M	RESIDUAL_NLIST1024	B_TO_A	ADJ	U	10	20	21	0	4	8	85544.4895918131	87451.5780430398
SIFT1M	RESIDUAL_NLIST1024	B_TO_A	ADJ	U	10	20	21	1	4	8	70304.49764557768	74861.90998046295
SIFT1M	RESIDUAL_NLIST1024	B_TO_A	ADJ	U	11	22	23	0	4	8	78357.27405314222	79639.04824503677
SIFT1M	RESIDUAL_NLIST1024	B_TO_A	ADJ	U	11	22	23	1	4	8	73756.91061043655	69048.42230537646
SIFT1M	RESIDUAL_NLIST1024	B_TO_A	ADJ	U	12	24	25	0	4	8	75451.56543706627	76439.95735279225
SIFT1M	RESIDUAL_NLIST1024	B_TO_A	ADJ	U	12	24	25	1	4	8	66409.1722425154	71533.72637144194
SIFT1M	RESIDUAL_NLIST1024	B_TO_A	ADJ	U	13	26	27	0	4	8	72206.67654142903	74283.04233611857
SIFT1M	RESIDUAL_NLIST1024	B_TO_A	ADJ	U	13	26	27	1	4	8	74168.82512543738	72050.57801711836
SIFT1M	RESIDUAL_NLIST1024	B_TO_A	ADJ	U	14	28	29	0	4	8	67170.2046181474	69240.70136602002
SIFT1M	RESIDUAL_NLIST1024	B_TO_A	ADJ	U	14	28	29	1	4	8	55306.957099722	61079.2641671159
SIFT1M	RESIDUAL_NLIST1024	B_TO_A	ADJ	U	15	30	31	0	4	8	66497.33051237016	68321.6569975267
SIFT1M	RESIDUAL_NLIST1024	B_TO_A	ADJ	U	15	30	31	1	4	8	58024.678686565494	59125.07712673028
SIFT1M	RESIDUAL_NLIST1024	B_TO_A	ADJ	U	16	32	33	0	4	8	58668.33334327304	60518.185168999575
SIFT1M	RESIDUAL_NLIST1024	B_TO_A	ADJ	U	16	32	33	1	4	8	57073.85859326334	68413.22398138794
SIFT1M	RESIDUAL_NLIST1024	B_TO_A	ADJ	U	17	34	35	0	4	8	54875.70080160239	56670.421538868446
SIFT1M	RESIDUAL_NLIST1024	B_TO_A	ADJ	U	17	34	35	1	4	8	52841.10594076452	52234.74100786242
SIFT1M	RESIDUAL_NLIST1024	B_TO_A	ADJ	U	18	36	37	0	4	8	52717.71607963254	51421.68747556783
SIFT1M	RESIDUAL_NLIST1024	B_TO_A	ADJ	U	18	36	37	1	4	8	44974.62634533568	49472.04053844907
SIFT1M	RESIDUAL_NLIST1024	B_TO_A	ADJ	U	19	38	39	0	4	8	52239.63567682867	54729.27597437735
SIFT1M	RESIDUAL_NLIST1024	B_TO_A	ADJ	U	19	38	39	1	4	8	46198.79023628111	48604.25076867451
SIFT1M	RESIDUAL_NLIST1024	B_TO_A	ADJ	U	20	40	41	0	4	8	46894.41361599457	45198.42203443682
SIFT1M	RESIDUAL_NLIST1024	B_TO_A	ADJ	U	20	40	41	1	4	8	45279.020166551745	43281.331870811104
SIFT1M	RESIDUAL_NLIST1024	B_TO_A	ADJ	U	21	42	43	0	4	8	44609.94492640473	42126.37665489921
SIFT1M	RESIDUAL_NLIST1024	B_TO_A	ADJ	U	21	42	43	1	4	8	42132.61025460712	50029.82016188932
SIFT1M	RESIDUAL_NLIST1024	B_TO_A	ADJ	U	22	44	45	0	4	8	39585.529942883586	41340.538170294625
SIFT1M	RESIDUAL_NLIST1024	B_TO_A	ADJ	U	22	44	45	1	4	8	38723.38996651622	40370.80906599277
SIFT1M	RESIDUAL_NLIST1024	B_TO_A	ADJ	U	23	46	47	0	4	8	39273.66665692955	46096.47724558662
SIFT1M	RESIDUAL_NLIST1024	B_TO_A	ADJ	U	23	46	47	1	4	8	35055.67921233626	41122.25137311565
SIFT1M	RESIDUAL_NLIST1024	B_TO_A	ADJ	U	24	48	49	0	4	8	41422.69801501764	37808.87649658336
SIFT1M	RESIDUAL_NLIST1024	B_TO_A	ADJ	U	24	48	49	1	4	8	33687.35809165045	36671.87612489017
SIFT1M	RESIDUAL_NLIST1024	B_TO_A	ADJ	U	25	50	51	0	4	8	35165.095781212265	36370.84254024505
SIFT1M	RESIDUAL_NLIST1024	B_TO_A	ADJ	U	25	50	51	1	4	8	34173.726118627776	35708.023838320914
SIFT1M	RESIDUAL_NLIST1024	B_TO_A	ADJ	U	26	52	53	0	4	8	36970.608576959195	35992.60924425782
SIFT1M	RESIDUAL_NLIST1024	B_TO_A	ADJ	U	26	52	53	1	4	8	31325.152236169142	33974.756922479275
SIFT1M	RESIDUAL_NLIST1024	B_TO_A	ADJ	U	27	54	55	0	4	8	31995.482587150917	29382.944672528167
SIFT1M	RESIDUAL_NLIST1024	B_TO_A	ADJ	U	27	54	55	1	4	8	31075.9837833699	32497.896849639932
SIFT1M	RESIDUAL_NLIST1024	B_TO_A	ADJ	U	28	56	57	0	4	8	28627.67945495295	29908.161562783316
SIFT1M	RESIDUAL_NLIST1024	B_TO_A	ADJ	U	28	56	57	1	4	8	28555.434733553157	35172.00958506877
SIFT1M	RESIDUAL_NLIST1024	B_TO_A	ADJ	U	29	58	59	0	4	8	28432.876234555042	29584.032953436523
SIFT1M	RESIDUAL_NLIST1024	B_TO_A	ADJ	U	29	58	59	1	4	8	25581.41367592822	27216.360463712022
SIFT1M	RESIDUAL_NLIST1024	B_TO_A	ADJ	U	30	60	61	0	4	8	27826.07444960536	31519.01731402991
SIFT1M	RESIDUAL_NLIST1024	B_TO_A	ADJ	U	30	60	61	1	4	8	28230.375945696138	28757.76906760093
SIFT1M	RESIDUAL_NLIST1024	B_TO_A	ADJ	U	31	62	63	0	4	8	28226.11412180948	27223.891027475634
SIFT1M	RESIDUAL_NLIST1024	B_TO_A	ADJ	U	31	62	63	1	4	8	27663.535831713	25064.469392303796
SIFT1M	RESIDUAL_NLIST1024	B_TO_A	ADJ	U	32	64	65	0	4	8	26525.17412482508	24637.26483854097
SIFT1M	RESIDUAL_NLIST1024	B_TO_A	ADJ	U	32	64	65	1	4	8	27189.650883924456	24070.74662635605
SIFT1M	RESIDUAL_NLIST1024	B_TO_A	ADJ	U	33	66	67	0	4	8	22851.063235149828	28511.80936615573
SIFT1M	RESIDUAL_NLIST1024	B_TO_A	ADJ	U	33	66	67	1	4	8	21939.69274998783	21764.91476620228
SIFT1M	RESIDUAL_NLIST1024	B_TO_A	ADJ	U	34	68	69	0	4	8	24716.18247441885	21335.83159532355
SIFT1M	RESIDUAL_NLIST1024	B_TO_A	ADJ	U	34	68	69	1	4	8	19558.32958961513	20610.454748675656
SIFT1M	RESIDUAL_NLIST1024	B_TO_A	ADJ	U	35	70	71	0	4	8	21781.207108800838	21385.56231407706
SIFT1M	RESIDUAL_NLIST1024	B_TO_A	ADJ	U	35	70	71	1	4	8	20434.248089513647	21034.883605176638
SIFT1M	RESIDUAL_NLIST1024	B_TO_A	ADJ	U	36	72	73	0	4	8	19187.85002368931	20332.991847321653
SIFT1M	RESIDUAL_NLIST1024	B_TO_A	ADJ	U	36	72	73	1	4	8	20801.93716170636	22443.55601220052
SIFT1M	RESIDUAL_NLIST1024	B_TO_A	ADJ	U	37	74	75	0	4	8	20876.78614408592	20044.978278429164
SIFT1M	RESIDUAL_NLIST1024	B_TO_A	ADJ	U	37	74	75	1	4	8	19737.67136637122	18621.494813000965
SIFT1M	RESIDUAL_NLIST1024	B_TO_A	ADJ	U	38	76	77	0	4	8	18464.227160608854	19458.822033242133
SIFT1M	RESIDUAL_NLIST1024	B_TO_A	ADJ	U	38	76	77	1	4	8	18019.942681221833	19558.772952920604
SIFT1M	RESIDUAL_NLIST1024	B_TO_A	ADJ	U	39	78	79	0	4	8	17993.875259678396	22492.12297296347
SIFT1M	RESIDUAL_NLIST1024	B_TO_A	ADJ	U	39	78	79	1	4	8	16321.489111247054	16100.92944041428
SIFT1M	RESIDUAL_NLIST1024	B_TO_A	ADJ	U	40	80	81	0	4	8	16067.27128369973	16553.9290706557
SIFT1M	RESIDUAL_NLIST1024	B_TO_A	ADJ	U	40	80	81	1	4	8	17944.40311303347	16654.549429390267
SIFT1M	RESIDUAL_NLIST1024	B_TO_A	ADJ	U	41	82	83	0	4	8	16961.1151712969	15400.152863984333
SIFT1M	RESIDUAL_NLIST1024	B_TO_A	ADJ	U	41	82	83	1	4	8	16581.32296243237	17488.06571879358
SIFT1M	RESIDUAL_NLIST1024	B_TO_A	ADJ	U	42	84	85	0	4	8	16242.015290116211	15350.938202691072
SIFT1M	RESIDUAL_NLIST1024	B_TO_A	ADJ	U	42	84	85	1	4	8	17031.412580873708	15063.733186134948
SIFT1M	RESIDUAL_NLIST1024	B_TO_A	ADJ	U	43	86	87	0	4	8	15348.726764804229	17414.584308148427
SIFT1M	RESIDUAL_NLIST1024	B_TO_A	ADJ	U	43	86	87	1	4	8	15069.224304677931	16594.501319094103
SIFT1M	RESIDUAL_NLIST1024	B_TO_A	ADJ	U	44	88	89	0	4	8	15564.039107192453	14659.595365038635
SIFT1M	RESIDUAL_NLIST1024	B_TO_A	ADJ	U	44	88	89	1	4	8	15382.667922304472	14983.76814464945
SIFT1M	RESIDUAL_NLIST1024	B_TO_A	ADJ	U	45	90	91	0	4	8	13060.225418208864	14119.801484380967
SIFT1M	RESIDUAL_NLIST1024	B_TO_A	ADJ	U	45	90	91	1	4	8	12324.44625031256	12400.689707782856
SIFT1M	RESIDUAL_NLIST1024	B_TO_A	ADJ	U	46	92	93	0	4	8	13045.602910336449	13086.289294376815
SIFT1M	RESIDUAL_NLIST1024	B_TO_A	ADJ	U	46	92	93	1	4	8	11685.139930559497	13078.068667016185
SIFT1M	RESIDUAL_NLIST1024	B_TO_A	ADJ	U	47	94	95	0	4	8	12513.980487021072	12231.035668180592
SIFT1M	RESIDUAL_NLIST1024	B_TO_A	ADJ	U	47	94	95	1	4	8	12377.460153035549	12250.08539104565
SIFT1M	RESIDUAL_NLIST1024	B_TO_A	ADJ	U	48	96	97	0	4	8	12181.599532607815	12927.08642476255
SIFT1M	RESIDUAL_NLIST1024	B_TO_A	ADJ	U	48	96	97	1	4	8	11845.45585634749	13781.820215749936
SIFT1M	RESIDUAL_NLIST1024	B_TO_A	ADJ	U	49	98	99	0	4	8	12715.365195923008	13077.545517896411
SIFT1M	RESIDUAL_NLIST1024	B_TO_A	ADJ	U	49	98	99	1	4	8	10804.027759809065	13660.522527149078
SIFT1M	RESIDUAL_NLIST1024	B_TO_A	ADJ	U	50	100	101	0	4	8	11378.48656093995	10773.868245049347
SIFT1M	RESIDUAL_NLIST1024	B_TO_A	ADJ	U	50	100	101	1	4	8	10104.26949441505	10939.502230645972
SIFT1M	RESIDUAL_NLIST1024	B_TO_A	ADJ	U	51	102	103	0	4	8	10832.78377884386	12731.651195853701
SIFT1M	RESIDUAL_NLIST1024	B_TO_A	ADJ	U	51	102	103	1	4	8	9853.924546953898	10763.602161666668
SIFT1M	RESIDUAL_NLIST1024	B_TO_A	ADJ	U	52	104	105	0	4	8	10367.429093871819	10011.698396392221
SIFT1M	RESIDUAL_NLIST1024	B_TO_A	ADJ	U	52	104	105	1	4	8	10330.302868852661	10899.780562414664
SIFT1M	RESIDUAL_NLIST1024	B_TO_A	ADJ	U	53	106	107	0	4	8	9254.431570396955	9377.645303686455
SIFT1M	RESIDUAL_NLIST1024	B_TO_A	ADJ	U	53	106	107	1	4	8	10726.488742341222	10405.959501281608
SIFT1M	RESIDUAL_NLIST1024	B_TO_A	ADJ	U	54	108	109	0	4	8	9840.075264068506	9852.65324060483
SIFT1M	RESIDUAL_NLIST1024	B_TO_A	ADJ	U	54	108	109	1	4	8	8179.138587611935	9825.405250083508
SIFT1M	RESIDUAL_NLIST1024	B_TO_A	ADJ	U	55	110	111	0	4	8	8182.606767917275	7528.20672070691
SIFT1M	RESIDUAL_NLIST1024	B_TO_A	ADJ	U	55	110	111	1	4	8	8038.413831479967	7900.619461697436
SIFT1M	RESIDUAL_NLIST1024	B_TO_A	ADJ	U	56	112	113	0	4	8	7550.672991175343	7839.636161261553
SIFT1M	RESIDUAL_NLIST1024	B_TO_A	ADJ	U	56	112	113	1	4	8	7844.57674409784	7923.352063480643
SIFT1M	RESIDUAL_NLIST1024	B_TO_A	ADJ	U	57	114	115	0	4	8	7646.48285919206	7683.107265968877
SIFT1M	RESIDUAL_NLIST1024	B_TO_A	ADJ	U	57	114	115	1	4	8	7008.065166393024	6825.221164681512
SIFT1M	RESIDUAL_NLIST1024	B_TO_A	ADJ	U	58	116	117	0	4	8	6876.341611666228	6212.969573436174
SIFT1M	RESIDUAL_NLIST1024	B_TO_A	ADJ	U	58	116	117	1	4	8	6784.631160489458	7383.648981748132
SIFT1M	RESIDUAL_NLIST1024	B_TO_A	ADJ	U	59	118	119	0	4	8	6782.803216481612	6568.678246570362
SIFT1M	RESIDUAL_NLIST1024	B_TO_A	ADJ	U	59	118	119	1	4	8	6266.639398139064	6823.956831497271
SIFT1M	RESIDUAL_NLIST1024	B_TO_A	ADJ	U	60	120	121	0	4	8	5324.791812564196	5680.743294494566
SIFT1M	RESIDUAL_NLIST1024	B_TO_A	ADJ	U	60	120	121	1	4	8	5698.343280840773	6294.942315023583
SIFT1M	RESIDUAL_NLIST1024	B_TO_A	ADJ	U	61	122	123	0	4	8	5198.091983965753	5827.95135904494
SIFT1M	RESIDUAL_NLIST1024	B_TO_A	ADJ	U	61	122	123	1	4	8	5169.620544512072	5326.525989091836
SIFT1M	RESIDUAL_NLIST1024	B_TO_A	ADJ	U	62	124	125	0	4	8	5692.343573715986	5674.6861096811845
SIFT1M	RESIDUAL_NLIST1024	B_TO_A	ADJ	U	62	124	125	1	4	8	5015.895451330652	5115.363742613716
SIFT1M	RESIDUAL_NLIST1024	B_TO_A	ADJ	U	63	126	127	0	4	8	4018.3878328324704	4317.972582747005
SIFT1M	RESIDUAL_NLIST1024	B_TO_A	ADJ	U	63	126	127	1	4	8	3642.3813964338283	3878.8288047568262
SIFT1M	RESIDUAL_NLIST1024	B_TO_A	ADJ	V	0	0	1	0	5	10	40414.406594070424	39203.52349278856
SIFT1M	RESIDUAL_NLIST1024	B_TO_A	ADJ	V	0	0	1	1	5	10	40310.44688465315	87525.30958624263
SIFT1M	RESIDUAL_NLIST1024	B_TO_A	ADJ	V	1	2	3	0	5	10	43954.73152896612	47858.51669057193
SIFT1M	RESIDUAL_NLIST1024	B_TO_A	ADJ	V	1	2	3	1	5	10	29433.46598393567	39302.3745764459
SIFT1M	RESIDUAL_NLIST1024	B_TO_A	ADJ	V	2	4	5	0	5	10	36507.0236354204	48346.56187279466
SIFT1M	RESIDUAL_NLIST1024	B_TO_A	ADJ	V	2	4	5	1	5	10	41591.484300409065	38561.14099107541
SIFT1M	RESIDUAL_NLIST1024	B_TO_A	ADJ	V	3	6	7	0	5	10	42309.282269878386	53140.271734067304
SIFT1M	RESIDUAL_NLIST1024	B_TO_A	ADJ	V	3	6	7	1	5	10	34839.66033871452	39338.60275973736
SIFT1M	RESIDUAL_NLIST1024	B_TO_A	ADJ	V	4	8	9	0	5	10	37364.217644874996	33870.54364535637
SIFT1M	RESIDUAL_NLIST1024	B_TO_A	ADJ	V	4	8	9	1	5	10	32511.87948867088	34540.211789805195
SIFT1M	RESIDUAL_NLIST1024	B_TO_A	ADJ	V	5	10	11	0	5	10	40512.89385331428	39271.275092078904
SIFT1M	RESIDUAL_NLIST1024	B_TO_A	ADJ	V	5	10	11	1	5	10	36274.32662287645	40922.07768881278
SIFT1M	RESIDUAL_NLIST1024	B_TO_A	ADJ	V	6	12	13	0	5	10	35280.94247110878	33314.34375717833
SIFT1M	RESIDUAL_NLIST1024	B_TO_A	ADJ	V	6	12	13	1	5	10	34929.622984591064	33428.53055236185
SIFT1M	RESIDUAL_NLIST1024	B_TO_A	ADJ	V	7	14	15	0	5	10	31910.782861116222	33101.834550463725
SIFT1M	RESIDUAL_NLIST1024	B_TO_A	ADJ	V	7	14	15	1	5	10	28120.91732860134	24998.57064151903
SIFT1M	RESIDUAL_NLIST1024	B_TO_A	ADJ	V	8	16	17	0	5	10	37440.671308256424	38699.4133865906
SIFT1M	RESIDUAL_NLIST1024	B_TO_A	ADJ	V	8	16	17	1	5	10	36030.520910891966	36575.2870436279
SIFT1M	RESIDUAL_NLIST1024	B_TO_A	ADJ	V	9	18	19	0	5	10	29173.653875535827	29033.402383290544
SIFT1M	RESIDUAL_NLIST1024	B_TO_A	ADJ	V	9	18	19	1	5	10	25523.33436581274	35466.68133639239
SIFT1M	RESIDUAL_NLIST1024	B_TO_A	ADJ	V	10	20	21	0	5	10	32737.304445429647	34240.50071252149
SIFT1M	RESIDUAL_NLIST1024	B_TO_A	ADJ	V	10	20	21	1	5	10	26376.655562524007	29357.957201950634
SIFT1M	RESIDUAL_NLIST1024	B_TO_A	ADJ	V	11	22	23	0	5	10	30844.432185544738	30844.216111943406
SIFT1M	RESIDUAL_NLIST1024	B_TO_A	ADJ	V	11	22	23	1	5	10	28162.166259287766	27048.962274993628
SIFT1M	RESIDUAL_NLIST1024	B_TO_A	ADJ	V	12	24	25	0	5	10	29424.609026938437	29331.391745347464
SIFT1M	RESIDUAL_NLIST1024	B_TO_A	ADJ	V	12	24	25	1	5	10	25820.148669500166	26747.468330568572
SIFT1M	RESIDUAL_NLIST1024	B_TO_A	ADJ	V	13	26	27	0	5	10	28660.920027579723	28662.50619297628
SIFT1M	RESIDUAL_NLIST1024	B_TO_A	ADJ	V	13	26	27	1	5	10	29373.06871577283	25813.70165734472
SIFT1M	RESIDUAL_NLIST1024	B_TO_A	ADJ	V	14	28	29	0	5	10	24880.67339990099	25450.175637148226
SIFT1M	RESIDUAL_NLIST1024	B_TO_A	ADJ	V	14	28	29	1	5	10	20596.065199996025	24650.28935969498
SIFT1M	RESIDUAL_NLIST1024	B_TO_A	ADJ	V	15	30	31	0	5	10	24475.50214937929	26398.560939504845
SIFT1M	RESIDUAL_NLIST1024	B_TO_A	ADJ	V	15	30	31	1	5	10	20952.546754445168	21467.394580422148
SIFT1M	RESIDUAL_NLIST1024	B_TO_A	ADJ	V	16	32	33	0	5	10	23872.430931224597	25124.761922857084
SIFT1M	RESIDUAL_NLIST1024	B_TO_A	ADJ	V	16	32	33	1	5	10	21806.88397950273	26990.041409862435
SIFT1M	RESIDUAL_NLIST1024	B_TO_A	ADJ	V	17	34	35	0	5	9	21442.4173995929	24596.389681839588
SIFT1M	RESIDUAL_NLIST1024	B_TO_A	ADJ	V	17	34	35	1	4	9	52841.10594076452	52234.74100786242
SIFT1M	RESIDUAL_NLIST1024	B_TO_A	ADJ	V	18	36	37	0	4	8	52717.71607963254	51421.68747556783
SIFT1M	RESIDUAL_NLIST1024	B_TO_A	ADJ	V	18	36	37	1	4	8	44974.62634533568	49472.04053844907
SIFT1M	RESIDUAL_NLIST1024	B_TO_A	ADJ	V	19	38	39	0	5	9	20608.798784585822	21783.654895685988
SIFT1M	RESIDUAL_NLIST1024	B_TO_A	ADJ	V	19	38	39	1	4	9	46198.79023628111	48604.25076867451
SIFT1M	RESIDUAL_NLIST1024	B_TO_A	ADJ	V	20	40	41	0	4	8	46894.41361599457	45198.42203443682
SIFT1M	RESIDUAL_NLIST1024	B_TO_A	ADJ	V	20	40	41	1	4	8	45279.020166551745	43281.331870811104
SIFT1M	RESIDUAL_NLIST1024	B_TO_A	ADJ	V	21	42	43	0	4	8	44609.94492640473	42126.37665489921
SIFT1M	RESIDUAL_NLIST1024	B_TO_A	ADJ	V	21	42	43	1	4	8	42132.61025460712	50029.82016188932
SIFT1M	RESIDUAL_NLIST1024	B_TO_A	ADJ	V	22	44	45	0	4	8	39585.529942883586	41340.538170294625
SIFT1M	RESIDUAL_NLIST1024	B_TO_A	ADJ	V	22	44	45	1	4	8	38723.38996651622	40370.80906599277
SIFT1M	RESIDUAL_NLIST1024	B_TO_A	ADJ	V	23	46	47	0	4	8	39273.66665692955	46096.47724558662
SIFT1M	RESIDUAL_NLIST1024	B_TO_A	ADJ	V	23	46	47	1	4	8	35055.67921233626	41122.25137311565
SIFT1M	RESIDUAL_NLIST1024	B_TO_A	ADJ	V	24	48	49	0	4	8	41422.69801501764	37808.87649658336
SIFT1M	RESIDUAL_NLIST1024	B_TO_A	ADJ	V	24	48	49	1	4	8	33687.35809165045	36671.87612489017
SIFT1M	RESIDUAL_NLIST1024	B_TO_A	ADJ	V	25	50	51	0	4	8	35165.095781212265	36370.84254024505
SIFT1M	RESIDUAL_NLIST1024	B_TO_A	ADJ	V	25	50	51	1	4	8	34173.726118627776	35708.023838320914
SIFT1M	RESIDUAL_NLIST1024	B_TO_A	ADJ	V	26	52	53	0	4	8	36970.608576959195	35992.60924425782
SIFT1M	RESIDUAL_NLIST1024	B_TO_A	ADJ	V	26	52	53	1	4	8	31325.152236169142	33974.756922479275
SIFT1M	RESIDUAL_NLIST1024	B_TO_A	ADJ	V	27	54	55	0	4	8	31995.482587150917	29382.944672528167
SIFT1M	RESIDUAL_NLIST1024	B_TO_A	ADJ	V	27	54	55	1	4	8	31075.9837833699	32497.896849639932
SIFT1M	RESIDUAL_NLIST1024	B_TO_A	ADJ	V	28	56	57	0	4	8	28627.67945495295	29908.161562783316
SIFT1M	RESIDUAL_NLIST1024	B_TO_A	ADJ	V	28	56	57	1	4	8	28555.434733553157	35172.00958506877
SIFT1M	RESIDUAL_NLIST1024	B_TO_A	ADJ	V	29	58	59	0	4	8	28432.876234555042	29584.032953436523
SIFT1M	RESIDUAL_NLIST1024	B_TO_A	ADJ	V	29	58	59	1	4	8	25581.41367592822	27216.360463712022
SIFT1M	RESIDUAL_NLIST1024	B_TO_A	ADJ	V	30	60	61	0	4	8	27826.07444960536	31519.01731402991
SIFT1M	RESIDUAL_NLIST1024	B_TO_A	ADJ	V	30	60	61	1	4	8	28230.375945696138	28757.76906760093
SIFT1M	RESIDUAL_NLIST1024	B_TO_A	ADJ	V	31	62	63	0	4	8	28226.11412180948	27223.891027475634
SIFT1M	RESIDUAL_NLIST1024	B_TO_A	ADJ	V	31	62	63	1	4	8	27663.535831713	25064.469392303796
SIFT1M	RESIDUAL_NLIST1024	B_TO_A	ADJ	V	32	64	65	0	4	8	26525.17412482508	24637.26483854097
SIFT1M	RESIDUAL_NLIST1024	B_TO_A	ADJ	V	32	64	65	1	4	8	27189.650883924456	24070.74662635605
SIFT1M	RESIDUAL_NLIST1024	B_TO_A	ADJ	V	33	66	67	0	4	8	22851.063235149828	28511.80936615573
SIFT1M	RESIDUAL_NLIST1024	B_TO_A	ADJ	V	33	66	67	1	4	8	21939.69274998783	21764.91476620228
SIFT1M	RESIDUAL_NLIST1024	B_TO_A	ADJ	V	34	68	69	0	4	8	24716.18247441885	21335.83159532355
SIFT1M	RESIDUAL_NLIST1024	B_TO_A	ADJ	V	34	68	69	1	4	8	19558.32958961513	20610.454748675656
SIFT1M	RESIDUAL_NLIST1024	B_TO_A	ADJ	V	35	70	71	0	4	8	21781.207108800838	21385.56231407706
SIFT1M	RESIDUAL_NLIST1024	B_TO_A	ADJ	V	35	70	71	1	4	8	20434.248089513647	21034.883605176638
SIFT1M	RESIDUAL_NLIST1024	B_TO_A	ADJ	V	36	72	73	0	4	8	19187.85002368931	20332.991847321653
SIFT1M	RESIDUAL_NLIST1024	B_TO_A	ADJ	V	36	72	73	1	4	8	20801.93716170636	22443.55601220052
SIFT1M	RESIDUAL_NLIST1024	B_TO_A	ADJ	V	37	74	75	0	4	8	20876.78614408592	20044.978278429164
SIFT1M	RESIDUAL_NLIST1024	B_TO_A	ADJ	V	37	74	75	1	4	8	19737.67136637122	18621.494813000965
SIFT1M	RESIDUAL_NLIST1024	B_TO_A	ADJ	V	38	76	77	0	4	8	18464.227160608854	19458.822033242133
SIFT1M	RESIDUAL_NLIST1024	B_TO_A	ADJ	V	38	76	77	1	4	8	18019.942681221833	19558.772952920604
SIFT1M	RESIDUAL_NLIST1024	B_TO_A	ADJ	V	39	78	79	0	4	8	17993.875259678396	22492.12297296347
SIFT1M	RESIDUAL_NLIST1024	B_TO_A	ADJ	V	39	78	79	1	4	8	16321.489111247054	16100.92944041428
SIFT1M	RESIDUAL_NLIST1024	B_TO_A	ADJ	V	40	80	81	0	4	8	16067.27128369973	16553.9290706557
SIFT1M	RESIDUAL_NLIST1024	B_TO_A	ADJ	V	40	80	81	1	4	8	17944.40311303347	16654.549429390267
SIFT1M	RESIDUAL_NLIST1024	B_TO_A	ADJ	V	41	82	83	0	4	8	16961.1151712969	15400.152863984333
SIFT1M	RESIDUAL_NLIST1024	B_TO_A	ADJ	V	41	82	83	1	4	8	16581.32296243237	17488.06571879358
SIFT1M	RESIDUAL_NLIST1024	B_TO_A	ADJ	V	42	84	85	0	4	8	16242.015290116211	15350.938202691072
SIFT1M	RESIDUAL_NLIST1024	B_TO_A	ADJ	V	42	84	85	1	4	8	17031.412580873708	15063.733186134948
SIFT1M	RESIDUAL_NLIST1024	B_TO_A	ADJ	V	43	86	87	0	4	8	15348.726764804229	17414.584308148427
SIFT1M	RESIDUAL_NLIST1024	B_TO_A	ADJ	V	43	86	87	1	4	8	15069.224304677931	16594.501319094103
SIFT1M	RESIDUAL_NLIST1024	B_TO_A	ADJ	V	44	88	89	0	4	8	15564.039107192453	14659.595365038635
SIFT1M	RESIDUAL_NLIST1024	B_TO_A	ADJ	V	44	88	89	1	4	8	15382.667922304472	14983.76814464945
SIFT1M	RESIDUAL_NLIST1024	B_TO_A	ADJ	V	45	90	91	0	4	7	13060.225418208864	14119.801484380967
SIFT1M	RESIDUAL_NLIST1024	B_TO_A	ADJ	V	45	90	91	1	3	7	41634.40530133324	41992.24242355989
SIFT1M	RESIDUAL_NLIST1024	B_TO_A	ADJ	V	46	92	93	0	4	7	13045.602910336449	13086.289294376815
SIFT1M	RESIDUAL_NLIST1024	B_TO_A	ADJ	V	46	92	93	1	3	7	39924.84213276303	43464.45880581709
SIFT1M	RESIDUAL_NLIST1024	B_TO_A	ADJ	V	47	94	95	0	3	6	43663.02967921004	43025.61415554127
SIFT1M	RESIDUAL_NLIST1024	B_TO_A	ADJ	V	47	94	95	1	3	6	39868.6779812974	39800.120838237846
SIFT1M	RESIDUAL_NLIST1024	B_TO_A	ADJ	V	48	96	97	0	3	6	41072.9914857175	42138.42102333522
SIFT1M	RESIDUAL_NLIST1024	B_TO_A	ADJ	V	48	96	97	1	3	6	39517.990473263446	41997.46797455343
SIFT1M	RESIDUAL_NLIST1024	B_TO_A	ADJ	V	49	98	99	0	3	6	39455.819577712115	41074.74099803071
SIFT1M	RESIDUAL_NLIST1024	B_TO_A	ADJ	V	49	98	99	1	3	6	36805.001827274245	41496.292685063636
SIFT1M	RESIDUAL_NLIST1024	B_TO_A	ADJ	V	50	100	101	0	3	6	37243.409272774414	35391.460256668
SIFT1M	RESIDUAL_NLIST1024	B_TO_A	ADJ	V	50	100	101	1	3	6	33546.01291624406	35366.1200134754
SIFT1M	RESIDUAL_NLIST1024	B_TO_A	ADJ	V	51	102	103	0	3	6	34853.09784576997	39615.12796260666
SIFT1M	RESIDUAL_NLIST1024	B_TO_A	ADJ	V	51	102	103	1	3	6	33357.88214645319	35218.973849953814
SIFT1M	RESIDUAL_NLIST1024	B_TO_A	ADJ	V	52	104	105	0	3	6	33511.245322029885	33835.50320251574
SIFT1M	RESIDUAL_NLIST1024	B_TO_A	ADJ	V	52	104	105	1	3	6	34478.03665108924	34511.19158287266
SIFT1M	RESIDUAL_NLIST1024	B_TO_A	ADJ	V	53	106	107	0	3	6	30353.4376767821	31481.66609267173
SIFT1M	RESIDUAL_NLIST1024	B_TO_A	ADJ	V	53	106	107	1	3	6	32714.057964842923	33714.355993263576
SIFT1M	RESIDUAL_NLIST1024	B_TO_A	ADJ	V	54	108	109	0	3	6	31968.761556275007	31593.938276546403
SIFT1M	RESIDUAL_NLIST1024	B_TO_A	ADJ	V	54	108	109	1	3	6	28174.927789763293	30464.913107470296
SIFT1M	RESIDUAL_NLIST1024	B_TO_A	ADJ	V	55	110	111	0	3	6	28080.866894919567	26237.795165468182
SIFT1M	RESIDUAL_NLIST1024	B_TO_A	ADJ	V	55	110	111	1	3	6	26193.749875607704	26484.68138212025
SIFT1M	RESIDUAL_NLIST1024	B_TO_A	ADJ	V	56	112	113	0	3	6	25716.002310729888	26128.111699279267
SIFT1M	RESIDUAL_NLIST1024	B_TO_A	ADJ	V	56	112	113	1	3	6	25384.918062809113	25807.3039297673
SIFT1M	RESIDUAL_NLIST1024	B_TO_A	ADJ	V	57	114	115	0	3	6	25665.46950110481	25317.09168701424
SIFT1M	RESIDUAL_NLIST1024	B_TO_A	ADJ	V	57	114	115	1	3	6	23507.855618820493	22893.5646508492
SIFT1M	RESIDUAL_NLIST1024	B_TO_A	ADJ	V	58	116	117	0	3	6	22458.345575998213	21666.792731633133
SIFT1M	RESIDUAL_NLIST1024	B_TO_A	ADJ	V	58	116	117	1	3	6	22408.591746973827	23110.043798090544
SIFT1M	RESIDUAL_NLIST1024	B_TO_A	ADJ	V	59	118	119	0	3	6	21746.339151398213	22016.993539161955
SIFT1M	RESIDUAL_NLIST1024	B_TO_A	ADJ	V	59	118	119	1	3	6	20897.311094585406	21653.402885301126
SIFT1M	RESIDUAL_NLIST1024	B_TO_A	ADJ	V	60	120	121	0	3	6	17872.62513515316	19061.27819470563
SIFT1M	RESIDUAL_NLIST1024	B_TO_A	ADJ	V	60	120	121	1	3	6	19012.72097883224	19409.160612201515
SIFT1M	RESIDUAL_NLIST1024	B_TO_A	ADJ	V	61	122	123	0	3	6	17609.98242248647	18283.372546778155
SIFT1M	RESIDUAL_NLIST1024	B_TO_A	ADJ	V	61	122	123	1	3	6	16608.511612193903	17109.191124289548
SIFT1M	RESIDUAL_NLIST1024	B_TO_A	ADJ	V	62	124	125	0	3	6	17829.537237982106	18342.369225101964
SIFT1M	RESIDUAL_NLIST1024	B_TO_A	ADJ	V	62	124	125	1	3	6	16647.777670142605	16596.726331708407
SIFT1M	RESIDUAL_NLIST1024	B_TO_A	ADJ	V	63	126	127	0	3	6	13576.874038924401	14113.595623230769
SIFT1M	RESIDUAL_NLIST1024	B_TO_A	ADJ	V	63	126	127	1	3	6	11917.845808769012	12377.840976507387
SIFT1M	RESIDUAL_NLIST1024	B_TO_A	ADJ	E	0	0	1	0	5	10	40414.406594070424	39203.52349278856
SIFT1M	RESIDUAL_NLIST1024	B_TO_A	ADJ	E	0	0	1	1	5	10	40310.44688465315	87525.30958624263
SIFT1M	RESIDUAL_NLIST1024	B_TO_A	ADJ	E	1	2	3	0	5	10	43954.73152896612	47858.51669057193
SIFT1M	RESIDUAL_NLIST1024	B_TO_A	ADJ	E	1	2	3	1	5	10	29433.46598393567	39302.3745764459
SIFT1M	RESIDUAL_NLIST1024	B_TO_A	ADJ	E	2	4	5	0	5	10	36507.0236354204	48346.56187279466
SIFT1M	RESIDUAL_NLIST1024	B_TO_A	ADJ	E	2	4	5	1	5	10	41591.484300409065	38561.14099107541
SIFT1M	RESIDUAL_NLIST1024	B_TO_A	ADJ	E	3	6	7	0	5	10	42309.282269878386	53140.271734067304
SIFT1M	RESIDUAL_NLIST1024	B_TO_A	ADJ	E	3	6	7	1	5	10	34839.66033871452	39338.60275973736
SIFT1M	RESIDUAL_NLIST1024	B_TO_A	ADJ	E	4	8	9	0	5	10	37364.217644874996	33870.54364535637
SIFT1M	RESIDUAL_NLIST1024	B_TO_A	ADJ	E	4	8	9	1	5	10	32511.87948867088	34540.211789805195
SIFT1M	RESIDUAL_NLIST1024	B_TO_A	ADJ	E	5	10	11	0	5	10	40512.89385331428	39271.275092078904
SIFT1M	RESIDUAL_NLIST1024	B_TO_A	ADJ	E	5	10	11	1	5	10	36274.32662287645	40922.07768881278
SIFT1M	RESIDUAL_NLIST1024	B_TO_A	ADJ	E	6	12	13	0	5	10	35280.94247110878	33314.34375717833
SIFT1M	RESIDUAL_NLIST1024	B_TO_A	ADJ	E	6	12	13	1	5	10	34929.622984591064	33428.53055236185
SIFT1M	RESIDUAL_NLIST1024	B_TO_A	ADJ	E	7	14	15	0	5	10	31910.782861116222	33101.834550463725
SIFT1M	RESIDUAL_NLIST1024	B_TO_A	ADJ	E	7	14	15	1	5	10	28120.91732860134	24998.57064151903
SIFT1M	RESIDUAL_NLIST1024	B_TO_A	ADJ	E	8	16	17	0	5	10	37440.671308256424	38699.4133865906
SIFT1M	RESIDUAL_NLIST1024	B_TO_A	ADJ	E	8	16	17	1	5	10	36030.520910891966	36575.2870436279
SIFT1M	RESIDUAL_NLIST1024	B_TO_A	ADJ	E	9	18	19	0	5	10	29173.653875535827	29033.402383290544
SIFT1M	RESIDUAL_NLIST1024	B_TO_A	ADJ	E	9	18	19	1	5	10	25523.33436581274	35466.68133639239
SIFT1M	RESIDUAL_NLIST1024	B_TO_A	ADJ	E	10	20	21	0	5	10	32737.304445429647	34240.50071252149
SIFT1M	RESIDUAL_NLIST1024	B_TO_A	ADJ	E	10	20	21	1	5	10	26376.655562524007	29357.957201950634
SIFT1M	RESIDUAL_NLIST1024	B_TO_A	ADJ	E	11	22	23	0	5	10	30844.432185544738	30844.216111943406
SIFT1M	RESIDUAL_NLIST1024	B_TO_A	ADJ	E	11	22	23	1	5	10	28162.166259287766	27048.962274993628
SIFT1M	RESIDUAL_NLIST1024	B_TO_A	ADJ	E	12	24	25	0	5	10	29424.609026938437	29331.391745347464
SIFT1M	RESIDUAL_NLIST1024	B_TO_A	ADJ	E	12	24	25	1	5	10	25820.148669500166	26747.468330568572
SIFT1M	RESIDUAL_NLIST1024	B_TO_A	ADJ	E	13	26	27	0	5	10	28660.920027579723	28662.50619297628
SIFT1M	RESIDUAL_NLIST1024	B_TO_A	ADJ	E	13	26	27	1	5	10	29373.06871577283	25813.70165734472
SIFT1M	RESIDUAL_NLIST1024	B_TO_A	ADJ	E	14	28	29	0	5	10	24880.67339990099	25450.175637148226
SIFT1M	RESIDUAL_NLIST1024	B_TO_A	ADJ	E	14	28	29	1	5	10	20596.065199996025	24650.28935969498
SIFT1M	RESIDUAL_NLIST1024	B_TO_A	ADJ	E	15	30	31	0	5	10	24475.50214937929	26398.560939504845
SIFT1M	RESIDUAL_NLIST1024	B_TO_A	ADJ	E	15	30	31	1	5	10	20952.546754445168	21467.394580422148
SIFT1M	RESIDUAL_NLIST1024	B_TO_A	ADJ	E	16	32	33	0	5	10	23872.430931224597	25124.761922857084
SIFT1M	RESIDUAL_NLIST1024	B_TO_A	ADJ	E	16	32	33	1	5	10	21806.88397950273	26990.041409862435
SIFT1M	RESIDUAL_NLIST1024	B_TO_A	ADJ	E	17	34	35	0	5	10	21442.4173995929	24596.389681839588
SIFT1M	RESIDUAL_NLIST1024	B_TO_A	ADJ	E	17	34	35	1	5	10	19717.474162157385	20014.853568364746
SIFT1M	RESIDUAL_NLIST1024	B_TO_A	ADJ	E	18	36	37	0	5	9	20731.529286534387	20462.628472917102
SIFT1M	RESIDUAL_NLIST1024	B_TO_A	ADJ	E	18	36	37	1	4	9	44974.62634533568	49472.04053844907
SIFT1M	RESIDUAL_NLIST1024	B_TO_A	ADJ	E	19	38	39	0	5	9	20608.798784585822	21783.654895685988
SIFT1M	RESIDUAL_NLIST1024	B_TO_A	ADJ	E	19	38	39	1	4	9	46198.79023628111	48604.25076867451
SIFT1M	RESIDUAL_NLIST1024	B_TO_A	ADJ	E	20	40	41	0	4	8	46894.41361599457	45198.42203443682
SIFT1M	RESIDUAL_NLIST1024	B_TO_A	ADJ	E	20	40	41	1	4	8	45279.020166551745	43281.331870811104
SIFT1M	RESIDUAL_NLIST1024	B_TO_A	ADJ	E	21	42	43	0	4	8	44609.94492640473	42126.37665489921
SIFT1M	RESIDUAL_NLIST1024	B_TO_A	ADJ	E	21	42	43	1	4	8	42132.61025460712	50029.82016188932
SIFT1M	RESIDUAL_NLIST1024	B_TO_A	ADJ	E	22	44	45	0	4	8	39585.529942883586	41340.538170294625
SIFT1M	RESIDUAL_NLIST1024	B_TO_A	ADJ	E	22	44	45	1	4	8	38723.38996651622	40370.80906599277
SIFT1M	RESIDUAL_NLIST1024	B_TO_A	ADJ	E	23	46	47	0	4	8	39273.66665692955	46096.47724558662
SIFT1M	RESIDUAL_NLIST1024	B_TO_A	ADJ	E	23	46	47	1	4	8	35055.67921233626	41122.25137311565
SIFT1M	RESIDUAL_NLIST1024	B_TO_A	ADJ	E	24	48	49	0	4	8	41422.69801501764	37808.87649658336
SIFT1M	RESIDUAL_NLIST1024	B_TO_A	ADJ	E	24	48	49	1	4	8	33687.35809165045	36671.87612489017
SIFT1M	RESIDUAL_NLIST1024	B_TO_A	ADJ	E	25	50	51	0	4	8	35165.095781212265	36370.84254024505
SIFT1M	RESIDUAL_NLIST1024	B_TO_A	ADJ	E	25	50	51	1	4	8	34173.726118627776	35708.023838320914
SIFT1M	RESIDUAL_NLIST1024	B_TO_A	ADJ	E	26	52	53	0	4	8	36970.608576959195	35992.60924425782
SIFT1M	RESIDUAL_NLIST1024	B_TO_A	ADJ	E	26	52	53	1	4	8	31325.152236169142	33974.756922479275
SIFT1M	RESIDUAL_NLIST1024	B_TO_A	ADJ	E	27	54	55	0	4	8	31995.482587150917	29382.944672528167
SIFT1M	RESIDUAL_NLIST1024	B_TO_A	ADJ	E	27	54	55	1	4	8	31075.9837833699	32497.896849639932
SIFT1M	RESIDUAL_NLIST1024	B_TO_A	ADJ	E	28	56	57	0	4	8	28627.67945495295	29908.161562783316
SIFT1M	RESIDUAL_NLIST1024	B_TO_A	ADJ	E	28	56	57	1	4	8	28555.434733553157	35172.00958506877
SIFT1M	RESIDUAL_NLIST1024	B_TO_A	ADJ	E	29	58	59	0	4	8	28432.876234555042	29584.032953436523
SIFT1M	RESIDUAL_NLIST1024	B_TO_A	ADJ	E	29	58	59	1	4	8	25581.41367592822	27216.360463712022
SIFT1M	RESIDUAL_NLIST1024	B_TO_A	ADJ	E	30	60	61	0	4	8	27826.07444960536	31519.01731402991
SIFT1M	RESIDUAL_NLIST1024	B_TO_A	ADJ	E	30	60	61	1	4	8	28230.375945696138	28757.76906760093
SIFT1M	RESIDUAL_NLIST1024	B_TO_A	ADJ	E	31	62	63	0	4	8	28226.11412180948	27223.891027475634
SIFT1M	RESIDUAL_NLIST1024	B_TO_A	ADJ	E	31	62	63	1	4	8	27663.535831713	25064.469392303796
SIFT1M	RESIDUAL_NLIST1024	B_TO_A	ADJ	E	32	64	65	0	4	8	26525.17412482508	24637.26483854097
SIFT1M	RESIDUAL_NLIST1024	B_TO_A	ADJ	E	32	64	65	1	4	8	27189.650883924456	24070.74662635605
SIFT1M	RESIDUAL_NLIST1024	B_TO_A	ADJ	E	33	66	67	0	4	8	22851.063235149828	28511.80936615573
SIFT1M	RESIDUAL_NLIST1024	B_TO_A	ADJ	E	33	66	67	1	4	8	21939.69274998783	21764.91476620228
SIFT1M	RESIDUAL_NLIST1024	B_TO_A	ADJ	E	34	68	69	0	4	8	24716.18247441885	21335.83159532355
SIFT1M	RESIDUAL_NLIST1024	B_TO_A	ADJ	E	34	68	69	1	4	8	19558.32958961513	20610.454748675656
SIFT1M	RESIDUAL_NLIST1024	B_TO_A	ADJ	E	35	70	71	0	4	8	21781.207108800838	21385.56231407706
SIFT1M	RESIDUAL_NLIST1024	B_TO_A	ADJ	E	35	70	71	1	4	8	20434.248089513647	21034.883605176638
SIFT1M	RESIDUAL_NLIST1024	B_TO_A	ADJ	E	36	72	73	0	4	8	19187.85002368931	20332.991847321653
SIFT1M	RESIDUAL_NLIST1024	B_TO_A	ADJ	E	36	72	73	1	4	8	20801.93716170636	22443.55601220052
SIFT1M	RESIDUAL_NLIST1024	B_TO_A	ADJ	E	37	74	75	0	4	8	20876.78614408592	20044.978278429164
SIFT1M	RESIDUAL_NLIST1024	B_TO_A	ADJ	E	37	74	75	1	4	8	19737.67136637122	18621.494813000965
SIFT1M	RESIDUAL_NLIST1024	B_TO_A	ADJ	E	38	76	77	0	4	8	18464.227160608854	19458.822033242133
SIFT1M	RESIDUAL_NLIST1024	B_TO_A	ADJ	E	38	76	77	1	4	8	18019.942681221833	19558.772952920604
SIFT1M	RESIDUAL_NLIST1024	B_TO_A	ADJ	E	39	78	79	0	4	8	17993.875259678396	22492.12297296347
SIFT1M	RESIDUAL_NLIST1024	B_TO_A	ADJ	E	39	78	79	1	4	8	16321.489111247054	16100.92944041428
SIFT1M	RESIDUAL_NLIST1024	B_TO_A	ADJ	E	40	80	81	0	4	8	16067.27128369973	16553.9290706557
SIFT1M	RESIDUAL_NLIST1024	B_TO_A	ADJ	E	40	80	81	1	4	8	17944.40311303347	16654.549429390267
SIFT1M	RESIDUAL_NLIST1024	B_TO_A	ADJ	E	41	82	83	0	4	8	16961.1151712969	15400.152863984333
SIFT1M	RESIDUAL_NLIST1024	B_TO_A	ADJ	E	41	82	83	1	4	8	16581.32296243237	17488.06571879358
SIFT1M	RESIDUAL_NLIST1024	B_TO_A	ADJ	E	42	84	85	0	4	8	16242.015290116211	15350.938202691072
SIFT1M	RESIDUAL_NLIST1024	B_TO_A	ADJ	E	42	84	85	1	4	8	17031.412580873708	15063.733186134948
SIFT1M	RESIDUAL_NLIST1024	B_TO_A	ADJ	E	43	86	87	0	4	8	15348.726764804229	17414.584308148427
SIFT1M	RESIDUAL_NLIST1024	B_TO_A	ADJ	E	43	86	87	1	4	8	15069.224304677931	16594.501319094103
SIFT1M	RESIDUAL_NLIST1024	B_TO_A	ADJ	E	44	88	89	0	4	8	15564.039107192453	14659.595365038635
SIFT1M	RESIDUAL_NLIST1024	B_TO_A	ADJ	E	44	88	89	1	4	8	15382.667922304472	14983.76814464945
SIFT1M	RESIDUAL_NLIST1024	B_TO_A	ADJ	E	45	90	91	0	3	6	43380.44071877062	45622.714288645875
SIFT1M	RESIDUAL_NLIST1024	B_TO_A	ADJ	E	45	90	91	1	3	6	41634.40530133324	41992.24242355989
SIFT1M	RESIDUAL_NLIST1024	B_TO_A	ADJ	E	46	92	93	0	3	6	43494.8683553598	44056.541975993576
SIFT1M	RESIDUAL_NLIST1024	B_TO_A	ADJ	E	46	92	93	1	3	6	39924.84213276303	43464.45880581709
SIFT1M	RESIDUAL_NLIST1024	B_TO_A	ADJ	E	47	94	95	0	3	6	43663.02967921004	43025.61415554127
SIFT1M	RESIDUAL_NLIST1024	B_TO_A	ADJ	E	47	94	95	1	3	6	39868.6779812974	39800.120838237846
SIFT1M	RESIDUAL_NLIST1024	B_TO_A	ADJ	E	48	96	97	0	3	6	41072.9914857175	42138.42102333522
SIFT1M	RESIDUAL_NLIST1024	B_TO_A	ADJ	E	48	96	97	1	3	6	39517.990473263446	41997.46797455343
SIFT1M	RESIDUAL_NLIST1024	B_TO_A	ADJ	E	49	98	99	0	3	6	39455.819577712115	41074.74099803071
SIFT1M	RESIDUAL_NLIST1024	B_TO_A	ADJ	E	49	98	99	1	3	6	36805.001827274245	41496.292685063636
SIFT1M	RESIDUAL_NLIST1024	B_TO_A	ADJ	E	50	100	101	0	3	6	37243.409272774414	35391.460256668
SIFT1M	RESIDUAL_NLIST1024	B_TO_A	ADJ	E	50	100	101	1	3	6	33546.01291624406	35366.1200134754
SIFT1M	RESIDUAL_NLIST1024	B_TO_A	ADJ	E	51	102	103	0	3	6	34853.09784576997	39615.12796260666
SIFT1M	RESIDUAL_NLIST1024	B_TO_A	ADJ	E	51	102	103	1	3	6	33357.88214645319	35218.973849953814
SIFT1M	RESIDUAL_NLIST1024	B_TO_A	ADJ	E	52	104	105	0	3	6	33511.245322029885	33835.50320251574
SIFT1M	RESIDUAL_NLIST1024	B_TO_A	ADJ	E	52	104	105	1	3	6	34478.03665108924	34511.19158287266
SIFT1M	RESIDUAL_NLIST1024	B_TO_A	ADJ	E	53	106	107	0	3	6	30353.4376767821	31481.66609267173
SIFT1M	RESIDUAL_NLIST1024	B_TO_A	ADJ	E	53	106	107	1	3	6	32714.057964842923	33714.355993263576
SIFT1M	RESIDUAL_NLIST1024	B_TO_A	ADJ	E	54	108	109	0	3	6	31968.761556275007	31593.938276546403
SIFT1M	RESIDUAL_NLIST1024	B_TO_A	ADJ	E	54	108	109	1	3	6	28174.927789763293	30464.913107470296
SIFT1M	RESIDUAL_NLIST1024	B_TO_A	ADJ	E	55	110	111	0	3	6	28080.866894919567	26237.795165468182
SIFT1M	RESIDUAL_NLIST1024	B_TO_A	ADJ	E	55	110	111	1	3	6	26193.749875607704	26484.68138212025
SIFT1M	RESIDUAL_NLIST1024	B_TO_A	ADJ	E	56	112	113	0	3	6	25716.002310729888	26128.111699279267
SIFT1M	RESIDUAL_NLIST1024	B_TO_A	ADJ	E	56	112	113	1	3	6	25384.918062809113	25807.3039297673
SIFT1M	RESIDUAL_NLIST1024	B_TO_A	ADJ	E	57	114	115	0	3	6	25665.46950110481	25317.09168701424
SIFT1M	RESIDUAL_NLIST1024	B_TO_A	ADJ	E	57	114	115	1	3	6	23507.855618820493	22893.5646508492
SIFT1M	RESIDUAL_NLIST1024	B_TO_A	ADJ	E	58	116	117	0	3	6	22458.345575998213	21666.792731633133
SIFT1M	RESIDUAL_NLIST1024	B_TO_A	ADJ	E	58	116	117	1	3	6	22408.591746973827	23110.043798090544
SIFT1M	RESIDUAL_NLIST1024	B_TO_A	ADJ	E	59	118	119	0	3	6	21746.339151398213	22016.993539161955
SIFT1M	RESIDUAL_NLIST1024	B_TO_A	ADJ	E	59	118	119	1	3	6	20897.311094585406	21653.402885301126
SIFT1M	RESIDUAL_NLIST1024	B_TO_A	ADJ	E	60	120	121	0	3	6	17872.62513515316	19061.27819470563
SIFT1M	RESIDUAL_NLIST1024	B_TO_A	ADJ	E	60	120	121	1	3	6	19012.72097883224	19409.160612201515
SIFT1M	RESIDUAL_NLIST1024	B_TO_A	ADJ	E	61	122	123	0	3	6	17609.98242248647	18283.372546778155
SIFT1M	RESIDUAL_NLIST1024	B_TO_A	ADJ	E	61	122	123	1	3	6	16608.511612193903	17109.191124289548
SIFT1M	RESIDUAL_NLIST1024	B_TO_A	ADJ	E	62	124	125	0	3	6	17829.537237982106	18342.369225101964
SIFT1M	RESIDUAL_NLIST1024	B_TO_A	ADJ	E	62	124	125	1	3	6	16647.777670142605	16596.726331708407
SIFT1M	RESIDUAL_NLIST1024	B_TO_A	ADJ	E	63	126	127	0	3	6	13576.874038924401	14113.595623230769
SIFT1M	RESIDUAL_NLIST1024	B_TO_A	ADJ	E	63	126	127	1	3	6	11917.845808769012	12377.840976507387
SIFT1M	RESIDUAL_NLIST1024	B_TO_A	ADJ	S	0	0	1	0	5	10	40414.406594070424	39203.52349278856
SIFT1M	RESIDUAL_NLIST1024	B_TO_A	ADJ	S	0	0	1	1	5	10	40310.44688465315	87525.30958624263
SIFT1M	RESIDUAL_NLIST1024	B_TO_A	ADJ	S	1	2	3	0	5	10	43954.73152896612	47858.51669057193
SIFT1M	RESIDUAL_NLIST1024	B_TO_A	ADJ	S	1	2	3	1	5	10	29433.46598393567	39302.3745764459
SIFT1M	RESIDUAL_NLIST1024	B_TO_A	ADJ	S	2	4	5	0	5	10	36507.0236354204	48346.56187279466
SIFT1M	RESIDUAL_NLIST1024	B_TO_A	ADJ	S	2	4	5	1	5	10	41591.484300409065	38561.14099107541
SIFT1M	RESIDUAL_NLIST1024	B_TO_A	ADJ	S	3	6	7	0	5	10	42309.282269878386	53140.271734067304
SIFT1M	RESIDUAL_NLIST1024	B_TO_A	ADJ	S	3	6	7	1	5	10	34839.66033871452	39338.60275973736
SIFT1M	RESIDUAL_NLIST1024	B_TO_A	ADJ	S	4	8	9	0	5	10	37364.217644874996	33870.54364535637
SIFT1M	RESIDUAL_NLIST1024	B_TO_A	ADJ	S	4	8	9	1	5	10	32511.87948867088	34540.211789805195
SIFT1M	RESIDUAL_NLIST1024	B_TO_A	ADJ	S	5	10	11	0	5	10	40512.89385331428	39271.275092078904
SIFT1M	RESIDUAL_NLIST1024	B_TO_A	ADJ	S	5	10	11	1	5	10	36274.32662287645	40922.07768881278
SIFT1M	RESIDUAL_NLIST1024	B_TO_A	ADJ	S	6	12	13	0	5	10	35280.94247110878	33314.34375717833
SIFT1M	RESIDUAL_NLIST1024	B_TO_A	ADJ	S	6	12	13	1	5	10	34929.622984591064	33428.53055236185
SIFT1M	RESIDUAL_NLIST1024	B_TO_A	ADJ	S	7	14	15	0	5	10	31910.782861116222	33101.834550463725
SIFT1M	RESIDUAL_NLIST1024	B_TO_A	ADJ	S	7	14	15	1	5	10	28120.91732860134	24998.57064151903
SIFT1M	RESIDUAL_NLIST1024	B_TO_A	ADJ	S	8	16	17	0	5	10	37440.671308256424	38699.4133865906
SIFT1M	RESIDUAL_NLIST1024	B_TO_A	ADJ	S	8	16	17	1	5	10	36030.520910891966	36575.2870436279
SIFT1M	RESIDUAL_NLIST1024	B_TO_A	ADJ	S	9	18	19	0	5	10	29173.653875535827	29033.402383290544
SIFT1M	RESIDUAL_NLIST1024	B_TO_A	ADJ	S	9	18	19	1	5	10	25523.33436581274	35466.68133639239
SIFT1M	RESIDUAL_NLIST1024	B_TO_A	ADJ	S	10	20	21	0	5	10	32737.304445429647	34240.50071252149
SIFT1M	RESIDUAL_NLIST1024	B_TO_A	ADJ	S	10	20	21	1	5	10	26376.655562524007	29357.957201950634
SIFT1M	RESIDUAL_NLIST1024	B_TO_A	ADJ	S	11	22	23	0	5	10	30844.432185544738	30844.216111943406
SIFT1M	RESIDUAL_NLIST1024	B_TO_A	ADJ	S	11	22	23	1	5	10	28162.166259287766	27048.962274993628
SIFT1M	RESIDUAL_NLIST1024	B_TO_A	ADJ	S	12	24	25	0	5	10	29424.609026938437	29331.391745347464
SIFT1M	RESIDUAL_NLIST1024	B_TO_A	ADJ	S	12	24	25	1	5	10	25820.148669500166	26747.468330568572
SIFT1M	RESIDUAL_NLIST1024	B_TO_A	ADJ	S	13	26	27	0	5	10	28660.920027579723	28662.50619297628
SIFT1M	RESIDUAL_NLIST1024	B_TO_A	ADJ	S	13	26	27	1	5	10	29373.06871577283	25813.70165734472
SIFT1M	RESIDUAL_NLIST1024	B_TO_A	ADJ	S	14	28	29	0	5	10	24880.67339990099	25450.175637148226
SIFT1M	RESIDUAL_NLIST1024	B_TO_A	ADJ	S	14	28	29	1	5	10	20596.065199996025	24650.28935969498
SIFT1M	RESIDUAL_NLIST1024	B_TO_A	ADJ	S	15	30	31	0	5	10	24475.50214937929	26398.560939504845
SIFT1M	RESIDUAL_NLIST1024	B_TO_A	ADJ	S	15	30	31	1	5	10	20952.546754445168	21467.394580422148
SIFT1M	RESIDUAL_NLIST1024	B_TO_A	ADJ	S	16	32	33	0	5	10	23872.430931224597	25124.761922857084
SIFT1M	RESIDUAL_NLIST1024	B_TO_A	ADJ	S	16	32	33	1	5	10	21806.88397950273	26990.041409862435
SIFT1M	RESIDUAL_NLIST1024	B_TO_A	ADJ	S	17	34	35	0	5	10	21442.4173995929	24596.389681839588
SIFT1M	RESIDUAL_NLIST1024	B_TO_A	ADJ	S	17	34	35	1	5	10	19717.474162157385	20014.853568364746
SIFT1M	RESIDUAL_NLIST1024	B_TO_A	ADJ	S	18	36	37	0	5	9	20731.529286534387	20462.628472917102
SIFT1M	RESIDUAL_NLIST1024	B_TO_A	ADJ	S	18	36	37	1	4	9	44974.62634533568	49472.04053844907
SIFT1M	RESIDUAL_NLIST1024	B_TO_A	ADJ	S	19	38	39	0	5	9	20608.798784585822	21783.654895685988
SIFT1M	RESIDUAL_NLIST1024	B_TO_A	ADJ	S	19	38	39	1	4	9	46198.79023628111	48604.25076867451
SIFT1M	RESIDUAL_NLIST1024	B_TO_A	ADJ	S	20	40	41	0	4	8	46894.41361599457	45198.42203443682
SIFT1M	RESIDUAL_NLIST1024	B_TO_A	ADJ	S	20	40	41	1	4	8	45279.020166551745	43281.331870811104
SIFT1M	RESIDUAL_NLIST1024	B_TO_A	ADJ	S	21	42	43	0	4	8	44609.94492640473	42126.37665489921
SIFT1M	RESIDUAL_NLIST1024	B_TO_A	ADJ	S	21	42	43	1	4	8	42132.61025460712	50029.82016188932
SIFT1M	RESIDUAL_NLIST1024	B_TO_A	ADJ	S	22	44	45	0	4	8	39585.529942883586	41340.538170294625
SIFT1M	RESIDUAL_NLIST1024	B_TO_A	ADJ	S	22	44	45	1	4	8	38723.38996651622	40370.80906599277
SIFT1M	RESIDUAL_NLIST1024	B_TO_A	ADJ	S	23	46	47	0	4	8	39273.66665692955	46096.47724558662
SIFT1M	RESIDUAL_NLIST1024	B_TO_A	ADJ	S	23	46	47	1	4	8	35055.67921233626	41122.25137311565
SIFT1M	RESIDUAL_NLIST1024	B_TO_A	ADJ	S	24	48	49	0	4	8	41422.69801501764	37808.87649658336
SIFT1M	RESIDUAL_NLIST1024	B_TO_A	ADJ	S	24	48	49	1	4	8	33687.35809165045	36671.87612489017
SIFT1M	RESIDUAL_NLIST1024	B_TO_A	ADJ	S	25	50	51	0	4	8	35165.095781212265	36370.84254024505
SIFT1M	RESIDUAL_NLIST1024	B_TO_A	ADJ	S	25	50	51	1	4	8	34173.726118627776	35708.023838320914
SIFT1M	RESIDUAL_NLIST1024	B_TO_A	ADJ	S	26	52	53	0	4	8	36970.608576959195	35992.60924425782
SIFT1M	RESIDUAL_NLIST1024	B_TO_A	ADJ	S	26	52	53	1	4	8	31325.152236169142	33974.756922479275
SIFT1M	RESIDUAL_NLIST1024	B_TO_A	ADJ	S	27	54	55	0	4	8	31995.482587150917	29382.944672528167
SIFT1M	RESIDUAL_NLIST1024	B_TO_A	ADJ	S	27	54	55	1	4	8	31075.9837833699	32497.896849639932
SIFT1M	RESIDUAL_NLIST1024	B_TO_A	ADJ	S	28	56	57	0	4	8	28627.67945495295	29908.161562783316
SIFT1M	RESIDUAL_NLIST1024	B_TO_A	ADJ	S	28	56	57	1	4	8	28555.434733553157	35172.00958506877
SIFT1M	RESIDUAL_NLIST1024	B_TO_A	ADJ	S	29	58	59	0	4	8	28432.876234555042	29584.032953436523
SIFT1M	RESIDUAL_NLIST1024	B_TO_A	ADJ	S	29	58	59	1	4	8	25581.41367592822	27216.360463712022
SIFT1M	RESIDUAL_NLIST1024	B_TO_A	ADJ	S	30	60	61	0	4	8	27826.07444960536	31519.01731402991
SIFT1M	RESIDUAL_NLIST1024	B_TO_A	ADJ	S	30	60	61	1	4	8	28230.375945696138	28757.76906760093
SIFT1M	RESIDUAL_NLIST1024	B_TO_A	ADJ	S	31	62	63	0	4	8	28226.11412180948	27223.891027475634
SIFT1M	RESIDUAL_NLIST1024	B_TO_A	ADJ	S	31	62	63	1	4	8	27663.535831713	25064.469392303796
SIFT1M	RESIDUAL_NLIST1024	B_TO_A	ADJ	S	32	64	65	0	4	8	26525.17412482508	24637.26483854097
SIFT1M	RESIDUAL_NLIST1024	B_TO_A	ADJ	S	32	64	65	1	4	8	27189.650883924456	24070.74662635605
SIFT1M	RESIDUAL_NLIST1024	B_TO_A	ADJ	S	33	66	67	0	4	8	22851.063235149828	28511.80936615573
SIFT1M	RESIDUAL_NLIST1024	B_TO_A	ADJ	S	33	66	67	1	4	8	21939.69274998783	21764.91476620228
SIFT1M	RESIDUAL_NLIST1024	B_TO_A	ADJ	S	34	68	69	0	4	8	24716.18247441885	21335.83159532355
SIFT1M	RESIDUAL_NLIST1024	B_TO_A	ADJ	S	34	68	69	1	4	8	19558.32958961513	20610.454748675656
SIFT1M	RESIDUAL_NLIST1024	B_TO_A	ADJ	S	35	70	71	0	4	8	21781.207108800838	21385.56231407706
SIFT1M	RESIDUAL_NLIST1024	B_TO_A	ADJ	S	35	70	71	1	4	8	20434.248089513647	21034.883605176638
SIFT1M	RESIDUAL_NLIST1024	B_TO_A	ADJ	S	36	72	73	0	4	8	19187.85002368931	20332.991847321653
SIFT1M	RESIDUAL_NLIST1024	B_TO_A	ADJ	S	36	72	73	1	4	8	20801.93716170636	22443.55601220052
SIFT1M	RESIDUAL_NLIST1024	B_TO_A	ADJ	S	37	74	75	0	4	8	20876.78614408592	20044.978278429164
SIFT1M	RESIDUAL_NLIST1024	B_TO_A	ADJ	S	37	74	75	1	4	8	19737.67136637122	18621.494813000965
SIFT1M	RESIDUAL_NLIST1024	B_TO_A	ADJ	S	38	76	77	0	4	8	18464.227160608854	19458.822033242133
SIFT1M	RESIDUAL_NLIST1024	B_TO_A	ADJ	S	38	76	77	1	4	8	18019.942681221833	19558.772952920604
SIFT1M	RESIDUAL_NLIST1024	B_TO_A	ADJ	S	39	78	79	0	4	8	17993.875259678396	22492.12297296347
SIFT1M	RESIDUAL_NLIST1024	B_TO_A	ADJ	S	39	78	79	1	4	8	16321.489111247054	16100.92944041428
SIFT1M	RESIDUAL_NLIST1024	B_TO_A	ADJ	S	40	80	81	0	4	8	16067.27128369973	16553.9290706557
SIFT1M	RESIDUAL_NLIST1024	B_TO_A	ADJ	S	40	80	81	1	4	8	17944.40311303347	16654.549429390267
SIFT1M	RESIDUAL_NLIST1024	B_TO_A	ADJ	S	41	82	83	0	4	8	16961.1151712969	15400.152863984333
SIFT1M	RESIDUAL_NLIST1024	B_TO_A	ADJ	S	41	82	83	1	4	8	16581.32296243237	17488.06571879358
SIFT1M	RESIDUAL_NLIST1024	B_TO_A	ADJ	S	42	84	85	0	4	8	16242.015290116211	15350.938202691072
SIFT1M	RESIDUAL_NLIST1024	B_TO_A	ADJ	S	42	84	85	1	4	8	17031.412580873708	15063.733186134948
SIFT1M	RESIDUAL_NLIST1024	B_TO_A	ADJ	S	43	86	87	0	4	8	15348.726764804229	17414.584308148427
SIFT1M	RESIDUAL_NLIST1024	B_TO_A	ADJ	S	43	86	87	1	4	8	15069.224304677931	16594.501319094103
SIFT1M	RESIDUAL_NLIST1024	B_TO_A	ADJ	S	44	88	89	0	4	8	15564.039107192453	14659.595365038635
SIFT1M	RESIDUAL_NLIST1024	B_TO_A	ADJ	S	44	88	89	1	4	8	15382.667922304472	14983.76814464945
SIFT1M	RESIDUAL_NLIST1024	B_TO_A	ADJ	S	45	90	91	0	3	6	43380.44071877062	45622.714288645875
SIFT1M	RESIDUAL_NLIST1024	B_TO_A	ADJ	S	45	90	91	1	3	6	41634.40530133324	41992.24242355989
SIFT1M	RESIDUAL_NLIST1024	B_TO_A	ADJ	S	46	92	93	0	3	6	43494.8683553598	44056.541975993576
SIFT1M	RESIDUAL_NLIST1024	B_TO_A	ADJ	S	46	92	93	1	3	6	39924.84213276303	43464.45880581709
SIFT1M	RESIDUAL_NLIST1024	B_TO_A	ADJ	S	47	94	95	0	4	7	12513.980487021072	12231.035668180592
SIFT1M	RESIDUAL_NLIST1024	B_TO_A	ADJ	S	47	94	95	1	3	7	39868.6779812974	39800.120838237846
SIFT1M	RESIDUAL_NLIST1024	B_TO_A	ADJ	S	48	96	97	0	3	6	41072.9914857175	42138.42102333522
SIFT1M	RESIDUAL_NLIST1024	B_TO_A	ADJ	S	48	96	97	1	3	6	39517.990473263446	41997.46797455343
SIFT1M	RESIDUAL_NLIST1024	B_TO_A	ADJ	S	49	98	99	0	3	6	39455.819577712115	41074.74099803071
SIFT1M	RESIDUAL_NLIST1024	B_TO_A	ADJ	S	49	98	99	1	3	6	36805.001827274245	41496.292685063636
SIFT1M	RESIDUAL_NLIST1024	B_TO_A	ADJ	S	50	100	101	0	3	6	37243.409272774414	35391.460256668
SIFT1M	RESIDUAL_NLIST1024	B_TO_A	ADJ	S	50	100	101	1	3	6	33546.01291624406	35366.1200134754
SIFT1M	RESIDUAL_NLIST1024	B_TO_A	ADJ	S	51	102	103	0	3	6	34853.09784576997	39615.12796260666
SIFT1M	RESIDUAL_NLIST1024	B_TO_A	ADJ	S	51	102	103	1	3	6	33357.88214645319	35218.973849953814
SIFT1M	RESIDUAL_NLIST1024	B_TO_A	ADJ	S	52	104	105	0	3	6	33511.245322029885	33835.50320251574
SIFT1M	RESIDUAL_NLIST1024	B_TO_A	ADJ	S	52	104	105	1	3	6	34478.03665108924	34511.19158287266
SIFT1M	RESIDUAL_NLIST1024	B_TO_A	ADJ	S	53	106	107	0	3	6	30353.4376767821	31481.66609267173
SIFT1M	RESIDUAL_NLIST1024	B_TO_A	ADJ	S	53	106	107	1	3	6	32714.057964842923	33714.355993263576
SIFT1M	RESIDUAL_NLIST1024	B_TO_A	ADJ	S	54	108	109	0	3	6	31968.761556275007	31593.938276546403
SIFT1M	RESIDUAL_NLIST1024	B_TO_A	ADJ	S	54	108	109	1	3	6	28174.927789763293	30464.913107470296
SIFT1M	RESIDUAL_NLIST1024	B_TO_A	ADJ	S	55	110	111	0	3	6	28080.866894919567	26237.795165468182
SIFT1M	RESIDUAL_NLIST1024	B_TO_A	ADJ	S	55	110	111	1	3	6	26193.749875607704	26484.68138212025
SIFT1M	RESIDUAL_NLIST1024	B_TO_A	ADJ	S	56	112	113	0	3	6	25716.002310729888	26128.111699279267
SIFT1M	RESIDUAL_NLIST1024	B_TO_A	ADJ	S	56	112	113	1	3	6	25384.918062809113	25807.3039297673
SIFT1M	RESIDUAL_NLIST1024	B_TO_A	ADJ	S	57	114	115	0	3	6	25665.46950110481	25317.09168701424
SIFT1M	RESIDUAL_NLIST1024	B_TO_A	ADJ	S	57	114	115	1	3	6	23507.855618820493	22893.5646508492
SIFT1M	RESIDUAL_NLIST1024	B_TO_A	ADJ	S	58	116	117	0	3	6	22458.345575998213	21666.792731633133
SIFT1M	RESIDUAL_NLIST1024	B_TO_A	ADJ	S	58	116	117	1	3	6	22408.591746973827	23110.043798090544
SIFT1M	RESIDUAL_NLIST1024	B_TO_A	ADJ	S	59	118	119	0	3	6	21746.339151398213	22016.993539161955
SIFT1M	RESIDUAL_NLIST1024	B_TO_A	ADJ	S	59	118	119	1	3	6	20897.311094585406	21653.402885301126
SIFT1M	RESIDUAL_NLIST1024	B_TO_A	ADJ	S	60	120	121	0	3	6	17872.62513515316	19061.27819470563
SIFT1M	RESIDUAL_NLIST1024	B_TO_A	ADJ	S	60	120	121	1	3	6	19012.72097883224	19409.160612201515
SIFT1M	RESIDUAL_NLIST1024	B_TO_A	ADJ	S	61	122	123	0	3	6	17609.98242248647	18283.372546778155
SIFT1M	RESIDUAL_NLIST1024	B_TO_A	ADJ	S	61	122	123	1	3	6	16608.511612193903	17109.191124289548
SIFT1M	RESIDUAL_NLIST1024	B_TO_A	ADJ	S	62	124	125	0	3	6	17829.537237982106	18342.369225101964
SIFT1M	RESIDUAL_NLIST1024	B_TO_A	ADJ	S	62	124	125	1	3	6	16647.777670142605	16596.726331708407
SIFT1M	RESIDUAL_NLIST1024	B_TO_A	ADJ	S	63	126	127	0	3	5	13576.874038924401	14113.595623230769
SIFT1M	RESIDUAL_NLIST1024	B_TO_A	ADJ	S	63	126	127	1	2	5	40580.160427208175	39949.20856519329
SIFT1M	RESIDUAL_NLIST1024	B_TO_A	CORR_GREEDY	U	0	0	16	0	4	8	103121.07829050408	125787.5010147125
SIFT1M	RESIDUAL_NLIST1024	B_TO_A	CORR_GREEDY	U	0	0	16	1	4	8	73872.88567397495	110362.81671975834
SIFT1M	RESIDUAL_NLIST1024	B_TO_A	CORR_GREEDY	U	1	1	41	0	4	8	99029.64524721584	103105.69242068415
SIFT1M	RESIDUAL_NLIST1024	B_TO_A	CORR_GREEDY	U	1	1	41	1	4	8	43766.35718655928	42044.76172499014
SIFT1M	RESIDUAL_NLIST1024	B_TO_A	CORR_GREEDY	U	2	2	7	0	4	8	105294.31278299206	101426.08407786726
SIFT1M	RESIDUAL_NLIST1024	B_TO_A	CORR_GREEDY	U	2	2	7	1	4	8	74605.3434895672	86221.8152169579
SIFT1M	RESIDUAL_NLIST1024	B_TO_A	CORR_GREEDY	U	3	3	5	0	4	8	127840.37512024124	115502.58437438919
SIFT1M	RESIDUAL_NLIST1024	B_TO_A	CORR_GREEDY	U	3	3	5	1	4	8	96955.69184946595	102397.4868332034
SIFT1M	RESIDUAL_NLIST1024	B_TO_A	CORR_GREEDY	U	4	4	50	0	4	8	105354.85263797552	96988.09995362359
SIFT1M	RESIDUAL_NLIST1024	B_TO_A	CORR_GREEDY	U	4	4	50	1	4	8	34249.576025674934	35480.682521772134
SIFT1M	RESIDUAL_NLIST1024	B_TO_A	CORR_GREEDY	U	5	6	18	0	4	8	118415.74516844054	130447.16669530832
SIFT1M	RESIDUAL_NLIST1024	B_TO_A	CORR_GREEDY	U	5	6	18	1	4	8	67573.57158375971	85051.33463692163
SIFT1M	RESIDUAL_NLIST1024	B_TO_A	CORR_GREEDY	U	6	8	58	0	5	8	37602.49639626227	34912.78349216157
SIFT1M	RESIDUAL_NLIST1024	B_TO_A	CORR_GREEDY	U	6	8	58	1	3	8	93086.14153070611	95792.92725386505
SIFT1M	RESIDUAL_NLIST1024	B_TO_A	CORR_GREEDY	U	7	9	32	0	4	8	89130.69572211747	93602.66922652957
SIFT1M	RESIDUAL_NLIST1024	B_TO_A	CORR_GREEDY	U	7	9	32	1	4	8	59412.95345942902	62225.91078105749
SIFT1M	RESIDUAL_NLIST1024	B_TO_A	CORR_GREEDY	U	8	10	48	0	4	8	102503.43875734272	97297.15538689608
SIFT1M	RESIDUAL_NLIST1024	B_TO_A	CORR_GREEDY	U	8	10	48	1	4	8	37945.40511920925	38004.72142638832
SIFT1M	RESIDUAL_NLIST1024	B_TO_A	CORR_GREEDY	U	9	11	33	0	4	8	94650.20476599896	102179.15236929493
SIFT1M	RESIDUAL_NLIST1024	B_TO_A	CORR_GREEDY	U	9	11	33	1	4	8	54968.44167669873	62003.079829820796
SIFT1M	RESIDUAL_NLIST1024	B_TO_A	CORR_GREEDY	U	10	12	55	0	4	8	95554.58124984406	90005.90242699365
SIFT1M	RESIDUAL_NLIST1024	B_TO_A	CORR_GREEDY	U	10	12	55	1	4	8	28773.67788390153	29721.95289924596
SIFT1M	RESIDUAL_NLIST1024	B_TO_A	CORR_GREEDY	U	11	13	23	0	4	8	91188.70014883671	91971.41895101663
SIFT1M	RESIDUAL_NLIST1024	B_TO_A	CORR_GREEDY	U	11	13	23	1	4	8	75208.86352507051	68009.48067573094
SIFT1M	RESIDUAL_NLIST1024	B_TO_A	CORR_GREEDY	U	12	14	21	0	4	8	86913.47730850372	93580.26763775334
SIFT1M	RESIDUAL_NLIST1024	B_TO_A	CORR_GREEDY	U	12	14	21	1	4	8	78072.84836938104	94878.89236295428
SIFT1M	RESIDUAL_NLIST1024	B_TO_A	CORR_GREEDY	U	13	15	45	0	4	8	71812.42728859317	68584.82985238936
SIFT1M	RESIDUAL_NLIST1024	B_TO_A	CORR_GREEDY	U	13	15	45	1	4	8	38817.42710535838	40823.40840081353
SIFT1M	RESIDUAL_NLIST1024	B_TO_A	CORR_GREEDY	U	14	17	34	0	4	8	83781.34449666417	96741.84575928916
SIFT1M	RESIDUAL_NLIST1024	B_TO_A	CORR_GREEDY	U	14	17	34	1	4	8	52444.94382743222	51067.632278132296
SIFT1M	RESIDUAL_NLIST1024	B_TO_A	CORR_GREEDY	U	15	19	20	0	4	8	84703.20127325944	89332.23301856895
SIFT1M	RESIDUAL_NLIST1024	B_TO_A	CORR_GREEDY	U	15	19	20	1	4	8	71744.42259266903	73550.24239413154
SIFT1M	RESIDUAL_NLIST1024	B_TO_A	CORR_GREEDY	U	16	22	44	0	4	8	80485.502097431	81634.22591712866
SIFT1M	RESIDUAL_NLIST1024	B_TO_A	CORR_GREEDY	U	16	22	44	1	4	8	39489.57087585025	42271.62687310448
SIFT1M	RESIDUAL_NLIST1024	B_TO_A	CORR_GREEDY	U	17	24	61	0	4	8	74415.56005969539	76072.67487386505
SIFT1M	RESIDUAL_NLIST1024	B_TO_A	CORR_GREEDY	U	17	24	61	1	4	8	26999.396262039656	31061.762408514223
SIFT1M	RESIDUAL_NLIST1024	B_TO_A	CORR_GREEDY	U	18	25	29	0	4	8	68408.54979816148	65522.70323593918
SIFT1M	RESIDUAL_NLIST1024	B_TO_A	CORR_GREEDY	U	18	25	29	1	4	8	58333.118449529204	64236.373110144246
SIFT1M	RESIDUAL_NLIST1024	B_TO_A	CORR_GREEDY	U	19	26	109	0	5	8	25494.66947497657	25328.089977397893
SIFT1M	RESIDUAL_NLIST1024	B_TO_A	CORR_GREEDY	U	19	26	109	1	3	8	28166.03352337073	30444.551723744447
SIFT1M	RESIDUAL_NLIST1024	B_TO_A	CORR_GREEDY	U	20	27	97	0	5	8	28291.532052364157	27785.299306027006
SIFT1M	RESIDUAL_NLIST1024	B_TO_A	CORR_GREEDY	U	20	27	97	1	3	8	41169.19804082544	41804.190563994336
SIFT1M	RESIDUAL_NLIST1024	B_TO_A	CORR_GREEDY	U	21	28	30	0	4	8	70863.88304417375	71914.31348509273
SIFT1M	RESIDUAL_NLIST1024	B_TO_A	CORR_GREEDY	U	21	28	30	1	4	8	53995.14426795863	56434.24053102843
SIFT1M	RESIDUAL_NLIST1024	B_TO_A	CORR_GREEDY	U	22	31	35	0	4	8	68765.42806931054	60265.30738545841
SIFT1M	RESIDUAL_NLIST1024	B_TO_A	CORR_GREEDY	U	22	31	35	1	4	8	59197.68922472127	64062.56711385569
SIFT1M	RESIDUAL_NLIST1024	B_TO_A	CORR_GREEDY	U	23	36	67	0	4	8	47410.725711329615	53196.37511519907
SIFT1M	RESIDUAL_NLIST1024	B_TO_A	CORR_GREEDY	U	23	36	67	1	4	8	22961.25059904565	22413.569506346335
SIFT1M	RESIDUAL_NLIST1024	B_TO_A	CORR_GREEDY	U	24	37	83	0	4	8	50818.07694724316	48607.05933044429
SIFT1M	RESIDUAL_NLIST1024	B_TO_A	CORR_GREEDY	U	24	37	83	1	4	8	15652.79126507428	15595.59582984176
SIFT1M	RESIDUAL_NLIST1024	B_TO_A	CORR_GREEDY	U	25	38	64	0	4	8	51709.39997993091	53474.6633693239
SIFT1M	RESIDUAL_NLIST1024	B_TO_A	CORR_GREEDY	U	25	38	64	1	4	8	26426.04164930254	25272.793879408444
SIFT1M	RESIDUAL_NLIST1024	B_TO_A	CORR_GREEDY	U	26	39	40	0	4	8	48208.00433048861	45207.861432639176
SIFT1M	RESIDUAL_NLIST1024	B_TO_A	CORR_GREEDY	U	26	39	40	1	4	8	43552.490943119265	48920.02910908918
SIFT1M	RESIDUAL_NLIST1024	B_TO_A	CORR_GREEDY	U	27	42	111	0	5	8	17042.40473640863	16615.28977435628
SIFT1M	RESIDUAL_NLIST1024	B_TO_A	CORR_GREEDY	U	27	42	111	1	3	8	25750.632771662677	26581.303536352436
SIFT1M	RESIDUAL_NLIST1024	B_TO_A	CORR_GREEDY	U	28	43	91	0	4	8	43717.80152784876	51716.10120657651
SIFT1M	RESIDUAL_NLIST1024	B_TO_A	CORR_GREEDY	U	28	43	91	1	4	8	12505.776017066804	13510.48690550946
SIFT1M	RESIDUAL_NLIST1024	B_TO_A	CORR_GREEDY	U	29	46	121	0	5	8	16049.020757940776	17301.72602024906
SIFT1M	RESIDUAL_NLIST1024	B_TO_A	CORR_GREEDY	U	29	46	121	1	3	8	17843.227320184662	19133.609622386808
SIFT1M	RESIDUAL_NLIST1024	B_TO_A	CORR_GREEDY	U	30	47	60	0	4	8	35757.42811395004	44039.15234276561
SIFT1M	RESIDUAL_NLIST1024	B_TO_A	CORR_GREEDY	U	30	47	60	1	4	8	26905.29231509874	27490.291294022216
SIFT1M	RESIDUAL_NLIST1024	B_TO_A	CORR_GREEDY	U	31	49	126	0	5	8	13076.322701363257	14018.52429769791
SIFT1M	RESIDUAL_NLIST1024	B_TO_A	CORR_GREEDY	U	31	49	126	1	3	8	13561.070286351005	14043.09775900892
SIFT1M	RESIDUAL_NLIST1024	B_TO_A	CORR_GREEDY	U	32	51	115	0	5	8	13782.256727373846	13758.97290022848
SIFT1M	RESIDUAL_NLIST1024	B_TO_A	CORR_GREEDY	U	32	51	115	1	3	8	23506.889084756414	22885.55642293395
SIFT1M	RESIDUAL_NLIST1024	B_TO_A	CORR_GREEDY	U	33	52	112	0	5	8	13993.333683423136	14042.651686294748
SIFT1M	RESIDUAL_NLIST1024	B_TO_A	CORR_GREEDY	U	33	52	112	1	3	8	25666.10784414271	25998.523738683372
SIFT1M	RESIDUAL_NLIST1024	B_TO_A	CORR_GREEDY	U	34	53	70	0	4	8	32394.884521159303	32960.95054060742
SIFT1M	RESIDUAL_NLIST1024	B_TO_A	CORR_GREEDY	U	34	53	70	1	4	8	19623.84208123769	21195.417758009702
SIFT1M	RESIDUAL_NLIST1024	B_TO_A	CORR_GREEDY	U	35	54	59	0	4	8	31559.946902459058	31383.114124354823
SIFT1M	RESIDUAL_NLIST1024	B_TO_A	CORR_GREEDY	U	35	54	59	1	4	8	24986.345056919727	26301.780030699043
SIFT1M	RESIDUAL_NLIST1024	B_TO_A	CORR_GREEDY	U	36	56	119	0	5	8	10848.302772668789	12174.048626480027
SIFT1M	RESIDUAL_NLIST1024	B_TO_A	CORR_GREEDY	U	36	56	119	1	3	8	22140.431854721734	22004.283793151546
SIFT1M	RESIDUAL_NLIST1024	B_TO_A	CORR_GREEDY	U	37	57	117	0	5	8	10376.230831490622	13632.929482669093
SIFT1M	RESIDUAL_NLIST1024	B_TO_A	CORR_GREEDY	U	37	57	117	1	3	8	22216.28223296723	22375.899325406324
SIFT1M	RESIDUAL_NLIST1024	B_TO_A	CORR_GREEDY	U	38	62	90	0	4	8	28110.645534087682	27870.884060444798
SIFT1M	RESIDUAL_NLIST1024	B_TO_A	CORR_GREEDY	U	38	62	90	1	4	8	12717.939744311207	14812.897368628739
SIFT1M	RESIDUAL_NLIST1024	B_TO_A	CORR_GREEDY	U	39	63	76	0	4	8	27308.513222480018	25259.979487505803
SIFT1M	RESIDUAL_NLIST1024	B_TO_A	CORR_GREEDY	U	39	63	76	1	4	8	18877.093630797444	19747.745956245395
SIFT1M	RESIDUAL_NLIST1024	B_TO_A	CORR_GREEDY	U	40	65	73	0	4	8	27205.86764125403	24216.541321426528
SIFT1M	RESIDUAL_NLIST1024	B_TO_A	CORR_GREEDY	U	40	65	73	1	4	8	20361.18301026901	22118.465309966396
SIFT1M	RESIDUAL_NLIST1024	B_TO_A	CORR_GREEDY	U	41	66	113	0	4	8	23385.99808174571	28917.248219575667
SIFT1M	RESIDUAL_NLIST1024	B_TO_A	CORR_GREEDY	U	41	66	113	1	4	8	7726.274059661561	8053.012273145327
SIFT1M	RESIDUAL_NLIST1024	B_TO_A	CORR_GREEDY	U	42	68	95	0	4	8	25267.450909916603	21227.968625913647
SIFT1M	RESIDUAL_NLIST1024	B_TO_A	CORR_GREEDY	U	42	68	95	1	4	8	12253.529094321913	12941.768151238983
SIFT1M	RESIDUAL_NLIST1024	B_TO_A	CORR_GREEDY	U	43	69	114	0	4	8	19216.132640820942	20229.634498869716
SIFT1M	RESIDUAL_NLIST1024	B_TO_A	CORR_GREEDY	U	43	69	114	1	4	8	7634.670880582084	7875.613349572271
SIFT1M	RESIDUAL_NLIST1024	B_TO_A	CORR_GREEDY	U	44	71	85	0	4	8	21504.799060624242	21968.563269164228
SIFT1M	RESIDUAL_NLIST1024	B_TO_A	CORR_GREEDY	U	44	71	85	1	4	8	17420.439719435577	15436.879016364188
SIFT1M	RESIDUAL_NLIST1024	B_TO_A	CORR_GREEDY	U	45	72	99	0	4	8	19543.124213131054	19761.30769555079
SIFT1M	RESIDUAL_NLIST1024	B_TO_A	CORR_GREEDY	U	45	72	99	1	4	8	10983.937803846922	13343.404838380178
SIFT1M	RESIDUAL_NLIST1024	B_TO_A	CORR_GREEDY	U	46	74	122	0	4	8	19956.840240707286	20028.860328775816
SIFT1M	RESIDUAL_NLIST1024	B_TO_A	CORR_GREEDY	U	46	74	122	1	4	8	5330.624387506026	6023.00371812145
SIFT1M	RESIDUAL_NLIST1024	B_TO_A	CORR_GREEDY	U	47	75	127	0	5	8	6971.883472574337	7570.157906711986
SIFT1M	RESIDUAL_NLIST1024	B_TO_A	CORR_GREEDY	U	47	75	127	1	3	8	11897.829022670645	12410.56207838659
SIFT1M	RESIDUAL_NLIST1024	B_TO_A	CORR_GREEDY	U	48	77	106	0	4	8	17985.72280320518	19574.516490098467
SIFT1M	RESIDUAL_NLIST1024	B_TO_A	CORR_GREEDY	U	48	77	106	1	4	8	8990.233664570951	9371.301008915067
SIFT1M	RESIDUAL_NLIST1024	B_TO_A	CORR_GREEDY	U	49	78	84	0	4	8	17353.743447041044	20643.49022468503
SIFT1M	RESIDUAL_NLIST1024	B_TO_A	CORR_GREEDY	U	49	78	84	1	4	8	15333.43045164193	17832.413863625457
SIFT1M	RESIDUAL_NLIST1024	B_TO_A	CORR_GREEDY	U	50	79	110	0	4	8	16090.990894347737	15759.76611956289
SIFT1M	RESIDUAL_NLIST1024	B_TO_A	CORR_GREEDY	U	50	79	110	1	4	8	8295.317253892052	8085.805500495704
SIFT1M	RESIDUAL_NLIST1024	B_TO_A	CORR_GREEDY	U	51	80	82	0	4	8	18672.083954018333	17433.981663810097
SIFT1M	RESIDUAL_NLIST1024	B_TO_A	CORR_GREEDY	U	51	80	82	1	4	8	15579.574326799262	17677.234009972843
SIFT1M	RESIDUAL_NLIST1024	B_TO_A	CORR_GREEDY	U	52	81	98	0	4	8	18587.82734351833	16028.293944023211
SIFT1M	RESIDUAL_NLIST1024	B_TO_A	CORR_GREEDY	U	52	81	98	1	4	8	12080.066217625099	12592.029731523991
SIFT1M	RESIDUAL_NLIST1024	B_TO_A	CORR_GREEDY	U	53	86	89	0	4	8	15230.586220992755	16174.057079471857
SIFT1M	RESIDUAL_NLIST1024	B_TO_A	CORR_GREEDY	U	53	86	89	1	4	8	14246.7606080323	15270.52025900156
SIFT1M	RESIDUAL_NLIST1024	B_TO_A	CORR_GREEDY	U	54	87	107	0	4	8	15914.593450345335	16849.62446887253
SIFT1M	RESIDUAL_NLIST1024	B_TO_A	CORR_GREEDY	U	54	87	107	1	4	8	10153.281154481389	10221.684468213574
SIFT1M	RESIDUAL_NLIST1024	B_TO_A	CORR_GREEDY	U	55	88	125	0	4	8	15608.50861463657	14913.33750611229
SIFT1M	RESIDUAL_NLIST1024	B_TO_A	CORR_GREEDY	U	55	88	125	1	4	8	4971.98137602378	5109.6552414873495
SIFT1M	RESIDUAL_NLIST1024	B_TO_A	CORR_GREEDY	U	56	92	108	0	4	8	13596.97574609309	13303.49291492248
SIFT1M	RESIDUAL_NLIST1024	B_TO_A	CORR_GREEDY	U	56	92	108	1	4	8	9505.685529235621	9928.372857062775
SIFT1M	RESIDUAL_NLIST1024	B_TO_A	CORR_GREEDY	U	57	93	100	0	4	8	13226.53245873925	13110.236197296257
SIFT1M	RESIDUAL_NLIST1024	B_TO_A	CORR_GREEDY	U	57	93	100	1	4	8	10737.593012282365	11069.820594142448
SIFT1M	RESIDUAL_NLIST1024	B_TO_A	CORR_GREEDY	U	58	94	116	0	4	8	12344.50564350732	13147.777174294148
SIFT1M	RESIDUAL_NLIST1024	B_TO_A	CORR_GREEDY	U	58	94	116	1	4	8	6780.1862410128415	6442.889089402015
SIFT1M	RESIDUAL_NLIST1024	B_TO_A	CORR_GREEDY	U	59	96	123	0	4	8	11878.356349323949	13849.635789976308
SIFT1M	RESIDUAL_NLIST1024	B_TO_A	CORR_GREEDY	U	59	96	123	1	4	8	5125.902257555738	5330.289888313411
SIFT1M	RESIDUAL_NLIST1024	B_TO_A	CORR_GREEDY	U	60	101	120	0	4	8	10098.704283154393	9978.038730745971
SIFT1M	RESIDUAL_NLIST1024	B_TO_A	CORR_GREEDY	U	60	101	120	1	4	8	5842.406560876972	6502.832037432821
SIFT1M	RESIDUAL_NLIST1024	B_TO_A	CORR_GREEDY	U	61	102	124	0	4	8	10589.90693921156	12490.28314295871
SIFT1M	RESIDUAL_NLIST1024	B_TO_A	CORR_GREEDY	U	61	102	124	1	4	8	5639.23626329597	5581.506417643392
SIFT1M	RESIDUAL_NLIST1024	B_TO_A	CORR_GREEDY	U	62	103	104	0	4	8	10812.732486053192	10208.487643437806
SIFT1M	RESIDUAL_NLIST1024	B_TO_A	CORR_GREEDY	U	62	103	104	1	4	8	9227.514365277553	12014.011350797598
SIFT1M	RESIDUAL_NLIST1024	B_TO_A	CORR_GREEDY	U	63	105	118	0	4	8	10278.825732313531	10431.37585023795
SIFT1M	RESIDUAL_NLIST1024	B_TO_A	CORR_GREEDY	U	63	105	118	1	4	8	6543.461553821995	6464.798369255127
SIFT1M	RESIDUAL_NLIST1024	B_TO_A	CORR_GREEDY	V	0	0	16	0	5	10	46104.998246137264	60821.41780882976
SIFT1M	RESIDUAL_NLIST1024	B_TO_A	CORR_GREEDY	V	0	0	16	1	5	10	28411.27261866793	51596.00350928809
SIFT1M	RESIDUAL_NLIST1024	B_TO_A	CORR_GREEDY	V	1	1	41	0	5	9	36879.84062039166	36203.97319214835
SIFT1M	RESIDUAL_NLIST1024	B_TO_A	CORR_GREEDY	V	1	1	41	1	4	9	43766.35718655928	42044.76172499014
SIFT1M	RESIDUAL_NLIST1024	B_TO_A	CORR_GREEDY	V	2	2	7	0	5	10	38201.37418450396	38589.70663047255
SIFT1M	RESIDUAL_NLIST1024	B_TO_A	CORR_GREEDY	V	2	2	7	1	5	10	27820.03712284603	35677.98876794702
SIFT1M	RESIDUAL_NLIST1024	B_TO_A	CORR_GREEDY	V	3	3	5	0	5	10	50600.56307977963	44572.48519883164
SIFT1M	RESIDUAL_NLIST1024	B_TO_A	CORR_GREEDY	V	3	3	5	1	5	10	37193.11715122718	39949.1994236015
SIFT1M	RESIDUAL_NLIST1024	B_TO_A	CORR_GREEDY	V	4	4	50	0	5	9	37820.02156765961	34504.273973675634
SIFT1M	RESIDUAL_NLIST1024	B_TO_A	CORR_GREEDY	V	4	4	50	1	4	9	34249.576025674934	35480.682521772134
SIFT1M	RESIDUAL_NLIST1024	B_TO_A	CORR_GREEDY	V	5	6	18	0	5	10	39573.80318834033	48217.84214411925
SIFT1M	RESIDUAL_NLIST1024	B_TO_A	CORR_GREEDY	V	5	6	18	1	5	10	26254.10568328059	38565.31935696177
SIFT1M	RESIDUAL_NLIST1024	B_TO_A	CORR_GREEDY	V	6	8	58	0	5	9	37602.49639626227	34912.78349216157
SIFT1M	RESIDUAL_NLIST1024	B_TO_A	CORR_GREEDY	V	6	8	58	1	4	9	29530.876978915956	29710.13034103332
SIFT1M	RESIDUAL_NLIST1024	B_TO_A	CORR_GREEDY	V	7	9	32	0	5	10	34888.820804484596	36911.60721492658
SIFT1M	RESIDUAL_NLIST1024	B_TO_A	CORR_GREEDY	V	7	9	32	1	5	10	20393.27332313932	24309.911859526757
SIFT1M	RESIDUAL_NLIST1024	B_TO_A	CORR_GREEDY	V	8	10	48	0	5	9	38619.29082611129	38571.31949298576
SIFT1M	RESIDUAL_NLIST1024	B_TO_A	CORR_GREEDY	V	8	10	48	1	4	9	37945.40511920925	38004.72142638832
SIFT1M	RESIDUAL_NLIST1024	B_TO_A	CORR_GREEDY	V	9	11	33	0	5	10	36113.35704579014	40550.80011656895
SIFT1M	RESIDUAL_NLIST1024	B_TO_A	CORR_GREEDY	V	9	11	33	1	5	10	21121.332188421944	24213.841569570366
SIFT1M	RESIDUAL_NLIST1024	B_TO_A	CORR_GREEDY	V	10	12	55	0	5	9	37693.53188676767	33828.37830799805
SIFT1M	RESIDUAL_NLIST1024	B_TO_A	CORR_GREEDY	V	10	12	55	1	4	9	28773.67788390153	29721.95289924596
SIFT1M	RESIDUAL_NLIST1024	B_TO_A	CORR_GREEDY	V	11	13	23	0	5	10	34945.34479685532	33438.21192027787
SIFT1M	RESIDUAL_NLIST1024	B_TO_A	CORR_GREEDY	V	11	13	23	1	5	10	27470.398042945882	25615.857366660028
SIFT1M	RESIDUAL_NLIST1024	B_TO_A	CORR_GREEDY	V	12	14	21	0	5	10	32343.121011507104	35076.631862026945
SIFT1M	RESIDUAL_NLIST1024	B_TO_A	CORR_GREEDY	V	12	14	21	1	5	10	31131.239314958628	41123.18265235045
SIFT1M	RESIDUAL_NLIST1024	B_TO_A	CORR_GREEDY	V	13	15	45	0	5	9	27245.68931727635	25573.132538069127
SIFT1M	RESIDUAL_NLIST1024	B_TO_A	CORR_GREEDY	V	13	15	45	1	4	9	38817.42710535838	40823.40840081353
SIFT1M	RESIDUAL_NLIST1024	B_TO_A	CORR_GREEDY	V	14	17	34	0	5	9	32850.622343178635	41901.93555630897
SIFT1M	RESIDUAL_NLIST1024	B_TO_A	CORR_GREEDY	V	14	17	34	1	4	9	52444.94382743222	51067.632278132296
SIFT1M	RESIDUAL_NLIST1024	B_TO_A	CORR_GREEDY	V	15	19	20	0	5	10	32613.948634885386	32912.44777352151
SIFT1M	RESIDUAL_NLIST1024	B_TO_A	CORR_GREEDY	V	15	19	20	1	5	10	27462.992800355292	28527.80429076699
SIFT1M	RESIDUAL_NLIST1024	B_TO_A	CORR_GREEDY	V	16	22	44	0	5	9	31763.555782161937	32066.95528726683
SIFT1M	RESIDUAL_NLIST1024	B_TO_A	CORR_GREEDY	V	16	22	44	1	4	9	39489.57087585025	42271.62687310448
SIFT1M	RESIDUAL_NLIST1024	B_TO_A	CORR_GREEDY	V	17	24	61	0	5	9	26928.043317661883	28246.59980336381
SIFT1M	RESIDUAL_NLIST1024	B_TO_A	CORR_GREEDY	V	17	24	61	1	4	9	26999.396262039656	31061.762408514223
SIFT1M	RESIDUAL_NLIST1024	B_TO_A	CORR_GREEDY	V	18	25	29	0	5	10	23835.950260247588	25268.320076239143
SIFT1M	RESIDUAL_NLIST1024	B_TO_A	CORR_GREEDY	V	18	25	29	1	5	10	21795.91065308538	25168.250151199387
SIFT1M	RESIDUAL_NLIST1024	B_TO_A	CORR_GREEDY	V	19	26	109	0	5	8	25494.66947497657	25328.089977397893
SIFT1M	RESIDUAL_NLIST1024	B_TO_A	CORR_GREEDY	V	19	26	109	1	3	8	28166.03352337073	30444.551723744447
SIFT1M	RESIDUAL_NLIST1024	B_TO_A	CORR_GREEDY	V	20	27	97	0	5	8	28291.532052364157	27785.299306027006
SIFT1M	RESIDUAL_NLIST1024	B_TO_A	CORR_GREEDY	V	20	27	97	1	3	8	41169.19804082544	41804.190563994336
SIFT1M	RESIDUAL_NLIST1024	B_TO_A	CORR_GREEDY	V	21	28	30	0	5	10	30548.965760972733	30238.275984586868
SIFT1M	RESIDUAL_NLIST1024	B_TO_A	CORR_GREEDY	V	21	28	30	1	5	10	19854.36874171118	19847.527693484742
SIFT1M	RESIDUAL_NLIST1024	B_TO_A	CORR_GREEDY	V	22	31	35	0	5	10	27119.833542156906	23516.13286511854
SIFT1M	RESIDUAL_NLIST1024	B_TO_A	CORR_GREEDY	V	22	31	35	1	5	10	25279.285008612256	27420.29524366445
SIFT1M	RESIDUAL_NLIST1024	B_TO_A	CORR_GREEDY	V	23	36	67	0	4	8	47410.725711329615	53196.37511519907
SIFT1M	RESIDUAL_NLIST1024	B_TO_A	CORR_GREEDY	V	23	36	67	1	4	8	22961.25059904565	22413.569506346335
SIFT1M	RESIDUAL_NLIST1024	B_TO_A	CORR_GREEDY	V	24	37	83	0	4	8	50818.07694724316	48607.05933044429
SIFT1M	RESIDUAL_NLIST1024	B_TO_A	CORR_GREEDY	V	24	37	83	1	4	8	15652.79126507428	15595.59582984176
SIFT1M	RESIDUAL_NLIST1024	B_TO_A	CORR_GREEDY	V	25	38	64	0	5	9	19396.34234350725	19647.13093506154
SIFT1M	RESIDUAL_NLIST1024	B_TO_A	CORR_GREEDY	V	25	38	64	1	4	9	26426.04164930254	25272.793879408444
SIFT1M	RESIDUAL_NLIST1024	B_TO_A	CORR_GREEDY	V	26	39	40	0	4	8	48208.00433048861	45207.861432639176
SIFT1M	RESIDUAL_NLIST1024	B_TO_A	CORR_GREEDY	V	26	39	40	1	4	8	43552.490943119265	48920.02910908918
SIFT1M	RESIDUAL_NLIST1024	B_TO_A	CORR_GREEDY	V	27	42	111	0	4	7	45112.5419828762	43975.905078835196
SIFT1M	RESIDUAL_NLIST1024	B_TO_A	CORR_GREEDY	V	27	42	111	1	3	7	25750.632771662677	26581.303536352436
SIFT1M	RESIDUAL_NLIST1024	B_TO_A	CORR_GREEDY	V	28	43	91	0	4	8	43717.80152784876	51716.10120657651
SIFT1M	RESIDUAL_NLIST1024	B_TO_A	CORR_GREEDY	V	28	43	91	1	4	8	12505.776017066804	13510.48690550946
SIFT1M	RESIDUAL_NLIST1024	B_TO_A	CORR_GREEDY	V	29	46	121	0	4	7	40315.138050643596	44606.35742244836
SIFT1M	RESIDUAL_NLIST1024	B_TO_A	CORR_GREEDY	V	29	46	121	1	3	7	17843.227320184662	19133.609622386808
SIFT1M	RESIDUAL_NLIST1024	B_TO_A	CORR_GREEDY	V	30	47	60	0	4	8	35757.42811395004	44039.15234276561
SIFT1M	RESIDUAL_NLIST1024	B_TO_A	CORR_GREEDY	V	30	47	60	1	4	8	26905.29231509874	27490.291294022216
SIFT1M	RESIDUAL_NLIST1024	B_TO_A	CORR_GREEDY	V	31	49	126	0	4	7	34610.469440725086	36209.06411689581
SIFT1M	RESIDUAL_NLIST1024	B_TO_A	CORR_GREEDY	V	31	49	126	1	3	7	13561.070286351005	14043.09775900892
SIFT1M	RESIDUAL_NLIST1024	B_TO_A	CORR_GREEDY	V	32	51	115	0	4	7	36424.880054074776	34938.913919617546
SIFT1M	RESIDUAL_NLIST1024	B_TO_A	CORR_GREEDY	V	32	51	115	1	3	7	23506.889084756414	22885.55642293395
SIFT1M	RESIDUAL_NLIST1024	B_TO_A	CORR_GREEDY	V	33	52	112	0	4	7	35156.38628602214	37450.88173376573
SIFT1M	RESIDUAL_NLIST1024	B_TO_A	CORR_GREEDY	V	33	52	112	1	3	7	25666.10784414271	25998.523738683372
SIFT1M	RESIDUAL_NLIST1024	B_TO_A	CORR_GREEDY	V	34	53	70	0	4	8	32394.884521159303	32960.95054060742
SIFT1M	RESIDUAL_NLIST1024	B_TO_A	CORR_GREEDY	V	34	53	70	1	4	8	19623.84208123769	21195.417758009702
SIFT1M	RESIDUAL_NLIST1024	B_TO_A	CORR_GREEDY	V	35	54	59	0	4	8	31559.946902459058	31383.114124354823
SIFT1M	RESIDUAL_NLIST1024	B_TO_A	CORR_GREEDY	V	35	54	59	1	4	8	24986.345056919727	26301.780030699043
SIFT1M	RESIDUAL_NLIST1024	B_TO_A	CORR_GREEDY	V	36	56	119	0	4	7	29587.43934424629	32546.653449975936
SIFT1M	RESIDUAL_NLIST1024	B_TO_A	CORR_GREEDY	V	36	56	119	1	3	7	22140.431854721734	22004.283793151546
SIFT1M	RESIDUAL_NLIST1024	B_TO_A	CORR_GREEDY	V	37	57	117	0	4	7	28988.658127959294	33457.794983153224
SIFT1M	RESIDUAL_NLIST1024	B_TO_A	CORR_GREEDY	V	37	57	117	1	3	7	22216.28223296723	22375.899325406324
SIFT1M	RESIDUAL_NLIST1024	B_TO_A	CORR_GREEDY	V	38	62	90	0	4	8	28110.645534087682	27870.884060444798
SIFT1M	RESIDUAL_NLIST1024	B_TO_A	CORR_GREEDY	V	38	62	90	1	4	8	12717.939744311207	14812.897368628739
SIFT1M	RESIDUAL_NLIST1024	B_TO_A	CORR_GREEDY	V	39	63	76	0	4	8	27308.513222480018	25259.979487505803
SIFT1M	RESIDUAL_NLIST1024	B_TO_A	CORR_GREEDY	V	39	63	76	1	4	8	18877.093630797444	19747.745956245395
SIFT1M	RESIDUAL_NLIST1024	B_TO_A	CORR_GREEDY	V	40	65	73	0	4	8	27205.86764125403	24216.541321426528
SIFT1M	RESIDUAL_NLIST1024	B_TO_A	CORR_GREEDY	V	40	65	73	1	4	8	20361.18301026901	22118.465309966396
SIFT1M	RESIDUAL_NLIST1024	B_TO_A	CORR_GREEDY	V	41	66	113	0	4	7	23385.99808174571	28917.248219575667
SIFT1M	RESIDUAL_NLIST1024	B_TO_A	CORR_GREEDY	V	41	66	113	1	3	7	25450.629086222092	25936.293855020376
SIFT1M	RESIDUAL_NLIST1024	B_TO_A	CORR_GREEDY	V	42	68	95	0	4	7	25267.450909916603	21227.968625913647
SIFT1M	RESIDUAL_NLIST1024	B_TO_A	CORR_GREEDY	V	42	68	95	1	3	7	40008.73792208954	40885.13110085144
SIFT1M	RESIDUAL_NLIST1024	B_TO_A	CORR_GREEDY	V	43	69	114	0	4	7	19216.132640820942	20229.634498869716
SIFT1M	RESIDUAL_NLIST1024	B_TO_A	CORR_GREEDY	V	43	69	114	1	3	7	25444.30127424351	25233.197311218682
SIFT1M	RESIDUAL_NLIST1024	B_TO_A	CORR_GREEDY	V	44	71	85	0	4	8	21504.799060624242	21968.563269164228
SIFT1M	RESIDUAL_NLIST1024	B_TO_A	CORR_GREEDY	V	44	71	85	1	4	8	17420.439719435577	15436.879016364188
SIFT1M	RESIDUAL_NLIST1024	B_TO_A	CORR_GREEDY	V	45	72	99	0	4	7	19543.124213131054	19761.30769555079
SIFT1M	RESIDUAL_NLIST1024	B_TO_A	CORR_GREEDY	V	45	72	99	1	3	7	36757.60161972583	40771.414476474834
SIFT1M	RESIDUAL_NLIST1024	B_TO_A	CORR_GREEDY	V	46	74	122	0	4	7	19956.840240707286	20028.860328775816
SIFT1M	RESIDUAL_NLIST1024	B_TO_A	CORR_GREEDY	V	46	74	122	1	3	7	17574.764702990396	18676.119609415786
SIFT1M	RESIDUAL_NLIST1024	B_TO_A	CORR_GREEDY	V	47	75	127	0	4	6	19110.23760828191	18931.322074463693
SIFT1M	RESIDUAL_NLIST1024	B_TO_A	CORR_GREEDY	V	47	75	127	1	2	6	40510.46375068526	39760.47034597282
SIFT1M	RESIDUAL_NLIST1024	B_TO_A	CORR_GREEDY	V	48	77	106	0	4	7	17985.72280320518	19574.516490098467
SIFT1M	RESIDUAL_NLIST1024	B_TO_A	CORR_GREEDY	V	48	77	106	1	3	7	30350.315638260137	31744.758407067406
SIFT1M	RESIDUAL_NLIST1024	B_TO_A	CORR_GREEDY	V	49	78	84	0	4	8	17353.743447041044	20643.49022468503
SIFT1M	RESIDUAL_NLIST1024	B_TO_A	CORR_GREEDY	V	49	78	84	1	4	8	15333.43045164193	17832.413863625457
SIFT1M	RESIDUAL_NLIST1024	B_TO_A	CORR_GREEDY	V	50	79	110	0	4	7	16090.990894347737	15759.76611956289
SIFT1M	RESIDUAL_NLIST1024	B_TO_A	CORR_GREEDY	V	50	79	110	1	3	7	28741.74857471068	26714.698262839825
SIFT1M	RESIDUAL_NLIST1024	B_TO_A	CORR_GREEDY	V	51	80	82	0	4	8	18672.083954018333	17433.981663810097
SIFT1M	RESIDUAL_NLIST1024	B_TO_A	CORR_GREEDY	V	51	80	82	1	4	8	15579.574326799262	17677.234009972843
SIFT1M	RESIDUAL_NLIST1024	B_TO_A	CORR_GREEDY	V	52	81	98	0	4	7	18587.82734351833	16028.293944023211
SIFT1M	RESIDUAL_NLIST1024	B_TO_A	CORR_GREEDY	V	52	81	98	1	3	7	39433.213367886885	41401.90271005736
SIFT1M	RESIDUAL_NLIST1024	B_TO_A	CORR_GREEDY	V	53	86	89	0	4	8	15230.586220992755	16174.057079471857
SIFT1M	RESIDUAL_NLIST1024	B_TO_A	CORR_GREEDY	V	53	86	89	1	4	8	14246.7606080323	15270.52025900156
SIFT1M	RESIDUAL_NLIST1024	B_TO_A	CORR_GREEDY	V	54	87	107	0	4	7	15914.593450345335	16849.62446887253
SIFT1M	RESIDUAL_NLIST1024	B_TO_A	CORR_GREEDY	V	54	87	107	1	3	7	33036.50508520714	33530.76121475752
SIFT1M	RESIDUAL_NLIST1024	B_TO_A	CORR_GREEDY	V	55	88	125	0	4	7	15608.50861463657	14913.33750611229
SIFT1M	RESIDUAL_NLIST1024	B_TO_A	CORR_GREEDY	V	55	88	125	1	3	7	16580.49959321141	16571.267825652227
SIFT1M	RESIDUAL_NLIST1024	B_TO_A	CORR_GREEDY	V	56	92	108	0	4	7	13596.97574609309	13303.49291492248
SIFT1M	RESIDUAL_NLIST1024	B_TO_A	CORR_GREEDY	V	56	92	108	1	3	7	30874.038457238974	30991.97576227213
SIFT1M	RESIDUAL_NLIST1024	B_TO_A	CORR_GREEDY	V	57	93	100	0	3	6	41671.97293221853	41309.96876661329
SIFT1M	RESIDUAL_NLIST1024	B_TO_A	CORR_GREEDY	V	57	93	100	1	3	6	35279.796618226756	35872.51973300116
SIFT1M	RESIDUAL_NLIST1024	B_TO_A	CORR_GREEDY	V	58	94	116	0	3	6	42945.302324148266	42789.27762845876
SIFT1M	RESIDUAL_NLIST1024	B_TO_A	CORR_GREEDY	V	58	94	116	1	3	6	21939.606726317477	21197.168086151676
SIFT1M	RESIDUAL_NLIST1024	B_TO_A	CORR_GREEDY	V	59	96	123	0	3	6	39386.55373995197	41713.8803681341
SIFT1M	RESIDUAL_NLIST1024	B_TO_A	CORR_GREEDY	V	59	96	123	1	3	6	16609.090373369007	16986.955512572466
SIFT1M	RESIDUAL_NLIST1024	B_TO_A	CORR_GREEDY	V	60	101	120	0	3	6	34886.112018579755	34410.90885263457
SIFT1M	RESIDUAL_NLIST1024	B_TO_A	CORR_GREEDY	V	60	101	120	1	3	6	18591.174681316475	19484.14105191564
SIFT1M	RESIDUAL_NLIST1024	B_TO_A	CORR_GREEDY	V	61	102	124	0	3	6	35289.52348287418	38441.10189831412
SIFT1M	RESIDUAL_NLIST1024	B_TO_A	CORR_GREEDY	V	61	102	124	1	3	6	17866.172519111	18222.687937698392
SIFT1M	RESIDUAL_NLIST1024	B_TO_A	CORR_GREEDY	V	62	103	104	0	3	6	35686.64745728267	34513.809353571836
SIFT1M	RESIDUAL_NLIST1024	B_TO_A	CORR_GREEDY	V	62	103	104	1	3	6	31047.173006403667	37207.99390085064
SIFT1M	RESIDUAL_NLIST1024	B_TO_A	CORR_GREEDY	V	63	105	118	0	3	6	33191.99088909489	35568.93266417748
SIFT1M	RESIDUAL_NLIST1024	B_TO_A	CORR_GREEDY	V	63	105	118	1	3	6	21019.285653206844	21771.633000694048
SIFT1M	RESIDUAL_NLIST1024	B_TO_A	CORR_GREEDY	E	0	0	16	0	5	10	46104.998246137264	60821.41780882976
SIFT1M	RESIDUAL_NLIST1024	B_TO_A	CORR_GREEDY	E	0	0	16	1	5	10	28411.27261866793	51596.00350928809
SIFT1M	RESIDUAL_NLIST1024	B_TO_A	CORR_GREEDY	E	1	1	41	0	5	9	36879.84062039166	36203.97319214835
SIFT1M	RESIDUAL_NLIST1024	B_TO_A	CORR_GREEDY	E	1	1	41	1	4	9	43766.35718655928	42044.76172499014
SIFT1M	RESIDUAL_NLIST1024	B_TO_A	CORR_GREEDY	E	2	2	7	0	5	10	38201.37418450396	38589.70663047255
SIFT1M	RESIDUAL_NLIST1024	B_TO_A	CORR_GREEDY	E	2	2	7	1	5	10	27820.03712284603	35677.98876794702
SIFT1M	RESIDUAL_NLIST1024	B_TO_A	CORR_GREEDY	E	3	3	5	0	5	10	50600.56307977963	44572.48519883164
SIFT1M	RESIDUAL_NLIST1024	B_TO_A	CORR_GREEDY	E	3	3	5	1	5	10	37193.11715122718	39949.1994236015
SIFT1M	RESIDUAL_NLIST1024	B_TO_A	CORR_GREEDY	E	4	4	50	0	5	9	37820.02156765961	34504.273973675634
SIFT1M	RESIDUAL_NLIST1024	B_TO_A	CORR_GREEDY	E	4	4	50	1	4	9	34249.576025674934	35480.682521772134
SIFT1M	RESIDUAL_NLIST1024	B_TO_A	CORR_GREEDY	E	5	6	18	0	5	10	39573.80318834033	48217.84214411925
SIFT1M	RESIDUAL_NLIST1024	B_TO_A	CORR_GREEDY	E	5	6	18	1	5	10	26254.10568328059	38565.31935696177
SIFT1M	RESIDUAL_NLIST1024	B_TO_A	CORR_GREEDY	E	6	8	58	0	5	9	37602.49639626227	34912.78349216157
SIFT1M	RESIDUAL_NLIST1024	B_TO_A	CORR_GREEDY	E	6	8	58	1	4	9	29530.876978915956	29710.13034103332
SIFT1M	RESIDUAL_NLIST1024	B_TO_A	CORR_GREEDY	E	7	9	32	0	5	10	34888.820804484596	36911.60721492658
SIFT1M	RESIDUAL_NLIST1024	B_TO_A	CORR_GREEDY	E	7	9	32	1	5	10	20393.27332313932	24309.911859526757
SIFT1M	RESIDUAL_NLIST1024	B_TO_A	CORR_GREEDY	E	8	10	48	0	5	9	38619.29082611129	38571.31949298576
SIFT1M	RESIDUAL_NLIST1024	B_TO_A	CORR_GREEDY	E	8	10	48	1	4	9	37945.40511920925	38004.72142638832
SIFT1M	RESIDUAL_NLIST1024	B_TO_A	CORR_GREEDY	E	9	11	33	0	5	10	36113.35704579014	40550.80011656895
SIFT1M	RESIDUAL_NLIST1024	B_TO_A	CORR_GREEDY	E	9	11	33	1	5	10	21121.332188421944	24213.841569570366
SIFT1M	RESIDUAL_NLIST1024	B_TO_A	CORR_GREEDY	E	10	12	55	0	5	9	37693.53188676767	33828.37830799805
SIFT1M	RESIDUAL_NLIST1024	B_TO_A	CORR_GREEDY	E	10	12	55	1	4	9	28773.67788390153	29721.95289924596
SIFT1M	RESIDUAL_NLIST1024	B_TO_A	CORR_GREEDY	E	11	13	23	0	5	10	34945.34479685532	33438.21192027787
SIFT1M	RESIDUAL_NLIST1024	B_TO_A	CORR_GREEDY	E	11	13	23	1	5	10	27470.398042945882	25615.857366660028
SIFT1M	RESIDUAL_NLIST1024	B_TO_A	CORR_GREEDY	E	12	14	21	0	5	10	32343.121011507104	35076.631862026945
SIFT1M	RESIDUAL_NLIST1024	B_TO_A	CORR_GREEDY	E	12	14	21	1	5	10	31131.239314958628	41123.18265235045
SIFT1M	RESIDUAL_NLIST1024	B_TO_A	CORR_GREEDY	E	13	15	45	0	5	9	27245.68931727635	25573.132538069127
SIFT1M	RESIDUAL_NLIST1024	B_TO_A	CORR_GREEDY	E	13	15	45	1	4	9	38817.42710535838	40823.40840081353
SIFT1M	RESIDUAL_NLIST1024	B_TO_A	CORR_GREEDY	E	14	17	34	0	5	10	32850.622343178635	41901.93555630897
SIFT1M	RESIDUAL_NLIST1024	B_TO_A	CORR_GREEDY	E	14	17	34	1	5	10	19351.3771215898	19369.298003593372
SIFT1M	RESIDUAL_NLIST1024	B_TO_A	CORR_GREEDY	E	15	19	20	0	5	10	32613.948634885386	32912.44777352151
SIFT1M	RESIDUAL_NLIST1024	B_TO_A	CORR_GREEDY	E	15	19	20	1	5	10	27462.992800355292	28527.80429076699
SIFT1M	RESIDUAL_NLIST1024	B_TO_A	CORR_GREEDY	E	16	22	44	0	5	9	31763.555782161937	32066.95528726683
SIFT1M	RESIDUAL_NLIST1024	B_TO_A	CORR_GREEDY	E	16	22	44	1	4	9	39489.57087585025	42271.62687310448
SIFT1M	RESIDUAL_NLIST1024	B_TO_A	CORR_GREEDY	E	17	24	61	0	5	9	26928.043317661883	28246.59980336381
SIFT1M	RESIDUAL_NLIST1024	B_TO_A	CORR_GREEDY	E	17	24	61	1	4	9	26999.396262039656	31061.762408514223
SIFT1M	RESIDUAL_NLIST1024	B_TO_A	CORR_GREEDY	E	18	25	29	0	5	10	23835.950260247588	25268.320076239143
SIFT1M	RESIDUAL_NLIST1024	B_TO_A	CORR_GREEDY	E	18	25	29	1	5	10	21795.91065308538	25168.250151199387
SIFT1M	RESIDUAL_NLIST1024	B_TO_A	CORR_GREEDY	E	19	26	109	0	5	8	25494.66947497657	25328.089977397893
SIFT1M	RESIDUAL_NLIST1024	B_TO_A	CORR_GREEDY	E	19	26	109	1	3	8	28166.03352337073	30444.551723744447
SIFT1M	RESIDUAL_NLIST1024	B_TO_A	CORR_GREEDY	E	20	27	97	0	5	8	28291.532052364157	27785.299306027006
SIFT1M	RESIDUAL_NLIST1024	B_TO_A	CORR_GREEDY	E	20	27	97	1	3	8	41169.19804082544	41804.190563994336
SIFT1M	RESIDUAL_NLIST1024	B_TO_A	CORR_GREEDY	E	21	28	30	0	5	10	30548.965760972733	30238.275984586868
SIFT1M	RESIDUAL_NLIST1024	B_TO_A	CORR_GREEDY	E	21	28	30	1	5	10	19854.36874171118	19847.527693484742
SIFT1M	RESIDUAL_NLIST1024	B_TO_A	CORR_GREEDY	E	22	31	35	0	5	10	27119.833542156906	23516.13286511854
SIFT1M	RESIDUAL_NLIST1024	B_TO_A	CORR_GREEDY	E	22	31	35	1	5	10	25279.285008612256	27420.29524366445
SIFT1M	RESIDUAL_NLIST1024	B_TO_A	CORR_GREEDY	E	23	36	67	0	5	9	16653.695702372886	20813.674020656123
SIFT1M	RESIDUAL_NLIST1024	B_TO_A	CORR_GREEDY	E	23	36	67	1	4	9	22961.25059904565	22413.569506346335
SIFT1M	RESIDUAL_NLIST1024	B_TO_A	CORR_GREEDY	E	24	37	83	0	5	9	19053.468472881374	20110.854328469166
SIFT1M	RESIDUAL_NLIST1024	B_TO_A	CORR_GREEDY	E	24	37	83	1	4	9	15652.79126507428	15595.59582984176
SIFT1M	RESIDUAL_NLIST1024	B_TO_A	CORR_GREEDY	E	25	38	64	0	5	9	19396.34234350725	19647.13093506154
SIFT1M	RESIDUAL_NLIST1024	B_TO_A	CORR_GREEDY	E	25	38	64	1	4	9	26426.04164930254	25272.793879408444
SIFT1M	RESIDUAL_NLIST1024	B_TO_A	CORR_GREEDY	E	26	39	40	0	4	8	48208.00433048861	45207.861432639176
SIFT1M	RESIDUAL_NLIST1024	B_TO_A	CORR_GREEDY	E	26	39	40	1	4	8	43552.490943119265	48920.02910908918
SIFT1M	RESIDUAL_NLIST1024	B_TO_A	CORR_GREEDY	E	27	42	111	0	4	7	45112.5419828762	43975.905078835196
SIFT1M	RESIDUAL_NLIST1024	B_TO_A	CORR_GREEDY	E	27	42	111	1	3	7	25750.632771662677	26581.303536352436
SIFT1M	RESIDUAL_NLIST1024	B_TO_A	CORR_GREEDY	E	28	43	91	0	4	7	43717.80152784876	51716.10120657651
SIFT1M	RESIDUAL_NLIST1024	B_TO_A	CORR_GREEDY	E	28	43	91	1	3	7	41974.07669003183	43403.53707456545
SIFT1M	RESIDUAL_NLIST1024	B_TO_A	CORR_GREEDY	E	29	46	121	0	4	7	40315.138050643596	44606.35742244836
SIFT1M	RESIDUAL_NLIST1024	B_TO_A	CORR_GREEDY	E	29	46	121	1	3	7	17843.227320184662	19133.609622386808
SIFT1M	RESIDUAL_NLIST1024	B_TO_A	CORR_GREEDY	E	30	47	60	0	4	8	35757.42811395004	44039.15234276561
SIFT1M	RESIDUAL_NLIST1024	B_TO_A	CORR_GREEDY	E	30	47	60	1	4	8	26905.29231509874	27490.291294022216
SIFT1M	RESIDUAL_NLIST1024	B_TO_A	CORR_GREEDY	E	31	49	126	0	4	7	34610.469440725086	36209.06411689581
SIFT1M	RESIDUAL_NLIST1024	B_TO_A	CORR_GREEDY	E	31	49	126	1	3	7	13561.070286351005	14043.09775900892
SIFT1M	RESIDUAL_NLIST1024	B_TO_A	CORR_GREEDY	E	32	51	115	0	4	7	36424.880054074776	34938.913919617546
SIFT1M	RESIDUAL_NLIST1024	B_TO_A	CORR_GREEDY	E	32	51	115	1	3	7	23506.889084756414	22885.55642293395
SIFT1M	RESIDUAL_NLIST1024	B_TO_A	CORR_GREEDY	E	33	52	112	0	4	7	35156.38628602214	37450.88173376573
SIFT1M	RESIDUAL_NLIST1024	B_TO_A	CORR_GREEDY	E	33	52	112	1	3	7	25666.10784414271	25998.523738683372
SIFT1M	RESIDUAL_NLIST1024	B_TO_A	CORR_GREEDY	E	34	53	70	0	4	8	32394.884521159303	32960.95054060742
SIFT1M	RESIDUAL_NLIST1024	B_TO_A	CORR_GREEDY	E	34	53	70	1	4	8	19623.84208123769	21195.417758009702
SIFT1M	RESIDUAL_NLIST1024	B_TO_A	CORR_GREEDY	E	35	54	59	0	4	8	31559.946902459058	31383.114124354823
SIFT1M	RESIDUAL_NLIST1024	B_TO_A	CORR_GREEDY	E	35	54	59	1	4	8	24986.345056919727	26301.780030699043
SIFT1M	RESIDUAL_NLIST1024	B_TO_A	CORR_GREEDY	E	36	56	119	0	4	7	29587.43934424629	32546.653449975936
SIFT1M	RESIDUAL_NLIST1024	B_TO_A	CORR_GREEDY	E	36	56	119	1	3	7	22140.431854721734	22004.283793151546
SIFT1M	RESIDUAL_NLIST1024	B_TO_A	CORR_GREEDY	E	37	57	117	0	4	7	28988.658127959294	33457.794983153224
SIFT1M	RESIDUAL_NLIST1024	B_TO_A	CORR_GREEDY	E	37	57	117	1	3	7	22216.28223296723	22375.899325406324
SIFT1M	RESIDUAL_NLIST1024	B_TO_A	CORR_GREEDY	E	38	62	90	0	4	7	28110.645534087682	27870.884060444798
SIFT1M	RESIDUAL_NLIST1024	B_TO_A	CORR_GREEDY	E	38	62	90	1	3	7	43277.85180684052	45956.07393187863
SIFT1M	RESIDUAL_NLIST1024	B_TO_A	CORR_GREEDY	E	39	63	76	0	4	8	27308.513222480018	25259.979487505803
SIFT1M	RESIDUAL_NLIST1024	B_TO_A	CORR_GREEDY	E	39	63	76	1	4	8	18877.093630797444	19747.745956245395
SIFT1M	RESIDUAL_NLIST1024	B_TO_A	CORR_GREEDY	E	40	65	73	0	4	8	27205.86764125403	24216.541321426528
SIFT1M	RESIDUAL_NLIST1024	B_TO_A	CORR_GREEDY	E	40	65	73	1	4	8	20361.18301026901	22118.465309966396
SIFT1M	RESIDUAL_NLIST1024	B_TO_A	CORR_GREEDY	E	41	66	113	0	4	7	23385.99808174571	28917.248219575667
SIFT1M	RESIDUAL_NLIST1024	B_TO_A	CORR_GREEDY	E	41	66	113	1	3	7	25450.629086222092	25936.293855020376
SIFT1M	RESIDUAL_NLIST1024	B_TO_A	CORR_GREEDY	E	42	68	95	0	4	7	25267.450909916603	21227.968625913647
SIFT1M	RESIDUAL_NLIST1024	B_TO_A	CORR_GREEDY	E	42	68	95	1	3	7	40008.73792208954	40885.13110085144
SIFT1M	RESIDUAL_NLIST1024	B_TO_A	CORR_GREEDY	E	43	69	114	0	4	7	19216.132640820942	20229.634498869716
SIFT1M	RESIDUAL_NLIST1024	B_TO_A	CORR_GREEDY	E	43	69	114	1	3	7	25444.30127424351	25233.197311218682
SIFT1M	RESIDUAL_NLIST1024	B_TO_A	CORR_GREEDY	E	44	71	85	0	4	8	21504.799060624242	21968.563269164228
SIFT1M	RESIDUAL_NLIST1024	B_TO_A	CORR_GREEDY	E	44	71	85	1	4	8	17420.439719435577	15436.879016364188
SIFT1M	RESIDUAL_NLIST1024	B_TO_A	CORR_GREEDY	E	45	72	99	0	4	7	19543.124213131054	19761.30769555079
SIFT1M	RESIDUAL_NLIST1024	B_TO_A	CORR_GREEDY	E	45	72	99	1	3	7	36757.60161972583	40771.414476474834
SIFT1M	RESIDUAL_NLIST1024	B_TO_A	CORR_GREEDY	E	46	74	122	0	4	7	19956.840240707286	20028.860328775816
SIFT1M	RESIDUAL_NLIST1024	B_TO_A	CORR_GREEDY	E	46	74	122	1	3	7	17574.764702990396	18676.119609415786
SIFT1M	RESIDUAL_NLIST1024	B_TO_A	CORR_GREEDY	E	47	75	127	0	4	6	19110.23760828191	18931.322074463693
SIFT1M	RESIDUAL_NLIST1024	B_TO_A	CORR_GREEDY	E	47	75	127	1	2	6	40510.46375068526	39760.47034597282
SIFT1M	RESIDUAL_NLIST1024	B_TO_A	CORR_GREEDY	E	48	77	106	0	4	7	17985.72280320518	19574.516490098467
SIFT1M	RESIDUAL_NLIST1024	B_TO_A	CORR_GREEDY	E	48	77	106	1	3	7	30350.315638260137	31744.758407067406
SIFT1M	RESIDUAL_NLIST1024	B_TO_A	CORR_GREEDY	E	49	78	84	0	4	8	17353.743447041044	20643.49022468503
SIFT1M	RESIDUAL_NLIST1024	B_TO_A	CORR_GREEDY	E	49	78	84	1	4	8	15333.43045164193	17832.413863625457
SIFT1M	RESIDUAL_NLIST1024	B_TO_A	CORR_GREEDY	E	50	79	110	0	4	7	16090.990894347737	15759.76611956289
SIFT1M	RESIDUAL_NLIST1024	B_TO_A	CORR_GREEDY	E	50	79	110	1	3	7	28741.74857471068	26714.698262839825
SIFT1M	RESIDUAL_NLIST1024	B_TO_A	CORR_GREEDY	E	51	80	82	0	4	8	18672.083954018333	17433.981663810097
SIFT1M	RESIDUAL_NLIST1024	B_TO_A	CORR_GREEDY	E	51	80	82	1	4	8	15579.574326799262	17677.234009972843
SIFT1M	RESIDUAL_NLIST1024	B_TO_A	CORR_GREEDY	E	52	81	98	0	4	7	18587.82734351833	16028.293944023211
SIFT1M	RESIDUAL_NLIST1024	B_TO_A	CORR_GREEDY	E	52	81	98	1	3	7	39433.213367886885	41401.90271005736
SIFT1M	RESIDUAL_NLIST1024	B_TO_A	CORR_GREEDY	E	53	86	89	0	4	8	15230.586220992755	16174.057079471857
SIFT1M	RESIDUAL_NLIST1024	B_TO_A	CORR_GREEDY	E	53	86	89	1	4	8	14246.7606080323	15270.52025900156
SIFT1M	RESIDUAL_NLIST1024	B_TO_A	CORR_GREEDY	E	54	87	107	0	4	7	15914.593450345335	16849.62446887253
SIFT1M	RESIDUAL_NLIST1024	B_TO_A	CORR_GREEDY	E	54	87	107	1	3	7	33036.50508520714	33530.76121475752
SIFT1M	RESIDUAL_NLIST1024	B_TO_A	CORR_GREEDY	E	55	88	125	0	4	7	15608.50861463657	14913.33750611229
SIFT1M	RESIDUAL_NLIST1024	B_TO_A	CORR_GREEDY	E	55	88	125	1	3	7	16580.49959321141	16571.267825652227
SIFT1M	RESIDUAL_NLIST1024	B_TO_A	CORR_GREEDY	E	56	92	108	0	3	6	43039.42928039647	42998.053238233195
SIFT1M	RESIDUAL_NLIST1024	B_TO_A	CORR_GREEDY	E	56	92	108	1	3	6	30874.038457238974	30991.97576227213
SIFT1M	RESIDUAL_NLIST1024	B_TO_A	CORR_GREEDY	E	57	93	100	0	3	6	41671.97293221853	41309.96876661329
SIFT1M	RESIDUAL_NLIST1024	B_TO_A	CORR_GREEDY	E	57	93	100	1	3	6	35279.796618226756	35872.51973300116
SIFT1M	RESIDUAL_NLIST1024	B_TO_A	CORR_GREEDY	E	58	94	116	0	3	6	42945.302324148266	42789.27762845876
SIFT1M	RESIDUAL_NLIST1024	B_TO_A	CORR_GREEDY	E	58	94	116	1	3	6	21939.606726317477	21197.168086151676
SIFT1M	RESIDUAL_NLIST1024	B_TO_A	CORR_GREEDY	E	59	96	123	0	3	6	39386.55373995197	41713.8803681341
SIFT1M	RESIDUAL_NLIST1024	B_TO_A	CORR_GREEDY	E	59	96	123	1	3	6	16609.090373369007	16986.955512572466
SIFT1M	RESIDUAL_NLIST1024	B_TO_A	CORR_GREEDY	E	60	101	120	0	3	6	34886.112018579755	34410.90885263457
SIFT1M	RESIDUAL_NLIST1024	B_TO_A	CORR_GREEDY	E	60	101	120	1	3	6	18591.174681316475	19484.14105191564
SIFT1M	RESIDUAL_NLIST1024	B_TO_A	CORR_GREEDY	E	61	102	124	0	3	6	35289.52348287418	38441.10189831412
SIFT1M	RESIDUAL_NLIST1024	B_TO_A	CORR_GREEDY	E	61	102	124	1	3	6	17866.172519111	18222.687937698392
SIFT1M	RESIDUAL_NLIST1024	B_TO_A	CORR_GREEDY	E	62	103	104	0	3	6	35686.64745728267	34513.809353571836
SIFT1M	RESIDUAL_NLIST1024	B_TO_A	CORR_GREEDY	E	62	103	104	1	3	6	31047.173006403667	37207.99390085064
SIFT1M	RESIDUAL_NLIST1024	B_TO_A	CORR_GREEDY	E	63	105	118	0	3	6	33191.99088909489	35568.93266417748
SIFT1M	RESIDUAL_NLIST1024	B_TO_A	CORR_GREEDY	E	63	105	118	1	3	6	21019.285653206844	21771.633000694048
SIFT1M	RESIDUAL_NLIST1024	B_TO_A	CORR_GREEDY	S	0	0	16	0	5	10	46104.998246137264	60821.41780882976
SIFT1M	RESIDUAL_NLIST1024	B_TO_A	CORR_GREEDY	S	0	0	16	1	5	10	28411.27261866793	51596.00350928809
SIFT1M	RESIDUAL_NLIST1024	B_TO_A	CORR_GREEDY	S	1	1	41	0	5	9	36879.84062039166	36203.97319214835
SIFT1M	RESIDUAL_NLIST1024	B_TO_A	CORR_GREEDY	S	1	1	41	1	4	9	43766.35718655928	42044.76172499014
SIFT1M	RESIDUAL_NLIST1024	B_TO_A	CORR_GREEDY	S	2	2	7	0	5	10	38201.37418450396	38589.70663047255
SIFT1M	RESIDUAL_NLIST1024	B_TO_A	CORR_GREEDY	S	2	2	7	1	5	10	27820.03712284603	35677.98876794702
SIFT1M	RESIDUAL_NLIST1024	B_TO_A	CORR_GREEDY	S	3	3	5	0	5	10	50600.56307977963	44572.48519883164
SIFT1M	RESIDUAL_NLIST1024	B_TO_A	CORR_GREEDY	S	3	3	5	1	5	10	37193.11715122718	39949.1994236015
SIFT1M	RESIDUAL_NLIST1024	B_TO_A	CORR_GREEDY	S	4	4	50	0	5	9	37820.02156765961	34504.273973675634
SIFT1M	RESIDUAL_NLIST1024	B_TO_A	CORR_GREEDY	S	4	4	50	1	4	9	34249.576025674934	35480.682521772134
SIFT1M	RESIDUAL_NLIST1024	B_TO_A	CORR_GREEDY	S	5	6	18	0	5	10	39573.80318834033	48217.84214411925
SIFT1M	RESIDUAL_NLIST1024	B_TO_A	CORR_GREEDY	S	5	6	18	1	5	10	26254.10568328059	38565.31935696177
SIFT1M	RESIDUAL_NLIST1024	B_TO_A	CORR_GREEDY	S	6	8	58	0	5	9	37602.49639626227	34912.78349216157
SIFT1M	RESIDUAL_NLIST1024	B_TO_A	CORR_GREEDY	S	6	8	58	1	4	9	29530.876978915956	29710.13034103332
SIFT1M	RESIDUAL_NLIST1024	B_TO_A	CORR_GREEDY	S	7	9	32	0	5	10	34888.820804484596	36911.60721492658
SIFT1M	RESIDUAL_NLIST1024	B_TO_A	CORR_GREEDY	S	7	9	32	1	5	10	20393.27332313932	24309.911859526757
SIFT1M	RESIDUAL_NLIST1024	B_TO_A	CORR_GREEDY	S	8	10	48	0	5	9	38619.29082611129	38571.31949298576
SIFT1M	RESIDUAL_NLIST1024	B_TO_A	CORR_GREEDY	S	8	10	48	1	4	9	37945.40511920925	38004.72142638832
SIFT1M	RESIDUAL_NLIST1024	B_TO_A	CORR_GREEDY	S	9	11	33	0	5	10	36113.35704579014	40550.80011656895
SIFT1M	RESIDUAL_NLIST1024	B_TO_A	CORR_GREEDY	S	9	11	33	1	5	10	21121.332188421944	24213.841569570366
SIFT1M	RESIDUAL_NLIST1024	B_TO_A	CORR_GREEDY	S	10	12	55	0	5	9	37693.53188676767	33828.37830799805
SIFT1M	RESIDUAL_NLIST1024	B_TO_A	CORR_GREEDY	S	10	12	55	1	4	9	28773.67788390153	29721.95289924596
SIFT1M	RESIDUAL_NLIST1024	B_TO_A	CORR_GREEDY	S	11	13	23	0	5	10	34945.34479685532	33438.21192027787
SIFT1M	RESIDUAL_NLIST1024	B_TO_A	CORR_GREEDY	S	11	13	23	1	5	10	27470.398042945882	25615.857366660028
SIFT1M	RESIDUAL_NLIST1024	B_TO_A	CORR_GREEDY	S	12	14	21	0	5	10	32343.121011507104	35076.631862026945
SIFT1M	RESIDUAL_NLIST1024	B_TO_A	CORR_GREEDY	S	12	14	21	1	5	10	31131.239314958628	41123.18265235045
SIFT1M	RESIDUAL_NLIST1024	B_TO_A	CORR_GREEDY	S	13	15	45	0	5	9	27245.68931727635	25573.132538069127
SIFT1M	RESIDUAL_NLIST1024	B_TO_A	CORR_GREEDY	S	13	15	45	1	4	9	38817.42710535838	40823.40840081353
SIFT1M	RESIDUAL_NLIST1024	B_TO_A	CORR_GREEDY	S	14	17	34	0	5	10	32850.622343178635	41901.93555630897
SIFT1M	RESIDUAL_NLIST1024	B_TO_A	CORR_GREEDY	S	14	17	34	1	5	10	19351.3771215898	19369.298003593372
SIFT1M	RESIDUAL_NLIST1024	B_TO_A	CORR_GREEDY	S	15	19	20	0	5	10	32613.948634885386	32912.44777352151
SIFT1M	RESIDUAL_NLIST1024	B_TO_A	CORR_GREEDY	S	15	19	20	1	5	10	27462.992800355292	28527.80429076699
SIFT1M	RESIDUAL_NLIST1024	B_TO_A	CORR_GREEDY	S	16	22	44	0	5	9	31763.555782161937	32066.95528726683
SIFT1M	RESIDUAL_NLIST1024	B_TO_A	CORR_GREEDY	S	16	22	44	1	4	9	39489.57087585025	42271.62687310448
SIFT1M	RESIDUAL_NLIST1024	B_TO_A	CORR_GREEDY	S	17	24	61	0	5	9	26928.043317661883	28246.59980336381
SIFT1M	RESIDUAL_NLIST1024	B_TO_A	CORR_GREEDY	S	17	24	61	1	4	9	26999.396262039656	31061.762408514223
SIFT1M	RESIDUAL_NLIST1024	B_TO_A	CORR_GREEDY	S	18	25	29	0	5	10	23835.950260247588	25268.320076239143
SIFT1M	RESIDUAL_NLIST1024	B_TO_A	CORR_GREEDY	S	18	25	29	1	5	10	21795.91065308538	25168.250151199387
SIFT1M	RESIDUAL_NLIST1024	B_TO_A	CORR_GREEDY	S	19	26	109	0	5	8	25494.66947497657	25328.089977397893
SIFT1M	RESIDUAL_NLIST1024	B_TO_A	CORR_GREEDY	S	19	26	109	1	3	8	28166.03352337073	30444.551723744447
SIFT1M	RESIDUAL_NLIST1024	B_TO_A	CORR_GREEDY	S	20	27	97	0	5	8	28291.532052364157	27785.299306027006
SIFT1M	RESIDUAL_NLIST1024	B_TO_A	CORR_GREEDY	S	20	27	97	1	3	8	41169.19804082544	41804.190563994336
SIFT1M	RESIDUAL_NLIST1024	B_TO_A	CORR_GREEDY	S	21	28	30	0	5	10	30548.965760972733	30238.275984586868
SIFT1M	RESIDUAL_NLIST1024	B_TO_A	CORR_GREEDY	S	21	28	30	1	5	10	19854.36874171118	19847.527693484742
SIFT1M	RESIDUAL_NLIST1024	B_TO_A	CORR_GREEDY	S	22	31	35	0	5	10	27119.833542156906	23516.13286511854
SIFT1M	RESIDUAL_NLIST1024	B_TO_A	CORR_GREEDY	S	22	31	35	1	5	10	25279.285008612256	27420.29524366445
SIFT1M	RESIDUAL_NLIST1024	B_TO_A	CORR_GREEDY	S	23	36	67	0	5	9	16653.695702372886	20813.674020656123
SIFT1M	RESIDUAL_NLIST1024	B_TO_A	CORR_GREEDY	S	23	36	67	1	4	9	22961.25059904565	22413.569506346335
SIFT1M	RESIDUAL_NLIST1024	B_TO_A	CORR_GREEDY	S	24	37	83	0	5	9	19053.468472881374	20110.854328469166
SIFT1M	RESIDUAL_NLIST1024	B_TO_A	CORR_GREEDY	S	24	37	83	1	4	9	15652.79126507428	15595.59582984176
SIFT1M	RESIDUAL_NLIST1024	B_TO_A	CORR_GREEDY	S	25	38	64	0	5	9	19396.34234350725	19647.13093506154
SIFT1M	RESIDUAL_NLIST1024	B_TO_A	CORR_GREEDY	S	25	38	64	1	4	9	26426.04164930254	25272.793879408444
SIFT1M	RESIDUAL_NLIST1024	B_TO_A	CORR_GREEDY	S	26	39	40	0	4	8	48208.00433048861	45207.861432639176
SIFT1M	RESIDUAL_NLIST1024	B_TO_A	CORR_GREEDY	S	26	39	40	1	4	8	43552.490943119265	48920.02910908918
SIFT1M	RESIDUAL_NLIST1024	B_TO_A	CORR_GREEDY	S	27	42	111	0	4	7	45112.5419828762	43975.905078835196
SIFT1M	RESIDUAL_NLIST1024	B_TO_A	CORR_GREEDY	S	27	42	111	1	3	7	25750.632771662677	26581.303536352436
SIFT1M	RESIDUAL_NLIST1024	B_TO_A	CORR_GREEDY	S	28	43	91	0	4	7	43717.80152784876	51716.10120657651
SIFT1M	RESIDUAL_NLIST1024	B_TO_A	CORR_GREEDY	S	28	43	91	1	3	7	41974.07669003183	43403.53707456545
SIFT1M	RESIDUAL_NLIST1024	B_TO_A	CORR_GREEDY	S	29	46	121	0	4	7	40315.138050643596	44606.35742244836
SIFT1M	RESIDUAL_NLIST1024	B_TO_A	CORR_GREEDY	S	29	46	121	1	3	7	17843.227320184662	19133.609622386808
SIFT1M	RESIDUAL_NLIST1024	B_TO_A	CORR_GREEDY	S	30	47	60	0	4	8	35757.42811395004	44039.15234276561
SIFT1M	RESIDUAL_NLIST1024	B_TO_A	CORR_GREEDY	S	30	47	60	1	4	8	26905.29231509874	27490.291294022216
SIFT1M	RESIDUAL_NLIST1024	B_TO_A	CORR_GREEDY	S	31	49	126	0	4	7	34610.469440725086	36209.06411689581
SIFT1M	RESIDUAL_NLIST1024	B_TO_A	CORR_GREEDY	S	31	49	126	1	3	7	13561.070286351005	14043.09775900892
SIFT1M	RESIDUAL_NLIST1024	B_TO_A	CORR_GREEDY	S	32	51	115	0	4	7	36424.880054074776	34938.913919617546
SIFT1M	RESIDUAL_NLIST1024	B_TO_A	CORR_GREEDY	S	32	51	115	1	3	7	23506.889084756414	22885.55642293395
SIFT1M	RESIDUAL_NLIST1024	B_TO_A	CORR_GREEDY	S	33	52	112	0	4	7	35156.38628602214	37450.88173376573
SIFT1M	RESIDUAL_NLIST1024	B_TO_A	CORR_GREEDY	S	33	52	112	1	3	7	25666.10784414271	25998.523738683372
SIFT1M	RESIDUAL_NLIST1024	B_TO_A	CORR_GREEDY	S	34	53	70	0	4	8	32394.884521159303	32960.95054060742
SIFT1M	RESIDUAL_NLIST1024	B_TO_A	CORR_GREEDY	S	34	53	70	1	4	8	19623.84208123769	21195.417758009702
SIFT1M	RESIDUAL_NLIST1024	B_TO_A	CORR_GREEDY	S	35	54	59	0	4	8	31559.946902459058	31383.114124354823
SIFT1M	RESIDUAL_NLIST1024	B_TO_A	CORR_GREEDY	S	35	54	59	1	4	8	24986.345056919727	26301.780030699043
SIFT1M	RESIDUAL_NLIST1024	B_TO_A	CORR_GREEDY	S	36	56	119	0	4	7	29587.43934424629	32546.653449975936
SIFT1M	RESIDUAL_NLIST1024	B_TO_A	CORR_GREEDY	S	36	56	119	1	3	7	22140.431854721734	22004.283793151546
SIFT1M	RESIDUAL_NLIST1024	B_TO_A	CORR_GREEDY	S	37	57	117	0	4	7	28988.658127959294	33457.794983153224
SIFT1M	RESIDUAL_NLIST1024	B_TO_A	CORR_GREEDY	S	37	57	117	1	3	7	22216.28223296723	22375.899325406324
SIFT1M	RESIDUAL_NLIST1024	B_TO_A	CORR_GREEDY	S	38	62	90	0	4	7	28110.645534087682	27870.884060444798
SIFT1M	RESIDUAL_NLIST1024	B_TO_A	CORR_GREEDY	S	38	62	90	1	3	7	43277.85180684052	45956.07393187863
SIFT1M	RESIDUAL_NLIST1024	B_TO_A	CORR_GREEDY	S	39	63	76	0	4	8	27308.513222480018	25259.979487505803
SIFT1M	RESIDUAL_NLIST1024	B_TO_A	CORR_GREEDY	S	39	63	76	1	4	8	18877.093630797444	19747.745956245395
SIFT1M	RESIDUAL_NLIST1024	B_TO_A	CORR_GREEDY	S	40	65	73	0	4	8	27205.86764125403	24216.541321426528
SIFT1M	RESIDUAL_NLIST1024	B_TO_A	CORR_GREEDY	S	40	65	73	1	4	8	20361.18301026901	22118.465309966396
SIFT1M	RESIDUAL_NLIST1024	B_TO_A	CORR_GREEDY	S	41	66	113	0	4	7	23385.99808174571	28917.248219575667
SIFT1M	RESIDUAL_NLIST1024	B_TO_A	CORR_GREEDY	S	41	66	113	1	3	7	25450.629086222092	25936.293855020376
SIFT1M	RESIDUAL_NLIST1024	B_TO_A	CORR_GREEDY	S	42	68	95	0	4	7	25267.450909916603	21227.968625913647
SIFT1M	RESIDUAL_NLIST1024	B_TO_A	CORR_GREEDY	S	42	68	95	1	3	7	40008.73792208954	40885.13110085144
SIFT1M	RESIDUAL_NLIST1024	B_TO_A	CORR_GREEDY	S	43	69	114	0	4	7	19216.132640820942	20229.634498869716
SIFT1M	RESIDUAL_NLIST1024	B_TO_A	CORR_GREEDY	S	43	69	114	1	3	7	25444.30127424351	25233.197311218682
SIFT1M	RESIDUAL_NLIST1024	B_TO_A	CORR_GREEDY	S	44	71	85	0	4	8	21504.799060624242	21968.563269164228
SIFT1M	RESIDUAL_NLIST1024	B_TO_A	CORR_GREEDY	S	44	71	85	1	4	8	17420.439719435577	15436.879016364188
SIFT1M	RESIDUAL_NLIST1024	B_TO_A	CORR_GREEDY	S	45	72	99	0	4	7	19543.124213131054	19761.30769555079
SIFT1M	RESIDUAL_NLIST1024	B_TO_A	CORR_GREEDY	S	45	72	99	1	3	7	36757.60161972583	40771.414476474834
SIFT1M	RESIDUAL_NLIST1024	B_TO_A	CORR_GREEDY	S	46	74	122	0	4	7	19956.840240707286	20028.860328775816
SIFT1M	RESIDUAL_NLIST1024	B_TO_A	CORR_GREEDY	S	46	74	122	1	3	7	17574.764702990396	18676.119609415786
SIFT1M	RESIDUAL_NLIST1024	B_TO_A	CORR_GREEDY	S	47	75	127	0	4	6	19110.23760828191	18931.322074463693
SIFT1M	RESIDUAL_NLIST1024	B_TO_A	CORR_GREEDY	S	47	75	127	1	2	6	40510.46375068526	39760.47034597282
SIFT1M	RESIDUAL_NLIST1024	B_TO_A	CORR_GREEDY	S	48	77	106	0	4	7	17985.72280320518	19574.516490098467
SIFT1M	RESIDUAL_NLIST1024	B_TO_A	CORR_GREEDY	S	48	77	106	1	3	7	30350.315638260137	31744.758407067406
SIFT1M	RESIDUAL_NLIST1024	B_TO_A	CORR_GREEDY	S	49	78	84	0	4	8	17353.743447041044	20643.49022468503
SIFT1M	RESIDUAL_NLIST1024	B_TO_A	CORR_GREEDY	S	49	78	84	1	4	8	15333.43045164193	17832.413863625457
SIFT1M	RESIDUAL_NLIST1024	B_TO_A	CORR_GREEDY	S	50	79	110	0	4	7	16090.990894347737	15759.76611956289
SIFT1M	RESIDUAL_NLIST1024	B_TO_A	CORR_GREEDY	S	50	79	110	1	3	7	28741.74857471068	26714.698262839825
SIFT1M	RESIDUAL_NLIST1024	B_TO_A	CORR_GREEDY	S	51	80	82	0	4	8	18672.083954018333	17433.981663810097
SIFT1M	RESIDUAL_NLIST1024	B_TO_A	CORR_GREEDY	S	51	80	82	1	4	8	15579.574326799262	17677.234009972843
SIFT1M	RESIDUAL_NLIST1024	B_TO_A	CORR_GREEDY	S	52	81	98	0	4	7	18587.82734351833	16028.293944023211
SIFT1M	RESIDUAL_NLIST1024	B_TO_A	CORR_GREEDY	S	52	81	98	1	3	7	39433.213367886885	41401.90271005736
SIFT1M	RESIDUAL_NLIST1024	B_TO_A	CORR_GREEDY	S	53	86	89	0	4	8	15230.586220992755	16174.057079471857
SIFT1M	RESIDUAL_NLIST1024	B_TO_A	CORR_GREEDY	S	53	86	89	1	4	8	14246.7606080323	15270.52025900156
SIFT1M	RESIDUAL_NLIST1024	B_TO_A	CORR_GREEDY	S	54	87	107	0	4	7	15914.593450345335	16849.62446887253
SIFT1M	RESIDUAL_NLIST1024	B_TO_A	CORR_GREEDY	S	54	87	107	1	3	7	33036.50508520714	33530.76121475752
SIFT1M	RESIDUAL_NLIST1024	B_TO_A	CORR_GREEDY	S	55	88	125	0	4	7	15608.50861463657	14913.33750611229
SIFT1M	RESIDUAL_NLIST1024	B_TO_A	CORR_GREEDY	S	55	88	125	1	3	7	16580.49959321141	16571.267825652227
SIFT1M	RESIDUAL_NLIST1024	B_TO_A	CORR_GREEDY	S	56	92	108	0	3	6	43039.42928039647	42998.053238233195
SIFT1M	RESIDUAL_NLIST1024	B_TO_A	CORR_GREEDY	S	56	92	108	1	3	6	30874.038457238974	30991.97576227213
SIFT1M	RESIDUAL_NLIST1024	B_TO_A	CORR_GREEDY	S	57	93	100	0	3	6	41671.97293221853	41309.96876661329
SIFT1M	RESIDUAL_NLIST1024	B_TO_A	CORR_GREEDY	S	57	93	100	1	3	6	35279.796618226756	35872.51973300116
SIFT1M	RESIDUAL_NLIST1024	B_TO_A	CORR_GREEDY	S	58	94	116	0	3	6	42945.302324148266	42789.27762845876
SIFT1M	RESIDUAL_NLIST1024	B_TO_A	CORR_GREEDY	S	58	94	116	1	3	6	21939.606726317477	21197.168086151676
SIFT1M	RESIDUAL_NLIST1024	B_TO_A	CORR_GREEDY	S	59	96	123	0	3	6	39386.55373995197	41713.8803681341
SIFT1M	RESIDUAL_NLIST1024	B_TO_A	CORR_GREEDY	S	59	96	123	1	3	6	16609.090373369007	16986.955512572466
SIFT1M	RESIDUAL_NLIST1024	B_TO_A	CORR_GREEDY	S	60	101	120	0	3	6	34886.112018579755	34410.90885263457
SIFT1M	RESIDUAL_NLIST1024	B_TO_A	CORR_GREEDY	S	60	101	120	1	3	6	18591.174681316475	19484.14105191564
SIFT1M	RESIDUAL_NLIST1024	B_TO_A	CORR_GREEDY	S	61	102	124	0	3	6	35289.52348287418	38441.10189831412
SIFT1M	RESIDUAL_NLIST1024	B_TO_A	CORR_GREEDY	S	61	102	124	1	3	6	17866.172519111	18222.687937698392
SIFT1M	RESIDUAL_NLIST1024	B_TO_A	CORR_GREEDY	S	62	103	104	0	3	6	35686.64745728267	34513.809353571836
SIFT1M	RESIDUAL_NLIST1024	B_TO_A	CORR_GREEDY	S	62	103	104	1	3	6	31047.173006403667	37207.99390085064
SIFT1M	RESIDUAL_NLIST1024	B_TO_A	CORR_GREEDY	S	63	105	118	0	3	6	33191.99088909489	35568.93266417748
SIFT1M	RESIDUAL_NLIST1024	B_TO_A	CORR_GREEDY	S	63	105	118	1	3	6	21019.285653206844	21771.633000694048
SIFT1M	RESIDUAL_NLIST1024	B_TO_A	EA	U	0	0	113	0	5	8	40217.393421955814	86709.01764448473
SIFT1M	RESIDUAL_NLIST1024	B_TO_A	EA	U	0	0	113	1	3	8	25395.989816749843	25971.612280985217
SIFT1M	RESIDUAL_NLIST1024	B_TO_A	EA	U	1	1	120	0	5	8	38807.10387676125	37028.844327387276
SIFT1M	RESIDUAL_NLIST1024	B_TO_A	EA	U	1	1	120	1	3	8	18727.45598554142	19618.898658119928
SIFT1M	RESIDUAL_NLIST1024	B_TO_A	EA	U	2	2	121	0	5	8	31751.931071698862	41133.60344562438
SIFT1M	RESIDUAL_NLIST1024	B_TO_A	EA	U	2	2	121	1	3	8	17874.94865042594	19081.928752742533
SIFT1M	RESIDUAL_NLIST1024	B_TO_A	EA	U	3	3	126	0	5	8	40456.24857485094	43699.85156055673
SIFT1M	RESIDUAL_NLIST1024	B_TO_A	EA	U	3	3	126	1	3	8	13538.341042306361	14145.324861409474
SIFT1M	RESIDUAL_NLIST1024	B_TO_A	EA	U	4	4	122	0	5	8	39097.291578916236	34994.63773790328
SIFT1M	RESIDUAL_NLIST1024	B_TO_A	EA	U	4	4	122	1	3	8	17701.99857133798	18717.689118565533
SIFT1M	RESIDUAL_NLIST1024	B_TO_A	EA	U	5	5	125	0	5	8	39918.77137174181	43905.558853774615
SIFT1M	RESIDUAL_NLIST1024	B_TO_A	EA	U	5	5	125	1	3	8	16572.610046199516	16571.982119598077
SIFT1M	RESIDUAL_NLIST1024	B_TO_A	EA	U	6	6	127	0	5	8	39865.85306824435	49764.28217090638
SIFT1M	RESIDUAL_NLIST1024	B_TO_A	EA	U	6	6	127	1	3	8	11908.450259842422	12405.941752566481
SIFT1M	RESIDUAL_NLIST1024	B_TO_A	EA	U	7	7	119	0	5	8	33601.40358096622	38835.96938026529
SIFT1M	RESIDUAL_NLIST1024	B_TO_A	EA	U	7	7	119	1	3	8	22464.122300861098	22111.999666705397
SIFT1M	RESIDUAL_NLIST1024	B_TO_A	EA	U	8	8	123	0	5	8	37050.662201495266	35237.34036470734
SIFT1M	RESIDUAL_NLIST1024	B_TO_A	EA	U	8	8	123	1	3	8	16746.37709931664	17032.644443003242
SIFT1M	RESIDUAL_NLIST1024	B_TO_A	EA	U	9	9	115	0	5	8	31577.742557024554	34222.38065243947
SIFT1M	RESIDUAL_NLIST1024	B_TO_A	EA	U	9	9	115	1	3	8	23628.81305505044	22734.29803870114
SIFT1M	RESIDUAL_NLIST1024	B_TO_A	EA	U	10	10	124	0	5	8	39482.36664080383	38071.99996714281
SIFT1M	RESIDUAL_NLIST1024	B_TO_A	EA	U	10	10	124	1	3	8	17904.82984957716	18336.92170991975
SIFT1M	RESIDUAL_NLIST1024	B_TO_A	EA	U	11	11	118	0	5	8	38722.41616124384	39925.03707465787
SIFT1M	RESIDUAL_NLIST1024	B_TO_A	EA	U	11	11	118	1	3	8	21017.636620804922	21695.485890801527
SIFT1M	RESIDUAL_NLIST1024	B_TO_A	EA	U	12	12	117	0	5	8	37991.04241215451	34255.187487953386
SIFT1M	RESIDUAL_NLIST1024	B_TO_A	EA	U	12	12	117	1	3	8	22309.317821653105	22591.78214994852
SIFT1M	RESIDUAL_NLIST1024	B_TO_A	EA	U	13	13	116	0	5	8	34442.23454055372	33563.01509693627
SIFT1M	RESIDUAL_NLIST1024	B_TO_A	EA	U	13	13	116	1	3	8	22088.2422389458	21204.010271186307
SIFT1M	RESIDUAL_NLIST1024	B_TO_A	EA	U	14	14	114	0	5	8	31413.821434259808	31445.786443854373
SIFT1M	RESIDUAL_NLIST1024	B_TO_A	EA	U	14	14	114	1	3	8	25362.77583755595	25625.507993194675
SIFT1M	RESIDUAL_NLIST1024	B_TO_A	EA	U	15	15	106	0	5	8	27205.190764207822	25331.323654583088
SIFT1M	RESIDUAL_NLIST1024	B_TO_A	EA	U	15	15	106	1	3	8	30568.751423839538	31390.599284355696
SIFT1M	RESIDUAL_NLIST1024	B_TO_A	EA	U	16	16	111	0	5	8	34704.457100623404	31386.169348273856
SIFT1M	RESIDUAL_NLIST1024	B_TO_A	EA	U	16	16	111	1	3	8	25852.626774790315	26048.548813551177
SIFT1M	RESIDUAL_NLIST1024	B_TO_A	EA	U	17	17	110	0	5	8	32146.608948381032	40270.32115073603
SIFT1M	RESIDUAL_NLIST1024	B_TO_A	EA	U	17	17	110	1	3	8	28439.864385479494	26635.329962290387
SIFT1M	RESIDUAL_NLIST1024	B_TO_A	EA	U	18	18	104	0	5	8	25239.24412737205	35529.57762016676
SIFT1M	RESIDUAL_NLIST1024	B_TO_A	EA	U	18	18	104	1	3	8	33415.417574377476	34875.89472932393
SIFT1M	RESIDUAL_NLIST1024	B_TO_A	EA	U	19	19	108	0	5	8	28870.51870829225	28707.233956184486
SIFT1M	RESIDUAL_NLIST1024	B_TO_A	EA	U	19	19	108	1	3	8	31255.87696299884	31246.270474344376
SIFT1M	RESIDUAL_NLIST1024	B_TO_A	EA	U	20	20	112	0	5	8	31489.42016119683	31869.998932502844
SIFT1M	RESIDUAL_NLIST1024	B_TO_A	EA	U	20	20	112	1	3	8	25690.949198475944	26091.864333258454
SIFT1M	RESIDUAL_NLIST1024	B_TO_A	EA	U	21	21	109	0	5	8	32357.502017644947	33020.92201498794
SIFT1M	RESIDUAL_NLIST1024	B_TO_A	EA	U	21	21	109	1	3	8	28261.706352281904	30290.897125568197
SIFT1M	RESIDUAL_NLIST1024	B_TO_A	EA	U	22	22	107	0	5	8	31834.39430763621	32245.575028205643
SIFT1M	RESIDUAL_NLIST1024	B_TO_A	EA	U	22	22	107	1	3	8	33120.257195999526	33031.42904455582
SIFT1M	RESIDUAL_NLIST1024	B_TO_A	EA	U	23	23	105	0	5	8	27508.510873736035	24704.23382217664
SIFT1M	RESIDUAL_NLIST1024	B_TO_A	EA	U	23	23	105	1	3	8	33295.50873818161	35303.363842122344
SIFT1M	RESIDUAL_NLIST1024	B_TO_A	EA	U	24	24	103	0	5	8	26416.35751103988	27812.191723952223
SIFT1M	RESIDUAL_NLIST1024	B_TO_A	EA	U	24	24	103	1	3	8	33343.00897949078	36218.5708511609
SIFT1M	RESIDUAL_NLIST1024	B_TO_A	EA	U	25	25	102	0	5	8	25745.600008933572	25906.57234313334
SIFT1M	RESIDUAL_NLIST1024	B_TO_A	EA	U	25	25	102	1	3	8	35226.75496022379	38638.46625698492
SIFT1M	RESIDUAL_NLIST1024	B_TO_A	EA	U	26	26	101	0	5	8	25301.21903513029	25072.797439385467
SIFT1M	RESIDUAL_NLIST1024	B_TO_A	EA	U	26	26	101	1	3	8	34332.85616656947	34170.624202855906
SIFT1M	RESIDUAL_NLIST1024	B_TO_A	EA	U	27	27	100	0	5	8	28264.93231738882	27727.21049282128
SIFT1M	RESIDUAL_NLIST1024	B_TO_A	EA	U	27	27	100	1	3	8	34974.845908367104	35688.397860468045
SIFT1M	RESIDUAL_NLIST1024	B_TO_A	EA	U	28	28	96	0	5	8	24958.210066893444	24594.14016459458
SIFT1M	RESIDUAL_NLIST1024	B_TO_A	EA	U	28	28	96	1	3	8	39342.27720085618	41756.12955398655
SIFT1M	RESIDUAL_NLIST1024	B_TO_A	EA	U	29	29	97	0	5	8	20178.439529876563	24593.39930430612
SIFT1M	RESIDUAL_NLIST1024	B_TO_A	EA	U	29	29	97	1	3	8	40679.82758594477	41763.31542173031
SIFT1M	RESIDUAL_NLIST1024	B_TO_A	EA	U	30	30	98	0	5	8	24118.447722554272	28383.415923807464
SIFT1M	RESIDUAL_NLIST1024	B_TO_A	EA	U	30	30	98	1	3	8	39212.87079294325	40588.69687262253
SIFT1M	RESIDUAL_NLIST1024	B_TO_A	EA	U	31	31	99	0	5	8	24120.516898307702	23576.20222686341
SIFT1M	RESIDUAL_NLIST1024	B_TO_A	EA	U	31	31	99	1	3	8	36345.28382998897	40743.49520758774
SIFT1M	RESIDUAL_NLIST1024	B_TO_A	EA	U	32	32	95	0	5	8	24016.204523945376	25355.278569283488
SIFT1M	RESIDUAL_NLIST1024	B_TO_A	EA	U	32	32	95	1	3	8	40541.599246012156	40407.10209060183
SIFT1M	RESIDUAL_NLIST1024	B_TO_A	EA	U	33	33	93	0	5	8	22008.76792028173	27505.79417253178
SIFT1M	RESIDUAL_NLIST1024	B_TO_A	EA	U	33	33	93	1	3	8	41492.24526117124	40859.179485302084
SIFT1M	RESIDUAL_NLIST1024	B_TO_A	EA	U	34	34	92	0	5	8	19708.001382854265	20003.29442884623
SIFT1M	RESIDUAL_NLIST1024	B_TO_A	EA	U	34	34	92	1	3	8	42719.83184431323	44041.49930868739
SIFT1M	RESIDUAL_NLIST1024	B_TO_A	EA	U	35	35	94	0	5	8	22073.616935845075	25127.980427566916
SIFT1M	RESIDUAL_NLIST1024	B_TO_A	EA	U	35	35	94	1	3	8	42700.052830080516	42550.40038390858
SIFT1M	RESIDUAL_NLIST1024	B_TO_A	EA	U	36	36	89	0	4	8	46457.511403583274	52260.321465683184
SIFT1M	RESIDUAL_NLIST1024	B_TO_A	EA	U	36	36	89	1	4	8	15608.749509744452	14849.545783794678
SIFT1M	RESIDUAL_NLIST1024	B_TO_A	EA	U	37	37	90	0	5	8	19504.35770213953	20268.467832532548
SIFT1M	RESIDUAL_NLIST1024	B_TO_A	EA	U	37	37	90	1	3	8	43100.93636393703	45836.22357697997
SIFT1M	RESIDUAL_NLIST1024	B_TO_A	EA	U	38	38	91	0	5	8	19484.923553115223	19935.86974170478
SIFT1M	RESIDUAL_NLIST1024	B_TO_A	EA	U	38	38	91	1	3	8	42276.2391907259	43064.91872588523
SIFT1M	RESIDUAL_NLIST1024	B_TO_A	EA	U	39	39	88	0	4	8	46692.516170095594	47292.7594861743
SIFT1M	RESIDUAL_NLIST1024	B_TO_A	EA	U	39	39	88	1	4	8	15584.176128651505	14874.855438648028
SIFT1M	RESIDUAL_NLIST1024	B_TO_A	EA	U	40	40	86	0	4	8	47105.175170273666	44608.054417637875
SIFT1M	RESIDUAL_NLIST1024	B_TO_A	EA	U	40	40	86	1	4	8	15173.614109143473	16636.376538560624
SIFT1M	RESIDUAL_NLIST1024	B_TO_A	EA	U	41	41	85	0	4	8	44272.29418892875	42752.85141127036
SIFT1M	RESIDUAL_NLIST1024	B_TO_A	EA	U	41	41	85	1	4	8	17133.61117528085	15372.576752924364
SIFT1M	RESIDUAL_NLIST1024	B_TO_A	EA	U	42	42	87	0	4	8	44622.559604345355	43983.26939700319
SIFT1M	RESIDUAL_NLIST1024	B_TO_A	EA	U	42	42	87	1	4	8	16277.161164027852	17121.716566199942
SIFT1M	RESIDUAL_NLIST1024	B_TO_A	EA	U	43	43	84	0	4	8	44323.51318695827	51930.731476603534
SIFT1M	RESIDUAL_NLIST1024	B_TO_A	EA	U	43	43	84	1	4	8	16604.277876849	15786.710071365655
SIFT1M	RESIDUAL_NLIST1024	B_TO_A	EA	U	44	44	83	0	4	8	39208.96750161317	41596.2831251278
SIFT1M	RESIDUAL_NLIST1024	B_TO_A	EA	U	44	44	83	1	4	8	15542.004599691954	15387.5972287125
SIFT1M	RESIDUAL_NLIST1024	B_TO_A	EA	U	45	45	82	0	4	8	38028.084931533536	39883.91833503544
SIFT1M	RESIDUAL_NLIST1024	B_TO_A	EA	U	45	45	82	1	4	8	15606.842938612182	15977.449707180154
SIFT1M	RESIDUAL_NLIST1024	B_TO_A	EA	U	46	46	81	0	4	8	40170.08217035943	44572.17283288337
SIFT1M	RESIDUAL_NLIST1024	B_TO_A	EA	U	46	46	81	1	4	8	18086.11284330092	16296.197815273514
SIFT1M	RESIDUAL_NLIST1024	B_TO_A	EA	U	47	47	79	0	4	8	34507.43552098413	43136.335341325284
SIFT1M	RESIDUAL_NLIST1024	B_TO_A	EA	U	47	47	79	1	4	8	16123.981630595154	15833.155311964243
SIFT1M	RESIDUAL_NLIST1024	B_TO_A	EA	U	48	48	80	0	4	8	38027.990985590455	37616.3112566756
SIFT1M	RESIDUAL_NLIST1024	B_TO_A	EA	U	48	48	80	1	4	8	17030.65110074158	17283.820610277
SIFT1M	RESIDUAL_NLIST1024	B_TO_A	EA	U	49	49	78	0	4	8	34553.276371552995	36368.098571477174
SIFT1M	RESIDUAL_NLIST1024	B_TO_A	EA	U	49	49	78	1	4	8	17659.11804109575	22275.62300100409
SIFT1M	RESIDUAL_NLIST1024	B_TO_A	EA	U	50	50	74	0	4	8	34240.169497976436	36813.52064897111
SIFT1M	RESIDUAL_NLIST1024	B_TO_A	EA	U	50	50	74	1	4	8	19915.90998452044	19892.970968951122
SIFT1M	RESIDUAL_NLIST1024	B_TO_A	EA	U	51	51	76	0	4	8	36331.441932658854	34543.755998047425
SIFT1M	RESIDUAL_NLIST1024	B_TO_A	EA	U	51	51	76	1	4	8	19235.83271109561	19984.977881084993
SIFT1M	RESIDUAL_NLIST1024	B_TO_A	EA	U	52	52	77	0	4	8	35234.51928405219	37721.33520591294
SIFT1M	RESIDUAL_NLIST1024	B_TO_A	EA	U	52	52	77	1	4	8	17970.337760656894	19513.585833449204
SIFT1M	RESIDUAL_NLIST1024	B_TO_A	EA	U	53	53	75	0	4	8	32501.160757349127	33699.61613350405
SIFT1M	RESIDUAL_NLIST1024	B_TO_A	EA	U	53	53	75	1	4	8	19070.55053491526	18927.947164814803
SIFT1M	RESIDUAL_NLIST1024	B_TO_A	EA	U	54	54	72	0	4	8	28712.721302496866	30436.343996502517
SIFT1M	RESIDUAL_NLIST1024	B_TO_A	EA	U	54	54	72	1	4	8	19508.833978923394	19887.982076824697
SIFT1M	RESIDUAL_NLIST1024	B_TO_A	EA	U	55	55	73	0	4	8	29844.148457303567	30288.65612239435
SIFT1M	RESIDUAL_NLIST1024	B_TO_A	EA	U	55	55	73	1	4	8	20003.235932611373	22155.050717127637
SIFT1M	RESIDUAL_NLIST1024	B_TO_A	EA	U	56	56	69	0	4	8	28952.278153220603	32015.528584029962
SIFT1M	RESIDUAL_NLIST1024	B_TO_A	EA	U	56	56	69	1	4	8	19398.708792159705	20539.27411588823
SIFT1M	RESIDUAL_NLIST1024	B_TO_A	EA	U	57	57	70	0	4	8	29111.596179376567	33667.92038800557
SIFT1M	RESIDUAL_NLIST1024	B_TO_A	EA	U	57	57	70	1	4	8	20474.31751777124	21802.711050161088
SIFT1M	RESIDUAL_NLIST1024	B_TO_A	EA	U	58	58	71	0	4	8	29485.94770854133	30123.501115210092
SIFT1M	RESIDUAL_NLIST1024	B_TO_A	EA	U	58	58	71	1	4	8	21455.888866259193	20900.90245041556
SIFT1M	RESIDUAL_NLIST1024	B_TO_A	EA	U	59	59	63	0	4	8	27041.961781245882	28016.36677069243
SIFT1M	RESIDUAL_NLIST1024	B_TO_A	EA	U	59	59	63	1	4	8	25419.026521143955	26188.074283114765
SIFT1M	RESIDUAL_NLIST1024	B_TO_A	EA	U	60	60	68	0	4	8	27577.80617861347	27767.46374202284
SIFT1M	RESIDUAL_NLIST1024	B_TO_A	EA	U	60	60	68	1	4	8	24601.896615187994	21473.028473066115
SIFT1M	RESIDUAL_NLIST1024	B_TO_A	EA	U	61	61	67	0	4	8	28126.655139957853	31213.582546266553
SIFT1M	RESIDUAL_NLIST1024	B_TO_A	EA	U	61	61	67	1	4	8	21792.385617277425	22700.11350224146
SIFT1M	RESIDUAL_NLIST1024	B_TO_A	EA	U	62	62	66	0	4	8	28107.818441103856	27215.745636963362
SIFT1M	RESIDUAL_NLIST1024	B_TO_A	EA	U	62	62	66	1	4	8	23358.853882571166	28851.843591970544
SIFT1M	RESIDUAL_NLIST1024	B_TO_A	EA	U	63	64	65	0	4	8	26525.17412482508	24637.26483854097
SIFT1M	RESIDUAL_NLIST1024	B_TO_A	EA	U	63	64	65	1	4	8	27189.650883924456	24070.74662635605
SIFT1M	RESIDUAL_NLIST1024	B_TO_A	EA	V	0	0	113	0	5	8	40217.393421955814	86709.01764448473
SIFT1M	RESIDUAL_NLIST1024	B_TO_A	EA	V	0	0	113	1	3	8	25395.989816749843	25971.612280985217
SIFT1M	RESIDUAL_NLIST1024	B_TO_A	EA	V	1	1	120	0	5	8	38807.10387676125	37028.844327387276
SIFT1M	RESIDUAL_NLIST1024	B_TO_A	EA	V	1	1	120	1	3	8	18727.45598554142	19618.898658119928
SIFT1M	RESIDUAL_NLIST1024	B_TO_A	EA	V	2	2	121	0	5	8	31751.931071698862	41133.60344562438
SIFT1M	RESIDUAL_NLIST1024	B_TO_A	EA	V	2	2	121	1	3	8	17874.94865042594	19081.928752742533
SIFT1M	RESIDUAL_NLIST1024	B_TO_A	EA	V	3	3	126	0	5	8	40456.24857485094	43699.85156055673
SIFT1M	RESIDUAL_NLIST1024	B_TO_A	EA	V	3	3	126	1	3	8	13538.341042306361	14145.324861409474
SIFT1M	RESIDUAL_NLIST1024	B_TO_A	EA	V	4	4	122	0	5	8	39097.291578916236	34994.63773790328
SIFT1M	RESIDUAL_NLIST1024	B_TO_A	EA	V	4	4	122	1	3	8	17701.99857133798	18717.689118565533
SIFT1M	RESIDUAL_NLIST1024	B_TO_A	EA	V	5	5	125	0	5	8	39918.77137174181	43905.558853774615
SIFT1M	RESIDUAL_NLIST1024	B_TO_A	EA	V	5	5	125	1	3	8	16572.610046199516	16571.982119598077
SIFT1M	RESIDUAL_NLIST1024	B_TO_A	EA	V	6	6	127	0	5	7	39865.85306824435	49764.28217090638
SIFT1M	RESIDUAL_NLIST1024	B_TO_A	EA	V	6	6	127	1	2	7	40521.18634276639	39833.033872242144
SIFT1M	RESIDUAL_NLIST1024	B_TO_A	EA	V	7	7	119	0	5	8	33601.40358096622	38835.96938026529
SIFT1M	RESIDUAL_NLIST1024	B_TO_A	EA	V	7	7	119	1	3	8	22464.122300861098	22111.999666705397
SIFT1M	RESIDUAL_NLIST1024	B_TO_A	EA	V	8	8	123	0	5	8	37050.662201495266	35237.34036470734
SIFT1M	RESIDUAL_NLIST1024	B_TO_A	EA	V	8	8	123	1	3	8	16746.37709931664	17032.644443003242
SIFT1M	RESIDUAL_NLIST1024	B_TO_A	EA	V	9	9	115	0	5	8	31577.742557024554	34222.38065243947
SIFT1M	RESIDUAL_NLIST1024	B_TO_A	EA	V	9	9	115	1	3	8	23628.81305505044	22734.29803870114
SIFT1M	RESIDUAL_NLIST1024	B_TO_A	EA	V	10	10	124	0	5	8	39482.36664080383	38071.99996714281
SIFT1M	RESIDUAL_NLIST1024	B_TO_A	EA	V	10	10	124	1	3	8	17904.82984957716	18336.92170991975
SIFT1M	RESIDUAL_NLIST1024	B_TO_A	EA	V	11	11	118	0	5	8	38722.41616124384	39925.03707465787
SIFT1M	RESIDUAL_NLIST1024	B_TO_A	EA	V	11	11	118	1	3	8	21017.636620804922	21695.485890801527
SIFT1M	RESIDUAL_NLIST1024	B_TO_A	EA	V	12	12	117	0	5	8	37991.04241215451	34255.187487953386
SIFT1M	RESIDUAL_NLIST1024	B_TO_A	EA	V	12	12	117	1	3	8	22309.317821653105	22591.78214994852
SIFT1M	RESIDUAL_NLIST1024	B_TO_A	EA	V	13	13	116	0	5	8	34442.23454055372	33563.01509693627
SIFT1M	RESIDUAL_NLIST1024	B_TO_A	EA	V	13	13	116	1	3	8	22088.2422389458	21204.010271186307
SIFT1M	RESIDUAL_NLIST1024	B_TO_A	EA	V	14	14	114	0	5	8	31413.821434259808	31445.786443854373
SIFT1M	RESIDUAL_NLIST1024	B_TO_A	EA	V	14	14	114	1	3	8	25362.77583755595	25625.507993194675
SIFT1M	RESIDUAL_NLIST1024	B_TO_A	EA	V	15	15	106	0	5	8	27205.190764207822	25331.323654583088
SIFT1M	RESIDUAL_NLIST1024	B_TO_A	EA	V	15	15	106	1	3	8	30568.751423839538	31390.599284355696
SIFT1M	RESIDUAL_NLIST1024	B_TO_A	EA	V	16	16	111	0	5	8	34704.457100623404	31386.169348273856
SIFT1M	RESIDUAL_NLIST1024	B_TO_A	EA	V	16	16	111	1	3	8	25852.626774790315	26048.548813551177
SIFT1M	RESIDUAL_NLIST1024	B_TO_A	EA	V	17	17	110	0	5	8	32146.608948381032	40270.32115073603
SIFT1M	RESIDUAL_NLIST1024	B_TO_A	EA	V	17	17	110	1	3	8	28439.864385479494	26635.329962290387
SIFT1M	RESIDUAL_NLIST1024	B_TO_A	EA	V	18	18	104	0	5	8	25239.24412737205	35529.57762016676
SIFT1M	RESIDUAL_NLIST1024	B_TO_A	EA	V	18	18	104	1	3	8	33415.417574377476	34875.89472932393
SIFT1M	RESIDUAL_NLIST1024	B_TO_A	EA	V	19	19	108	0	5	8	28870.51870829225	28707.233956184486
SIFT1M	RESIDUAL_NLIST1024	B_TO_A	EA	V	19	19	108	1	3	8	31255.87696299884	31246.270474344376
SIFT1M	RESIDUAL_NLIST1024	B_TO_A	EA	V	20	20	112	0	5	8	31489.42016119683	31869.998932502844
SIFT1M	RESIDUAL_NLIST1024	B_TO_A	EA	V	20	20	112	1	3	8	25690.949198475944	26091.864333258454
SIFT1M	RESIDUAL_NLIST1024	B_TO_A	EA	V	21	21	109	0	5	8	32357.502017644947	33020.92201498794
SIFT1M	RESIDUAL_NLIST1024	B_TO_A	EA	V	21	21	109	1	3	8	28261.706352281904	30290.897125568197
SIFT1M	RESIDUAL_NLIST1024	B_TO_A	EA	V	22	22	107	0	5	8	31834.39430763621	32245.575028205643
SIFT1M	RESIDUAL_NLIST1024	B_TO_A	EA	V	22	22	107	1	3	8	33120.257195999526	33031.42904455582
SIFT1M	RESIDUAL_NLIST1024	B_TO_A	EA	V	23	23	105	0	5	8	27508.510873736035	24704.23382217664
SIFT1M	RESIDUAL_NLIST1024	B_TO_A	EA	V	23	23	105	1	3	8	33295.50873818161	35303.363842122344
SIFT1M	RESIDUAL_NLIST1024	B_TO_A	EA	V	24	24	103	0	5	8	26416.35751103988	27812.191723952223
SIFT1M	RESIDUAL_NLIST1024	B_TO_A	EA	V	24	24	103	1	3	8	33343.00897949078	36218.5708511609
SIFT1M	RESIDUAL_NLIST1024	B_TO_A	EA	V	25	25	102	0	5	8	25745.600008933572	25906.57234313334
SIFT1M	RESIDUAL_NLIST1024	B_TO_A	EA	V	25	25	102	1	3	8	35226.75496022379	38638.46625698492
SIFT1M	RESIDUAL_NLIST1024	B_TO_A	EA	V	26	26	101	0	5	8	25301.21903513029	25072.797439385467
SIFT1M	RESIDUAL_NLIST1024	B_TO_A	EA	V	26	26	101	1	3	8	34332.85616656947	34170.624202855906
SIFT1M	RESIDUAL_NLIST1024	B_TO_A	EA	V	27	27	100	0	5	8	28264.93231738882	27727.21049282128
SIFT1M	RESIDUAL_NLIST1024	B_TO_A	EA	V	27	27	100	1	3	8	34974.845908367104	35688.397860468045
SIFT1M	RESIDUAL_NLIST1024	B_TO_A	EA	V	28	28	96	0	5	8	24958.210066893444	24594.14016459458
SIFT1M	RESIDUAL_NLIST1024	B_TO_A	EA	V	28	28	96	1	3	8	39342.27720085618	41756.12955398655
SIFT1M	RESIDUAL_NLIST1024	B_TO_A	EA	V	29	29	97	0	5	8	20178.439529876563	24593.39930430612
SIFT1M	RESIDUAL_NLIST1024	B_TO_A	EA	V	29	29	97	1	3	8	40679.82758594477	41763.31542173031
SIFT1M	RESIDUAL_NLIST1024	B_TO_A	EA	V	30	30	98	0	5	8	24118.447722554272	28383.415923807464
SIFT1M	RESIDUAL_NLIST1024	B_TO_A	EA	V	30	30	98	1	3	8	39212.87079294325	40588.69687262253
SIFT1M	RESIDUAL_NLIST1024	B_TO_A	EA	V	31	31	99	0	5	8	24120.516898307702	23576.20222686341
SIFT1M	RESIDUAL_NLIST1024	B_TO_A	EA	V	31	31	99	1	3	8	36345.28382998897	40743.49520758774
SIFT1M	RESIDUAL_NLIST1024	B_TO_A	EA	V	32	32	95	0	5	8	24016.204523945376	25355.278569283488
SIFT1M	RESIDUAL_NLIST1024	B_TO_A	EA	V	32	32	95	1	3	8	40541.599246012156	40407.10209060183
SIFT1M	RESIDUAL_NLIST1024	B_TO_A	EA	V	33	33	93	0	5	8	22008.76792028173	27505.79417253178
SIFT1M	RESIDUAL_NLIST1024	B_TO_A	EA	V	33	33	93	1	3	8	41492.24526117124	40859.179485302084
SIFT1M	RESIDUAL_NLIST1024	B_TO_A	EA	V	34	34	92	0	5	9	19708.001382854265	20003.29442884623
SIFT1M	RESIDUAL_NLIST1024	B_TO_A	EA	V	34	34	92	1	4	9	12974.597297968321	13319.556292717407
SIFT1M	RESIDUAL_NLIST1024	B_TO_A	EA	V	35	35	94	0	5	8	22073.616935845075	25127.980427566916
SIFT1M	RESIDUAL_NLIST1024	B_TO_A	EA	V	35	35	94	1	3	8	42700.052830080516	42550.40038390858
SIFT1M	RESIDUAL_NLIST1024	B_TO_A	EA	V	36	36	89	0	4	8	46457.511403583274	52260.321465683184
SIFT1M	RESIDUAL_NLIST1024	B_TO_A	EA	V	36	36	89	1	4	8	15608.749509744452	14849.545783794678
SIFT1M	RESIDUAL_NLIST1024	B_TO_A	EA	V	37	37	90	0	4	8	50943.75054852638	48676.11956320931
SIFT1M	RESIDUAL_NLIST1024	B_TO_A	EA	V	37	37	90	1	4	8	13004.102918089287	14622.561767388484
SIFT1M	RESIDUAL_NLIST1024	B_TO_A	EA	V	38	38	91	0	5	8	19484.923553115223	19935.86974170478
SIFT1M	RESIDUAL_NLIST1024	B_TO_A	EA	V	38	38	91	1	3	8	42276.2391907259	43064.91872588523
SIFT1M	RESIDUAL_NLIST1024	B_TO_A	EA	V	39	39	88	0	4	8	46692.516170095594	47292.7594861743
SIFT1M	RESIDUAL_NLIST1024	B_TO_A	EA	V	39	39	88	1	4	8	15584.176128651505	14874.855438648028
SIFT1M	RESIDUAL_NLIST1024	B_TO_A	EA	V	40	40	86	0	4	8	47105.175170273666	44608.054417637875
SIFT1M	RESIDUAL_NLIST1024	B_TO_A	EA	V	40	40	86	1	4	8	15173.614109143473	16636.376538560624
SIFT1M	RESIDUAL_NLIST1024	B_TO_A	EA	V	41	41	85	0	4	8	44272.29418892875	42752.85141127036
SIFT1M	RESIDUAL_NLIST1024	B_TO_A	EA	V	41	41	85	1	4	8	17133.61117528085	15372.576752924364
SIFT1M	RESIDUAL_NLIST1024	B_TO_A	EA	V	42	42	87	0	4	8	44622.559604345355	43983.26939700319
SIFT1M	RESIDUAL_NLIST1024	B_TO_A	EA	V	42	42	87	1	4	8	16277.161164027852	17121.716566199942
SIFT1M	RESIDUAL_NLIST1024	B_TO_A	EA	V	43	43	84	0	4	8	44323.51318695827	51930.731476603534
SIFT1M	RESIDUAL_NLIST1024	B_TO_A	EA	V	43	43	84	1	4	8	16604.277876849	15786.710071365655
SIFT1M	RESIDUAL_NLIST1024	B_TO_A	EA	V	44	44	83	0	4	8	39208.96750161317	41596.2831251278
SIFT1M	RESIDUAL_NLIST1024	B_TO_A	EA	V	44	44	83	1	4	8	15542.004599691954	15387.5972287125
SIFT1M	RESIDUAL_NLIST1024	B_TO_A	EA	V	45	45	82	0	4	8	38028.084931533536	39883.91833503544
SIFT1M	RESIDUAL_NLIST1024	B_TO_A	EA	V	45	45	82	1	4	8	15606.842938612182	15977.449707180154
SIFT1M	RESIDUAL_NLIST1024	B_TO_A	EA	V	46	46	81	0	4	8	40170.08217035943	44572.17283288337
SIFT1M	RESIDUAL_NLIST1024	B_TO_A	EA	V	46	46	81	1	4	8	18086.11284330092	16296.197815273514
SIFT1M	RESIDUAL_NLIST1024	B_TO_A	EA	V	47	47	79	0	4	8	34507.43552098413	43136.335341325284
SIFT1M	RESIDUAL_NLIST1024	B_TO_A	EA	V	47	47	79	1	4	8	16123.981630595154	15833.155311964243
SIFT1M	RESIDUAL_NLIST1024	B_TO_A	EA	V	48	48	80	0	4	8	38027.990985590455	37616.3112566756
SIFT1M	RESIDUAL_NLIST1024	B_TO_A	EA	V	48	48	80	1	4	8	17030.65110074158	17283.820610277
SIFT1M	RESIDUAL_NLIST1024	B_TO_A	EA	V	49	49	78	0	4	8	34553.276371552995	36368.098571477174
SIFT1M	RESIDUAL_NLIST1024	B_TO_A	EA	V	49	49	78	1	4	8	17659.11804109575	22275.62300100409
SIFT1M	RESIDUAL_NLIST1024	B_TO_A	EA	V	50	50	74	0	4	8	34240.169497976436	36813.52064897111
SIFT1M	RESIDUAL_NLIST1024	B_TO_A	EA	V	50	50	74	1	4	8	19915.90998452044	19892.970968951122
SIFT1M	RESIDUAL_NLIST1024	B_TO_A	EA	V	51	51	76	0	4	8	36331.441932658854	34543.755998047425
SIFT1M	RESIDUAL_NLIST1024	B_TO_A	EA	V	51	51	76	1	4	8	19235.83271109561	19984.977881084993
SIFT1M	RESIDUAL_NLIST1024	B_TO_A	EA	V	52	52	77	0	4	8	35234.51928405219	37721.33520591294
SIFT1M	RESIDUAL_NLIST1024	B_TO_A	EA	V	52	52	77	1	4	8	17970.337760656894	19513.585833449204
SIFT1M	RESIDUAL_NLIST1024	B_TO_A	EA	V	53	53	75	0	4	8	32501.160757349127	33699.61613350405
SIFT1M	RESIDUAL_NLIST1024	B_TO_A	EA	V	53	53	75	1	4	8	19070.55053491526	18927.947164814803
SIFT1M	RESIDUAL_NLIST1024	B_TO_A	EA	V	54	54	72	0	4	8	28712.721302496866	30436.343996502517
SIFT1M	RESIDUAL_NLIST1024	B_TO_A	EA	V	54	54	72	1	4	8	19508.833978923394	19887.982076824697
SIFT1M	RESIDUAL_NLIST1024	B_TO_A	EA	V	55	55	73	0	4	8	29844.148457303567	30288.65612239435
SIFT1M	RESIDUAL_NLIST1024	B_TO_A	EA	V	55	55	73	1	4	8	20003.235932611373	22155.050717127637
SIFT1M	RESIDUAL_NLIST1024	B_TO_A	EA	V	56	56	69	0	4	8	28952.278153220603	32015.528584029962
SIFT1M	RESIDUAL_NLIST1024	B_TO_A	EA	V	56	56	69	1	4	8	19398.708792159705	20539.27411588823
SIFT1M	RESIDUAL_NLIST1024	B_TO_A	EA	V	57	57	70	0	4	8	29111.596179376567	33667.92038800557
SIFT1M	RESIDUAL_NLIST1024	B_TO_A	EA	V	57	57	70	1	4	8	20474.31751777124	21802.711050161088
SIFT1M	RESIDUAL_NLIST1024	B_TO_A	EA	V	58	58	71	0	4	8	29485.94770854133	30123.501115210092
SIFT1M	RESIDUAL_NLIST1024	B_TO_A	EA	V	58	58	71	1	4	8	21455.888866259193	20900.90245041556
SIFT1M	RESIDUAL_NLIST1024	B_TO_A	EA	V	59	59	63	0	4	8	27041.961781245882	28016.36677069243
SIFT1M	RESIDUAL_NLIST1024	B_TO_A	EA	V	59	59	63	1	4	8	25419.026521143955	26188.074283114765
SIFT1M	RESIDUAL_NLIST1024	B_TO_A	EA	V	60	60	68	0	4	8	27577.80617861347	27767.46374202284
SIFT1M	RESIDUAL_NLIST1024	B_TO_A	EA	V	60	60	68	1	4	8	24601.896615187994	21473.028473066115
SIFT1M	RESIDUAL_NLIST1024	B_TO_A	EA	V	61	61	67	0	4	8	28126.655139957853	31213.582546266553
SIFT1M	RESIDUAL_NLIST1024	B_TO_A	EA	V	61	61	67	1	4	8	21792.385617277425	22700.11350224146
SIFT1M	RESIDUAL_NLIST1024	B_TO_A	EA	V	62	62	66	0	4	8	28107.818441103856	27215.745636963362
SIFT1M	RESIDUAL_NLIST1024	B_TO_A	EA	V	62	62	66	1	4	8	23358.853882571166	28851.843591970544
SIFT1M	RESIDUAL_NLIST1024	B_TO_A	EA	V	63	64	65	0	4	8	26525.17412482508	24637.26483854097
SIFT1M	RESIDUAL_NLIST1024	B_TO_A	EA	V	63	64	65	1	4	8	27189.650883924456	24070.74662635605
SIFT1M	RESIDUAL_NLIST1024	B_TO_A	EA	E	0	0	113	0	5	8	40217.393421955814	86709.01764448473
SIFT1M	RESIDUAL_NLIST1024	B_TO_A	EA	E	0	0	113	1	3	8	25395.989816749843	25971.612280985217
SIFT1M	RESIDUAL_NLIST1024	B_TO_A	EA	E	1	1	120	0	5	8	38807.10387676125	37028.844327387276
SIFT1M	RESIDUAL_NLIST1024	B_TO_A	EA	E	1	1	120	1	3	8	18727.45598554142	19618.898658119928
SIFT1M	RESIDUAL_NLIST1024	B_TO_A	EA	E	2	2	121	0	5	8	31751.931071698862	41133.60344562438
SIFT1M	RESIDUAL_NLIST1024	B_TO_A	EA	E	2	2	121	1	3	8	17874.94865042594	19081.928752742533
SIFT1M	RESIDUAL_NLIST1024	B_TO_A	EA	E	3	3	126	0	5	8	40456.24857485094	43699.85156055673
SIFT1M	RESIDUAL_NLIST1024	B_TO_A	EA	E	3	3	126	1	3	8	13538.341042306361	14145.324861409474
SIFT1M	RESIDUAL_NLIST1024	B_TO_A	EA	E	4	4	122	0	5	8	39097.291578916236	34994.63773790328
SIFT1M	RESIDUAL_NLIST1024	B_TO_A	EA	E	4	4	122	1	3	8	17701.99857133798	18717.689118565533
SIFT1M	RESIDUAL_NLIST1024	B_TO_A	EA	E	5	5	125	0	5	8	39918.77137174181	43905.558853774615
SIFT1M	RESIDUAL_NLIST1024	B_TO_A	EA	E	5	5	125	1	3	8	16572.610046199516	16571.982119598077
SIFT1M	RESIDUAL_NLIST1024	B_TO_A	EA	E	6	6	127	0	5	7	39865.85306824435	49764.28217090638
SIFT1M	RESIDUAL_NLIST1024	B_TO_A	EA	E	6	6	127	1	2	7	40521.18634276639	39833.033872242144
SIFT1M	RESIDUAL_NLIST1024	B_TO_A	EA	E	7	7	119	0	5	8	33601.40358096622	38835.96938026529
SIFT1M	RESIDUAL_NLIST1024	B_TO_A	EA	E	7	7	119	1	3	8	22464.122300861098	22111.999666705397
SIFT1M	RESIDUAL_NLIST1024	B_TO_A	EA	E	8	8	123	0	5	8	37050.662201495266	35237.34036470734
SIFT1M	RESIDUAL_NLIST1024	B_TO_A	EA	E	8	8	123	1	3	8	16746.37709931664	17032.644443003242
SIFT1M	RESIDUAL_NLIST1024	B_TO_A	EA	E	9	9	115	0	5	8	31577.742557024554	34222.38065243947
SIFT1M	RESIDUAL_NLIST1024	B_TO_A	EA	E	9	9	115	1	3	8	23628.81305505044	22734.29803870114
SIFT1M	RESIDUAL_NLIST1024	B_TO_A	EA	E	10	10	124	0	5	8	39482.36664080383	38071.99996714281
SIFT1M	RESIDUAL_NLIST1024	B_TO_A	EA	E	10	10	124	1	3	8	17904.82984957716	18336.92170991975
SIFT1M	RESIDUAL_NLIST1024	B_TO_A	EA	E	11	11	118	0	5	8	38722.41616124384	39925.03707465787
SIFT1M	RESIDUAL_NLIST1024	B_TO_A	EA	E	11	11	118	1	3	8	21017.636620804922	21695.485890801527
SIFT1M	RESIDUAL_NLIST1024	B_TO_A	EA	E	12	12	117	0	5	8	37991.04241215451	34255.187487953386
SIFT1M	RESIDUAL_NLIST1024	B_TO_A	EA	E	12	12	117	1	3	8	22309.317821653105	22591.78214994852
SIFT1M	RESIDUAL_NLIST1024	B_TO_A	EA	E	13	13	116	0	5	8	34442.23454055372	33563.01509693627
SIFT1M	RESIDUAL_NLIST1024	B_TO_A	EA	E	13	13	116	1	3	8	22088.2422389458	21204.010271186307
SIFT1M	RESIDUAL_NLIST1024	B_TO_A	EA	E	14	14	114	0	5	8	31413.821434259808	31445.786443854373
SIFT1M	RESIDUAL_NLIST1024	B_TO_A	EA	E	14	14	114	1	3	8	25362.77583755595	25625.507993194675
SIFT1M	RESIDUAL_NLIST1024	B_TO_A	EA	E	15	15	106	0	5	8	27205.190764207822	25331.323654583088
SIFT1M	RESIDUAL_NLIST1024	B_TO_A	EA	E	15	15	106	1	3	8	30568.751423839538	31390.599284355696
SIFT1M	RESIDUAL_NLIST1024	B_TO_A	EA	E	16	16	111	0	5	8	34704.457100623404	31386.169348273856
SIFT1M	RESIDUAL_NLIST1024	B_TO_A	EA	E	16	16	111	1	3	8	25852.626774790315	26048.548813551177
SIFT1M	RESIDUAL_NLIST1024	B_TO_A	EA	E	17	17	110	0	5	8	32146.608948381032	40270.32115073603
SIFT1M	RESIDUAL_NLIST1024	B_TO_A	EA	E	17	17	110	1	3	8	28439.864385479494	26635.329962290387
SIFT1M	RESIDUAL_NLIST1024	B_TO_A	EA	E	18	18	104	0	5	8	25239.24412737205	35529.57762016676
SIFT1M	RESIDUAL_NLIST1024	B_TO_A	EA	E	18	18	104	1	3	8	33415.417574377476	34875.89472932393
SIFT1M	RESIDUAL_NLIST1024	B_TO_A	EA	E	19	19	108	0	5	8	28870.51870829225	28707.233956184486
SIFT1M	RESIDUAL_NLIST1024	B_TO_A	EA	E	19	19	108	1	3	8	31255.87696299884	31246.270474344376
SIFT1M	RESIDUAL_NLIST1024	B_TO_A	EA	E	20	20	112	0	5	8	31489.42016119683	31869.998932502844
SIFT1M	RESIDUAL_NLIST1024	B_TO_A	EA	E	20	20	112	1	3	8	25690.949198475944	26091.864333258454
SIFT1M	RESIDUAL_NLIST1024	B_TO_A	EA	E	21	21	109	0	5	8	32357.502017644947	33020.92201498794
SIFT1M	RESIDUAL_NLIST1024	B_TO_A	EA	E	21	21	109	1	3	8	28261.706352281904	30290.897125568197
SIFT1M	RESIDUAL_NLIST1024	B_TO_A	EA	E	22	22	107	0	5	8	31834.39430763621	32245.575028205643
SIFT1M	RESIDUAL_NLIST1024	B_TO_A	EA	E	22	22	107	1	3	8	33120.257195999526	33031.42904455582
SIFT1M	RESIDUAL_NLIST1024	B_TO_A	EA	E	23	23	105	0	5	8	27508.510873736035	24704.23382217664
SIFT1M	RESIDUAL_NLIST1024	B_TO_A	EA	E	23	23	105	1	3	8	33295.50873818161	35303.363842122344
SIFT1M	RESIDUAL_NLIST1024	B_TO_A	EA	E	24	24	103	0	5	8	26416.35751103988	27812.191723952223
SIFT1M	RESIDUAL_NLIST1024	B_TO_A	EA	E	24	24	103	1	3	8	33343.00897949078	36218.5708511609
SIFT1M	RESIDUAL_NLIST1024	B_TO_A	EA	E	25	25	102	0	5	8	25745.600008933572	25906.57234313334
SIFT1M	RESIDUAL_NLIST1024	B_TO_A	EA	E	25	25	102	1	3	8	35226.75496022379	38638.46625698492
SIFT1M	RESIDUAL_NLIST1024	B_TO_A	EA	E	26	26	101	0	5	8	25301.21903513029	25072.797439385467
SIFT1M	RESIDUAL_NLIST1024	B_TO_A	EA	E	26	26	101	1	3	8	34332.85616656947	34170.624202855906
SIFT1M	RESIDUAL_NLIST1024	B_TO_A	EA	E	27	27	100	0	5	8	28264.93231738882	27727.21049282128
SIFT1M	RESIDUAL_NLIST1024	B_TO_A	EA	E	27	27	100	1	3	8	34974.845908367104	35688.397860468045
SIFT1M	RESIDUAL_NLIST1024	B_TO_A	EA	E	28	28	96	0	5	8	24958.210066893444	24594.14016459458
SIFT1M	RESIDUAL_NLIST1024	B_TO_A	EA	E	28	28	96	1	3	8	39342.27720085618	41756.12955398655
SIFT1M	RESIDUAL_NLIST1024	B_TO_A	EA	E	29	29	97	0	5	8	20178.439529876563	24593.39930430612
SIFT1M	RESIDUAL_NLIST1024	B_TO_A	EA	E	29	29	97	1	3	8	40679.82758594477	41763.31542173031
SIFT1M	RESIDUAL_NLIST1024	B_TO_A	EA	E	30	30	98	0	5	8	24118.447722554272	28383.415923807464
SIFT1M	RESIDUAL_NLIST1024	B_TO_A	EA	E	30	30	98	1	3	8	39212.87079294325	40588.69687262253
SIFT1M	RESIDUAL_NLIST1024	B_TO_A	EA	E	31	31	99	0	5	8	24120.516898307702	23576.20222686341
SIFT1M	RESIDUAL_NLIST1024	B_TO_A	EA	E	31	31	99	1	3	8	36345.28382998897	40743.49520758774
SIFT1M	RESIDUAL_NLIST1024	B_TO_A	EA	E	32	32	95	0	5	8	24016.204523945376	25355.278569283488
SIFT1M	RESIDUAL_NLIST1024	B_TO_A	EA	E	32	32	95	1	3	8	40541.599246012156	40407.10209060183
SIFT1M	RESIDUAL_NLIST1024	B_TO_A	EA	E	33	33	93	0	5	8	22008.76792028173	27505.79417253178
SIFT1M	RESIDUAL_NLIST1024	B_TO_A	EA	E	33	33	93	1	3	8	41492.24526117124	40859.179485302084
SIFT1M	RESIDUAL_NLIST1024	B_TO_A	EA	E	34	34	92	0	5	8	19708.001382854265	20003.29442884623
SIFT1M	RESIDUAL_NLIST1024	B_TO_A	EA	E	34	34	92	1	3	8	42719.83184431323	44041.49930868739
SIFT1M	RESIDUAL_NLIST1024	B_TO_A	EA	E	35	35	94	0	5	9	22073.616935845075	25127.980427566916
SIFT1M	RESIDUAL_NLIST1024	B_TO_A	EA	E	35	35	94	1	4	9	12298.538176267006	12993.57226481554
SIFT1M	RESIDUAL_NLIST1024	B_TO_A	EA	E	36	36	89	0	4	8	46457.511403583274	52260.321465683184
SIFT1M	RESIDUAL_NLIST1024	B_TO_A	EA	E	36	36	89	1	4	8	15608.749509744452	14849.545783794678
SIFT1M	RESIDUAL_NLIST1024	B_TO_A	EA	E	37	37	90	0	5	8	19504.35770213953	20268.467832532548
SIFT1M	RESIDUAL_NLIST1024	B_TO_A	EA	E	37	37	90	1	3	8	43100.93636393703	45836.22357697997
SIFT1M	RESIDUAL_NLIST1024	B_TO_A	EA	E	38	38	91	0	5	8	19484.923553115223	19935.86974170478
SIFT1M	RESIDUAL_NLIST1024	B_TO_A	EA	E	38	38	91	1	3	8	42276.2391907259	43064.91872588523
SIFT1M	RESIDUAL_NLIST1024	B_TO_A	EA	E	39	39	88	0	4	8	46692.516170095594	47292.7594861743
SIFT1M	RESIDUAL_NLIST1024	B_TO_A	EA	E	39	39	88	1	4	8	15584.176128651505	14874.855438648028
SIFT1M	RESIDUAL_NLIST1024	B_TO_A	EA	E	40	40	86	0	4	8	47105.175170273666	44608.054417637875
SIFT1M	RESIDUAL_NLIST1024	B_TO_A	EA	E	40	40	86	1	4	8	15173.614109143473	16636.376538560624
SIFT1M	RESIDUAL_NLIST1024	B_TO_A	EA	E	41	41	85	0	4	8	44272.29418892875	42752.85141127036
SIFT1M	RESIDUAL_NLIST1024	B_TO_A	EA	E	41	41	85	1	4	8	17133.61117528085	15372.576752924364
SIFT1M	RESIDUAL_NLIST1024	B_TO_A	EA	E	42	42	87	0	4	8	44622.559604345355	43983.26939700319
SIFT1M	RESIDUAL_NLIST1024	B_TO_A	EA	E	42	42	87	1	4	8	16277.161164027852	17121.716566199942
SIFT1M	RESIDUAL_NLIST1024	B_TO_A	EA	E	43	43	84	0	4	8	44323.51318695827	51930.731476603534
SIFT1M	RESIDUAL_NLIST1024	B_TO_A	EA	E	43	43	84	1	4	8	16604.277876849	15786.710071365655
SIFT1M	RESIDUAL_NLIST1024	B_TO_A	EA	E	44	44	83	0	4	8	39208.96750161317	41596.2831251278
SIFT1M	RESIDUAL_NLIST1024	B_TO_A	EA	E	44	44	83	1	4	8	15542.004599691954	15387.5972287125
SIFT1M	RESIDUAL_NLIST1024	B_TO_A	EA	E	45	45	82	0	4	8	38028.084931533536	39883.91833503544
SIFT1M	RESIDUAL_NLIST1024	B_TO_A	EA	E	45	45	82	1	4	8	15606.842938612182	15977.449707180154
SIFT1M	RESIDUAL_NLIST1024	B_TO_A	EA	E	46	46	81	0	4	8	40170.08217035943	44572.17283288337
SIFT1M	RESIDUAL_NLIST1024	B_TO_A	EA	E	46	46	81	1	4	8	18086.11284330092	16296.197815273514
SIFT1M	RESIDUAL_NLIST1024	B_TO_A	EA	E	47	47	79	0	4	8	34507.43552098413	43136.335341325284
SIFT1M	RESIDUAL_NLIST1024	B_TO_A	EA	E	47	47	79	1	4	8	16123.981630595154	15833.155311964243
SIFT1M	RESIDUAL_NLIST1024	B_TO_A	EA	E	48	48	80	0	4	8	38027.990985590455	37616.3112566756
SIFT1M	RESIDUAL_NLIST1024	B_TO_A	EA	E	48	48	80	1	4	8	17030.65110074158	17283.820610277
SIFT1M	RESIDUAL_NLIST1024	B_TO_A	EA	E	49	49	78	0	4	8	34553.276371552995	36368.098571477174
SIFT1M	RESIDUAL_NLIST1024	B_TO_A	EA	E	49	49	78	1	4	8	17659.11804109575	22275.62300100409
SIFT1M	RESIDUAL_NLIST1024	B_TO_A	EA	E	50	50	74	0	4	8	34240.169497976436	36813.52064897111
SIFT1M	RESIDUAL_NLIST1024	B_TO_A	EA	E	50	50	74	1	4	8	19915.90998452044	19892.970968951122
SIFT1M	RESIDUAL_NLIST1024	B_TO_A	EA	E	51	51	76	0	4	8	36331.441932658854	34543.755998047425
SIFT1M	RESIDUAL_NLIST1024	B_TO_A	EA	E	51	51	76	1	4	8	19235.83271109561	19984.977881084993
SIFT1M	RESIDUAL_NLIST1024	B_TO_A	EA	E	52	52	77	0	4	8	35234.51928405219	37721.33520591294
SIFT1M	RESIDUAL_NLIST1024	B_TO_A	EA	E	52	52	77	1	4	8	17970.337760656894	19513.585833449204
SIFT1M	RESIDUAL_NLIST1024	B_TO_A	EA	E	53	53	75	0	4	8	32501.160757349127	33699.61613350405
SIFT1M	RESIDUAL_NLIST1024	B_TO_A	EA	E	53	53	75	1	4	8	19070.55053491526	18927.947164814803
SIFT1M	RESIDUAL_NLIST1024	B_TO_A	EA	E	54	54	72	0	4	8	28712.721302496866	30436.343996502517
SIFT1M	RESIDUAL_NLIST1024	B_TO_A	EA	E	54	54	72	1	4	8	19508.833978923394	19887.982076824697
SIFT1M	RESIDUAL_NLIST1024	B_TO_A	EA	E	55	55	73	0	4	8	29844.148457303567	30288.65612239435
SIFT1M	RESIDUAL_NLIST1024	B_TO_A	EA	E	55	55	73	1	4	8	20003.235932611373	22155.050717127637
SIFT1M	RESIDUAL_NLIST1024	B_TO_A	EA	E	56	56	69	0	4	8	28952.278153220603	32015.528584029962
SIFT1M	RESIDUAL_NLIST1024	B_TO_A	EA	E	56	56	69	1	4	8	19398.708792159705	20539.27411588823
SIFT1M	RESIDUAL_NLIST1024	B_TO_A	EA	E	57	57	70	0	4	8	29111.596179376567	33667.92038800557
SIFT1M	RESIDUAL_NLIST1024	B_TO_A	EA	E	57	57	70	1	4	8	20474.31751777124	21802.711050161088
SIFT1M	RESIDUAL_NLIST1024	B_TO_A	EA	E	58	58	71	0	4	8	29485.94770854133	30123.501115210092
SIFT1M	RESIDUAL_NLIST1024	B_TO_A	EA	E	58	58	71	1	4	8	21455.888866259193	20900.90245041556
SIFT1M	RESIDUAL_NLIST1024	B_TO_A	EA	E	59	59	63	0	4	8	27041.961781245882	28016.36677069243
SIFT1M	RESIDUAL_NLIST1024	B_TO_A	EA	E	59	59	63	1	4	8	25419.026521143955	26188.074283114765
SIFT1M	RESIDUAL_NLIST1024	B_TO_A	EA	E	60	60	68	0	4	8	27577.80617861347	27767.46374202284
SIFT1M	RESIDUAL_NLIST1024	B_TO_A	EA	E	60	60	68	1	4	8	24601.896615187994	21473.028473066115
SIFT1M	RESIDUAL_NLIST1024	B_TO_A	EA	E	61	61	67	0	4	8	28126.655139957853	31213.582546266553
SIFT1M	RESIDUAL_NLIST1024	B_TO_A	EA	E	61	61	67	1	4	8	21792.385617277425	22700.11350224146
SIFT1M	RESIDUAL_NLIST1024	B_TO_A	EA	E	62	62	66	0	4	8	28107.818441103856	27215.745636963362
SIFT1M	RESIDUAL_NLIST1024	B_TO_A	EA	E	62	62	66	1	4	8	23358.853882571166	28851.843591970544
SIFT1M	RESIDUAL_NLIST1024	B_TO_A	EA	E	63	64	65	0	4	8	26525.17412482508	24637.26483854097
SIFT1M	RESIDUAL_NLIST1024	B_TO_A	EA	E	63	64	65	1	4	8	27189.650883924456	24070.74662635605
SIFT1M	RESIDUAL_NLIST1024	B_TO_A	EA	S	0	0	113	0	5	8	40217.393421955814	86709.01764448473
SIFT1M	RESIDUAL_NLIST1024	B_TO_A	EA	S	0	0	113	1	3	8	25395.989816749843	25971.612280985217
SIFT1M	RESIDUAL_NLIST1024	B_TO_A	EA	S	1	1	120	0	5	8	38807.10387676125	37028.844327387276
SIFT1M	RESIDUAL_NLIST1024	B_TO_A	EA	S	1	1	120	1	3	8	18727.45598554142	19618.898658119928
SIFT1M	RESIDUAL_NLIST1024	B_TO_A	EA	S	2	2	121	0	5	8	31751.931071698862	41133.60344562438
SIFT1M	RESIDUAL_NLIST1024	B_TO_A	EA	S	2	2	121	1	3	8	17874.94865042594	19081.928752742533
SIFT1M	RESIDUAL_NLIST1024	B_TO_A	EA	S	3	3	126	0	5	8	40456.24857485094	43699.85156055673
SIFT1M	RESIDUAL_NLIST1024	B_TO_A	EA	S	3	3	126	1	3	8	13538.341042306361	14145.324861409474
SIFT1M	RESIDUAL_NLIST1024	B_TO_A	EA	S	4	4	122	0	5	8	39097.291578916236	34994.63773790328
SIFT1M	RESIDUAL_NLIST1024	B_TO_A	EA	S	4	4	122	1	3	8	17701.99857133798	18717.689118565533
SIFT1M	RESIDUAL_NLIST1024	B_TO_A	EA	S	5	5	125	0	5	8	39918.77137174181	43905.558853774615
SIFT1M	RESIDUAL_NLIST1024	B_TO_A	EA	S	5	5	125	1	3	8	16572.610046199516	16571.982119598077
SIFT1M	RESIDUAL_NLIST1024	B_TO_A	EA	S	6	6	127	0	5	7	39865.85306824435	49764.28217090638
SIFT1M	RESIDUAL_NLIST1024	B_TO_A	EA	S	6	6	127	1	2	7	40521.18634276639	39833.033872242144
SIFT1M	RESIDUAL_NLIST1024	B_TO_A	EA	S	7	7	119	0	5	8	33601.40358096622	38835.96938026529
SIFT1M	RESIDUAL_NLIST1024	B_TO_A	EA	S	7	7	119	1	3	8	22464.122300861098	22111.999666705397
SIFT1M	RESIDUAL_NLIST1024	B_TO_A	EA	S	8	8	123	0	5	8	37050.662201495266	35237.34036470734
SIFT1M	RESIDUAL_NLIST1024	B_TO_A	EA	S	8	8	123	1	3	8	16746.37709931664	17032.644443003242
SIFT1M	RESIDUAL_NLIST1024	B_TO_A	EA	S	9	9	115	0	5	8	31577.742557024554	34222.38065243947
SIFT1M	RESIDUAL_NLIST1024	B_TO_A	EA	S	9	9	115	1	3	8	23628.81305505044	22734.29803870114
SIFT1M	RESIDUAL_NLIST1024	B_TO_A	EA	S	10	10	124	0	5	8	39482.36664080383	38071.99996714281
SIFT1M	RESIDUAL_NLIST1024	B_TO_A	EA	S	10	10	124	1	3	8	17904.82984957716	18336.92170991975
SIFT1M	RESIDUAL_NLIST1024	B_TO_A	EA	S	11	11	118	0	5	8	38722.41616124384	39925.03707465787
SIFT1M	RESIDUAL_NLIST1024	B_TO_A	EA	S	11	11	118	1	3	8	21017.636620804922	21695.485890801527
SIFT1M	RESIDUAL_NLIST1024	B_TO_A	EA	S	12	12	117	0	5	8	37991.04241215451	34255.187487953386
SIFT1M	RESIDUAL_NLIST1024	B_TO_A	EA	S	12	12	117	1	3	8	22309.317821653105	22591.78214994852
SIFT1M	RESIDUAL_NLIST1024	B_TO_A	EA	S	13	13	116	0	5	8	34442.23454055372	33563.01509693627
SIFT1M	RESIDUAL_NLIST1024	B_TO_A	EA	S	13	13	116	1	3	8	22088.2422389458	21204.010271186307
SIFT1M	RESIDUAL_NLIST1024	B_TO_A	EA	S	14	14	114	0	5	8	31413.821434259808	31445.786443854373
SIFT1M	RESIDUAL_NLIST1024	B_TO_A	EA	S	14	14	114	1	3	8	25362.77583755595	25625.507993194675
SIFT1M	RESIDUAL_NLIST1024	B_TO_A	EA	S	15	15	106	0	5	8	27205.190764207822	25331.323654583088
SIFT1M	RESIDUAL_NLIST1024	B_TO_A	EA	S	15	15	106	1	3	8	30568.751423839538	31390.599284355696
SIFT1M	RESIDUAL_NLIST1024	B_TO_A	EA	S	16	16	111	0	5	8	34704.457100623404	31386.169348273856
SIFT1M	RESIDUAL_NLIST1024	B_TO_A	EA	S	16	16	111	1	3	8	25852.626774790315	26048.548813551177
SIFT1M	RESIDUAL_NLIST1024	B_TO_A	EA	S	17	17	110	0	5	8	32146.608948381032	40270.32115073603
SIFT1M	RESIDUAL_NLIST1024	B_TO_A	EA	S	17	17	110	1	3	8	28439.864385479494	26635.329962290387
SIFT1M	RESIDUAL_NLIST1024	B_TO_A	EA	S	18	18	104	0	5	8	25239.24412737205	35529.57762016676
SIFT1M	RESIDUAL_NLIST1024	B_TO_A	EA	S	18	18	104	1	3	8	33415.417574377476	34875.89472932393
SIFT1M	RESIDUAL_NLIST1024	B_TO_A	EA	S	19	19	108	0	5	8	28870.51870829225	28707.233956184486
SIFT1M	RESIDUAL_NLIST1024	B_TO_A	EA	S	19	19	108	1	3	8	31255.87696299884	31246.270474344376
SIFT1M	RESIDUAL_NLIST1024	B_TO_A	EA	S	20	20	112	0	5	8	31489.42016119683	31869.998932502844
SIFT1M	RESIDUAL_NLIST1024	B_TO_A	EA	S	20	20	112	1	3	8	25690.949198475944	26091.864333258454
SIFT1M	RESIDUAL_NLIST1024	B_TO_A	EA	S	21	21	109	0	5	8	32357.502017644947	33020.92201498794
SIFT1M	RESIDUAL_NLIST1024	B_TO_A	EA	S	21	21	109	1	3	8	28261.706352281904	30290.897125568197
SIFT1M	RESIDUAL_NLIST1024	B_TO_A	EA	S	22	22	107	0	5	8	31834.39430763621	32245.575028205643
SIFT1M	RESIDUAL_NLIST1024	B_TO_A	EA	S	22	22	107	1	3	8	33120.257195999526	33031.42904455582
SIFT1M	RESIDUAL_NLIST1024	B_TO_A	EA	S	23	23	105	0	5	8	27508.510873736035	24704.23382217664
SIFT1M	RESIDUAL_NLIST1024	B_TO_A	EA	S	23	23	105	1	3	8	33295.50873818161	35303.363842122344
SIFT1M	RESIDUAL_NLIST1024	B_TO_A	EA	S	24	24	103	0	5	8	26416.35751103988	27812.191723952223
SIFT1M	RESIDUAL_NLIST1024	B_TO_A	EA	S	24	24	103	1	3	8	33343.00897949078	36218.5708511609
SIFT1M	RESIDUAL_NLIST1024	B_TO_A	EA	S	25	25	102	0	5	8	25745.600008933572	25906.57234313334
SIFT1M	RESIDUAL_NLIST1024	B_TO_A	EA	S	25	25	102	1	3	8	35226.75496022379	38638.46625698492
SIFT1M	RESIDUAL_NLIST1024	B_TO_A	EA	S	26	26	101	0	5	8	25301.21903513029	25072.797439385467
SIFT1M	RESIDUAL_NLIST1024	B_TO_A	EA	S	26	26	101	1	3	8	34332.85616656947	34170.624202855906
SIFT1M	RESIDUAL_NLIST1024	B_TO_A	EA	S	27	27	100	0	5	8	28264.93231738882	27727.21049282128
SIFT1M	RESIDUAL_NLIST1024	B_TO_A	EA	S	27	27	100	1	3	8	34974.845908367104	35688.397860468045
SIFT1M	RESIDUAL_NLIST1024	B_TO_A	EA	S	28	28	96	0	5	8	24958.210066893444	24594.14016459458
SIFT1M	RESIDUAL_NLIST1024	B_TO_A	EA	S	28	28	96	1	3	8	39342.27720085618	41756.12955398655
SIFT1M	RESIDUAL_NLIST1024	B_TO_A	EA	S	29	29	97	0	5	8	20178.439529876563	24593.39930430612
SIFT1M	RESIDUAL_NLIST1024	B_TO_A	EA	S	29	29	97	1	3	8	40679.82758594477	41763.31542173031
SIFT1M	RESIDUAL_NLIST1024	B_TO_A	EA	S	30	30	98	0	5	8	24118.447722554272	28383.415923807464
SIFT1M	RESIDUAL_NLIST1024	B_TO_A	EA	S	30	30	98	1	3	8	39212.87079294325	40588.69687262253
SIFT1M	RESIDUAL_NLIST1024	B_TO_A	EA	S	31	31	99	0	5	8	24120.516898307702	23576.20222686341
SIFT1M	RESIDUAL_NLIST1024	B_TO_A	EA	S	31	31	99	1	3	8	36345.28382998897	40743.49520758774
SIFT1M	RESIDUAL_NLIST1024	B_TO_A	EA	S	32	32	95	0	5	8	24016.204523945376	25355.278569283488
SIFT1M	RESIDUAL_NLIST1024	B_TO_A	EA	S	32	32	95	1	3	8	40541.599246012156	40407.10209060183
SIFT1M	RESIDUAL_NLIST1024	B_TO_A	EA	S	33	33	93	0	5	8	22008.76792028173	27505.79417253178
SIFT1M	RESIDUAL_NLIST1024	B_TO_A	EA	S	33	33	93	1	3	8	41492.24526117124	40859.179485302084
SIFT1M	RESIDUAL_NLIST1024	B_TO_A	EA	S	34	34	92	0	5	8	19708.001382854265	20003.29442884623
SIFT1M	RESIDUAL_NLIST1024	B_TO_A	EA	S	34	34	92	1	3	8	42719.83184431323	44041.49930868739
SIFT1M	RESIDUAL_NLIST1024	B_TO_A	EA	S	35	35	94	0	5	9	22073.616935845075	25127.980427566916
SIFT1M	RESIDUAL_NLIST1024	B_TO_A	EA	S	35	35	94	1	4	9	12298.538176267006	12993.57226481554
SIFT1M	RESIDUAL_NLIST1024	B_TO_A	EA	S	36	36	89	0	4	8	46457.511403583274	52260.321465683184
SIFT1M	RESIDUAL_NLIST1024	B_TO_A	EA	S	36	36	89	1	4	8	15608.749509744452	14849.545783794678
SIFT1M	RESIDUAL_NLIST1024	B_TO_A	EA	S	37	37	90	0	5	8	19504.35770213953	20268.467832532548
SIFT1M	RESIDUAL_NLIST1024	B_TO_A	EA	S	37	37	90	1	3	8	43100.93636393703	45836.22357697997
SIFT1M	RESIDUAL_NLIST1024	B_TO_A	EA	S	38	38	91	0	5	8	19484.923553115223	19935.86974170478
SIFT1M	RESIDUAL_NLIST1024	B_TO_A	EA	S	38	38	91	1	3	8	42276.2391907259	43064.91872588523
SIFT1M	RESIDUAL_NLIST1024	B_TO_A	EA	S	39	39	88	0	4	8	46692.516170095594	47292.7594861743
SIFT1M	RESIDUAL_NLIST1024	B_TO_A	EA	S	39	39	88	1	4	8	15584.176128651505	14874.855438648028
SIFT1M	RESIDUAL_NLIST1024	B_TO_A	EA	S	40	40	86	0	4	8	47105.175170273666	44608.054417637875
SIFT1M	RESIDUAL_NLIST1024	B_TO_A	EA	S	40	40	86	1	4	8	15173.614109143473	16636.376538560624
SIFT1M	RESIDUAL_NLIST1024	B_TO_A	EA	S	41	41	85	0	4	8	44272.29418892875	42752.85141127036
SIFT1M	RESIDUAL_NLIST1024	B_TO_A	EA	S	41	41	85	1	4	8	17133.61117528085	15372.576752924364
SIFT1M	RESIDUAL_NLIST1024	B_TO_A	EA	S	42	42	87	0	4	8	44622.559604345355	43983.26939700319
SIFT1M	RESIDUAL_NLIST1024	B_TO_A	EA	S	42	42	87	1	4	8	16277.161164027852	17121.716566199942
SIFT1M	RESIDUAL_NLIST1024	B_TO_A	EA	S	43	43	84	0	4	8	44323.51318695827	51930.731476603534
SIFT1M	RESIDUAL_NLIST1024	B_TO_A	EA	S	43	43	84	1	4	8	16604.277876849	15786.710071365655
SIFT1M	RESIDUAL_NLIST1024	B_TO_A	EA	S	44	44	83	0	4	8	39208.96750161317	41596.2831251278
SIFT1M	RESIDUAL_NLIST1024	B_TO_A	EA	S	44	44	83	1	4	8	15542.004599691954	15387.5972287125
SIFT1M	RESIDUAL_NLIST1024	B_TO_A	EA	S	45	45	82	0	4	8	38028.084931533536	39883.91833503544
SIFT1M	RESIDUAL_NLIST1024	B_TO_A	EA	S	45	45	82	1	4	8	15606.842938612182	15977.449707180154
SIFT1M	RESIDUAL_NLIST1024	B_TO_A	EA	S	46	46	81	0	4	8	40170.08217035943	44572.17283288337
SIFT1M	RESIDUAL_NLIST1024	B_TO_A	EA	S	46	46	81	1	4	8	18086.11284330092	16296.197815273514
SIFT1M	RESIDUAL_NLIST1024	B_TO_A	EA	S	47	47	79	0	4	8	34507.43552098413	43136.335341325284
SIFT1M	RESIDUAL_NLIST1024	B_TO_A	EA	S	47	47	79	1	4	8	16123.981630595154	15833.155311964243
SIFT1M	RESIDUAL_NLIST1024	B_TO_A	EA	S	48	48	80	0	4	8	38027.990985590455	37616.3112566756
SIFT1M	RESIDUAL_NLIST1024	B_TO_A	EA	S	48	48	80	1	4	8	17030.65110074158	17283.820610277
SIFT1M	RESIDUAL_NLIST1024	B_TO_A	EA	S	49	49	78	0	4	8	34553.276371552995	36368.098571477174
SIFT1M	RESIDUAL_NLIST1024	B_TO_A	EA	S	49	49	78	1	4	8	17659.11804109575	22275.62300100409
SIFT1M	RESIDUAL_NLIST1024	B_TO_A	EA	S	50	50	74	0	4	8	34240.169497976436	36813.52064897111
SIFT1M	RESIDUAL_NLIST1024	B_TO_A	EA	S	50	50	74	1	4	8	19915.90998452044	19892.970968951122
SIFT1M	RESIDUAL_NLIST1024	B_TO_A	EA	S	51	51	76	0	4	8	36331.441932658854	34543.755998047425
SIFT1M	RESIDUAL_NLIST1024	B_TO_A	EA	S	51	51	76	1	4	8	19235.83271109561	19984.977881084993
SIFT1M	RESIDUAL_NLIST1024	B_TO_A	EA	S	52	52	77	0	4	8	35234.51928405219	37721.33520591294
SIFT1M	RESIDUAL_NLIST1024	B_TO_A	EA	S	52	52	77	1	4	8	17970.337760656894	19513.585833449204
SIFT1M	RESIDUAL_NLIST1024	B_TO_A	EA	S	53	53	75	0	4	8	32501.160757349127	33699.61613350405
SIFT1M	RESIDUAL_NLIST1024	B_TO_A	EA	S	53	53	75	1	4	8	19070.55053491526	18927.947164814803
SIFT1M	RESIDUAL_NLIST1024	B_TO_A	EA	S	54	54	72	0	4	8	28712.721302496866	30436.343996502517
SIFT1M	RESIDUAL_NLIST1024	B_TO_A	EA	S	54	54	72	1	4	8	19508.833978923394	19887.982076824697
SIFT1M	RESIDUAL_NLIST1024	B_TO_A	EA	S	55	55	73	0	4	8	29844.148457303567	30288.65612239435
SIFT1M	RESIDUAL_NLIST1024	B_TO_A	EA	S	55	55	73	1	4	8	20003.235932611373	22155.050717127637
SIFT1M	RESIDUAL_NLIST1024	B_TO_A	EA	S	56	56	69	0	4	8	28952.278153220603	32015.528584029962
SIFT1M	RESIDUAL_NLIST1024	B_TO_A	EA	S	56	56	69	1	4	8	19398.708792159705	20539.27411588823
SIFT1M	RESIDUAL_NLIST1024	B_TO_A	EA	S	57	57	70	0	4	8	29111.596179376567	33667.92038800557
SIFT1M	RESIDUAL_NLIST1024	B_TO_A	EA	S	57	57	70	1	4	8	20474.31751777124	21802.711050161088
SIFT1M	RESIDUAL_NLIST1024	B_TO_A	EA	S	58	58	71	0	4	8	29485.94770854133	30123.501115210092
SIFT1M	RESIDUAL_NLIST1024	B_TO_A	EA	S	58	58	71	1	4	8	21455.888866259193	20900.90245041556
SIFT1M	RESIDUAL_NLIST1024	B_TO_A	EA	S	59	59	63	0	4	8	27041.961781245882	28016.36677069243
SIFT1M	RESIDUAL_NLIST1024	B_TO_A	EA	S	59	59	63	1	4	8	25419.026521143955	26188.074283114765
SIFT1M	RESIDUAL_NLIST1024	B_TO_A	EA	S	60	60	68	0	4	8	27577.80617861347	27767.46374202284
SIFT1M	RESIDUAL_NLIST1024	B_TO_A	EA	S	60	60	68	1	4	8	24601.896615187994	21473.028473066115
SIFT1M	RESIDUAL_NLIST1024	B_TO_A	EA	S	61	61	67	0	4	8	28126.655139957853	31213.582546266553
SIFT1M	RESIDUAL_NLIST1024	B_TO_A	EA	S	61	61	67	1	4	8	21792.385617277425	22700.11350224146
SIFT1M	RESIDUAL_NLIST1024	B_TO_A	EA	S	62	62	66	0	4	8	28107.818441103856	27215.745636963362
SIFT1M	RESIDUAL_NLIST1024	B_TO_A	EA	S	62	62	66	1	4	8	23358.853882571166	28851.843591970544
SIFT1M	RESIDUAL_NLIST1024	B_TO_A	EA	S	63	64	65	0	4	8	26525.17412482508	24637.26483854097
SIFT1M	RESIDUAL_NLIST1024	B_TO_A	EA	S	63	64	65	1	4	8	27189.650883924456	24070.74662635605
GIST1M_HEAD128	RESIDUAL_NLIST1024	A_TO_B	ADJ	U	0	0	1	0	4	8	3.471015518242617	3.801665029319351
GIST1M_HEAD128	RESIDUAL_NLIST1024	A_TO_B	ADJ	U	0	0	1	1	4	8	2.5720216572714247	4.30473686948161
GIST1M_HEAD128	RESIDUAL_NLIST1024	A_TO_B	ADJ	U	1	2	3	0	4	8	2.930943087345483	4.114956220837203
GIST1M_HEAD128	RESIDUAL_NLIST1024	A_TO_B	ADJ	U	1	2	3	1	4	8	2.5833287886448586	2.8560171703344475
GIST1M_HEAD128	RESIDUAL_NLIST1024	A_TO_B	ADJ	U	2	4	5	0	4	8	2.6280225487398994	2.391584005259199
GIST1M_HEAD128	RESIDUAL_NLIST1024	A_TO_B	ADJ	U	2	4	5	1	4	8	3.8297179132533037	2.821843393596126
GIST1M_HEAD128	RESIDUAL_NLIST1024	A_TO_B	ADJ	U	3	6	7	0	4	8	2.556271261815498	2.5998705051148097
GIST1M_HEAD128	RESIDUAL_NLIST1024	A_TO_B	ADJ	U	3	6	7	1	4	8	2.3370145989015634	2.63695566171754
GIST1M_HEAD128	RESIDUAL_NLIST1024	A_TO_B	ADJ	U	4	8	9	0	4	8	2.2018910497325708	2.241446613157632
GIST1M_HEAD128	RESIDUAL_NLIST1024	A_TO_B	ADJ	U	4	8	9	1	4	8	2.6122325422231083	2.6544455058104295
GIST1M_HEAD128	RESIDUAL_NLIST1024	A_TO_B	ADJ	U	5	10	11	0	4	8	2.0482190629578696	2.053057848059802
GIST1M_HEAD128	RESIDUAL_NLIST1024	A_TO_B	ADJ	U	5	10	11	1	4	8	2.264603490133428	2.975115514572372
GIST1M_HEAD128	RESIDUAL_NLIST1024	A_TO_B	ADJ	U	6	12	13	0	4	8	1.8793957376481047	1.7235150715519891
GIST1M_HEAD128	RESIDUAL_NLIST1024	A_TO_B	ADJ	U	6	12	13	1	4	8	1.9980914491920139	2.058569096433219
GIST1M_HEAD128	RESIDUAL_NLIST1024	A_TO_B	ADJ	U	7	14	15	0	4	8	2.486793082230168	2.2985519432172694
GIST1M_HEAD128	RESIDUAL_NLIST1024	A_TO_B	ADJ	U	7	14	15	1	4	8	1.786817451056787	1.7818356854020903
GIST1M_HEAD128	RESIDUAL_NLIST1024	A_TO_B	ADJ	U	8	16	17	0	4	8	2.0497773089092246	2.0968853353300636
GIST1M_HEAD128	RESIDUAL_NLIST1024	A_TO_B	ADJ	U	8	16	17	1	4	8	1.4078946999418058	1.5197718151787871
GIST1M_HEAD128	RESIDUAL_NLIST1024	A_TO_B	ADJ	U	9	18	19	0	4	8	2.720234246421585	2.140999550049848
GIST1M_HEAD128	RESIDUAL_NLIST1024	A_TO_B	ADJ	U	9	18	19	1	4	8	1.5044954790911171	1.422761691048756
GIST1M_HEAD128	RESIDUAL_NLIST1024	A_TO_B	ADJ	U	10	20	21	0	4	8	1.5031385509273543	1.3916345363848495
GIST1M_HEAD128	RESIDUAL_NLIST1024	A_TO_B	ADJ	U	10	20	21	1	4	8	1.8367926928909841	1.7358240620369305
GIST1M_HEAD128	RESIDUAL_NLIST1024	A_TO_B	ADJ	U	11	22	23	0	4	8	1.3038104286062457	1.4107440525432846
GIST1M_HEAD128	RESIDUAL_NLIST1024	A_TO_B	ADJ	U	11	22	23	1	4	8	1.3167972361660945	2.040118141615321
GIST1M_HEAD128	RESIDUAL_NLIST1024	A_TO_B	ADJ	U	12	24	25	0	4	8	1.2386271089632648	1.1667563103054386
GIST1M_HEAD128	RESIDUAL_NLIST1024	A_TO_B	ADJ	U	12	24	25	1	4	8	1.4182143565386913	1.0550976741199443
GIST1M_HEAD128	RESIDUAL_NLIST1024	A_TO_B	ADJ	U	13	26	27	0	4	8	1.0500409385170388	1.1671520011366632
GIST1M_HEAD128	RESIDUAL_NLIST1024	A_TO_B	ADJ	U	13	26	27	1	4	8	0.9265909177513916	0.9586720693198164
GIST1M_HEAD128	RESIDUAL_NLIST1024	A_TO_B	ADJ	U	14	28	29	0	4	8	1.0718420928523753	0.975832569340416
GIST1M_HEAD128	RESIDUAL_NLIST1024	A_TO_B	ADJ	U	14	28	29	1	4	8	0.9165558808342865	0.9169484158597117
GIST1M_HEAD128	RESIDUAL_NLIST1024	A_TO_B	ADJ	U	15	30	31	0	4	8	0.9141838378955761	0.8482060280656158
GIST1M_HEAD128	RESIDUAL_NLIST1024	A_TO_B	ADJ	U	15	30	31	1	4	8	0.9139522518676937	1.18345071591424
GIST1M_HEAD128	RESIDUAL_NLIST1024	A_TO_B	ADJ	U	16	32	33	0	4	8	0.9134873485362286	0.8645187766158615
GIST1M_HEAD128	RESIDUAL_NLIST1024	A_TO_B	ADJ	U	16	32	33	1	4	8	0.7731498472498946	0.8675860513001612
GIST1M_HEAD128	RESIDUAL_NLIST1024	A_TO_B	ADJ	U	17	34	35	0	4	8	1.7413986885865493	2.093687516076073
GIST1M_HEAD128	RESIDUAL_NLIST1024	A_TO_B	ADJ	U	17	34	35	1	4	8	1.2674637525934123	1.4843112851380604
GIST1M_HEAD128	RESIDUAL_NLIST1024	A_TO_B	ADJ	U	18	36	37	0	4	8	0.7841074675613047	0.9346608720327814
GIST1M_HEAD128	RESIDUAL_NLIST1024	A_TO_B	ADJ	U	18	36	37	1	4	8	0.7290476673809284	0.6700497900987115
GIST1M_HEAD128	RESIDUAL_NLIST1024	A_TO_B	ADJ	U	19	38	39	0	4	8	0.8193184430893556	1.0219334012753214
GIST1M_HEAD128	RESIDUAL_NLIST1024	A_TO_B	ADJ	U	19	38	39	1	4	8	0.7457950323934426	0.9935990485775463
GIST1M_HEAD128	RESIDUAL_NLIST1024	A_TO_B	ADJ	U	20	40	41	0	4	8	0.7983413413915657	0.9284174736410918
GIST1M_HEAD128	RESIDUAL_NLIST1024	A_TO_B	ADJ	U	20	40	41	1	4	8	1.15072342447166	1.1281428732458156
GIST1M_HEAD128	RESIDUAL_NLIST1024	A_TO_B	ADJ	U	21	42	43	0	4	8	0.7422409781408243	0.7413067851187469
GIST1M_HEAD128	RESIDUAL_NLIST1024	A_TO_B	ADJ	U	21	42	43	1	4	8	0.6949223421194712	0.7441383453180774
GIST1M_HEAD128	RESIDUAL_NLIST1024	A_TO_B	ADJ	U	22	44	45	0	4	8	0.7347175432325633	0.7354001272180659
GIST1M_HEAD128	RESIDUAL_NLIST1024	A_TO_B	ADJ	U	22	44	45	1	4	8	0.9106364666302341	0.7934894986594645
GIST1M_HEAD128	RESIDUAL_NLIST1024	A_TO_B	ADJ	U	23	46	47	0	4	8	0.7144965022592347	0.7361038406109395
GIST1M_HEAD128	RESIDUAL_NLIST1024	A_TO_B	ADJ	U	23	46	47	1	4	8	1.085086197830882	1.0858475377911851
GIST1M_HEAD128	RESIDUAL_NLIST1024	A_TO_B	ADJ	U	24	48	49	0	4	8	0.6336560500890862	0.8113366929249286
GIST1M_HEAD128	RESIDUAL_NLIST1024	A_TO_B	ADJ	U	24	48	49	1	4	8	0.5998667063671543	0.8124234184217762
GIST1M_HEAD128	RESIDUAL_NLIST1024	A_TO_B	ADJ	U	25	50	51	0	4	8	0.6061078072798904	0.7387000136870074
GIST1M_HEAD128	RESIDUAL_NLIST1024	A_TO_B	ADJ	U	25	50	51	1	4	8	1.188827203643136	1.4008645051525461
GIST1M_HEAD128	RESIDUAL_NLIST1024	A_TO_B	ADJ	U	26	52	53	0	4	8	0.6029272522273286	0.713174232878086
GIST1M_HEAD128	RESIDUAL_NLIST1024	A_TO_B	ADJ	U	26	52	53	1	4	8	0.70928091708088	0.6815906298434498
GIST1M_HEAD128	RESIDUAL_NLIST1024	A_TO_B	ADJ	U	27	54	55	0	4	8	0.6052689524405104	0.5694018757096595
GIST1M_HEAD128	RESIDUAL_NLIST1024	A_TO_B	ADJ	U	27	54	55	1	4	8	0.5408896390616434	0.5605113173556162
GIST1M_HEAD128	RESIDUAL_NLIST1024	A_TO_B	ADJ	U	28	56	57	0	4	8	0.5195829150436486	0.5512683885264116
GIST1M_HEAD128	RESIDUAL_NLIST1024	A_TO_B	ADJ	U	28	56	57	1	4	8	0.5780223757958122	0.579056404757337
GIST1M_HEAD128	RESIDUAL_NLIST1024	A_TO_B	ADJ	U	29	58	59	0	4	8	0.5446128037647793	0.5449411343878857
GIST1M_HEAD128	RESIDUAL_NLIST1024	A_TO_B	ADJ	U	29	58	59	1	4	8	0.5298844202308792	0.6239992180062975
GIST1M_HEAD128	RESIDUAL_NLIST1024	A_TO_B	ADJ	U	30	60	61	0	4	8	0.4960814017621792	0.47187744979647417
GIST1M_HEAD128	RESIDUAL_NLIST1024	A_TO_B	ADJ	U	30	60	61	1	4	8	0.4075136784088811	0.6123842619945985
GIST1M_HEAD128	RESIDUAL_NLIST1024	A_TO_B	ADJ	U	31	62	63	0	4	8	0.5705383112058889	0.5795858432175381
GIST1M_HEAD128	RESIDUAL_NLIST1024	A_TO_B	ADJ	U	31	62	63	1	4	8	0.5549506157813264	0.5680943534880867
GIST1M_HEAD128	RESIDUAL_NLIST1024	A_TO_B	ADJ	U	32	64	65	0	4	8	0.44650467053526993	0.5898582190595394
GIST1M_HEAD128	RESIDUAL_NLIST1024	A_TO_B	ADJ	U	32	64	65	1	4	8	1.1324301010691076	2.757151421948329
GIST1M_HEAD128	RESIDUAL_NLIST1024	A_TO_B	ADJ	U	33	66	67	0	4	8	0.4493591563369793	0.4490162938549092
GIST1M_HEAD128	RESIDUAL_NLIST1024	A_TO_B	ADJ	U	33	66	67	1	4	8	0.4367970259200825	0.5429296123741993
GIST1M_HEAD128	RESIDUAL_NLIST1024	A_TO_B	ADJ	U	34	68	69	0	4	8	0.40859061931716	0.42945250570028176
GIST1M_HEAD128	RESIDUAL_NLIST1024	A_TO_B	ADJ	U	34	68	69	1	4	8	0.6799053320988103	0.6719698583352447
GIST1M_HEAD128	RESIDUAL_NLIST1024	A_TO_B	ADJ	U	35	70	71	0	4	8	0.7958860692851737	0.6890308415378712
GIST1M_HEAD128	RESIDUAL_NLIST1024	A_TO_B	ADJ	U	35	70	71	1	4	8	0.6779767957017109	0.7462383963743159
GIST1M_HEAD128	RESIDUAL_NLIST1024	A_TO_B	ADJ	U	36	72	73	0	4	8	0.40562415332004326	0.435793167008813
GIST1M_HEAD128	RESIDUAL_NLIST1024	A_TO_B	ADJ	U	36	72	73	1	4	8	0.37706122477760395	0.3983501773512585
GIST1M_HEAD128	RESIDUAL_NLIST1024	A_TO_B	ADJ	U	37	74	75	0	4	8	0.3617790449290376	0.3350510660123575
GIST1M_HEAD128	RESIDUAL_NLIST1024	A_TO_B	ADJ	U	37	74	75	1	4	8	0.4433301026070162	0.4298867539858951
GIST1M_HEAD128	RESIDUAL_NLIST1024	A_TO_B	ADJ	U	38	76	77	0	4	8	0.3357256904041255	0.3641084728564606
GIST1M_HEAD128	RESIDUAL_NLIST1024	A_TO_B	ADJ	U	38	76	77	1	4	8	0.3558966089681763	0.40512037503361414
GIST1M_HEAD128	RESIDUAL_NLIST1024	A_TO_B	ADJ	U	39	78	79	0	4	8	0.44214913709395354	0.3969289081220529
GIST1M_HEAD128	RESIDUAL_NLIST1024	A_TO_B	ADJ	U	39	78	79	1	4	8	0.689644832302968	0.4730770521771317
GIST1M_HEAD128	RESIDUAL_NLIST1024	A_TO_B	ADJ	U	40	80	81	0	4	8	0.6477199545783372	1.0534152455791859
GIST1M_HEAD128	RESIDUAL_NLIST1024	A_TO_B	ADJ	U	40	80	81	1	4	8	0.3384679185761877	0.3629730486638345
GIST1M_HEAD128	RESIDUAL_NLIST1024	A_TO_B	ADJ	U	41	82	83	0	4	8	0.30469145264949393	0.38981352947147185
GIST1M_HEAD128	RESIDUAL_NLIST1024	A_TO_B	ADJ	U	41	82	83	1	4	8	0.7228537968055215	0.622526151777316
GIST1M_HEAD128	RESIDUAL_NLIST1024	A_TO_B	ADJ	U	42	84	85	0	4	8	0.36586102673178544	0.3173833642365231
GIST1M_HEAD128	RESIDUAL_NLIST1024	A_TO_B	ADJ	U	42	84	85	1	4	8	0.37096849571332047	0.3907501010496313
GIST1M_HEAD128	RESIDUAL_NLIST1024	A_TO_B	ADJ	U	43	86	87	0	4	8	0.28841150933955106	0.3624862338144884
GIST1M_HEAD128	RESIDUAL_NLIST1024	A_TO_B	ADJ	U	43	86	87	1	4	8	0.2906294764919677	0.3372246716947266
GIST1M_HEAD128	RESIDUAL_NLIST1024	A_TO_B	ADJ	U	44	88	89	0	4	8	0.3319676233485698	0.38427082678157726
GIST1M_HEAD128	RESIDUAL_NLIST1024	A_TO_B	ADJ	U	44	88	89	1	4	8	0.3155484644143205	0.3155027108620189
GIST1M_HEAD128	RESIDUAL_NLIST1024	A_TO_B	ADJ	U	45	90	91	0	4	8	0.2802070878103865	0.32314426968714316
GIST1M_HEAD128	RESIDUAL_NLIST1024	A_TO_B	ADJ	U	45	90	91	1	4	8	0.33289616153214396	0.3174624918194944
GIST1M_HEAD128	RESIDUAL_NLIST1024	A_TO_B	ADJ	U	46	92	93	0	4	8	0.3032090963139953	0.2972125833050214
GIST1M_HEAD128	RESIDUAL_NLIST1024	A_TO_B	ADJ	U	46	92	93	1	4	8	0.3820507099985983	0.3778799552561296
GIST1M_HEAD128	RESIDUAL_NLIST1024	A_TO_B	ADJ	U	47	94	95	0	4	8	0.33421358789909905	0.35291772794484566
GIST1M_HEAD128	RESIDUAL_NLIST1024	A_TO_B	ADJ	U	47	94	95	1	4	8	0.3183914378110094	0.29085289430775724
GIST1M_HEAD128	RESIDUAL_NLIST1024	A_TO_B	ADJ	U	48	96	97	0	4	8	0.3549611819171401	0.41393510079596196
GIST1M_HEAD128	RESIDUAL_NLIST1024	A_TO_B	ADJ	U	48	96	97	1	4	8	0.36339479267306907	0.3374464869409367
GIST1M_HEAD128	RESIDUAL_NLIST1024	A_TO_B	ADJ	U	49	98	99	0	4	8	0.5543705573109676	0.5705313302364219
GIST1M_HEAD128	RESIDUAL_NLIST1024	A_TO_B	ADJ	U	49	98	99	1	4	8	0.3063863386081416	0.28649250716529007
GIST1M_HEAD128	RESIDUAL_NLIST1024	A_TO_B	ADJ	U	50	100	101	0	4	8	0.3924030971031218	0.5077081571625015
GIST1M_HEAD128	RESIDUAL_NLIST1024	A_TO_B	ADJ	U	50	100	101	1	4	8	0.2783267165767691	0.3051349803419749
GIST1M_HEAD128	RESIDUAL_NLIST1024	A_TO_B	ADJ	U	51	102	103	0	4	8	0.28966236741477575	0.28812982824923894
GIST1M_HEAD128	RESIDUAL_NLIST1024	A_TO_B	ADJ	U	51	102	103	1	4	8	0.28020467161157137	0.29215697539103397
GIST1M_HEAD128	RESIDUAL_NLIST1024	A_TO_B	ADJ	U	52	104	105	0	4	8	0.2743684659019925	0.31692208704634045
GIST1M_HEAD128	RESIDUAL_NLIST1024	A_TO_B	ADJ	U	52	104	105	1	4	8	0.2789496982042097	0.4119470263963277
GIST1M_HEAD128	RESIDUAL_NLIST1024	A_TO_B	ADJ	U	53	106	107	0	4	8	0.3161130412572416	0.30079748387460736
GIST1M_HEAD128	RESIDUAL_NLIST1024	A_TO_B	ADJ	U	53	106	107	1	4	8	0.25344722483157955	0.6291331258730538
GIST1M_HEAD128	RESIDUAL_NLIST1024	A_TO_B	ADJ	U	54	108	109	0	4	8	0.3637605541831931	0.3723084789931815
GIST1M_HEAD128	RESIDUAL_NLIST1024	A_TO_B	ADJ	U	54	108	109	1	4	8	0.2511199560571258	0.25948259126864204
GIST1M_HEAD128	RESIDUAL_NLIST1024	A_TO_B	ADJ	U	55	110	111	0	4	8	0.25977473389553546	0.2550518604537166
GIST1M_HEAD128	RESIDUAL_NLIST1024	A_TO_B	ADJ	U	55	110	111	1	4	8	0.2475608109384445	0.2988446508970283
GIST1M_HEAD128	RESIDUAL_NLIST1024	A_TO_B	ADJ	U	56	112	113	0	4	8	0.5889714760058327	0.48659016731258353
GIST1M_HEAD128	RESIDUAL_NLIST1024	A_TO_B	ADJ	U	56	112	113	1	4	8	0.41211246895989906	0.4271562590604547
GIST1M_HEAD128	RESIDUAL_NLIST1024	A_TO_B	ADJ	U	57	114	115	0	4	8	0.25473665314070965	0.2859192386748267
GIST1M_HEAD128	RESIDUAL_NLIST1024	A_TO_B	ADJ	U	57	114	115	1	4	8	0.2766744750371021	0.3398417638772654
GIST1M_HEAD128	RESIDUAL_NLIST1024	A_TO_B	ADJ	U	58	116	117	0	4	8	0.42611323696122494	0.4616840169187141
GIST1M_HEAD128	RESIDUAL_NLIST1024	A_TO_B	ADJ	U	58	116	117	1	4	8	0.2665403790159771	0.28736810227935106
GIST1M_HEAD128	RESIDUAL_NLIST1024	A_TO_B	ADJ	U	59	118	119	0	4	8	0.22944228933941263	0.25105345961145054
GIST1M_HEAD128	RESIDUAL_NLIST1024	A_TO_B	ADJ	U	59	118	119	1	4	8	0.20410241755331815	0.22332611460554425
GIST1M_HEAD128	RESIDUAL_NLIST1024	A_TO_B	ADJ	U	60	120	121	0	4	8	0.20485670912592696	0.19866448514915777
GIST1M_HEAD128	RESIDUAL_NLIST1024	A_TO_B	ADJ	U	60	120	121	1	4	8	0.3234104051885967	0.6906397067708805
GIST1M_HEAD128	RESIDUAL_NLIST1024	A_TO_B	ADJ	U	61	122	123	0	4	8	0.24127990249211279	0.21125838778105951
GIST1M_HEAD128	RESIDUAL_NLIST1024	A_TO_B	ADJ	U	61	122	123	1	4	8	0.22315144674266985	0.22713304785124735
GIST1M_HEAD128	RESIDUAL_NLIST1024	A_TO_B	ADJ	U	62	124	125	0	4	8	0.21223943271569956	0.27885504149784596
GIST1M_HEAD128	RESIDUAL_NLIST1024	A_TO_B	ADJ	U	62	124	125	1	4	8	0.1846844491966614	0.20421445374585806
GIST1M_HEAD128	RESIDUAL_NLIST1024	A_TO_B	ADJ	U	63	126	127	0	4	8	0.22902542948282753	0.21405474868860458
GIST1M_HEAD128	RESIDUAL_NLIST1024	A_TO_B	ADJ	U	63	126	127	1	4	8	0.21467145096011334	0.22108217970415503
GIST1M_HEAD128	RESIDUAL_NLIST1024	A_TO_B	ADJ	V	0	0	1	0	5	10	1.5314766999278708	1.7026810942729746
GIST1M_HEAD128	RESIDUAL_NLIST1024	A_TO_B	ADJ	V	0	0	1	1	5	10	0.9628964243904335	2.1554991379412773
GIST1M_HEAD128	RESIDUAL_NLIST1024	A_TO_B	ADJ	V	1	2	3	0	5	10	1.3195195924210916	2.1768152432558
GIST1M_HEAD128	RESIDUAL_NLIST1024	A_TO_B	ADJ	V	1	2	3	1	5	10	1.139638869255185	1.3455800182497766
GIST1M_HEAD128	RESIDUAL_NLIST1024	A_TO_B	ADJ	V	2	4	5	0	5	10	1.0886396556518476	0.8742319806944547
GIST1M_HEAD128	RESIDUAL_NLIST1024	A_TO_B	ADJ	V	2	4	5	1	5	10	1.8477584018265472	1.574443187537724
GIST1M_HEAD128	RESIDUAL_NLIST1024	A_TO_B	ADJ	V	3	6	7	0	5	10	0.9899124118782224	1.2145204210221279
GIST1M_HEAD128	RESIDUAL_NLIST1024	A_TO_B	ADJ	V	3	6	7	1	5	10	0.934960964181099	1.348618791643088
GIST1M_HEAD128	RESIDUAL_NLIST1024	A_TO_B	ADJ	V	4	8	9	0	5	10	0.891504595892492	1.0107210972865164
GIST1M_HEAD128	RESIDUAL_NLIST1024	A_TO_B	ADJ	V	4	8	9	1	5	10	1.2279962384641	1.159829168997084
GIST1M_HEAD128	RESIDUAL_NLIST1024	A_TO_B	ADJ	V	5	10	11	0	5	10	0.9019043466249739	0.9259017861914665
GIST1M_HEAD128	RESIDUAL_NLIST1024	A_TO_B	ADJ	V	5	10	11	1	5	10	0.9590305687255263	1.5343537181026865
GIST1M_HEAD128	RESIDUAL_NLIST1024	A_TO_B	ADJ	V	6	12	13	0	5	10	0.7915324360276436	0.6827118043638027
GIST1M_HEAD128	RESIDUAL_NLIST1024	A_TO_B	ADJ	V	6	12	13	1	5	10	0.8110031943397671	0.7816985106407419
GIST1M_HEAD128	RESIDUAL_NLIST1024	A_TO_B	ADJ	V	7	14	15	0	5	10	1.1552178424483954	1.0042659027125613
GIST1M_HEAD128	RESIDUAL_NLIST1024	A_TO_B	ADJ	V	7	14	15	1	5	10	0.7603475788278271	0.7575746445331157
GIST1M_HEAD128	RESIDUAL_NLIST1024	A_TO_B	ADJ	V	8	16	17	0	5	10	0.848818316615343	1.0594484122959524
GIST1M_HEAD128	RESIDUAL_NLIST1024	A_TO_B	ADJ	V	8	16	17	1	5	10	0.5805924916066861	0.6048694779046857
GIST1M_HEAD128	RESIDUAL_NLIST1024	A_TO_B	ADJ	V	9	18	19	0	5	10	1.6571153134986645	1.0983682699227164
GIST1M_HEAD128	RESIDUAL_NLIST1024	A_TO_B	ADJ	V	9	18	19	1	5	10	0.809664900634793	0.7169276877394598
GIST1M_HEAD128	RESIDUAL_NLIST1024	A_TO_B	ADJ	V	10	20	21	0	5	10	0.6837310693360777	0.598641921185677
GIST1M_HEAD128	RESIDUAL_NLIST1024	A_TO_B	ADJ	V	10	20	21	1	5	10	0.9684960782989166	0.8021866375621739
GIST1M_HEAD128	RESIDUAL_NLIST1024	A_TO_B	ADJ	V	11	22	23	0	5	10	0.515501228614424	0.6019029353387289
GIST1M_HEAD128	RESIDUAL_NLIST1024	A_TO_B	ADJ	V	11	22	23	1	5	10	0.618385419577366	1.1894261571112466
GIST1M_HEAD128	RESIDUAL_NLIST1024	A_TO_B	ADJ	V	12	24	25	0	5	9	0.5102467809450051	0.4909510361666345
GIST1M_HEAD128	RESIDUAL_NLIST1024	A_TO_B	ADJ	V	12	24	25	1	4	9	1.4182143565386913	1.0550976741199443
GIST1M_HEAD128	RESIDUAL_NLIST1024	A_TO_B	ADJ	V	13	26	27	0	4	8	1.0500409385170388	1.1671520011366632
GIST1M_HEAD128	RESIDUAL_NLIST1024	A_TO_B	ADJ	V	13	26	27	1	4	8	0.9265909177513916	0.9586720693198164
GIST1M_HEAD128	RESIDUAL_NLIST1024	A_TO_B	ADJ	V	14	28	29	0	4	8	1.0718420928523753	0.975832569340416
GIST1M_HEAD128	RESIDUAL_NLIST1024	A_TO_B	ADJ	V	14	28	29	1	4	8	0.9165558808342865	0.9169484158597117
GIST1M_HEAD128	RESIDUAL_NLIST1024	A_TO_B	ADJ	V	15	30	31	0	4	8	0.9141838378955761	0.8482060280656158
GIST1M_HEAD128	RESIDUAL_NLIST1024	A_TO_B	ADJ	V	15	30	31	1	4	8	0.9139522518676937	1.18345071591424
GIST1M_HEAD128	RESIDUAL_NLIST1024	A_TO_B	ADJ	V	16	32	33	0	4	8	0.9134873485362286	0.8645187766158615
GIST1M_HEAD128	RESIDUAL_NLIST1024	A_TO_B	ADJ	V	16	32	33	1	4	8	0.7731498472498946	0.8675860513001612
GIST1M_HEAD128	RESIDUAL_NLIST1024	A_TO_B	ADJ	V	17	34	35	0	4	8	1.7413986885865493	2.093687516076073
GIST1M_HEAD128	RESIDUAL_NLIST1024	A_TO_B	ADJ	V	17	34	35	1	4	8	1.2674637525934123	1.4843112851380604
GIST1M_HEAD128	RESIDUAL_NLIST1024	A_TO_B	ADJ	V	18	36	37	0	4	8	0.7841074675613047	0.9346608720327814
GIST1M_HEAD128	RESIDUAL_NLIST1024	A_TO_B	ADJ	V	18	36	37	1	4	8	0.7290476673809284	0.6700497900987115
GIST1M_HEAD128	RESIDUAL_NLIST1024	A_TO_B	ADJ	V	19	38	39	0	4	8	0.8193184430893556	1.0219334012753214
GIST1M_HEAD128	RESIDUAL_NLIST1024	A_TO_B	ADJ	V	19	38	39	1	4	8	0.7457950323934426	0.9935990485775463
GIST1M_HEAD128	RESIDUAL_NLIST1024	A_TO_B	ADJ	V	20	40	41	0	4	8	0.7983413413915657	0.9284174736410918
GIST1M_HEAD128	RESIDUAL_NLIST1024	A_TO_B	ADJ	V	20	40	41	1	4	8	1.15072342447166	1.1281428732458156
GIST1M_HEAD128	RESIDUAL_NLIST1024	A_TO_B	ADJ	V	21	42	43	0	4	8	0.7422409781408243	0.7413067851187469
GIST1M_HEAD128	RESIDUAL_NLIST1024	A_TO_B	ADJ	V	21	42	43	1	4	8	0.6949223421194712	0.7441383453180774
GIST1M_HEAD128	RESIDUAL_NLIST1024	A_TO_B	ADJ	V	22	44	45	0	4	8	0.7347175432325633	0.7354001272180659
GIST1M_HEAD128	RESIDUAL_NLIST1024	A_TO_B	ADJ	V	22	44	45	1	4	8	0.9106364666302341	0.7934894986594645
GIST1M_HEAD128	RESIDUAL_NLIST1024	A_TO_B	ADJ	V	23	46	47	0	4	8	0.7144965022592347	0.7361038406109395
GIST1M_HEAD128	RESIDUAL_NLIST1024	A_TO_B	ADJ	V	23	46	47	1	4	8	1.085086197830882	1.0858475377911851
GIST1M_HEAD128	RESIDUAL_NLIST1024	A_TO_B	ADJ	V	24	48	49	0	4	8	0.6336560500890862	0.8113366929249286
GIST1M_HEAD128	RESIDUAL_NLIST1024	A_TO_B	ADJ	V	24	48	49	1	4	8	0.5998667063671543	0.8124234184217762
GIST1M_HEAD128	RESIDUAL_NLIST1024	A_TO_B	ADJ	V	25	50	51	0	4	8	0.6061078072798904	0.7387000136870074
GIST1M_HEAD128	RESIDUAL_NLIST1024	A_TO_B	ADJ	V	25	50	51	1	4	8	1.188827203643136	1.4008645051525461
GIST1M_HEAD128	RESIDUAL_NLIST1024	A_TO_B	ADJ	V	26	52	53	0	4	8	0.6029272522273286	0.713174232878086
GIST1M_HEAD128	RESIDUAL_NLIST1024	A_TO_B	ADJ	V	26	52	53	1	4	8	0.70928091708088	0.6815906298434498
GIST1M_HEAD128	RESIDUAL_NLIST1024	A_TO_B	ADJ	V	27	54	55	0	4	8	0.6052689524405104	0.5694018757096595
GIST1M_HEAD128	RESIDUAL_NLIST1024	A_TO_B	ADJ	V	27	54	55	1	4	8	0.5408896390616434	0.5605113173556162
GIST1M_HEAD128	RESIDUAL_NLIST1024	A_TO_B	ADJ	V	28	56	57	0	4	8	0.5195829150436486	0.5512683885264116
GIST1M_HEAD128	RESIDUAL_NLIST1024	A_TO_B	ADJ	V	28	56	57	1	4	8	0.5780223757958122	0.579056404757337
GIST1M_HEAD128	RESIDUAL_NLIST1024	A_TO_B	ADJ	V	29	58	59	0	4	8	0.5446128037647793	0.5449411343878857
GIST1M_HEAD128	RESIDUAL_NLIST1024	A_TO_B	ADJ	V	29	58	59	1	4	8	0.5298844202308792	0.6239992180062975
GIST1M_HEAD128	RESIDUAL_NLIST1024	A_TO_B	ADJ	V	30	60	61	0	4	8	0.4960814017621792	0.47187744979647417
GIST1M_HEAD128	RESIDUAL_NLIST1024	A_TO_B	ADJ	V	30	60	61	1	4	8	0.4075136784088811	0.6123842619945985
GIST1M_HEAD128	RESIDUAL_NLIST1024	A_TO_B	ADJ	V	31	62	63	0	4	8	0.5705383112058889	0.5795858432175381
GIST1M_HEAD128	RESIDUAL_NLIST1024	A_TO_B	ADJ	V	31	62	63	1	4	8	0.5549506157813264	0.5680943534880867
GIST1M_HEAD128	RESIDUAL_NLIST1024	A_TO_B	ADJ	V	32	64	65	0	4	8	0.44650467053526993	0.5898582190595394
GIST1M_HEAD128	RESIDUAL_NLIST1024	A_TO_B	ADJ	V	32	64	65	1	4	8	1.1324301010691076	2.757151421948329
GIST1M_HEAD128	RESIDUAL_NLIST1024	A_TO_B	ADJ	V	33	66	67	0	4	8	0.4493591563369793	0.4490162938549092
GIST1M_HEAD128	RESIDUAL_NLIST1024	A_TO_B	ADJ	V	33	66	67	1	4	8	0.4367970259200825	0.5429296123741993
GIST1M_HEAD128	RESIDUAL_NLIST1024	A_TO_B	ADJ	V	34	68	69	0	4	8	0.40859061931716	0.42945250570028176
GIST1M_HEAD128	RESIDUAL_NLIST1024	A_TO_B	ADJ	V	34	68	69	1	4	8	0.6799053320988103	0.6719698583352447
GIST1M_HEAD128	RESIDUAL_NLIST1024	A_TO_B	ADJ	V	35	70	71	0	4	8	0.7958860692851737	0.6890308415378712
GIST1M_HEAD128	RESIDUAL_NLIST1024	A_TO_B	ADJ	V	35	70	71	1	4	8	0.6779767957017109	0.7462383963743159
GIST1M_HEAD128	RESIDUAL_NLIST1024	A_TO_B	ADJ	V	36	72	73	0	4	8	0.40562415332004326	0.435793167008813
GIST1M_HEAD128	RESIDUAL_NLIST1024	A_TO_B	ADJ	V	36	72	73	1	4	8	0.37706122477760395	0.3983501773512585
GIST1M_HEAD128	RESIDUAL_NLIST1024	A_TO_B	ADJ	V	37	74	75	0	4	8	0.3617790449290376	0.3350510660123575
GIST1M_HEAD128	RESIDUAL_NLIST1024	A_TO_B	ADJ	V	37	74	75	1	4	8	0.4433301026070162	0.4298867539858951
GIST1M_HEAD128	RESIDUAL_NLIST1024	A_TO_B	ADJ	V	38	76	77	0	4	8	0.3357256904041255	0.3641084728564606
GIST1M_HEAD128	RESIDUAL_NLIST1024	A_TO_B	ADJ	V	38	76	77	1	4	8	0.3558966089681763	0.40512037503361414
GIST1M_HEAD128	RESIDUAL_NLIST1024	A_TO_B	ADJ	V	39	78	79	0	4	8	0.44214913709395354	0.3969289081220529
GIST1M_HEAD128	RESIDUAL_NLIST1024	A_TO_B	ADJ	V	39	78	79	1	4	8	0.689644832302968	0.4730770521771317
GIST1M_HEAD128	RESIDUAL_NLIST1024	A_TO_B	ADJ	V	40	80	81	0	4	8	0.6477199545783372	1.0534152455791859
GIST1M_HEAD128	RESIDUAL_NLIST1024	A_TO_B	ADJ	V	40	80	81	1	4	8	0.3384679185761877	0.3629730486638345
GIST1M_HEAD128	RESIDUAL_NLIST1024	A_TO_B	ADJ	V	41	82	83	0	4	8	0.30469145264949393	0.38981352947147185
GIST1M_HEAD128	RESIDUAL_NLIST1024	A_TO_B	ADJ	V	41	82	83	1	4	8	0.7228537968055215	0.622526151777316
GIST1M_HEAD128	RESIDUAL_NLIST1024	A_TO_B	ADJ	V	42	84	85	0	4	8	0.36586102673178544	0.3173833642365231
GIST1M_HEAD128	RESIDUAL_NLIST1024	A_TO_B	ADJ	V	42	84	85	1	4	8	0.37096849571332047	0.3907501010496313
GIST1M_HEAD128	RESIDUAL_NLIST1024	A_TO_B	ADJ	V	43	86	87	0	4	8	0.28841150933955106	0.3624862338144884
GIST1M_HEAD128	RESIDUAL_NLIST1024	A_TO_B	ADJ	V	43	86	87	1	4	8	0.2906294764919677	0.3372246716947266
GIST1M_HEAD128	RESIDUAL_NLIST1024	A_TO_B	ADJ	V	44	88	89	0	4	8	0.3319676233485698	0.38427082678157726
GIST1M_HEAD128	RESIDUAL_NLIST1024	A_TO_B	ADJ	V	44	88	89	1	4	8	0.3155484644143205	0.3155027108620189
GIST1M_HEAD128	RESIDUAL_NLIST1024	A_TO_B	ADJ	V	45	90	91	0	4	8	0.2802070878103865	0.32314426968714316
GIST1M_HEAD128	RESIDUAL_NLIST1024	A_TO_B	ADJ	V	45	90	91	1	4	8	0.33289616153214396	0.3174624918194944
GIST1M_HEAD128	RESIDUAL_NLIST1024	A_TO_B	ADJ	V	46	92	93	0	4	8	0.3032090963139953	0.2972125833050214
GIST1M_HEAD128	RESIDUAL_NLIST1024	A_TO_B	ADJ	V	46	92	93	1	4	8	0.3820507099985983	0.3778799552561296
GIST1M_HEAD128	RESIDUAL_NLIST1024	A_TO_B	ADJ	V	47	94	95	0	4	8	0.33421358789909905	0.35291772794484566
GIST1M_HEAD128	RESIDUAL_NLIST1024	A_TO_B	ADJ	V	47	94	95	1	4	8	0.3183914378110094	0.29085289430775724
GIST1M_HEAD128	RESIDUAL_NLIST1024	A_TO_B	ADJ	V	48	96	97	0	4	8	0.3549611819171401	0.41393510079596196
GIST1M_HEAD128	RESIDUAL_NLIST1024	A_TO_B	ADJ	V	48	96	97	1	4	8	0.36339479267306907	0.3374464869409367
GIST1M_HEAD128	RESIDUAL_NLIST1024	A_TO_B	ADJ	V	49	98	99	0	4	7	0.5543705573109676	0.5705313302364219
GIST1M_HEAD128	RESIDUAL_NLIST1024	A_TO_B	ADJ	V	49	98	99	1	3	7	0.9527627984301673	0.9430761079149548
GIST1M_HEAD128	RESIDUAL_NLIST1024	A_TO_B	ADJ	V	50	100	101	0	4	8	0.3924030971031218	0.5077081571625015
GIST1M_HEAD128	RESIDUAL_NLIST1024	A_TO_B	ADJ	V	50	100	101	1	4	8	0.2783267165767691	0.3051349803419749
GIST1M_HEAD128	RESIDUAL_NLIST1024	A_TO_B	ADJ	V	51	102	103	0	4	7	0.28966236741477575	0.28812982824923894
GIST1M_HEAD128	RESIDUAL_NLIST1024	A_TO_B	ADJ	V	51	102	103	1	3	7	0.8502864823708327	0.8967443188906078
GIST1M_HEAD128	RESIDUAL_NLIST1024	A_TO_B	ADJ	V	52	104	105	0	3	6	0.8642451579477117	0.9050398559925736
GIST1M_HEAD128	RESIDUAL_NLIST1024	A_TO_B	ADJ	V	52	104	105	1	3	6	0.8861081734254153	1.1053851744075656
GIST1M_HEAD128	RESIDUAL_NLIST1024	A_TO_B	ADJ	V	53	106	107	0	3	6	0.9453037251289633	0.8925954356727308
GIST1M_HEAD128	RESIDUAL_NLIST1024	A_TO_B	ADJ	V	53	106	107	1	3	6	0.8269397897086405	1.2523221944665082
GIST1M_HEAD128	RESIDUAL_NLIST1024	A_TO_B	ADJ	V	54	108	109	0	4	7	0.3637605541831931	0.3723084789931815
GIST1M_HEAD128	RESIDUAL_NLIST1024	A_TO_B	ADJ	V	54	108	109	1	3	7	0.8052736108492744	0.7953303374382283
GIST1M_HEAD128	RESIDUAL_NLIST1024	A_TO_B	ADJ	V	55	110	111	0	3	6	0.8040447801094044	0.8219393848131508
GIST1M_HEAD128	RESIDUAL_NLIST1024	A_TO_B	ADJ	V	55	110	111	1	3	6	0.7505537413215206	0.8472079247606235
GIST1M_HEAD128	RESIDUAL_NLIST1024	A_TO_B	ADJ	V	56	112	113	0	3	6	1.5759565353412028	1.3409291312339597
GIST1M_HEAD128	RESIDUAL_NLIST1024	A_TO_B	ADJ	V	56	112	113	1	3	6	1.2024694078701426	1.1600853533505269
GIST1M_HEAD128	RESIDUAL_NLIST1024	A_TO_B	ADJ	V	57	114	115	0	3	6	0.8105572293022677	0.7950854013258508
GIST1M_HEAD128	RESIDUAL_NLIST1024	A_TO_B	ADJ	V	57	114	115	1	3	6	0.8313560516581215	0.9036821981435652
GIST1M_HEAD128	RESIDUAL_NLIST1024	A_TO_B	ADJ	V	58	116	117	0	3	6	1.2593363246816014	1.2714412187150044
GIST1M_HEAD128	RESIDUAL_NLIST1024	A_TO_B	ADJ	V	58	116	117	1	3	6	0.8089218509462025	0.8443136317839723
GIST1M_HEAD128	RESIDUAL_NLIST1024	A_TO_B	ADJ	V	59	118	119	0	3	6	0.7297357063034879	0.782336814830712
GIST1M_HEAD128	RESIDUAL_NLIST1024	A_TO_B	ADJ	V	59	118	119	1	3	6	0.6774103500357631	0.6967842368502828
GIST1M_HEAD128	RESIDUAL_NLIST1024	A_TO_B	ADJ	V	60	120	121	0	3	6	0.6761925811823879	0.6621239767444731
GIST1M_HEAD128	RESIDUAL_NLIST1024	A_TO_B	ADJ	V	60	120	121	1	3	6	0.9706009648768066	1.4301647153386998
GIST1M_HEAD128	RESIDUAL_NLIST1024	A_TO_B	ADJ	V	61	122	123	0	3	6	0.7547560255106665	0.6951079902613366
GIST1M_HEAD128	RESIDUAL_NLIST1024	A_TO_B	ADJ	V	61	122	123	1	3	6	0.6997840577916629	0.7125200629638776
GIST1M_HEAD128	RESIDUAL_NLIST1024	A_TO_B	ADJ	V	62	124	125	0	3	6	0.7040527614343399	0.7928505151517196
GIST1M_HEAD128	RESIDUAL_NLIST1024	A_TO_B	ADJ	V	62	124	125	1	3	6	0.6111626399755357	0.6527399615895307
GIST1M_HEAD128	RESIDUAL_NLIST1024	A_TO_B	ADJ	V	63	126	127	0	3	6	0.7075008245429812	0.6690091260079494
GIST1M_HEAD128	RESIDUAL_NLIST1024	A_TO_B	ADJ	V	63	126	127	1	3	6	0.6349666740720041	0.6665082760818042
GIST1M_HEAD128	RESIDUAL_NLIST1024	A_TO_B	ADJ	E	0	0	1	0	5	10	1.5314766999278708	1.7026810942729746
GIST1M_HEAD128	RESIDUAL_NLIST1024	A_TO_B	ADJ	E	0	0	1	1	5	10	0.9628964243904335	2.1554991379412773
GIST1M_HEAD128	RESIDUAL_NLIST1024	A_TO_B	ADJ	E	1	2	3	0	5	10	1.3195195924210916	2.1768152432558
GIST1M_HEAD128	RESIDUAL_NLIST1024	A_TO_B	ADJ	E	1	2	3	1	5	10	1.139638869255185	1.3455800182497766
GIST1M_HEAD128	RESIDUAL_NLIST1024	A_TO_B	ADJ	E	2	4	5	0	5	10	1.0886396556518476	0.8742319806944547
GIST1M_HEAD128	RESIDUAL_NLIST1024	A_TO_B	ADJ	E	2	4	5	1	5	10	1.8477584018265472	1.574443187537724
GIST1M_HEAD128	RESIDUAL_NLIST1024	A_TO_B	ADJ	E	3	6	7	0	5	10	0.9899124118782224	1.2145204210221279
GIST1M_HEAD128	RESIDUAL_NLIST1024	A_TO_B	ADJ	E	3	6	7	1	5	10	0.934960964181099	1.348618791643088
GIST1M_HEAD128	RESIDUAL_NLIST1024	A_TO_B	ADJ	E	4	8	9	0	5	10	0.891504595892492	1.0107210972865164
GIST1M_HEAD128	RESIDUAL_NLIST1024	A_TO_B	ADJ	E	4	8	9	1	5	10	1.2279962384641	1.159829168997084
GIST1M_HEAD128	RESIDUAL_NLIST1024	A_TO_B	ADJ	E	5	10	11	0	5	10	0.9019043466249739	0.9259017861914665
GIST1M_HEAD128	RESIDUAL_NLIST1024	A_TO_B	ADJ	E	5	10	11	1	5	10	0.9590305687255263	1.5343537181026865
GIST1M_HEAD128	RESIDUAL_NLIST1024	A_TO_B	ADJ	E	6	12	13	0	5	10	0.7915324360276436	0.6827118043638027
GIST1M_HEAD128	RESIDUAL_NLIST1024	A_TO_B	ADJ	E	6	12	13	1	5	10	0.8110031943397671	0.7816985106407419
GIST1M_HEAD128	RESIDUAL_NLIST1024	A_TO_B	ADJ	E	7	14	15	0	5	10	1.1552178424483954	1.0042659027125613
GIST1M_HEAD128	RESIDUAL_NLIST1024	A_TO_B	ADJ	E	7	14	15	1	5	10	0.7603475788278271	0.7575746445331157
GIST1M_HEAD128	RESIDUAL_NLIST1024	A_TO_B	ADJ	E	8	16	17	0	5	10	0.848818316615343	1.0594484122959524
GIST1M_HEAD128	RESIDUAL_NLIST1024	A_TO_B	ADJ	E	8	16	17	1	5	10	0.5805924916066861	0.6048694779046857
GIST1M_HEAD128	RESIDUAL_NLIST1024	A_TO_B	ADJ	E	9	18	19	0	6	10	0.6567968153583985	0.5974954590560533
GIST1M_HEAD128	RESIDUAL_NLIST1024	A_TO_B	ADJ	E	9	18	19	1	4	10	1.5044954790911171	1.422761691048756
GIST1M_HEAD128	RESIDUAL_NLIST1024	A_TO_B	ADJ	E	10	20	21	0	5	10	0.6837310693360777	0.598641921185677
GIST1M_HEAD128	RESIDUAL_NLIST1024	A_TO_B	ADJ	E	10	20	21	1	5	10	0.9684960782989166	0.8021866375621739
GIST1M_HEAD128	RESIDUAL_NLIST1024	A_TO_B	ADJ	E	11	22	23	0	5	10	0.515501228614424	0.6019029353387289
GIST1M_HEAD128	RESIDUAL_NLIST1024	A_TO_B	ADJ	E	11	22	23	1	5	10	0.618385419577366	1.1894261571112466
GIST1M_HEAD128	RESIDUAL_NLIST1024	A_TO_B	ADJ	E	12	24	25	0	5	10	0.5102467809450051	0.4909510361666345
GIST1M_HEAD128	RESIDUAL_NLIST1024	A_TO_B	ADJ	E	12	24	25	1	5	10	0.5994157292031279	0.7089457056035315
GIST1M_HEAD128	RESIDUAL_NLIST1024	A_TO_B	ADJ	E	13	26	27	0	4	8	1.0500409385170388	1.1671520011366632
GIST1M_HEAD128	RESIDUAL_NLIST1024	A_TO_B	ADJ	E	13	26	27	1	4	8	0.9265909177513916	0.9586720693198164
GIST1M_HEAD128	RESIDUAL_NLIST1024	A_TO_B	ADJ	E	14	28	29	0	4	8	1.0718420928523753	0.975832569340416
GIST1M_HEAD128	RESIDUAL_NLIST1024	A_TO_B	ADJ	E	14	28	29	1	4	8	0.9165558808342865	0.9169484158597117
GIST1M_HEAD128	RESIDUAL_NLIST1024	A_TO_B	ADJ	E	15	30	31	0	4	8	0.9141838378955761	0.8482060280656158
GIST1M_HEAD128	RESIDUAL_NLIST1024	A_TO_B	ADJ	E	15	30	31	1	4	8	0.9139522518676937	1.18345071591424
GIST1M_HEAD128	RESIDUAL_NLIST1024	A_TO_B	ADJ	E	16	32	33	0	4	8	0.9134873485362286	0.8645187766158615
GIST1M_HEAD128	RESIDUAL_NLIST1024	A_TO_B	ADJ	E	16	32	33	1	4	8	0.7731498472498946	0.8675860513001612
GIST1M_HEAD128	RESIDUAL_NLIST1024	A_TO_B	ADJ	E	17	34	35	0	5	9	0.9735732056344663	1.3012137884575505
GIST1M_HEAD128	RESIDUAL_NLIST1024	A_TO_B	ADJ	E	17	34	35	1	4	9	1.2674637525934123	1.4843112851380604
GIST1M_HEAD128	RESIDUAL_NLIST1024	A_TO_B	ADJ	E	18	36	37	0	4	8	0.7841074675613047	0.9346608720327814
GIST1M_HEAD128	RESIDUAL_NLIST1024	A_TO_B	ADJ	E	18	36	37	1	4	8	0.7290476673809284	0.6700497900987115
GIST1M_HEAD128	RESIDUAL_NLIST1024	A_TO_B	ADJ	E	19	38	39	0	4	8	0.8193184430893556	1.0219334012753214
GIST1M_HEAD128	RESIDUAL_NLIST1024	A_TO_B	ADJ	E	19	38	39	1	4	8	0.7457950323934426	0.9935990485775463
GIST1M_HEAD128	RESIDUAL_NLIST1024	A_TO_B	ADJ	E	20	40	41	0	4	8	0.7983413413915657	0.9284174736410918
GIST1M_HEAD128	RESIDUAL_NLIST1024	A_TO_B	ADJ	E	20	40	41	1	4	8	1.15072342447166	1.1281428732458156
GIST1M_HEAD128	RESIDUAL_NLIST1024	A_TO_B	ADJ	E	21	42	43	0	4	8	0.7422409781408243	0.7413067851187469
GIST1M_HEAD128	RESIDUAL_NLIST1024	A_TO_B	ADJ	E	21	42	43	1	4	8	0.6949223421194712	0.7441383453180774
GIST1M_HEAD128	RESIDUAL_NLIST1024	A_TO_B	ADJ	E	22	44	45	0	4	8	0.7347175432325633	0.7354001272180659
GIST1M_HEAD128	RESIDUAL_NLIST1024	A_TO_B	ADJ	E	22	44	45	1	4	8	0.9106364666302341	0.7934894986594645
GIST1M_HEAD128	RESIDUAL_NLIST1024	A_TO_B	ADJ	E	23	46	47	0	4	8	0.7144965022592347	0.7361038406109395
GIST1M_HEAD128	RESIDUAL_NLIST1024	A_TO_B	ADJ	E	23	46	47	1	4	8	1.085086197830882	1.0858475377911851
GIST1M_HEAD128	RESIDUAL_NLIST1024	A_TO_B	ADJ	E	24	48	49	0	4	8	0.6336560500890862	0.8113366929249286
GIST1M_HEAD128	RESIDUAL_NLIST1024	A_TO_B	ADJ	E	24	48	49	1	4	8	0.5998667063671543	0.8124234184217762
GIST1M_HEAD128	RESIDUAL_NLIST1024	A_TO_B	ADJ	E	25	50	51	0	4	8	0.6061078072798904	0.7387000136870074
GIST1M_HEAD128	RESIDUAL_NLIST1024	A_TO_B	ADJ	E	25	50	51	1	4	8	1.188827203643136	1.4008645051525461
GIST1M_HEAD128	RESIDUAL_NLIST1024	A_TO_B	ADJ	E	26	52	53	0	4	8	0.6029272522273286	0.713174232878086
GIST1M_HEAD128	RESIDUAL_NLIST1024	A_TO_B	ADJ	E	26	52	53	1	4	8	0.70928091708088	0.6815906298434498
GIST1M_HEAD128	RESIDUAL_NLIST1024	A_TO_B	ADJ	E	27	54	55	0	4	8	0.6052689524405104	0.5694018757096595
GIST1M_HEAD128	RESIDUAL_NLIST1024	A_TO_B	ADJ	E	27	54	55	1	4	8	0.5408896390616434	0.5605113173556162
GIST1M_HEAD128	RESIDUAL_NLIST1024	A_TO_B	ADJ	E	28	56	57	0	4	8	0.5195829150436486	0.5512683885264116
GIST1M_HEAD128	RESIDUAL_NLIST1024	A_TO_B	ADJ	E	28	56	57	1	4	8	0.5780223757958122	0.579056404757337
GIST1M_HEAD128	RESIDUAL_NLIST1024	A_TO_B	ADJ	E	29	58	59	0	4	8	0.5446128037647793	0.5449411343878857
GIST1M_HEAD128	RESIDUAL_NLIST1024	A_TO_B	ADJ	E	29	58	59	1	4	8	0.5298844202308792	0.6239992180062975
GIST1M_HEAD128	RESIDUAL_NLIST1024	A_TO_B	ADJ	E	30	60	61	0	4	8	0.4960814017621792	0.47187744979647417
GIST1M_HEAD128	RESIDUAL_NLIST1024	A_TO_B	ADJ	E	30	60	61	1	4	8	0.4075136784088811	0.6123842619945985
GIST1M_HEAD128	RESIDUAL_NLIST1024	A_TO_B	ADJ	E	31	62	63	0	4	8	0.5705383112058889	0.5795858432175381
GIST1M_HEAD128	RESIDUAL_NLIST1024	A_TO_B	ADJ	E	31	62	63	1	4	8	0.5549506157813264	0.5680943534880867
GIST1M_HEAD128	RESIDUAL_NLIST1024	A_TO_B	ADJ	E	32	64	65	0	4	8	0.44650467053526993	0.5898582190595394
GIST1M_HEAD128	RESIDUAL_NLIST1024	A_TO_B	ADJ	E	32	64	65	1	4	8	1.1324301010691076	2.757151421948329
GIST1M_HEAD128	RESIDUAL_NLIST1024	A_TO_B	ADJ	E	33	66	67	0	4	8	0.4493591563369793	0.4490162938549092
GIST1M_HEAD128	RESIDUAL_NLIST1024	A_TO_B	ADJ	E	33	66	67	1	4	8	0.4367970259200825	0.5429296123741993
GIST1M_HEAD128	RESIDUAL_NLIST1024	A_TO_B	ADJ	E	34	68	69	0	4	8	0.40859061931716	0.42945250570028176
GIST1M_HEAD128	RESIDUAL_NLIST1024	A_TO_B	ADJ	E	34	68	69	1	4	8	0.6799053320988103	0.6719698583352447
GIST1M_HEAD128	RESIDUAL_NLIST1024	A_TO_B	ADJ	E	35	70	71	0	4	8	0.7958860692851737	0.6890308415378712
GIST1M_HEAD128	RESIDUAL_NLIST1024	A_TO_B	ADJ	E	35	70	71	1	4	8	0.6779767957017109	0.7462383963743159
GIST1M_HEAD128	RESIDUAL_NLIST1024	A_TO_B	ADJ	E	36	72	73	0	4	8	0.40562415332004326	0.435793167008813
GIST1M_HEAD128	RESIDUAL_NLIST1024	A_TO_B	ADJ	E	36	72	73	1	4	8	0.37706122477760395	0.3983501773512585
GIST1M_HEAD128	RESIDUAL_NLIST1024	A_TO_B	ADJ	E	37	74	75	0	4	8	0.3617790449290376	0.3350510660123575
GIST1M_HEAD128	RESIDUAL_NLIST1024	A_TO_B	ADJ	E	37	74	75	1	4	8	0.4433301026070162	0.4298867539858951
GIST1M_HEAD128	RESIDUAL_NLIST1024	A_TO_B	ADJ	E	38	76	77	0	4	8	0.3357256904041255	0.3641084728564606
GIST1M_HEAD128	RESIDUAL_NLIST1024	A_TO_B	ADJ	E	38	76	77	1	4	8	0.3558966089681763	0.40512037503361414
GIST1M_HEAD128	RESIDUAL_NLIST1024	A_TO_B	ADJ	E	39	78	79	0	4	8	0.44214913709395354	0.3969289081220529
GIST1M_HEAD128	RESIDUAL_NLIST1024	A_TO_B	ADJ	E	39	78	79	1	4	8	0.689644832302968	0.4730770521771317
GIST1M_HEAD128	RESIDUAL_NLIST1024	A_TO_B	ADJ	E	40	80	81	0	4	8	0.6477199545783372	1.0534152455791859
GIST1M_HEAD128	RESIDUAL_NLIST1024	A_TO_B	ADJ	E	40	80	81	1	4	8	0.3384679185761877	0.3629730486638345
GIST1M_HEAD128	RESIDUAL_NLIST1024	A_TO_B	ADJ	E	41	82	83	0	4	8	0.30469145264949393	0.38981352947147185
GIST1M_HEAD128	RESIDUAL_NLIST1024	A_TO_B	ADJ	E	41	82	83	1	4	8	0.7228537968055215	0.622526151777316
GIST1M_HEAD128	RESIDUAL_NLIST1024	A_TO_B	ADJ	E	42	84	85	0	4	8	0.36586102673178544	0.3173833642365231
GIST1M_HEAD128	RESIDUAL_NLIST1024	A_TO_B	ADJ	E	42	84	85	1	4	8	0.37096849571332047	0.3907501010496313
GIST1M_HEAD128	RESIDUAL_NLIST1024	A_TO_B	ADJ	E	43	86	87	0	4	7	0.28841150933955106	0.3624862338144884
GIST1M_HEAD128	RESIDUAL_NLIST1024	A_TO_B	ADJ	E	43	86	87	1	3	7	0.9188222690803836	0.9838940878652758
GIST1M_HEAD128	RESIDUAL_NLIST1024	A_TO_B	ADJ	E	44	88	89	0	4	8	0.3319676233485698	0.38427082678157726
GIST1M_HEAD128	RESIDUAL_NLIST1024	A_TO_B	ADJ	E	44	88	89	1	4	8	0.3155484644143205	0.3155027108620189
GIST1M_HEAD128	RESIDUAL_NLIST1024	A_TO_B	ADJ	E	45	90	91	0	3	7	0.9472405225246472	0.999515702078789
GIST1M_HEAD128	RESIDUAL_NLIST1024	A_TO_B	ADJ	E	45	90	91	1	4	7	0.33289616153214396	0.3174624918194944
GIST1M_HEAD128	RESIDUAL_NLIST1024	A_TO_B	ADJ	E	46	92	93	0	3	7	0.966852878181216	0.9899541001432156
GIST1M_HEAD128	RESIDUAL_NLIST1024	A_TO_B	ADJ	E	46	92	93	1	4	7	0.3820507099985983	0.3778799552561296
GIST1M_HEAD128	RESIDUAL_NLIST1024	A_TO_B	ADJ	E	47	94	95	0	4	8	0.33421358789909905	0.35291772794484566
GIST1M_HEAD128	RESIDUAL_NLIST1024	A_TO_B	ADJ	E	47	94	95	1	4	8	0.3183914378110094	0.29085289430775724
GIST1M_HEAD128	RESIDUAL_NLIST1024	A_TO_B	ADJ	E	48	96	97	0	4	8	0.3549611819171401	0.41393510079596196
GIST1M_HEAD128	RESIDUAL_NLIST1024	A_TO_B	ADJ	E	48	96	97	1	4	8	0.36339479267306907	0.3374464869409367
GIST1M_HEAD128	RESIDUAL_NLIST1024	A_TO_B	ADJ	E	49	98	99	0	4	7	0.5543705573109676	0.5705313302364219
GIST1M_HEAD128	RESIDUAL_NLIST1024	A_TO_B	ADJ	E	49	98	99	1	3	7	0.9527627984301673	0.9430761079149548
GIST1M_HEAD128	RESIDUAL_NLIST1024	A_TO_B	ADJ	E	50	100	101	0	4	7	0.3924030971031218	0.5077081571625015
GIST1M_HEAD128	RESIDUAL_NLIST1024	A_TO_B	ADJ	E	50	100	101	1	3	7	0.9183706418658149	0.9442010120258268
GIST1M_HEAD128	RESIDUAL_NLIST1024	A_TO_B	ADJ	E	51	102	103	0	3	6	0.8807567006891464	0.878682988744522
GIST1M_HEAD128	RESIDUAL_NLIST1024	A_TO_B	ADJ	E	51	102	103	1	3	6	0.8502864823708327	0.8967443188906078
GIST1M_HEAD128	RESIDUAL_NLIST1024	A_TO_B	ADJ	E	52	104	105	0	3	6	0.8642451579477117	0.9050398559925736
GIST1M_HEAD128	RESIDUAL_NLIST1024	A_TO_B	ADJ	E	52	104	105	1	3	6	0.8861081734254153	1.1053851744075656
GIST1M_HEAD128	RESIDUAL_NLIST1024	A_TO_B	ADJ	E	53	106	107	0	3	6	0.9453037251289633	0.8925954356727308
GIST1M_HEAD128	RESIDUAL_NLIST1024	A_TO_B	ADJ	E	53	106	107	1	3	6	0.8269397897086405	1.2523221944665082
GIST1M_HEAD128	RESIDUAL_NLIST1024	A_TO_B	ADJ	E	54	108	109	0	4	7	0.3637605541831931	0.3723084789931815
GIST1M_HEAD128	RESIDUAL_NLIST1024	A_TO_B	ADJ	E	54	108	109	1	3	7	0.8052736108492744	0.7953303374382283
GIST1M_HEAD128	RESIDUAL_NLIST1024	A_TO_B	ADJ	E	55	110	111	0	3	6	0.8040447801094044	0.8219393848131508
GIST1M_HEAD128	RESIDUAL_NLIST1024	A_TO_B	ADJ	E	55	110	111	1	3	6	0.7505537413215206	0.8472079247606235
GIST1M_HEAD128	RESIDUAL_NLIST1024	A_TO_B	ADJ	E	56	112	113	0	4	8	0.5889714760058327	0.48659016731258353
GIST1M_HEAD128	RESIDUAL_NLIST1024	A_TO_B	ADJ	E	56	112	113	1	4	8	0.41211246895989906	0.4271562590604547
GIST1M_HEAD128	RESIDUAL_NLIST1024	A_TO_B	ADJ	E	57	114	115	0	3	6	0.8105572293022677	0.7950854013258508
GIST1M_HEAD128	RESIDUAL_NLIST1024	A_TO_B	ADJ	E	57	114	115	1	3	6	0.8313560516581215	0.9036821981435652
GIST1M_HEAD128	RESIDUAL_NLIST1024	A_TO_B	ADJ	E	58	116	117	0	4	7	0.42611323696122494	0.4616840169187141
GIST1M_HEAD128	RESIDUAL_NLIST1024	A_TO_B	ADJ	E	58	116	117	1	3	7	0.8089218509462025	0.8443136317839723
GIST1M_HEAD128	RESIDUAL_NLIST1024	A_TO_B	ADJ	E	59	118	119	0	3	6	0.7297357063034879	0.782336814830712
GIST1M_HEAD128	RESIDUAL_NLIST1024	A_TO_B	ADJ	E	59	118	119	1	3	6	0.6774103500357631	0.6967842368502828
GIST1M_HEAD128	RESIDUAL_NLIST1024	A_TO_B	ADJ	E	60	120	121	0	3	6	0.6761925811823879	0.6621239767444731
GIST1M_HEAD128	RESIDUAL_NLIST1024	A_TO_B	ADJ	E	60	120	121	1	3	6	0.9706009648768066	1.4301647153386998
GIST1M_HEAD128	RESIDUAL_NLIST1024	A_TO_B	ADJ	E	61	122	123	0	3	6	0.7547560255106665	0.6951079902613366
GIST1M_HEAD128	RESIDUAL_NLIST1024	A_TO_B	ADJ	E	61	122	123	1	3	6	0.6997840577916629	0.7125200629638776
GIST1M_HEAD128	RESIDUAL_NLIST1024	A_TO_B	ADJ	E	62	124	125	0	3	6	0.7040527614343399	0.7928505151517196
GIST1M_HEAD128	RESIDUAL_NLIST1024	A_TO_B	ADJ	E	62	124	125	1	3	6	0.6111626399755357	0.6527399615895307
GIST1M_HEAD128	RESIDUAL_NLIST1024	A_TO_B	ADJ	E	63	126	127	0	3	6	0.7075008245429812	0.6690091260079494
GIST1M_HEAD128	RESIDUAL_NLIST1024	A_TO_B	ADJ	E	63	126	127	1	3	6	0.6349666740720041	0.6665082760818042
GIST1M_HEAD128	RESIDUAL_NLIST1024	A_TO_B	ADJ	S	0	0	1	0	6	11	0.6743997400914192	0.9018724752097189
GIST1M_HEAD128	RESIDUAL_NLIST1024	A_TO_B	ADJ	S	0	0	1	1	5	11	0.9628964243904335	2.1554991379412773
GIST1M_HEAD128	RESIDUAL_NLIST1024	A_TO_B	ADJ	S	1	2	3	0	5	10	1.3195195924210916	2.1768152432558
GIST1M_HEAD128	RESIDUAL_NLIST1024	A_TO_B	ADJ	S	1	2	3	1	5	10	1.139638869255185	1.3455800182497766
GIST1M_HEAD128	RESIDUAL_NLIST1024	A_TO_B	ADJ	S	2	4	5	0	5	11	1.0886396556518476	0.8742319806944547
GIST1M_HEAD128	RESIDUAL_NLIST1024	A_TO_B	ADJ	S	2	4	5	1	6	11	1.1350105204856002	0.7436766345098247
GIST1M_HEAD128	RESIDUAL_NLIST1024	A_TO_B	ADJ	S	3	6	7	0	5	10	0.9899124118782224	1.2145204210221279
GIST1M_HEAD128	RESIDUAL_NLIST1024	A_TO_B	ADJ	S	3	6	7	1	5	10	0.934960964181099	1.348618791643088
GIST1M_HEAD128	RESIDUAL_NLIST1024	A_TO_B	ADJ	S	4	8	9	0	5	10	0.891504595892492	1.0107210972865164
GIST1M_HEAD128	RESIDUAL_NLIST1024	A_TO_B	ADJ	S	4	8	9	1	5	10	1.2279962384641	1.159829168997084
GIST1M_HEAD128	RESIDUAL_NLIST1024	A_TO_B	ADJ	S	5	10	11	0	5	10	0.9019043466249739	0.9259017861914665
GIST1M_HEAD128	RESIDUAL_NLIST1024	A_TO_B	ADJ	S	5	10	11	1	5	10	0.9590305687255263	1.5343537181026865
GIST1M_HEAD128	RESIDUAL_NLIST1024	A_TO_B	ADJ	S	6	12	13	0	5	10	0.7915324360276436	0.6827118043638027
GIST1M_HEAD128	RESIDUAL_NLIST1024	A_TO_B	ADJ	S	6	12	13	1	5	10	0.8110031943397671	0.7816985106407419
GIST1M_HEAD128	RESIDUAL_NLIST1024	A_TO_B	ADJ	S	7	14	15	0	5	10	1.1552178424483954	1.0042659027125613
GIST1M_HEAD128	RESIDUAL_NLIST1024	A_TO_B	ADJ	S	7	14	15	1	5	10	0.7603475788278271	0.7575746445331157
GIST1M_HEAD128	RESIDUAL_NLIST1024	A_TO_B	ADJ	S	8	16	17	0	5	10	0.848818316615343	1.0594484122959524
GIST1M_HEAD128	RESIDUAL_NLIST1024	A_TO_B	ADJ	S	8	16	17	1	5	10	0.5805924916066861	0.6048694779046857
GIST1M_HEAD128	RESIDUAL_NLIST1024	A_TO_B	ADJ	S	9	18	19	0	6	11	0.6567968153583985	0.5974954590560533
GIST1M_HEAD128	RESIDUAL_NLIST1024	A_TO_B	ADJ	S	9	18	19	1	5	11	0.809664900634793	0.7169276877394598
GIST1M_HEAD128	RESIDUAL_NLIST1024	A_TO_B	ADJ	S	10	20	21	0	5	10	0.6837310693360777	0.598641921185677
GIST1M_HEAD128	RESIDUAL_NLIST1024	A_TO_B	ADJ	S	10	20	21	1	5	10	0.9684960782989166	0.8021866375621739
GIST1M_HEAD128	RESIDUAL_NLIST1024	A_TO_B	ADJ	S	11	22	23	0	5	10	0.515501228614424	0.6019029353387289
GIST1M_HEAD128	RESIDUAL_NLIST1024	A_TO_B	ADJ	S	11	22	23	1	5	10	0.618385419577366	1.1894261571112466
GIST1M_HEAD128	RESIDUAL_NLIST1024	A_TO_B	ADJ	S	12	24	25	0	5	10	0.5102467809450051	0.4909510361666345
GIST1M_HEAD128	RESIDUAL_NLIST1024	A_TO_B	ADJ	S	12	24	25	1	5	10	0.5994157292031279	0.7089457056035315
GIST1M_HEAD128	RESIDUAL_NLIST1024	A_TO_B	ADJ	S	13	26	27	0	4	8	1.0500409385170388	1.1671520011366632
GIST1M_HEAD128	RESIDUAL_NLIST1024	A_TO_B	ADJ	S	13	26	27	1	4	8	0.9265909177513916	0.9586720693198164
GIST1M_HEAD128	RESIDUAL_NLIST1024	A_TO_B	ADJ	S	14	28	29	0	4	8	1.0718420928523753	0.975832569340416
GIST1M_HEAD128	RESIDUAL_NLIST1024	A_TO_B	ADJ	S	14	28	29	1	4	8	0.9165558808342865	0.9169484158597117
GIST1M_HEAD128	RESIDUAL_NLIST1024	A_TO_B	ADJ	S	15	30	31	0	4	8	0.9141838378955761	0.8482060280656158
GIST1M_HEAD128	RESIDUAL_NLIST1024	A_TO_B	ADJ	S	15	30	31	1	4	8	0.9139522518676937	1.18345071591424
GIST1M_HEAD128	RESIDUAL_NLIST1024	A_TO_B	ADJ	S	16	32	33	0	4	8	0.9134873485362286	0.8645187766158615
GIST1M_HEAD128	RESIDUAL_NLIST1024	A_TO_B	ADJ	S	16	32	33	1	4	8	0.7731498472498946	0.8675860513001612
GIST1M_HEAD128	RESIDUAL_NLIST1024	A_TO_B	ADJ	S	17	34	35	0	5	9	0.9735732056344663	1.3012137884575505
GIST1M_HEAD128	RESIDUAL_NLIST1024	A_TO_B	ADJ	S	17	34	35	1	4	9	1.2674637525934123	1.4843112851380604
GIST1M_HEAD128	RESIDUAL_NLIST1024	A_TO_B	ADJ	S	18	36	37	0	4	8	0.7841074675613047	0.9346608720327814
GIST1M_HEAD128	RESIDUAL_NLIST1024	A_TO_B	ADJ	S	18	36	37	1	4	8	0.7290476673809284	0.6700497900987115
GIST1M_HEAD128	RESIDUAL_NLIST1024	A_TO_B	ADJ	S	19	38	39	0	4	8	0.8193184430893556	1.0219334012753214
GIST1M_HEAD128	RESIDUAL_NLIST1024	A_TO_B	ADJ	S	19	38	39	1	4	8	0.7457950323934426	0.9935990485775463
GIST1M_HEAD128	RESIDUAL_NLIST1024	A_TO_B	ADJ	S	20	40	41	0	4	8	0.7983413413915657	0.9284174736410918
GIST1M_HEAD128	RESIDUAL_NLIST1024	A_TO_B	ADJ	S	20	40	41	1	4	8	1.15072342447166	1.1281428732458156
GIST1M_HEAD128	RESIDUAL_NLIST1024	A_TO_B	ADJ	S	21	42	43	0	4	8	0.7422409781408243	0.7413067851187469
GIST1M_HEAD128	RESIDUAL_NLIST1024	A_TO_B	ADJ	S	21	42	43	1	4	8	0.6949223421194712	0.7441383453180774
GIST1M_HEAD128	RESIDUAL_NLIST1024	A_TO_B	ADJ	S	22	44	45	0	4	8	0.7347175432325633	0.7354001272180659
GIST1M_HEAD128	RESIDUAL_NLIST1024	A_TO_B	ADJ	S	22	44	45	1	4	8	0.9106364666302341	0.7934894986594645
GIST1M_HEAD128	RESIDUAL_NLIST1024	A_TO_B	ADJ	S	23	46	47	0	4	8	0.7144965022592347	0.7361038406109395
GIST1M_HEAD128	RESIDUAL_NLIST1024	A_TO_B	ADJ	S	23	46	47	1	4	8	1.085086197830882	1.0858475377911851
GIST1M_HEAD128	RESIDUAL_NLIST1024	A_TO_B	ADJ	S	24	48	49	0	4	8	0.6336560500890862	0.8113366929249286
GIST1M_HEAD128	RESIDUAL_NLIST1024	A_TO_B	ADJ	S	24	48	49	1	4	8	0.5998667063671543	0.8124234184217762
GIST1M_HEAD128	RESIDUAL_NLIST1024	A_TO_B	ADJ	S	25	50	51	0	4	8	0.6061078072798904	0.7387000136870074
GIST1M_HEAD128	RESIDUAL_NLIST1024	A_TO_B	ADJ	S	25	50	51	1	4	8	1.188827203643136	1.4008645051525461
GIST1M_HEAD128	RESIDUAL_NLIST1024	A_TO_B	ADJ	S	26	52	53	0	4	8	0.6029272522273286	0.713174232878086
GIST1M_HEAD128	RESIDUAL_NLIST1024	A_TO_B	ADJ	S	26	52	53	1	4	8	0.70928091708088	0.6815906298434498
GIST1M_HEAD128	RESIDUAL_NLIST1024	A_TO_B	ADJ	S	27	54	55	0	4	8	0.6052689524405104	0.5694018757096595
GIST1M_HEAD128	RESIDUAL_NLIST1024	A_TO_B	ADJ	S	27	54	55	1	4	8	0.5408896390616434	0.5605113173556162
GIST1M_HEAD128	RESIDUAL_NLIST1024	A_TO_B	ADJ	S	28	56	57	0	4	8	0.5195829150436486	0.5512683885264116
GIST1M_HEAD128	RESIDUAL_NLIST1024	A_TO_B	ADJ	S	28	56	57	1	4	8	0.5780223757958122	0.579056404757337
GIST1M_HEAD128	RESIDUAL_NLIST1024	A_TO_B	ADJ	S	29	58	59	0	4	8	0.5446128037647793	0.5449411343878857
GIST1M_HEAD128	RESIDUAL_NLIST1024	A_TO_B	ADJ	S	29	58	59	1	4	8	0.5298844202308792	0.6239992180062975
GIST1M_HEAD128	RESIDUAL_NLIST1024	A_TO_B	ADJ	S	30	60	61	0	4	8	0.4960814017621792	0.47187744979647417
GIST1M_HEAD128	RESIDUAL_NLIST1024	A_TO_B	ADJ	S	30	60	61	1	4	8	0.4075136784088811	0.6123842619945985
GIST1M_HEAD128	RESIDUAL_NLIST1024	A_TO_B	ADJ	S	31	62	63	0	4	8	0.5705383112058889	0.5795858432175381
GIST1M_HEAD128	RESIDUAL_NLIST1024	A_TO_B	ADJ	S	31	62	63	1	4	8	0.5549506157813264	0.5680943534880867
GIST1M_HEAD128	RESIDUAL_NLIST1024	A_TO_B	ADJ	S	32	64	65	0	4	8	0.44650467053526993	0.5898582190595394
GIST1M_HEAD128	RESIDUAL_NLIST1024	A_TO_B	ADJ	S	32	64	65	1	4	8	1.1324301010691076	2.757151421948329
GIST1M_HEAD128	RESIDUAL_NLIST1024	A_TO_B	ADJ	S	33	66	67	0	4	8	0.4493591563369793	0.4490162938549092
GIST1M_HEAD128	RESIDUAL_NLIST1024	A_TO_B	ADJ	S	33	66	67	1	4	8	0.4367970259200825	0.5429296123741993
GIST1M_HEAD128	RESIDUAL_NLIST1024	A_TO_B	ADJ	S	34	68	69	0	4	8	0.40859061931716	0.42945250570028176
GIST1M_HEAD128	RESIDUAL_NLIST1024	A_TO_B	ADJ	S	34	68	69	1	4	8	0.6799053320988103	0.6719698583352447
GIST1M_HEAD128	RESIDUAL_NLIST1024	A_TO_B	ADJ	S	35	70	71	0	4	8	0.7958860692851737	0.6890308415378712
GIST1M_HEAD128	RESIDUAL_NLIST1024	A_TO_B	ADJ	S	35	70	71	1	4	8	0.6779767957017109	0.7462383963743159
GIST1M_HEAD128	RESIDUAL_NLIST1024	A_TO_B	ADJ	S	36	72	73	0	4	8	0.40562415332004326	0.435793167008813
GIST1M_HEAD128	RESIDUAL_NLIST1024	A_TO_B	ADJ	S	36	72	73	1	4	8	0.37706122477760395	0.3983501773512585
GIST1M_HEAD128	RESIDUAL_NLIST1024	A_TO_B	ADJ	S	37	74	75	0	4	8	0.3617790449290376	0.3350510660123575
GIST1M_HEAD128	RESIDUAL_NLIST1024	A_TO_B	ADJ	S	37	74	75	1	4	8	0.4433301026070162	0.4298867539858951
GIST1M_HEAD128	RESIDUAL_NLIST1024	A_TO_B	ADJ	S	38	76	77	0	4	8	0.3357256904041255	0.3641084728564606
GIST1M_HEAD128	RESIDUAL_NLIST1024	A_TO_B	ADJ	S	38	76	77	1	4	8	0.3558966089681763	0.40512037503361414
GIST1M_HEAD128	RESIDUAL_NLIST1024	A_TO_B	ADJ	S	39	78	79	0	4	8	0.44214913709395354	0.3969289081220529
GIST1M_HEAD128	RESIDUAL_NLIST1024	A_TO_B	ADJ	S	39	78	79	1	4	8	0.689644832302968	0.4730770521771317
GIST1M_HEAD128	RESIDUAL_NLIST1024	A_TO_B	ADJ	S	40	80	81	0	4	8	0.6477199545783372	1.0534152455791859
GIST1M_HEAD128	RESIDUAL_NLIST1024	A_TO_B	ADJ	S	40	80	81	1	4	8	0.3384679185761877	0.3629730486638345
GIST1M_HEAD128	RESIDUAL_NLIST1024	A_TO_B	ADJ	S	41	82	83	0	4	8	0.30469145264949393	0.38981352947147185
GIST1M_HEAD128	RESIDUAL_NLIST1024	A_TO_B	ADJ	S	41	82	83	1	4	8	0.7228537968055215	0.622526151777316
GIST1M_HEAD128	RESIDUAL_NLIST1024	A_TO_B	ADJ	S	42	84	85	0	4	8	0.36586102673178544	0.3173833642365231
GIST1M_HEAD128	RESIDUAL_NLIST1024	A_TO_B	ADJ	S	42	84	85	1	4	8	0.37096849571332047	0.3907501010496313
GIST1M_HEAD128	RESIDUAL_NLIST1024	A_TO_B	ADJ	S	43	86	87	0	4	7	0.28841150933955106	0.3624862338144884
GIST1M_HEAD128	RESIDUAL_NLIST1024	A_TO_B	ADJ	S	43	86	87	1	3	7	0.9188222690803836	0.9838940878652758
GIST1M_HEAD128	RESIDUAL_NLIST1024	A_TO_B	ADJ	S	44	88	89	0	4	7	0.3319676233485698	0.38427082678157726
GIST1M_HEAD128	RESIDUAL_NLIST1024	A_TO_B	ADJ	S	44	88	89	1	3	7	0.9880962710941764	0.9690639237260584
GIST1M_HEAD128	RESIDUAL_NLIST1024	A_TO_B	ADJ	S	45	90	91	0	3	6	0.9472405225246472	0.999515702078789
GIST1M_HEAD128	RESIDUAL_NLIST1024	A_TO_B	ADJ	S	45	90	91	1	3	6	1.005782915391519	0.9765010842831061
GIST1M_HEAD128	RESIDUAL_NLIST1024	A_TO_B	ADJ	S	46	92	93	0	3	7	0.966852878181216	0.9899541001432156
GIST1M_HEAD128	RESIDUAL_NLIST1024	A_TO_B	ADJ	S	46	92	93	1	4	7	0.3820507099985983	0.3778799552561296
GIST1M_HEAD128	RESIDUAL_NLIST1024	A_TO_B	ADJ	S	47	94	95	0	4	8	0.33421358789909905	0.35291772794484566
GIST1M_HEAD128	RESIDUAL_NLIST1024	A_TO_B	ADJ	S	47	94	95	1	4	8	0.3183914378110094	0.29085289430775724
GIST1M_HEAD128	RESIDUAL_NLIST1024	A_TO_B	ADJ	S	48	96	97	0	4	7	0.3549611819171401	0.41393510079596196
GIST1M_HEAD128	RESIDUAL_NLIST1024	A_TO_B	ADJ	S	48	96	97	1	3	7	1.036413448525322	0.9709636179284885
GIST1M_HEAD128	RESIDUAL_NLIST1024	A_TO_B	ADJ	S	49	98	99	0	4	7	0.5543705573109676	0.5705313302364219
GIST1M_HEAD128	RESIDUAL_NLIST1024	A_TO_B	ADJ	S	49	98	99	1	3	7	0.9527627984301673	0.9430761079149548
GIST1M_HEAD128	RESIDUAL_NLIST1024	A_TO_B	ADJ	S	50	100	101	0	4	7	0.3924030971031218	0.5077081571625015
GIST1M_HEAD128	RESIDUAL_NLIST1024	A_TO_B	ADJ	S	50	100	101	1	3	7	0.9183706418658149	0.9442010120258268
GIST1M_HEAD128	RESIDUAL_NLIST1024	A_TO_B	ADJ	S	51	102	103	0	3	6	0.8807567006891464	0.878682988744522
GIST1M_HEAD128	RESIDUAL_NLIST1024	A_TO_B	ADJ	S	51	102	103	1	3	6	0.8502864823708327	0.8967443188906078
GIST1M_HEAD128	RESIDUAL_NLIST1024	A_TO_B	ADJ	S	52	104	105	0	3	6	0.8642451579477117	0.9050398559925736
GIST1M_HEAD128	RESIDUAL_NLIST1024	A_TO_B	ADJ	S	52	104	105	1	3	6	0.8861081734254153	1.1053851744075656
GIST1M_HEAD128	RESIDUAL_NLIST1024	A_TO_B	ADJ	S	53	106	107	0	3	6	0.9453037251289633	0.8925954356727308
GIST1M_HEAD128	RESIDUAL_NLIST1024	A_TO_B	ADJ	S	53	106	107	1	3	6	0.8269397897086405	1.2523221944665082
GIST1M_HEAD128	RESIDUAL_NLIST1024	A_TO_B	ADJ	S	54	108	109	0	4	7	0.3637605541831931	0.3723084789931815
GIST1M_HEAD128	RESIDUAL_NLIST1024	A_TO_B	ADJ	S	54	108	109	1	3	7	0.8052736108492744	0.7953303374382283
GIST1M_HEAD128	RESIDUAL_NLIST1024	A_TO_B	ADJ	S	55	110	111	0	3	6	0.8040447801094044	0.8219393848131508
GIST1M_HEAD128	RESIDUAL_NLIST1024	A_TO_B	ADJ	S	55	110	111	1	3	6	0.7505537413215206	0.8472079247606235
GIST1M_HEAD128	RESIDUAL_NLIST1024	A_TO_B	ADJ	S	56	112	113	0	4	8	0.5889714760058327	0.48659016731258353
GIST1M_HEAD128	RESIDUAL_NLIST1024	A_TO_B	ADJ	S	56	112	113	1	4	8	0.41211246895989906	0.4271562590604547
GIST1M_HEAD128	RESIDUAL_NLIST1024	A_TO_B	ADJ	S	57	114	115	0	3	6	0.8105572293022677	0.7950854013258508
GIST1M_HEAD128	RESIDUAL_NLIST1024	A_TO_B	ADJ	S	57	114	115	1	3	6	0.8313560516581215	0.9036821981435652
GIST1M_HEAD128	RESIDUAL_NLIST1024	A_TO_B	ADJ	S	58	116	117	0	4	7	0.42611323696122494	0.4616840169187141
GIST1M_HEAD128	RESIDUAL_NLIST1024	A_TO_B	ADJ	S	58	116	117	1	3	7	0.8089218509462025	0.8443136317839723
GIST1M_HEAD128	RESIDUAL_NLIST1024	A_TO_B	ADJ	S	59	118	119	0	3	6	0.7297357063034879	0.782336814830712
GIST1M_HEAD128	RESIDUAL_NLIST1024	A_TO_B	ADJ	S	59	118	119	1	3	6	0.6774103500357631	0.6967842368502828
GIST1M_HEAD128	RESIDUAL_NLIST1024	A_TO_B	ADJ	S	60	120	121	0	3	6	0.6761925811823879	0.6621239767444731
GIST1M_HEAD128	RESIDUAL_NLIST1024	A_TO_B	ADJ	S	60	120	121	1	3	6	0.9706009648768066	1.4301647153386998
GIST1M_HEAD128	RESIDUAL_NLIST1024	A_TO_B	ADJ	S	61	122	123	0	3	6	0.7547560255106665	0.6951079902613366
GIST1M_HEAD128	RESIDUAL_NLIST1024	A_TO_B	ADJ	S	61	122	123	1	3	6	0.6997840577916629	0.7125200629638776
GIST1M_HEAD128	RESIDUAL_NLIST1024	A_TO_B	ADJ	S	62	124	125	0	3	6	0.7040527614343399	0.7928505151517196
GIST1M_HEAD128	RESIDUAL_NLIST1024	A_TO_B	ADJ	S	62	124	125	1	3	6	0.6111626399755357	0.6527399615895307
GIST1M_HEAD128	RESIDUAL_NLIST1024	A_TO_B	ADJ	S	63	126	127	0	3	6	0.7075008245429812	0.6690091260079494
GIST1M_HEAD128	RESIDUAL_NLIST1024	A_TO_B	ADJ	S	63	126	127	1	3	6	0.6349666740720041	0.6665082760818042
GIST1M_HEAD128	RESIDUAL_NLIST1024	A_TO_B	CORR_GREEDY	U	0	0	88	0	5	8	1.6131489940242623	1.8299545345530954
GIST1M_HEAD128	RESIDUAL_NLIST1024	A_TO_B	CORR_GREEDY	U	0	0	88	1	3	8	0.9643776570377994	1.0748648743607152
GIST1M_HEAD128	RESIDUAL_NLIST1024	A_TO_B	CORR_GREEDY	U	1	1	79	0	5	8	1.0379122227976645	2.2132313591255715
GIST1M_HEAD128	RESIDUAL_NLIST1024	A_TO_B	CORR_GREEDY	U	1	1	79	1	3	8	1.2430409681490293	1.2374585609404638
GIST1M_HEAD128	RESIDUAL_NLIST1024	A_TO_B	CORR_GREEDY	U	2	2	4	0	4	8	3.269735925775673	4.075951446426151
GIST1M_HEAD128	RESIDUAL_NLIST1024	A_TO_B	CORR_GREEDY	U	2	2	4	1	4	8	3.428006402111013	3.0477473219026403
GIST1M_HEAD128	RESIDUAL_NLIST1024	A_TO_B	CORR_GREEDY	U	3	3	39	0	4	8	2.538834548307374	2.9353804726019814
GIST1M_HEAD128	RESIDUAL_NLIST1024	A_TO_B	CORR_GREEDY	U	3	3	39	1	4	8	0.7580053046398545	1.0157671729310733
GIST1M_HEAD128	RESIDUAL_NLIST1024	A_TO_B	CORR_GREEDY	U	4	5	123	0	5	8	1.062677516073772	0.923950095414169
GIST1M_HEAD128	RESIDUAL_NLIST1024	A_TO_B	CORR_GREEDY	U	4	5	123	1	3	8	0.7542346290589621	0.691816478831779
GIST1M_HEAD128	RESIDUAL_NLIST1024	A_TO_B	CORR_GREEDY	U	5	6	17	0	4	8	2.589865278290302	2.6482253663365363
GIST1M_HEAD128	RESIDUAL_NLIST1024	A_TO_B	CORR_GREEDY	U	5	6	17	1	4	8	1.6762170026029053	2.134488924406664
GIST1M_HEAD128	RESIDUAL_NLIST1024	A_TO_B	CORR_GREEDY	U	6	7	48	0	5	8	0.9158808076095979	1.3235415634613608
GIST1M_HEAD128	RESIDUAL_NLIST1024	A_TO_B	CORR_GREEDY	U	6	7	48	1	3	8	1.8537728944771024	2.2283422658595504
GIST1M_HEAD128	RESIDUAL_NLIST1024	A_TO_B	CORR_GREEDY	U	7	8	10	0	4	8	2.3479791417459404	2.250328493885856
GIST1M_HEAD128	RESIDUAL_NLIST1024	A_TO_B	CORR_GREEDY	U	7	8	10	1	4	8	2.5292452212399614	2.5787952358121027
GIST1M_HEAD128	RESIDUAL_NLIST1024	A_TO_B	CORR_GREEDY	U	8	9	90	0	5	8	0.8607837531309596	0.994065427922347
GIST1M_HEAD128	RESIDUAL_NLIST1024	A_TO_B	CORR_GREEDY	U	8	9	90	1	3	8	0.9942352201182934	0.9957917594535822
GIST1M_HEAD128	RESIDUAL_NLIST1024	A_TO_B	CORR_GREEDY	U	9	11	52	0	4	8	2.2436859626354186	3.12541972149575
GIST1M_HEAD128	RESIDUAL_NLIST1024	A_TO_B	CORR_GREEDY	U	9	11	52	1	4	8	0.6129987408609505	0.7045366149028799
GIST1M_HEAD128	RESIDUAL_NLIST1024	A_TO_B	CORR_GREEDY	U	10	12	85	0	5	8	0.9070254169222802	0.9488514279346996
GIST1M_HEAD128	RESIDUAL_NLIST1024	A_TO_B	CORR_GREEDY	U	10	12	85	1	3	8	1.199829234899494	1.2492162796448658
GIST1M_HEAD128	RESIDUAL_NLIST1024	A_TO_B	CORR_GREEDY	U	11	13	108	0	5	8	0.7893112194640892	0.7076808219584334
GIST1M_HEAD128	RESIDUAL_NLIST1024	A_TO_B	CORR_GREEDY	U	11	13	108	1	3	8	1.1460989616342394	1.057516310175326
GIST1M_HEAD128	RESIDUAL_NLIST1024	A_TO_B	CORR_GREEDY	U	12	14	86	0	5	8	0.7374403616732542	0.7448296301354098
GIST1M_HEAD128	RESIDUAL_NLIST1024	A_TO_B	CORR_GREEDY	U	12	14	86	1	3	8	0.9982356927777833	1.028740301121269
GIST1M_HEAD128	RESIDUAL_NLIST1024	A_TO_B	CORR_GREEDY	U	13	15	43	0	4	8	2.434993123973171	2.2739575689695326
GIST1M_HEAD128	RESIDUAL_NLIST1024	A_TO_B	CORR_GREEDY	U	13	15	43	1	4	8	0.7063473588079591	0.7605180490390119
GIST1M_HEAD128	RESIDUAL_NLIST1024	A_TO_B	CORR_GREEDY	U	14	16	28	0	4	8	1.3372770290901772	1.497742295228496
GIST1M_HEAD128	RESIDUAL_NLIST1024	A_TO_B	CORR_GREEDY	U	14	16	28	1	4	8	1.1004038679059231	1.0184232517096388
GIST1M_HEAD128	RESIDUAL_NLIST1024	A_TO_B	CORR_GREEDY	U	15	18	70	0	4	8	2.9415155855381987	2.539571656896061
GIST1M_HEAD128	RESIDUAL_NLIST1024	A_TO_B	CORR_GREEDY	U	15	18	70	1	4	8	0.674259678596151	0.6650535974909926
GIST1M_HEAD128	RESIDUAL_NLIST1024	A_TO_B	CORR_GREEDY	U	16	19	33	0	4	8	1.3403412870250597	1.2693674433335613
GIST1M_HEAD128	RESIDUAL_NLIST1024	A_TO_B	CORR_GREEDY	U	16	19	33	1	4	8	0.8107679015788849	0.9078939892191554
GIST1M_HEAD128	RESIDUAL_NLIST1024	A_TO_B	CORR_GREEDY	U	17	20	50	0	4	8	2.096692332957501	1.7853330923752675
GIST1M_HEAD128	RESIDUAL_NLIST1024	A_TO_B	CORR_GREEDY	U	17	20	50	1	4	8	1.2561370794851388	1.3711985560029214
GIST1M_HEAD128	RESIDUAL_NLIST1024	A_TO_B	CORR_GREEDY	U	18	21	56	0	4	8	1.4691513709611188	1.388212539007415
GIST1M_HEAD128	RESIDUAL_NLIST1024	A_TO_B	CORR_GREEDY	U	18	21	56	1	4	8	0.5663874392008459	0.6070930443910454
GIST1M_HEAD128	RESIDUAL_NLIST1024	A_TO_B	CORR_GREEDY	U	19	22	49	0	4	8	1.241864963126929	1.6674461544618158
GIST1M_HEAD128	RESIDUAL_NLIST1024	A_TO_B	CORR_GREEDY	U	19	22	49	1	4	8	0.6360305490205173	0.8308287088128496
GIST1M_HEAD128	RESIDUAL_NLIST1024	A_TO_B	CORR_GREEDY	U	20	23	80	0	4	8	1.3040855333585437	1.528938342333799
GIST1M_HEAD128	RESIDUAL_NLIST1024	A_TO_B	CORR_GREEDY	U	20	23	80	1	4	8	0.5578631364401974	0.9226794093662127
GIST1M_HEAD128	RESIDUAL_NLIST1024	A_TO_B	CORR_GREEDY	U	21	24	76	0	4	8	1.2402874196733076	1.165524315148242
GIST1M_HEAD128	RESIDUAL_NLIST1024	A_TO_B	CORR_GREEDY	U	21	24	76	1	4	8	0.3568319272246611	0.40201519188006596
GIST1M_HEAD128	RESIDUAL_NLIST1024	A_TO_B	CORR_GREEDY	U	22	25	27	0	4	8	1.0514184151942743	1.1299221109497615
GIST1M_HEAD128	RESIDUAL_NLIST1024	A_TO_B	CORR_GREEDY	U	22	25	27	1	4	8	1.5319825060900014	1.011142186086379
GIST1M_HEAD128	RESIDUAL_NLIST1024	A_TO_B	CORR_GREEDY	U	23	26	40	0	4	8	0.9492314966218016	0.951242603023033
GIST1M_HEAD128	RESIDUAL_NLIST1024	A_TO_B	CORR_GREEDY	U	23	26	40	1	4	8	1.0853571219437472	1.1137949722340021
GIST1M_HEAD128	RESIDUAL_NLIST1024	A_TO_B	CORR_GREEDY	U	24	29	124	0	5	8	0.40746049952392943	0.4245698436413302
GIST1M_HEAD128	RESIDUAL_NLIST1024	A_TO_B	CORR_GREEDY	U	24	29	124	1	3	8	0.6294563391395722	0.6218644594941124
GIST1M_HEAD128	RESIDUAL_NLIST1024	A_TO_B	CORR_GREEDY	U	25	30	47	0	4	8	0.8932530955061253	0.8439863022940612
GIST1M_HEAD128	RESIDUAL_NLIST1024	A_TO_B	CORR_GREEDY	U	25	30	47	1	4	8	1.110452999407065	1.1702706349042322
GIST1M_HEAD128	RESIDUAL_NLIST1024	A_TO_B	CORR_GREEDY	U	26	31	55	0	4	8	0.9145834129084284	1.1663190731793562
GIST1M_HEAD128	RESIDUAL_NLIST1024	A_TO_B	CORR_GREEDY	U	26	31	55	1	4	8	0.534513411533699	0.5813414778166309
GIST1M_HEAD128	RESIDUAL_NLIST1024	A_TO_B	CORR_GREEDY	U	27	32	87	0	4	8	0.9246673352379058	0.8389621669345504
GIST1M_HEAD128	RESIDUAL_NLIST1024	A_TO_B	CORR_GREEDY	U	27	32	87	1	4	8	0.31440733942683025	0.35517591385449304
GIST1M_HEAD128	RESIDUAL_NLIST1024	A_TO_B	CORR_GREEDY	U	28	34	75	0	4	8	1.7394509350881526	1.9912525622217219
GIST1M_HEAD128	RESIDUAL_NLIST1024	A_TO_B	CORR_GREEDY	U	28	34	75	1	4	8	0.4417382945599614	0.4049789413284537
GIST1M_HEAD128	RESIDUAL_NLIST1024	A_TO_B	CORR_GREEDY	U	29	35	111	0	5	8	0.6645893325745624	0.7824791285245141
GIST1M_HEAD128	RESIDUAL_NLIST1024	A_TO_B	CORR_GREEDY	U	29	35	111	1	3	8	0.7999475552904141	0.8369203456539753
GIST1M_HEAD128	RESIDUAL_NLIST1024	A_TO_B	CORR_GREEDY	U	30	36	121	0	5	8	0.3197584420829871	0.43616375121397405
GIST1M_HEAD128	RESIDUAL_NLIST1024	A_TO_B	CORR_GREEDY	U	30	36	121	1	3	8	0.6707901680000716	0.6709730931763879
GIST1M_HEAD128	RESIDUAL_NLIST1024	A_TO_B	CORR_GREEDY	U	31	37	57	0	4	8	0.7374171349315737	0.6658929248726668
GIST1M_HEAD128	RESIDUAL_NLIST1024	A_TO_B	CORR_GREEDY	U	31	37	57	1	4	8	0.504676109438106	0.5664819005030186
GIST1M_HEAD128	RESIDUAL_NLIST1024	A_TO_B	CORR_GREEDY	U	32	38	74	0	4	8	0.842029536194534	1.010879805696477
GIST1M_HEAD128	RESIDUAL_NLIST1024	A_TO_B	CORR_GREEDY	U	32	38	74	1	4	8	0.335277029478975	0.3136218257126529
GIST1M_HEAD128	RESIDUAL_NLIST1024	A_TO_B	CORR_GREEDY	U	33	41	122	0	4	8	0.7971879279782277	0.9230769601705524
GIST1M_HEAD128	RESIDUAL_NLIST1024	A_TO_B	CORR_GREEDY	U	33	41	122	1	4	8	0.22725725074404005	0.23088509729206716
GIST1M_HEAD128	RESIDUAL_NLIST1024	A_TO_B	CORR_GREEDY	U	34	42	116	0	4	8	0.7744009451384348	0.764447323942032
GIST1M_HEAD128	RESIDUAL_NLIST1024	A_TO_B	CORR_GREEDY	U	34	42	116	1	4	8	0.2585304978566789	0.2612094952746343
GIST1M_HEAD128	RESIDUAL_NLIST1024	A_TO_B	CORR_GREEDY	U	35	44	45	0	4	8	0.7347175432325633	0.7354001272180659
GIST1M_HEAD128	RESIDUAL_NLIST1024	A_TO_B	CORR_GREEDY	U	35	44	45	1	4	8	0.9106364666302341	0.7934894986594645
GIST1M_HEAD128	RESIDUAL_NLIST1024	A_TO_B	CORR_GREEDY	U	36	46	62	0	4	8	0.7283428142687297	0.7075040333791431
GIST1M_HEAD128	RESIDUAL_NLIST1024	A_TO_B	CORR_GREEDY	U	36	46	62	1	4	8	0.5694471448072242	0.6040230549623793
GIST1M_HEAD128	RESIDUAL_NLIST1024	A_TO_B	CORR_GREEDY	U	37	51	102	0	4	8	0.6034801986825062	0.727419624807074
GIST1M_HEAD128	RESIDUAL_NLIST1024	A_TO_B	CORR_GREEDY	U	37	51	102	1	4	8	0.2725345350340469	0.28109826600186993
GIST1M_HEAD128	RESIDUAL_NLIST1024	A_TO_B	CORR_GREEDY	U	38	53	78	0	4	8	0.7103075002223704	0.6565974845817292
GIST1M_HEAD128	RESIDUAL_NLIST1024	A_TO_B	CORR_GREEDY	U	38	53	78	1	4	8	0.7686680963766706	0.5090875483460178
GIST1M_HEAD128	RESIDUAL_NLIST1024	A_TO_B	CORR_GREEDY	U	39	54	110	0	4	8	0.6135622648160525	0.5861370966328465
GIST1M_HEAD128	RESIDUAL_NLIST1024	A_TO_B	CORR_GREEDY	U	39	54	110	1	4	8	0.2564089981539435	0.28634020017438344
GIST1M_HEAD128	RESIDUAL_NLIST1024	A_TO_B	CORR_GREEDY	U	40	58	100	0	4	8	0.5424749253790773	0.5460710576679761
GIST1M_HEAD128	RESIDUAL_NLIST1024	A_TO_B	CORR_GREEDY	U	40	58	100	1	4	8	0.27547015083727433	0.30950857815828564
GIST1M_HEAD128	RESIDUAL_NLIST1024	A_TO_B	CORR_GREEDY	U	41	59	119	0	4	8	0.5354251543405899	0.606895784522512
GIST1M_HEAD128	RESIDUAL_NLIST1024	A_TO_B	CORR_GREEDY	U	41	59	119	1	4	8	0.21198189056937905	0.22007393150553972
GIST1M_HEAD128	RESIDUAL_NLIST1024	A_TO_B	CORR_GREEDY	U	42	60	61	0	4	8	0.4960814017621792	0.47187744979647417
GIST1M_HEAD128	RESIDUAL_NLIST1024	A_TO_B	CORR_GREEDY	U	42	60	61	1	4	8	0.4075136784088811	0.6123842619945985
GIST1M_HEAD128	RESIDUAL_NLIST1024	A_TO_B	CORR_GREEDY	U	43	63	83	0	4	8	0.5650816225561255	0.5413385061829763
GIST1M_HEAD128	RESIDUAL_NLIST1024	A_TO_B	CORR_GREEDY	U	43	63	83	1	4	8	0.31141487915693866	0.4047353438313874
GIST1M_HEAD128	RESIDUAL_NLIST1024	A_TO_B	CORR_GREEDY	U	44	64	82	0	4	8	0.9330968887236993	1.271309045834151
GIST1M_HEAD128	RESIDUAL_NLIST1024	A_TO_B	CORR_GREEDY	U	44	64	82	1	4	8	0.5650795165828221	0.9868240043500586
GIST1M_HEAD128	RESIDUAL_NLIST1024	A_TO_B	CORR_GREEDY	U	45	65	71	0	4	8	0.604136541555623	0.8585306925144779
GIST1M_HEAD128	RESIDUAL_NLIST1024	A_TO_B	CORR_GREEDY	U	45	65	71	1	4	8	0.6619313758197539	0.8880178442278466
GIST1M_HEAD128	RESIDUAL_NLIST1024	A_TO_B	CORR_GREEDY	U	46	66	91	0	4	8	0.4343308588638224	0.4264955182272812
GIST1M_HEAD128	RESIDUAL_NLIST1024	A_TO_B	CORR_GREEDY	U	46	66	91	1	4	8	0.2756494317995939	0.33033697492730796
GIST1M_HEAD128	RESIDUAL_NLIST1024	A_TO_B	CORR_GREEDY	U	47	67	68	0	4	8	0.4646713499804871	0.47575904409823044
GIST1M_HEAD128	RESIDUAL_NLIST1024	A_TO_B	CORR_GREEDY	U	47	67	68	1	4	8	0.7209241942578386	0.7457126170466957
GIST1M_HEAD128	RESIDUAL_NLIST1024	A_TO_B	CORR_GREEDY	U	48	69	101	0	4	8	0.4037283939323958	0.42199868711325683
GIST1M_HEAD128	RESIDUAL_NLIST1024	A_TO_B	CORR_GREEDY	U	48	69	101	1	4	8	0.3409807823400206	0.4361434799840041
GIST1M_HEAD128	RESIDUAL_NLIST1024	A_TO_B	CORR_GREEDY	U	49	72	107	0	4	8	0.37303493898967927	0.3753310107576543
GIST1M_HEAD128	RESIDUAL_NLIST1024	A_TO_B	CORR_GREEDY	U	49	72	107	1	4	8	0.3008135056466007	0.3143993856137056
GIST1M_HEAD128	RESIDUAL_NLIST1024	A_TO_B	CORR_GREEDY	U	50	73	77	0	4	8	0.41842207519188424	0.4349423386286423
GIST1M_HEAD128	RESIDUAL_NLIST1024	A_TO_B	CORR_GREEDY	U	50	73	77	1	4	8	0.3179591627711689	0.3758958382854043
GIST1M_HEAD128	RESIDUAL_NLIST1024	A_TO_B	CORR_GREEDY	U	51	81	98	0	4	8	0.42507821879568536	0.5021728459207097
GIST1M_HEAD128	RESIDUAL_NLIST1024	A_TO_B	CORR_GREEDY	U	51	81	98	1	4	8	0.5331154295069249	0.5665238186061979
GIST1M_HEAD128	RESIDUAL_NLIST1024	A_TO_B	CORR_GREEDY	U	52	84	127	0	4	8	0.3569225504213167	0.3142489645114341
GIST1M_HEAD128	RESIDUAL_NLIST1024	A_TO_B	CORR_GREEDY	U	52	84	127	1	4	8	0.21224769909767088	0.2174525482761799
GIST1M_HEAD128	RESIDUAL_NLIST1024	A_TO_B	CORR_GREEDY	U	53	89	94	0	4	8	0.33367107083610403	0.3271637456765319
GIST1M_HEAD128	RESIDUAL_NLIST1024	A_TO_B	CORR_GREEDY	U	53	89	94	1	4	8	0.28668206850154976	0.2958548368709075
GIST1M_HEAD128	RESIDUAL_NLIST1024	A_TO_B	CORR_GREEDY	U	54	92	97	0	4	8	0.28882340826446323	0.33334194990030563
GIST1M_HEAD128	RESIDUAL_NLIST1024	A_TO_B	CORR_GREEDY	U	54	92	97	1	4	8	0.28987079178727093	0.3228148402043898
GIST1M_HEAD128	RESIDUAL_NLIST1024	A_TO_B	CORR_GREEDY	U	55	93	95	0	4	8	0.33970121394296815	0.26590692315770537
GIST1M_HEAD128	RESIDUAL_NLIST1024	A_TO_B	CORR_GREEDY	U	55	93	95	1	4	8	0.4071738357420056	0.4016120904841828
GIST1M_HEAD128	RESIDUAL_NLIST1024	A_TO_B	CORR_GREEDY	U	56	96	112	0	4	8	0.3525805249356126	0.34405058516049986
GIST1M_HEAD128	RESIDUAL_NLIST1024	A_TO_B	CORR_GREEDY	U	56	96	112	1	4	8	0.3945195339088191	0.39854311810420306
GIST1M_HEAD128	RESIDUAL_NLIST1024	A_TO_B	CORR_GREEDY	U	57	99	105	0	4	8	0.2904546211368694	0.3153328564922072
GIST1M_HEAD128	RESIDUAL_NLIST1024	A_TO_B	CORR_GREEDY	U	57	99	105	1	4	8	0.3558682899216731	0.35167157131412324
GIST1M_HEAD128	RESIDUAL_NLIST1024	A_TO_B	CORR_GREEDY	U	58	103	104	0	4	8	0.364126920387106	0.32660318927895027
GIST1M_HEAD128	RESIDUAL_NLIST1024	A_TO_B	CORR_GREEDY	U	58	103	104	1	4	8	0.2824140004103799	0.33728636937268386
GIST1M_HEAD128	RESIDUAL_NLIST1024	A_TO_B	CORR_GREEDY	U	59	106	114	0	4	8	0.25498933871290685	0.6299925409516832
GIST1M_HEAD128	RESIDUAL_NLIST1024	A_TO_B	CORR_GREEDY	U	59	106	114	1	4	8	0.30591138571363463	0.36175724165980006
GIST1M_HEAD128	RESIDUAL_NLIST1024	A_TO_B	CORR_GREEDY	U	60	109	118	0	4	8	0.236440221374758	0.24734829527371116
GIST1M_HEAD128	RESIDUAL_NLIST1024	A_TO_B	CORR_GREEDY	U	60	109	118	1	4	8	0.2339789073120209	0.26653313925573197
GIST1M_HEAD128	RESIDUAL_NLIST1024	A_TO_B	CORR_GREEDY	U	61	113	126	0	4	8	0.5430891428837293	0.474748995227908
GIST1M_HEAD128	RESIDUAL_NLIST1024	A_TO_B	CORR_GREEDY	U	61	113	126	1	4	8	0.23220697697995546	0.21295487847423403
GIST1M_HEAD128	RESIDUAL_NLIST1024	A_TO_B	CORR_GREEDY	U	62	115	125	0	4	8	0.2608412403709718	0.2888799250055587
GIST1M_HEAD128	RESIDUAL_NLIST1024	A_TO_B	CORR_GREEDY	U	62	115	125	1	4	8	0.20858969530155086	0.2904146535482329
GIST1M_HEAD128	RESIDUAL_NLIST1024	A_TO_B	CORR_GREEDY	U	63	117	120	0	4	8	0.48914737233753836	0.5233536644922869
GIST1M_HEAD128	RESIDUAL_NLIST1024	A_TO_B	CORR_GREEDY	U	63	117	120	1	4	8	0.3090524971622349	0.723260261227871
GIST1M_HEAD128	RESIDUAL_NLIST1024	A_TO_B	CORR_GREEDY	V	0	0	88	0	5	9	1.6131489940242623	1.8299545345530954
GIST1M_HEAD128	RESIDUAL_NLIST1024	A_TO_B	CORR_GREEDY	V	0	0	88	1	4	9	0.29253859011632444	0.3489965424737497
GIST1M_HEAD128	RESIDUAL_NLIST1024	A_TO_B	CORR_GREEDY	V	1	1	79	0	5	9	1.0379122227976645	2.2132313591255715
GIST1M_HEAD128	RESIDUAL_NLIST1024	A_TO_B	CORR_GREEDY	V	1	1	79	1	4	9	0.3832199713248043	0.37163562062443145
GIST1M_HEAD128	RESIDUAL_NLIST1024	A_TO_B	CORR_GREEDY	V	2	2	4	0	5	10	1.4786022112422736	2.076360428227016
GIST1M_HEAD128	RESIDUAL_NLIST1024	A_TO_B	CORR_GREEDY	V	2	2	4	1	5	10	1.682941823436531	1.4581049329993063
GIST1M_HEAD128	RESIDUAL_NLIST1024	A_TO_B	CORR_GREEDY	V	3	3	39	0	5	9	1.121576896045185	1.4542637057128518
GIST1M_HEAD128	RESIDUAL_NLIST1024	A_TO_B	CORR_GREEDY	V	3	3	39	1	4	9	0.7580053046398545	1.0157671729310733
GIST1M_HEAD128	RESIDUAL_NLIST1024	A_TO_B	CORR_GREEDY	V	4	5	123	0	5	8	1.062677516073772	0.923950095414169
GIST1M_HEAD128	RESIDUAL_NLIST1024	A_TO_B	CORR_GREEDY	V	4	5	123	1	3	8	0.7542346290589621	0.691816478831779
GIST1M_HEAD128	RESIDUAL_NLIST1024	A_TO_B	CORR_GREEDY	V	5	6	17	0	5	10	1.0746221944291061	1.2079488854260685
GIST1M_HEAD128	RESIDUAL_NLIST1024	A_TO_B	CORR_GREEDY	V	5	6	17	1	5	10	0.7811973548627259	1.2104303982129232
GIST1M_HEAD128	RESIDUAL_NLIST1024	A_TO_B	CORR_GREEDY	V	6	7	48	0	5	9	0.9158808076095979	1.3235415634613608
GIST1M_HEAD128	RESIDUAL_NLIST1024	A_TO_B	CORR_GREEDY	V	6	7	48	1	4	9	0.5739838565850388	0.8146387973128015
GIST1M_HEAD128	RESIDUAL_NLIST1024	A_TO_B	CORR_GREEDY	V	7	8	10	0	5	10	1.12018746143438	1.021835323952177
GIST1M_HEAD128	RESIDUAL_NLIST1024	A_TO_B	CORR_GREEDY	V	7	8	10	1	5	10	1.2072831930605377	1.2674037473634123
GIST1M_HEAD128	RESIDUAL_NLIST1024	A_TO_B	CORR_GREEDY	V	8	9	90	0	5	9	0.8607837531309596	0.994065427922347
GIST1M_HEAD128	RESIDUAL_NLIST1024	A_TO_B	CORR_GREEDY	V	8	9	90	1	4	9	0.35807366575619143	0.32516094334621304
GIST1M_HEAD128	RESIDUAL_NLIST1024	A_TO_B	CORR_GREEDY	V	9	11	52	0	5	9	1.03075123978436	1.7955211750255702
GIST1M_HEAD128	RESIDUAL_NLIST1024	A_TO_B	CORR_GREEDY	V	9	11	52	1	4	9	0.6129987408609505	0.7045366149028799
GIST1M_HEAD128	RESIDUAL_NLIST1024	A_TO_B	CORR_GREEDY	V	10	12	85	0	5	9	0.9070254169222802	0.9488514279346996
GIST1M_HEAD128	RESIDUAL_NLIST1024	A_TO_B	CORR_GREEDY	V	10	12	85	1	4	9	0.4190623189465251	0.4319469073806201
GIST1M_HEAD128	RESIDUAL_NLIST1024	A_TO_B	CORR_GREEDY	V	11	13	108	0	5	8	0.7893112194640892	0.7076808219584334
GIST1M_HEAD128	RESIDUAL_NLIST1024	A_TO_B	CORR_GREEDY	V	11	13	108	1	3	8	1.1460989616342394	1.057516310175326
GIST1M_HEAD128	RESIDUAL_NLIST1024	A_TO_B	CORR_GREEDY	V	12	14	86	0	5	9	0.7374403616732542	0.7448296301354098
GIST1M_HEAD128	RESIDUAL_NLIST1024	A_TO_B	CORR_GREEDY	V	12	14	86	1	4	9	0.29340449886014613	0.3257119715173602
GIST1M_HEAD128	RESIDUAL_NLIST1024	A_TO_B	CORR_GREEDY	V	13	15	43	0	5	9	1.116433678068152	1.0159823154355663
GIST1M_HEAD128	RESIDUAL_NLIST1024	A_TO_B	CORR_GREEDY	V	13	15	43	1	4	9	0.7063473588079591	0.7605180490390119
GIST1M_HEAD128	RESIDUAL_NLIST1024	A_TO_B	CORR_GREEDY	V	14	16	28	0	5	9	0.5951709112597111	0.6874120270948418
GIST1M_HEAD128	RESIDUAL_NLIST1024	A_TO_B	CORR_GREEDY	V	14	16	28	1	4	9	1.1004038679059231	1.0184232517096388
GIST1M_HEAD128	RESIDUAL_NLIST1024	A_TO_B	CORR_GREEDY	V	15	18	70	0	5	9	1.8236975950523153	1.3599155806634224
GIST1M_HEAD128	RESIDUAL_NLIST1024	A_TO_B	CORR_GREEDY	V	15	18	70	1	4	9	0.674259678596151	0.6650535974909926
GIST1M_HEAD128	RESIDUAL_NLIST1024	A_TO_B	CORR_GREEDY	V	16	19	33	0	5	9	0.5744125067569644	0.560742941676446
GIST1M_HEAD128	RESIDUAL_NLIST1024	A_TO_B	CORR_GREEDY	V	16	19	33	1	4	9	0.8107679015788849	0.9078939892191554
GIST1M_HEAD128	RESIDUAL_NLIST1024	A_TO_B	CORR_GREEDY	V	17	20	50	0	5	9	0.9798745741782315	0.8296706401769458
GIST1M_HEAD128	RESIDUAL_NLIST1024	A_TO_B	CORR_GREEDY	V	17	20	50	1	4	9	1.2561370794851388	1.3711985560029214
GIST1M_HEAD128	RESIDUAL_NLIST1024	A_TO_B	CORR_GREEDY	V	18	21	56	0	5	9	0.6568020356812796	0.586013110183595
GIST1M_HEAD128	RESIDUAL_NLIST1024	A_TO_B	CORR_GREEDY	V	18	21	56	1	4	9	0.5663874392008459	0.6070930443910454
GIST1M_HEAD128	RESIDUAL_NLIST1024	A_TO_B	CORR_GREEDY	V	19	22	49	0	5	9	0.513738534914427	0.8049318463866326
GIST1M_HEAD128	RESIDUAL_NLIST1024	A_TO_B	CORR_GREEDY	V	19	22	49	1	4	9	0.6360305490205173	0.8308287088128496
GIST1M_HEAD128	RESIDUAL_NLIST1024	A_TO_B	CORR_GREEDY	V	20	23	80	0	5	9	0.578615695640027	0.7922366812421737
GIST1M_HEAD128	RESIDUAL_NLIST1024	A_TO_B	CORR_GREEDY	V	20	23	80	1	4	9	0.5578631364401974	0.9226794093662127
GIST1M_HEAD128	RESIDUAL_NLIST1024	A_TO_B	CORR_GREEDY	V	21	24	76	0	5	9	0.5061306658697367	0.47311252417466904
GIST1M_HEAD128	RESIDUAL_NLIST1024	A_TO_B	CORR_GREEDY	V	21	24	76	1	4	9	0.3568319272246611	0.40201519188006596
GIST1M_HEAD128	RESIDUAL_NLIST1024	A_TO_B	CORR_GREEDY	V	22	25	27	0	4	8	1.0514184151942743	1.1299221109497615
GIST1M_HEAD128	RESIDUAL_NLIST1024	A_TO_B	CORR_GREEDY	V	22	25	27	1	4	8	1.5319825060900014	1.011142186086379
GIST1M_HEAD128	RESIDUAL_NLIST1024	A_TO_B	CORR_GREEDY	V	23	26	40	0	4	8	0.9492314966218016	0.951242603023033
GIST1M_HEAD128	RESIDUAL_NLIST1024	A_TO_B	CORR_GREEDY	V	23	26	40	1	4	8	1.0853571219437472	1.1137949722340021
GIST1M_HEAD128	RESIDUAL_NLIST1024	A_TO_B	CORR_GREEDY	V	24	29	124	0	4	7	0.9428140807336267	0.9461390540493341
GIST1M_HEAD128	RESIDUAL_NLIST1024	A_TO_B	CORR_GREEDY	V	24	29	124	1	3	7	0.6294563391395722	0.6218644594941124
GIST1M_HEAD128	RESIDUAL_NLIST1024	A_TO_B	CORR_GREEDY	V	25	30	47	0	4	8	0.8932530955061253	0.8439863022940612
GIST1M_HEAD128	RESIDUAL_NLIST1024	A_TO_B	CORR_GREEDY	V	25	30	47	1	4	8	1.110452999407065	1.1702706349042322
GIST1M_HEAD128	RESIDUAL_NLIST1024	A_TO_B	CORR_GREEDY	V	26	31	55	0	4	8	0.9145834129084284	1.1663190731793562
GIST1M_HEAD128	RESIDUAL_NLIST1024	A_TO_B	CORR_GREEDY	V	26	31	55	1	4	8	0.534513411533699	0.5813414778166309
GIST1M_HEAD128	RESIDUAL_NLIST1024	A_TO_B	CORR_GREEDY	V	27	32	87	0	4	8	0.9246673352379058	0.8389621669345504
GIST1M_HEAD128	RESIDUAL_NLIST1024	A_TO_B	CORR_GREEDY	V	27	32	87	1	4	8	0.31440733942683025	0.35517591385449304
GIST1M_HEAD128	RESIDUAL_NLIST1024	A_TO_B	CORR_GREEDY	V	28	34	75	0	4	8	1.7394509350881526	1.9912525622217219
GIST1M_HEAD128	RESIDUAL_NLIST1024	A_TO_B	CORR_GREEDY	V	28	34	75	1	4	8	0.4417382945599614	0.4049789413284537
GIST1M_HEAD128	RESIDUAL_NLIST1024	A_TO_B	CORR_GREEDY	V	29	35	111	0	4	7	1.2283495835510556	1.368861870320468
GIST1M_HEAD128	RESIDUAL_NLIST1024	A_TO_B	CORR_GREEDY	V	29	35	111	1	3	7	0.7999475552904141	0.8369203456539753
GIST1M_HEAD128	RESIDUAL_NLIST1024	A_TO_B	CORR_GREEDY	V	30	36	121	0	4	7	0.7878341311109416	0.9194384153247566
GIST1M_HEAD128	RESIDUAL_NLIST1024	A_TO_B	CORR_GREEDY	V	30	36	121	1	3	7	0.6707901680000716	0.6709730931763879
GIST1M_HEAD128	RESIDUAL_NLIST1024	A_TO_B	CORR_GREEDY	V	31	37	57	0	4	8	0.7374171349315737	0.6658929248726668
GIST1M_HEAD128	RESIDUAL_NLIST1024	A_TO_B	CORR_GREEDY	V	31	37	57	1	4	8	0.504676109438106	0.5664819005030186
GIST1M_HEAD128	RESIDUAL_NLIST1024	A_TO_B	CORR_GREEDY	V	32	38	74	0	4	8	0.842029536194534	1.010879805696477
GIST1M_HEAD128	RESIDUAL_NLIST1024	A_TO_B	CORR_GREEDY	V	32	38	74	1	4	8	0.335277029478975	0.3136218257126529
GIST1M_HEAD128	RESIDUAL_NLIST1024	A_TO_B	CORR_GREEDY	V	33	41	122	0	4	7	0.7971879279782277	0.9230769601705524
GIST1M_HEAD128	RESIDUAL_NLIST1024	A_TO_B	CORR_GREEDY	V	33	41	122	1	3	7	0.7009167408878999	0.715394000784808
GIST1M_HEAD128	RESIDUAL_NLIST1024	A_TO_B	CORR_GREEDY	V	34	42	116	0	4	7	0.7744009451384348	0.764447323942032
GIST1M_HEAD128	RESIDUAL_NLIST1024	A_TO_B	CORR_GREEDY	V	34	42	116	1	3	7	0.8044463493215246	0.78174637390014
GIST1M_HEAD128	RESIDUAL_NLIST1024	A_TO_B	CORR_GREEDY	V	35	44	45	0	4	8	0.7347175432325633	0.7354001272180659
GIST1M_HEAD128	RESIDUAL_NLIST1024	A_TO_B	CORR_GREEDY	V	35	44	45	1	4	8	0.9106364666302341	0.7934894986594645
GIST1M_HEAD128	RESIDUAL_NLIST1024	A_TO_B	CORR_GREEDY	V	36	46	62	0	4	8	0.7283428142687297	0.7075040333791431
GIST1M_HEAD128	RESIDUAL_NLIST1024	A_TO_B	CORR_GREEDY	V	36	46	62	1	4	8	0.5694471448072242	0.6040230549623793
GIST1M_HEAD128	RESIDUAL_NLIST1024	A_TO_B	CORR_GREEDY	V	37	51	102	0	4	8	0.6034801986825062	0.727419624807074
GIST1M_HEAD128	RESIDUAL_NLIST1024	A_TO_B	CORR_GREEDY	V	37	51	102	1	4	8	0.2725345350340469	0.28109826600186993
GIST1M_HEAD128	RESIDUAL_NLIST1024	A_TO_B	CORR_GREEDY	V	38	53	78	0	4	8	0.7103075002223704	0.6565974845817292
GIST1M_HEAD128	RESIDUAL_NLIST1024	A_TO_B	CORR_GREEDY	V	38	53	78	1	4	8	0.7686680963766706	0.5090875483460178
GIST1M_HEAD128	RESIDUAL_NLIST1024	A_TO_B	CORR_GREEDY	V	39	54	110	0	4	7	0.6135622648160525	0.5861370966328465
GIST1M_HEAD128	RESIDUAL_NLIST1024	A_TO_B	CORR_GREEDY	V	39	54	110	1	3	7	0.7858681550354263	0.8489471717182941
GIST1M_HEAD128	RESIDUAL_NLIST1024	A_TO_B	CORR_GREEDY	V	40	58	100	0	4	8	0.5424749253790773	0.5460710576679761
GIST1M_HEAD128	RESIDUAL_NLIST1024	A_TO_B	CORR_GREEDY	V	40	58	100	1	4	8	0.27547015083727433	0.30950857815828564
GIST1M_HEAD128	RESIDUAL_NLIST1024	A_TO_B	CORR_GREEDY	V	41	59	119	0	4	7	0.5354251543405899	0.606895784522512
GIST1M_HEAD128	RESIDUAL_NLIST1024	A_TO_B	CORR_GREEDY	V	41	59	119	1	3	7	0.6941685018376509	0.6923763702841006
GIST1M_HEAD128	RESIDUAL_NLIST1024	A_TO_B	CORR_GREEDY	V	42	60	61	0	4	8	0.4960814017621792	0.47187744979647417
GIST1M_HEAD128	RESIDUAL_NLIST1024	A_TO_B	CORR_GREEDY	V	42	60	61	1	4	8	0.4075136784088811	0.6123842619945985
GIST1M_HEAD128	RESIDUAL_NLIST1024	A_TO_B	CORR_GREEDY	V	43	63	83	0	4	8	0.5650816225561255	0.5413385061829763
GIST1M_HEAD128	RESIDUAL_NLIST1024	A_TO_B	CORR_GREEDY	V	43	63	83	1	4	8	0.31141487915693866	0.4047353438313874
GIST1M_HEAD128	RESIDUAL_NLIST1024	A_TO_B	CORR_GREEDY	V	44	64	82	0	4	8	0.9330968887236993	1.271309045834151
GIST1M_HEAD128	RESIDUAL_NLIST1024	A_TO_B	CORR_GREEDY	V	44	64	82	1	4	8	0.5650795165828221	0.9868240043500586
GIST1M_HEAD128	RESIDUAL_NLIST1024	A_TO_B	CORR_GREEDY	V	45	65	71	0	4	8	0.604136541555623	0.8585306925144779
GIST1M_HEAD128	RESIDUAL_NLIST1024	A_TO_B	CORR_GREEDY	V	45	65	71	1	4	8	0.6619313758197539	0.8880178442278466
GIST1M_HEAD128	RESIDUAL_NLIST1024	A_TO_B	CORR_GREEDY	V	46	66	91	0	4	8	0.4343308588638224	0.4264955182272812
GIST1M_HEAD128	RESIDUAL_NLIST1024	A_TO_B	CORR_GREEDY	V	46	66	91	1	4	8	0.2756494317995939	0.33033697492730796
GIST1M_HEAD128	RESIDUAL_NLIST1024	A_TO_B	CORR_GREEDY	V	47	67	68	0	4	8	0.4646713499804871	0.47575904409823044
GIST1M_HEAD128	RESIDUAL_NLIST1024	A_TO_B	CORR_GREEDY	V	47	67	68	1	4	8	0.7209241942578386	0.7457126170466957
GIST1M_HEAD128	RESIDUAL_NLIST1024	A_TO_B	CORR_GREEDY	V	48	69	101	0	4	8	0.4037283939323958	0.42199868711325683
GIST1M_HEAD128	RESIDUAL_NLIST1024	A_TO_B	CORR_GREEDY	V	48	69	101	1	4	8	0.3409807823400206	0.4361434799840041
GIST1M_HEAD128	RESIDUAL_NLIST1024	A_TO_B	CORR_GREEDY	V	49	72	107	0	4	7	0.37303493898967927	0.3753310107576543
GIST1M_HEAD128	RESIDUAL_NLIST1024	A_TO_B	CORR_GREEDY	V	49	72	107	1	3	7	0.9567245120216433	0.8841068550439046
GIST1M_HEAD128	RESIDUAL_NLIST1024	A_TO_B	CORR_GREEDY	V	50	73	77	0	4	8	0.41842207519188424	0.4349423386286423
GIST1M_HEAD128	RESIDUAL_NLIST1024	A_TO_B	CORR_GREEDY	V	50	73	77	1	4	8	0.3179591627711689	0.3758958382854043
GIST1M_HEAD128	RESIDUAL_NLIST1024	A_TO_B	CORR_GREEDY	V	51	81	98	0	4	8	0.42507821879568536	0.5021728459207097
GIST1M_HEAD128	RESIDUAL_NLIST1024	A_TO_B	CORR_GREEDY	V	51	81	98	1	4	8	0.5331154295069249	0.5665238186061979
GIST1M_HEAD128	RESIDUAL_NLIST1024	A_TO_B	CORR_GREEDY	V	52	84	127	0	4	7	0.3569225504213167	0.3142489645114341
GIST1M_HEAD128	RESIDUAL_NLIST1024	A_TO_B	CORR_GREEDY	V	52	84	127	1	3	7	0.6320725169512191	0.6689615224364037
GIST1M_HEAD128	RESIDUAL_NLIST1024	A_TO_B	CORR_GREEDY	V	53	89	94	0	4	8	0.33367107083610403	0.3271637456765319
GIST1M_HEAD128	RESIDUAL_NLIST1024	A_TO_B	CORR_GREEDY	V	53	89	94	1	4	8	0.28668206850154976	0.2958548368709075
GIST1M_HEAD128	RESIDUAL_NLIST1024	A_TO_B	CORR_GREEDY	V	54	92	97	0	4	8	0.28882340826446323	0.33334194990030563
GIST1M_HEAD128	RESIDUAL_NLIST1024	A_TO_B	CORR_GREEDY	V	54	92	97	1	4	8	0.28987079178727093	0.3228148402043898
GIST1M_HEAD128	RESIDUAL_NLIST1024	A_TO_B	CORR_GREEDY	V	55	93	95	0	4	8	0.33970121394296815	0.26590692315770537
GIST1M_HEAD128	RESIDUAL_NLIST1024	A_TO_B	CORR_GREEDY	V	55	93	95	1	4	8	0.4071738357420056	0.4016120904841828
GIST1M_HEAD128	RESIDUAL_NLIST1024	A_TO_B	CORR_GREEDY	V	56	96	112	0	4	7	0.3525805249356126	0.34405058516049986
GIST1M_HEAD128	RESIDUAL_NLIST1024	A_TO_B	CORR_GREEDY	V	56	96	112	1	3	7	1.0856850469389863	1.0757428851548387
GIST1M_HEAD128	RESIDUAL_NLIST1024	A_TO_B	CORR_GREEDY	V	57	99	105	0	3	6	0.8778092418183342	0.9254239814087432
GIST1M_HEAD128	RESIDUAL_NLIST1024	A_TO_B	CORR_GREEDY	V	57	99	105	1	3	6	0.9408181078739573	1.0234254788236572
GIST1M_HEAD128	RESIDUAL_NLIST1024	A_TO_B	CORR_GREEDY	V	58	103	104	0	4	7	0.364126920387106	0.32660318927895027
GIST1M_HEAD128	RESIDUAL_NLIST1024	A_TO_B	CORR_GREEDY	V	58	103	104	1	3	7	0.8331507806522869	0.946865136379266
GIST1M_HEAD128	RESIDUAL_NLIST1024	A_TO_B	CORR_GREEDY	V	59	106	114	0	3	6	0.8517595282858197	1.2709808959674738
GIST1M_HEAD128	RESIDUAL_NLIST1024	A_TO_B	CORR_GREEDY	V	59	106	114	1	3	6	0.8695465833170324	0.9372292083649743
GIST1M_HEAD128	RESIDUAL_NLIST1024	A_TO_B	CORR_GREEDY	V	60	109	118	0	3	6	0.7603652135254424	0.7876958123303486
GIST1M_HEAD128	RESIDUAL_NLIST1024	A_TO_B	CORR_GREEDY	V	60	109	118	1	3	6	0.7068331808645278	0.8076759963194964
GIST1M_HEAD128	RESIDUAL_NLIST1024	A_TO_B	CORR_GREEDY	V	61	113	126	0	3	6	1.5603065439083843	1.3651049491784337
GIST1M_HEAD128	RESIDUAL_NLIST1024	A_TO_B	CORR_GREEDY	V	61	113	126	1	3	6	0.703721683932807	0.6621110081956596
GIST1M_HEAD128	RESIDUAL_NLIST1024	A_TO_B	CORR_GREEDY	V	62	115	125	0	3	6	0.7935770740489904	0.8374905321854141
GIST1M_HEAD128	RESIDUAL_NLIST1024	A_TO_B	CORR_GREEDY	V	62	115	125	1	3	6	0.6836678398080451	0.8035223829433058
GIST1M_HEAD128	RESIDUAL_NLIST1024	A_TO_B	CORR_GREEDY	V	63	117	120	0	3	6	1.3631316285259334	1.407079005839372
GIST1M_HEAD128	RESIDUAL_NLIST1024	A_TO_B	CORR_GREEDY	V	63	117	120	1	3	6	0.9247969824577134	1.4749984147805355
GIST1M_HEAD128	RESIDUAL_NLIST1024	A_TO_B	CORR_GREEDY	E	0	0	88	0	6	9	0.7781435655710205	1.0104412555677336
GIST1M_HEAD128	RESIDUAL_NLIST1024	A_TO_B	CORR_GREEDY	E	0	0	88	1	3	9	0.9643776570377994	1.0748648743607152
GIST1M_HEAD128	RESIDUAL_NLIST1024	A_TO_B	CORR_GREEDY	E	1	1	79	0	5	9	1.0379122227976645	2.2132313591255715
GIST1M_HEAD128	RESIDUAL_NLIST1024	A_TO_B	CORR_GREEDY	E	1	1	79	1	4	9	0.3832199713248043	0.37163562062443145
GIST1M_HEAD128	RESIDUAL_NLIST1024	A_TO_B	CORR_GREEDY	E	2	2	4	0	5	10	1.4786022112422736	2.076360428227016
GIST1M_HEAD128	RESIDUAL_NLIST1024	A_TO_B	CORR_GREEDY	E	2	2	4	1	5	10	1.682941823436531	1.4581049329993063
GIST1M_HEAD128	RESIDUAL_NLIST1024	A_TO_B	CORR_GREEDY	E	3	3	39	0	5	9	1.121576896045185	1.4542637057128518
GIST1M_HEAD128	RESIDUAL_NLIST1024	A_TO_B	CORR_GREEDY	E	3	3	39	1	4	9	0.7580053046398545	1.0157671729310733
GIST1M_HEAD128	RESIDUAL_NLIST1024	A_TO_B	CORR_GREEDY	E	4	5	123	0	5	8	1.062677516073772	0.923950095414169
GIST1M_HEAD128	RESIDUAL_NLIST1024	A_TO_B	CORR_GREEDY	E	4	5	123	1	3	8	0.7542346290589621	0.691816478831779
GIST1M_HEAD128	RESIDUAL_NLIST1024	A_TO_B	CORR_GREEDY	E	5	6	17	0	5	10	1.0746221944291061	1.2079488854260685
GIST1M_HEAD128	RESIDUAL_NLIST1024	A_TO_B	CORR_GREEDY	E	5	6	17	1	5	10	0.7811973548627259	1.2104303982129232
GIST1M_HEAD128	RESIDUAL_NLIST1024	A_TO_B	CORR_GREEDY	E	6	7	48	0	5	9	0.9158808076095979	1.3235415634613608
GIST1M_HEAD128	RESIDUAL_NLIST1024	A_TO_B	CORR_GREEDY	E	6	7	48	1	4	9	0.5739838565850388	0.8146387973128015
GIST1M_HEAD128	RESIDUAL_NLIST1024	A_TO_B	CORR_GREEDY	E	7	8	10	0	5	10	1.12018746143438	1.021835323952177
GIST1M_HEAD128	RESIDUAL_NLIST1024	A_TO_B	CORR_GREEDY	E	7	8	10	1	5	10	1.2072831930605377	1.2674037473634123
GIST1M_HEAD128	RESIDUAL_NLIST1024	A_TO_B	CORR_GREEDY	E	8	9	90	0	5	8	0.8607837531309596	0.994065427922347
GIST1M_HEAD128	RESIDUAL_NLIST1024	A_TO_B	CORR_GREEDY	E	8	9	90	1	3	8	0.9942352201182934	0.9957917594535822
GIST1M_HEAD128	RESIDUAL_NLIST1024	A_TO_B	CORR_GREEDY	E	9	11	52	0	5	9	1.03075123978436	1.7955211750255702
GIST1M_HEAD128	RESIDUAL_NLIST1024	A_TO_B	CORR_GREEDY	E	9	11	52	1	4	9	0.6129987408609505	0.7045366149028799
GIST1M_HEAD128	RESIDUAL_NLIST1024	A_TO_B	CORR_GREEDY	E	10	12	85	0	5	9	0.9070254169222802	0.9488514279346996
GIST1M_HEAD128	RESIDUAL_NLIST1024	A_TO_B	CORR_GREEDY	E	10	12	85	1	4	9	0.4190623189465251	0.4319469073806201
GIST1M_HEAD128	RESIDUAL_NLIST1024	A_TO_B	CORR_GREEDY	E	11	13	108	0	5	9	0.7893112194640892	0.7076808219584334
GIST1M_HEAD128	RESIDUAL_NLIST1024	A_TO_B	CORR_GREEDY	E	11	13	108	1	4	9	0.38054511723705986	0.35523157342660777
GIST1M_HEAD128	RESIDUAL_NLIST1024	A_TO_B	CORR_GREEDY	E	12	14	86	0	5	9	0.7374403616732542	0.7448296301354098
GIST1M_HEAD128	RESIDUAL_NLIST1024	A_TO_B	CORR_GREEDY	E	12	14	86	1	4	9	0.29340449886014613	0.3257119715173602
GIST1M_HEAD128	RESIDUAL_NLIST1024	A_TO_B	CORR_GREEDY	E	13	15	43	0	5	9	1.116433678068152	1.0159823154355663
GIST1M_HEAD128	RESIDUAL_NLIST1024	A_TO_B	CORR_GREEDY	E	13	15	43	1	4	9	0.7063473588079591	0.7605180490390119
GIST1M_HEAD128	RESIDUAL_NLIST1024	A_TO_B	CORR_GREEDY	E	14	16	28	0	5	9	0.5951709112597111	0.6874120270948418
GIST1M_HEAD128	RESIDUAL_NLIST1024	A_TO_B	CORR_GREEDY	E	14	16	28	1	4	9	1.1004038679059231	1.0184232517096388
GIST1M_HEAD128	RESIDUAL_NLIST1024	A_TO_B	CORR_GREEDY	E	15	18	70	0	6	10	1.0967023087638466	0.7968378870489424
GIST1M_HEAD128	RESIDUAL_NLIST1024	A_TO_B	CORR_GREEDY	E	15	18	70	1	4	10	0.674259678596151	0.6650535974909926
GIST1M_HEAD128	RESIDUAL_NLIST1024	A_TO_B	CORR_GREEDY	E	16	19	33	0	5	9	0.5744125067569644	0.560742941676446
GIST1M_HEAD128	RESIDUAL_NLIST1024	A_TO_B	CORR_GREEDY	E	16	19	33	1	4	9	0.8107679015788849	0.9078939892191554
GIST1M_HEAD128	RESIDUAL_NLIST1024	A_TO_B	CORR_GREEDY	E	17	20	50	0	5	9	0.9798745741782315	0.8296706401769458
GIST1M_HEAD128	RESIDUAL_NLIST1024	A_TO_B	CORR_GREEDY	E	17	20	50	1	4	9	1.2561370794851388	1.3711985560029214
GIST1M_HEAD128	RESIDUAL_NLIST1024	A_TO_B	CORR_GREEDY	E	18	21	56	0	5	9	0.6568020356812796	0.586013110183595
GIST1M_HEAD128	RESIDUAL_NLIST1024	A_TO_B	CORR_GREEDY	E	18	21	56	1	4	9	0.5663874392008459	0.6070930443910454
GIST1M_HEAD128	RESIDUAL_NLIST1024	A_TO_B	CORR_GREEDY	E	19	22	49	0	5	9	0.513738534914427	0.8049318463866326
GIST1M_HEAD128	RESIDUAL_NLIST1024	A_TO_B	CORR_GREEDY	E	19	22	49	1	4	9	0.6360305490205173	0.8308287088128496
GIST1M_HEAD128	RESIDUAL_NLIST1024	A_TO_B	CORR_GREEDY	E	20	23	80	0	5	9	0.578615695640027	0.7922366812421737
GIST1M_HEAD128	RESIDUAL_NLIST1024	A_TO_B	CORR_GREEDY	E	20	23	80	1	4	9	0.5578631364401974	0.9226794093662127
GIST1M_HEAD128	RESIDUAL_NLIST1024	A_TO_B	CORR_GREEDY	E	21	24	76	0	5	9	0.5061306658697367	0.47311252417466904
GIST1M_HEAD128	RESIDUAL_NLIST1024	A_TO_B	CORR_GREEDY	E	21	24	76	1	4	9	0.3568319272246611	0.40201519188006596
GIST1M_HEAD128	RESIDUAL_NLIST1024	A_TO_B	CORR_GREEDY	E	22	25	27	0	4	8	1.0514184151942743	1.1299221109497615
GIST1M_HEAD128	RESIDUAL_NLIST1024	A_TO_B	CORR_GREEDY	E	22	25	27	1	4	8	1.5319825060900014	1.011142186086379
GIST1M_HEAD128	RESIDUAL_NLIST1024	A_TO_B	CORR_GREEDY	E	23	26	40	0	4	8	0.9492314966218016	0.951242603023033
GIST1M_HEAD128	RESIDUAL_NLIST1024	A_TO_B	CORR_GREEDY	E	23	26	40	1	4	8	1.0853571219437472	1.1137949722340021
GIST1M_HEAD128	RESIDUAL_NLIST1024	A_TO_B	CORR_GREEDY	E	24	29	124	0	4	7	0.9428140807336267	0.9461390540493341
GIST1M_HEAD128	RESIDUAL_NLIST1024	A_TO_B	CORR_GREEDY	E	24	29	124	1	3	7	0.6294563391395722	0.6218644594941124
GIST1M_HEAD128	RESIDUAL_NLIST1024	A_TO_B	CORR_GREEDY	E	25	30	47	0	4	8	0.8932530955061253	0.8439863022940612
GIST1M_HEAD128	RESIDUAL_NLIST1024	A_TO_B	CORR_GREEDY	E	25	30	47	1	4	8	1.110452999407065	1.1702706349042322
GIST1M_HEAD128	RESIDUAL_NLIST1024	A_TO_B	CORR_GREEDY	E	26	31	55	0	4	8	0.9145834129084284	1.1663190731793562
GIST1M_HEAD128	RESIDUAL_NLIST1024	A_TO_B	CORR_GREEDY	E	26	31	55	1	4	8	0.534513411533699	0.5813414778166309
GIST1M_HEAD128	RESIDUAL_NLIST1024	A_TO_B	CORR_GREEDY	E	27	32	87	0	4	7	0.9246673352379058	0.8389621669345504
GIST1M_HEAD128	RESIDUAL_NLIST1024	A_TO_B	CORR_GREEDY	E	27	32	87	1	3	7	0.9715680326150009	1.067028446791228
GIST1M_HEAD128	RESIDUAL_NLIST1024	A_TO_B	CORR_GREEDY	E	28	34	75	0	5	9	0.9674941950212653	1.2983386357795237
GIST1M_HEAD128	RESIDUAL_NLIST1024	A_TO_B	CORR_GREEDY	E	28	34	75	1	4	9	0.4417382945599614	0.4049789413284537
GIST1M_HEAD128	RESIDUAL_NLIST1024	A_TO_B	CORR_GREEDY	E	29	35	111	0	4	7	1.2283495835510556	1.368861870320468
GIST1M_HEAD128	RESIDUAL_NLIST1024	A_TO_B	CORR_GREEDY	E	29	35	111	1	3	7	0.7999475552904141	0.8369203456539753
GIST1M_HEAD128	RESIDUAL_NLIST1024	A_TO_B	CORR_GREEDY	E	30	36	121	0	4	7	0.7878341311109416	0.9194384153247566
GIST1M_HEAD128	RESIDUAL_NLIST1024	A_TO_B	CORR_GREEDY	E	30	36	121	1	3	7	0.6707901680000716	0.6709730931763879
GIST1M_HEAD128	RESIDUAL_NLIST1024	A_TO_B	CORR_GREEDY	E	31	37	57	0	4	8	0.7374171349315737	0.6658929248726668
GIST1M_HEAD128	RESIDUAL_NLIST1024	A_TO_B	CORR_GREEDY	E	31	37	57	1	4	8	0.504676109438106	0.5664819005030186
GIST1M_HEAD128	RESIDUAL_NLIST1024	A_TO_B	CORR_GREEDY	E	32	38	74	0	4	8	0.842029536194534	1.010879805696477
GIST1M_HEAD128	RESIDUAL_NLIST1024	A_TO_B	CORR_GREEDY	E	32	38	74	1	4	8	0.335277029478975	0.3136218257126529
GIST1M_HEAD128	RESIDUAL_NLIST1024	A_TO_B	CORR_GREEDY	E	33	41	122	0	4	7	0.7971879279782277	0.9230769601705524
GIST1M_HEAD128	RESIDUAL_NLIST1024	A_TO_B	CORR_GREEDY	E	33	41	122	1	3	7	0.7009167408878999	0.715394000784808
GIST1M_HEAD128	RESIDUAL_NLIST1024	A_TO_B	CORR_GREEDY	E	34	42	116	0	4	7	0.7744009451384348	0.764447323942032
GIST1M_HEAD128	RESIDUAL_NLIST1024	A_TO_B	CORR_GREEDY	E	34	42	116	1	3	7	0.8044463493215246	0.78174637390014
GIST1M_HEAD128	RESIDUAL_NLIST1024	A_TO_B	CORR_GREEDY	E	35	44	45	0	4	8	0.7347175432325633	0.7354001272180659
GIST1M_HEAD128	RESIDUAL_NLIST1024	A_TO_B	CORR_GREEDY	E	35	44	45	1	4	8	0.9106364666302341	0.7934894986594645
GIST1M_HEAD128	RESIDUAL_NLIST1024	A_TO_B	CORR_GREEDY	E	36	46	62	0	4	8	0.7283428142687297	0.7075040333791431
GIST1M_HEAD128	RESIDUAL_NLIST1024	A_TO_B	CORR_GREEDY	E	36	46	62	1	4	8	0.5694471448072242	0.6040230549623793
GIST1M_HEAD128	RESIDUAL_NLIST1024	A_TO_B	CORR_GREEDY	E	37	51	102	0	4	7	0.6034801986825062	0.727419624807074
GIST1M_HEAD128	RESIDUAL_NLIST1024	A_TO_B	CORR_GREEDY	E	37	51	102	1	3	7	0.8629311417159109	0.8905102942012374
GIST1M_HEAD128	RESIDUAL_NLIST1024	A_TO_B	CORR_GREEDY	E	38	53	78	0	4	8	0.7103075002223704	0.6565974845817292
GIST1M_HEAD128	RESIDUAL_NLIST1024	A_TO_B	CORR_GREEDY	E	38	53	78	1	4	8	0.7686680963766706	0.5090875483460178
GIST1M_HEAD128	RESIDUAL_NLIST1024	A_TO_B	CORR_GREEDY	E	39	54	110	0	4	7	0.6135622648160525	0.5861370966328465
GIST1M_HEAD128	RESIDUAL_NLIST1024	A_TO_B	CORR_GREEDY	E	39	54	110	1	3	7	0.7858681550354263	0.8489471717182941
GIST1M_HEAD128	RESIDUAL_NLIST1024	A_TO_B	CORR_GREEDY	E	40	58	100	0	4	7	0.5424749253790773	0.5460710576679761
GIST1M_HEAD128	RESIDUAL_NLIST1024	A_TO_B	CORR_GREEDY	E	40	58	100	1	3	7	0.9330916817804726	0.9463081883733491
GIST1M_HEAD128	RESIDUAL_NLIST1024	A_TO_B	CORR_GREEDY	E	41	59	119	0	4	7	0.5354251543405899	0.606895784522512
GIST1M_HEAD128	RESIDUAL_NLIST1024	A_TO_B	CORR_GREEDY	E	41	59	119	1	3	7	0.6941685018376509	0.6923763702841006
GIST1M_HEAD128	RESIDUAL_NLIST1024	A_TO_B	CORR_GREEDY	E	42	60	61	0	4	8	0.4960814017621792	0.47187744979647417
GIST1M_HEAD128	RESIDUAL_NLIST1024	A_TO_B	CORR_GREEDY	E	42	60	61	1	4	8	0.4075136784088811	0.6123842619945985
GIST1M_HEAD128	RESIDUAL_NLIST1024	A_TO_B	CORR_GREEDY	E	43	63	83	0	4	8	0.5650816225561255	0.5413385061829763
GIST1M_HEAD128	RESIDUAL_NLIST1024	A_TO_B	CORR_GREEDY	E	43	63	83	1	4	8	0.31141487915693866	0.4047353438313874
GIST1M_HEAD128	RESIDUAL_NLIST1024	A_TO_B	CORR_GREEDY	E	44	64	82	0	4	8	0.9330968887236993	1.271309045834151
GIST1M_HEAD128	RESIDUAL_NLIST1024	A_TO_B	CORR_GREEDY	E	44	64	82	1	4	8	0.5650795165828221	0.9868240043500586
GIST1M_HEAD128	RESIDUAL_NLIST1024	A_TO_B	CORR_GREEDY	E	45	65	71	0	4	8	0.604136541555623	0.8585306925144779
GIST1M_HEAD128	RESIDUAL_NLIST1024	A_TO_B	CORR_GREEDY	E	45	65	71	1	4	8	0.6619313758197539	0.8880178442278466
GIST1M_HEAD128	RESIDUAL_NLIST1024	A_TO_B	CORR_GREEDY	E	46	66	91	0	4	7	0.4343308588638224	0.4264955182272812
GIST1M_HEAD128	RESIDUAL_NLIST1024	A_TO_B	CORR_GREEDY	E	46	66	91	1	3	7	0.9199447704991498	1.0114754489205602
GIST1M_HEAD128	RESIDUAL_NLIST1024	A_TO_B	CORR_GREEDY	E	47	67	68	0	4	8	0.4646713499804871	0.47575904409823044
GIST1M_HEAD128	RESIDUAL_NLIST1024	A_TO_B	CORR_GREEDY	E	47	67	68	1	4	8	0.7209241942578386	0.7457126170466957
GIST1M_HEAD128	RESIDUAL_NLIST1024	A_TO_B	CORR_GREEDY	E	48	69	101	0	4	8	0.4037283939323958	0.42199868711325683
GIST1M_HEAD128	RESIDUAL_NLIST1024	A_TO_B	CORR_GREEDY	E	48	69	101	1	4	8	0.3409807823400206	0.4361434799840041
GIST1M_HEAD128	RESIDUAL_NLIST1024	A_TO_B	CORR_GREEDY	E	49	72	107	0	4	7	0.37303493898967927	0.3753310107576543
GIST1M_HEAD128	RESIDUAL_NLIST1024	A_TO_B	CORR_GREEDY	E	49	72	107	1	3	7	0.9567245120216433	0.8841068550439046
GIST1M_HEAD128	RESIDUAL_NLIST1024	A_TO_B	CORR_GREEDY	E	50	73	77	0	4	8	0.41842207519188424	0.4349423386286423
GIST1M_HEAD128	RESIDUAL_NLIST1024	A_TO_B	CORR_GREEDY	E	50	73	77	1	4	8	0.3179591627711689	0.3758958382854043
GIST1M_HEAD128	RESIDUAL_NLIST1024	A_TO_B	CORR_GREEDY	E	51	81	98	0	4	8	0.42507821879568536	0.5021728459207097
GIST1M_HEAD128	RESIDUAL_NLIST1024	A_TO_B	CORR_GREEDY	E	51	81	98	1	4	8	0.5331154295069249	0.5665238186061979
GIST1M_HEAD128	RESIDUAL_NLIST1024	A_TO_B	CORR_GREEDY	E	52	84	127	0	4	7	0.3569225504213167	0.3142489645114341
GIST1M_HEAD128	RESIDUAL_NLIST1024	A_TO_B	CORR_GREEDY	E	52	84	127	1	3	7	0.6320725169512191	0.6689615224364037
GIST1M_HEAD128	RESIDUAL_NLIST1024	A_TO_B	CORR_GREEDY	E	53	89	94	0	4	8	0.33367107083610403	0.3271637456765319
GIST1M_HEAD128	RESIDUAL_NLIST1024	A_TO_B	CORR_GREEDY	E	53	89	94	1	4	8	0.28668206850154976	0.2958548368709075
GIST1M_HEAD128	RESIDUAL_NLIST1024	A_TO_B	CORR_GREEDY	E	54	92	97	0	4	7	0.28882340826446323	0.33334194990030563
GIST1M_HEAD128	RESIDUAL_NLIST1024	A_TO_B	CORR_GREEDY	E	54	92	97	1	3	7	0.9692983522930949	0.9826785066868409
GIST1M_HEAD128	RESIDUAL_NLIST1024	A_TO_B	CORR_GREEDY	E	55	93	95	0	4	8	0.33970121394296815	0.26590692315770537
GIST1M_HEAD128	RESIDUAL_NLIST1024	A_TO_B	CORR_GREEDY	E	55	93	95	1	4	8	0.4071738357420056	0.4016120904841828
GIST1M_HEAD128	RESIDUAL_NLIST1024	A_TO_B	CORR_GREEDY	E	56	96	112	0	4	8	0.3525805249356126	0.34405058516049986
GIST1M_HEAD128	RESIDUAL_NLIST1024	A_TO_B	CORR_GREEDY	E	56	96	112	1	4	8	0.3945195339088191	0.39854311810420306
GIST1M_HEAD128	RESIDUAL_NLIST1024	A_TO_B	CORR_GREEDY	E	57	99	105	0	3	6	0.8778092418183342	0.9254239814087432
GIST1M_HEAD128	RESIDUAL_NLIST1024	A_TO_B	CORR_GREEDY	E	57	99	105	1	3	6	0.9408181078739573	1.0234254788236572
GIST1M_HEAD128	RESIDUAL_NLIST1024	A_TO_B	CORR_GREEDY	E	58	103	104	0	4	7	0.364126920387106	0.32660318927895027
GIST1M_HEAD128	RESIDUAL_NLIST1024	A_TO_B	CORR_GREEDY	E	58	103	104	1	3	7	0.8331507806522869	0.946865136379266
GIST1M_HEAD128	RESIDUAL_NLIST1024	A_TO_B	CORR_GREEDY	E	59	106	114	0	3	6	0.8517595282858197	1.2709808959674738
GIST1M_HEAD128	RESIDUAL_NLIST1024	A_TO_B	CORR_GREEDY	E	59	106	114	1	3	6	0.8695465833170324	0.9372292083649743
GIST1M_HEAD128	RESIDUAL_NLIST1024	A_TO_B	CORR_GREEDY	E	60	109	118	0	3	6	0.7603652135254424	0.7876958123303486
GIST1M_HEAD128	RESIDUAL_NLIST1024	A_TO_B	CORR_GREEDY	E	60	109	118	1	3	6	0.7068331808645278	0.8076759963194964
GIST1M_HEAD128	RESIDUAL_NLIST1024	A_TO_B	CORR_GREEDY	E	61	113	126	0	4	7	0.5430891428837293	0.474748995227908
GIST1M_HEAD128	RESIDUAL_NLIST1024	A_TO_B	CORR_GREEDY	E	61	113	126	1	3	7	0.703721683932807	0.6621110081956596
GIST1M_HEAD128	RESIDUAL_NLIST1024	A_TO_B	CORR_GREEDY	E	62	115	125	0	3	6	0.7935770740489904	0.8374905321854141
GIST1M_HEAD128	RESIDUAL_NLIST1024	A_TO_B	CORR_GREEDY	E	62	115	125	1	3	6	0.6836678398080451	0.8035223829433058
GIST1M_HEAD128	RESIDUAL_NLIST1024	A_TO_B	CORR_GREEDY	E	63	117	120	0	4	7	0.48914737233753836	0.5233536644922869
GIST1M_HEAD128	RESIDUAL_NLIST1024	A_TO_B	CORR_GREEDY	E	63	117	120	1	3	7	0.9247969824577134	1.4749984147805355
GIST1M_HEAD128	RESIDUAL_NLIST1024	A_TO_B	CORR_GREEDY	S	0	0	88	0	6	9	0.7781435655710205	1.0104412555677336
GIST1M_HEAD128	RESIDUAL_NLIST1024	A_TO_B	CORR_GREEDY	S	0	0	88	1	3	9	0.9643776570377994	1.0748648743607152
GIST1M_HEAD128	RESIDUAL_NLIST1024	A_TO_B	CORR_GREEDY	S	1	1	79	0	5	9	1.0379122227976645	2.2132313591255715
GIST1M_HEAD128	RESIDUAL_NLIST1024	A_TO_B	CORR_GREEDY	S	1	1	79	1	4	9	0.3832199713248043	0.37163562062443145
GIST1M_HEAD128	RESIDUAL_NLIST1024	A_TO_B	CORR_GREEDY	S	2	2	4	0	6	11	0.7118703852421848	1.1615383523486584
GIST1M_HEAD128	RESIDUAL_NLIST1024	A_TO_B	CORR_GREEDY	S	2	2	4	1	5	11	1.682941823436531	1.4581049329993063
GIST1M_HEAD128	RESIDUAL_NLIST1024	A_TO_B	CORR_GREEDY	S	3	3	39	0	5	9	1.121576896045185	1.4542637057128518
GIST1M_HEAD128	RESIDUAL_NLIST1024	A_TO_B	CORR_GREEDY	S	3	3	39	1	4	9	0.7580053046398545	1.0157671729310733
GIST1M_HEAD128	RESIDUAL_NLIST1024	A_TO_B	CORR_GREEDY	S	4	5	123	0	5	8	1.062677516073772	0.923950095414169
GIST1M_HEAD128	RESIDUAL_NLIST1024	A_TO_B	CORR_GREEDY	S	4	5	123	1	3	8	0.7542346290589621	0.691816478831779
GIST1M_HEAD128	RESIDUAL_NLIST1024	A_TO_B	CORR_GREEDY	S	5	6	17	0	5	10	1.0746221944291061	1.2079488854260685
GIST1M_HEAD128	RESIDUAL_NLIST1024	A_TO_B	CORR_GREEDY	S	5	6	17	1	5	10	0.7811973548627259	1.2104303982129232
GIST1M_HEAD128	RESIDUAL_NLIST1024	A_TO_B	CORR_GREEDY	S	6	7	48	0	5	9	0.9158808076095979	1.3235415634613608
GIST1M_HEAD128	RESIDUAL_NLIST1024	A_TO_B	CORR_GREEDY	S	6	7	48	1	4	9	0.5739838565850388	0.8146387973128015
GIST1M_HEAD128	RESIDUAL_NLIST1024	A_TO_B	CORR_GREEDY	S	7	8	10	0	5	11	1.12018746143438	1.021835323952177
GIST1M_HEAD128	RESIDUAL_NLIST1024	A_TO_B	CORR_GREEDY	S	7	8	10	1	6	11	0.4257341049142488	0.5075226730552593
GIST1M_HEAD128	RESIDUAL_NLIST1024	A_TO_B	CORR_GREEDY	S	8	9	90	0	5	8	0.8607837531309596	0.994065427922347
GIST1M_HEAD128	RESIDUAL_NLIST1024	A_TO_B	CORR_GREEDY	S	8	9	90	1	3	8	0.9942352201182934	0.9957917594535822
GIST1M_HEAD128	RESIDUAL_NLIST1024	A_TO_B	CORR_GREEDY	S	9	11	52	0	5	9	1.03075123978436	1.7955211750255702
GIST1M_HEAD128	RESIDUAL_NLIST1024	A_TO_B	CORR_GREEDY	S	9	11	52	1	4	9	0.6129987408609505	0.7045366149028799
GIST1M_HEAD128	RESIDUAL_NLIST1024	A_TO_B	CORR_GREEDY	S	10	12	85	0	5	9	0.9070254169222802	0.9488514279346996
GIST1M_HEAD128	RESIDUAL_NLIST1024	A_TO_B	CORR_GREEDY	S	10	12	85	1	4	9	0.4190623189465251	0.4319469073806201
GIST1M_HEAD128	RESIDUAL_NLIST1024	A_TO_B	CORR_GREEDY	S	11	13	108	0	5	9	0.7893112194640892	0.7076808219584334
GIST1M_HEAD128	RESIDUAL_NLIST1024	A_TO_B	CORR_GREEDY	S	11	13	108	1	4	9	0.38054511723705986	0.35523157342660777
GIST1M_HEAD128	RESIDUAL_NLIST1024	A_TO_B	CORR_GREEDY	S	12	14	86	0	5	9	0.7374403616732542	0.7448296301354098
GIST1M_HEAD128	RESIDUAL_NLIST1024	A_TO_B	CORR_GREEDY	S	12	14	86	1	4	9	0.29340449886014613	0.3257119715173602
GIST1M_HEAD128	RESIDUAL_NLIST1024	A_TO_B	CORR_GREEDY	S	13	15	43	0	5	9	1.116433678068152	1.0159823154355663
GIST1M_HEAD128	RESIDUAL_NLIST1024	A_TO_B	CORR_GREEDY	S	13	15	43	1	4	9	0.7063473588079591	0.7605180490390119
GIST1M_HEAD128	RESIDUAL_NLIST1024	A_TO_B	CORR_GREEDY	S	14	16	28	0	5	9	0.5951709112597111	0.6874120270948418
GIST1M_HEAD128	RESIDUAL_NLIST1024	A_TO_B	CORR_GREEDY	S	14	16	28	1	4	9	1.1004038679059231	1.0184232517096388
GIST1M_HEAD128	RESIDUAL_NLIST1024	A_TO_B	CORR_GREEDY	S	15	18	70	0	6	10	1.0967023087638466	0.7968378870489424
GIST1M_HEAD128	RESIDUAL_NLIST1024	A_TO_B	CORR_GREEDY	S	15	18	70	1	4	10	0.674259678596151	0.6650535974909926
GIST1M_HEAD128	RESIDUAL_NLIST1024	A_TO_B	CORR_GREEDY	S	16	19	33	0	5	9	0.5744125067569644	0.560742941676446
GIST1M_HEAD128	RESIDUAL_NLIST1024	A_TO_B	CORR_GREEDY	S	16	19	33	1	4	9	0.8107679015788849	0.9078939892191554
GIST1M_HEAD128	RESIDUAL_NLIST1024	A_TO_B	CORR_GREEDY	S	17	20	50	0	5	9	0.9798745741782315	0.8296706401769458
GIST1M_HEAD128	RESIDUAL_NLIST1024	A_TO_B	CORR_GREEDY	S	17	20	50	1	4	9	1.2561370794851388	1.3711985560029214
GIST1M_HEAD128	RESIDUAL_NLIST1024	A_TO_B	CORR_GREEDY	S	18	21	56	0	5	9	0.6568020356812796	0.586013110183595
GIST1M_HEAD128	RESIDUAL_NLIST1024	A_TO_B	CORR_GREEDY	S	18	21	56	1	4	9	0.5663874392008459	0.6070930443910454
GIST1M_HEAD128	RESIDUAL_NLIST1024	A_TO_B	CORR_GREEDY	S	19	22	49	0	5	9	0.513738534914427	0.8049318463866326
GIST1M_HEAD128	RESIDUAL_NLIST1024	A_TO_B	CORR_GREEDY	S	19	22	49	1	4	9	0.6360305490205173	0.8308287088128496
GIST1M_HEAD128	RESIDUAL_NLIST1024	A_TO_B	CORR_GREEDY	S	20	23	80	0	5	9	0.578615695640027	0.7922366812421737
GIST1M_HEAD128	RESIDUAL_NLIST1024	A_TO_B	CORR_GREEDY	S	20	23	80	1	4	9	0.5578631364401974	0.9226794093662127
GIST1M_HEAD128	RESIDUAL_NLIST1024	A_TO_B	CORR_GREEDY	S	21	24	76	0	5	9	0.5061306658697367	0.47311252417466904
GIST1M_HEAD128	RESIDUAL_NLIST1024	A_TO_B	CORR_GREEDY	S	21	24	76	1	4	9	0.3568319272246611	0.40201519188006596
GIST1M_HEAD128	RESIDUAL_NLIST1024	A_TO_B	CORR_GREEDY	S	22	25	27	0	4	8	1.0514184151942743	1.1299221109497615
GIST1M_HEAD128	RESIDUAL_NLIST1024	A_TO_B	CORR_GREEDY	S	22	25	27	1	4	8	1.5319825060900014	1.011142186086379
GIST1M_HEAD128	RESIDUAL_NLIST1024	A_TO_B	CORR_GREEDY	S	23	26	40	0	4	8	0.9492314966218016	0.951242603023033
GIST1M_HEAD128	RESIDUAL_NLIST1024	A_TO_B	CORR_GREEDY	S	23	26	40	1	4	8	1.0853571219437472	1.1137949722340021
GIST1M_HEAD128	RESIDUAL_NLIST1024	A_TO_B	CORR_GREEDY	S	24	29	124	0	4	7	0.9428140807336267	0.9461390540493341
GIST1M_HEAD128	RESIDUAL_NLIST1024	A_TO_B	CORR_GREEDY	S	24	29	124	1	3	7	0.6294563391395722	0.6218644594941124
GIST1M_HEAD128	RESIDUAL_NLIST1024	A_TO_B	CORR_GREEDY	S	25	30	47	0	4	8	0.8932530955061253	0.8439863022940612
GIST1M_HEAD128	RESIDUAL_NLIST1024	A_TO_B	CORR_GREEDY	S	25	30	47	1	4	8	1.110452999407065	1.1702706349042322
GIST1M_HEAD128	RESIDUAL_NLIST1024	A_TO_B	CORR_GREEDY	S	26	31	55	0	4	8	0.9145834129084284	1.1663190731793562
GIST1M_HEAD128	RESIDUAL_NLIST1024	A_TO_B	CORR_GREEDY	S	26	31	55	1	4	8	0.534513411533699	0.5813414778166309
GIST1M_HEAD128	RESIDUAL_NLIST1024	A_TO_B	CORR_GREEDY	S	27	32	87	0	4	7	0.9246673352379058	0.8389621669345504
GIST1M_HEAD128	RESIDUAL_NLIST1024	A_TO_B	CORR_GREEDY	S	27	32	87	1	3	7	0.9715680326150009	1.067028446791228
GIST1M_HEAD128	RESIDUAL_NLIST1024	A_TO_B	CORR_GREEDY	S	28	34	75	0	5	9	0.9674941950212653	1.2983386357795237
GIST1M_HEAD128	RESIDUAL_NLIST1024	A_TO_B	CORR_GREEDY	S	28	34	75	1	4	9	0.4417382945599614	0.4049789413284537
GIST1M_HEAD128	RESIDUAL_NLIST1024	A_TO_B	CORR_GREEDY	S	29	35	111	0	4	7	1.2283495835510556	1.368861870320468
GIST1M_HEAD128	RESIDUAL_NLIST1024	A_TO_B	CORR_GREEDY	S	29	35	111	1	3	7	0.7999475552904141	0.8369203456539753
GIST1M_HEAD128	RESIDUAL_NLIST1024	A_TO_B	CORR_GREEDY	S	30	36	121	0	4	7	0.7878341311109416	0.9194384153247566
GIST1M_HEAD128	RESIDUAL_NLIST1024	A_TO_B	CORR_GREEDY	S	30	36	121	1	3	7	0.6707901680000716	0.6709730931763879
GIST1M_HEAD128	RESIDUAL_NLIST1024	A_TO_B	CORR_GREEDY	S	31	37	57	0	4	8	0.7374171349315737	0.6658929248726668
GIST1M_HEAD128	RESIDUAL_NLIST1024	A_TO_B	CORR_GREEDY	S	31	37	57	1	4	8	0.504676109438106	0.5664819005030186
GIST1M_HEAD128	RESIDUAL_NLIST1024	A_TO_B	CORR_GREEDY	S	32	38	74	0	4	8	0.842029536194534	1.010879805696477
GIST1M_HEAD128	RESIDUAL_NLIST1024	A_TO_B	CORR_GREEDY	S	32	38	74	1	4	8	0.335277029478975	0.3136218257126529
GIST1M_HEAD128	RESIDUAL_NLIST1024	A_TO_B	CORR_GREEDY	S	33	41	122	0	4	7	0.7971879279782277	0.9230769601705524
GIST1M_HEAD128	RESIDUAL_NLIST1024	A_TO_B	CORR_GREEDY	S	33	41	122	1	3	7	0.7009167408878999	0.715394000784808
GIST1M_HEAD128	RESIDUAL_NLIST1024	A_TO_B	CORR_GREEDY	S	34	42	116	0	4	7	0.7744009451384348	0.764447323942032
GIST1M_HEAD128	RESIDUAL_NLIST1024	A_TO_B	CORR_GREEDY	S	34	42	116	1	3	7	0.8044463493215246	0.78174637390014
GIST1M_HEAD128	RESIDUAL_NLIST1024	A_TO_B	CORR_GREEDY	S	35	44	45	0	4	8	0.7347175432325633	0.7354001272180659
GIST1M_HEAD128	RESIDUAL_NLIST1024	A_TO_B	CORR_GREEDY	S	35	44	45	1	4	8	0.9106364666302341	0.7934894986594645
GIST1M_HEAD128	RESIDUAL_NLIST1024	A_TO_B	CORR_GREEDY	S	36	46	62	0	4	8	0.7283428142687297	0.7075040333791431
GIST1M_HEAD128	RESIDUAL_NLIST1024	A_TO_B	CORR_GREEDY	S	36	46	62	1	4	8	0.5694471448072242	0.6040230549623793
GIST1M_HEAD128	RESIDUAL_NLIST1024	A_TO_B	CORR_GREEDY	S	37	51	102	0	4	7	0.6034801986825062	0.727419624807074
GIST1M_HEAD128	RESIDUAL_NLIST1024	A_TO_B	CORR_GREEDY	S	37	51	102	1	3	7	0.8629311417159109	0.8905102942012374
GIST1M_HEAD128	RESIDUAL_NLIST1024	A_TO_B	CORR_GREEDY	S	38	53	78	0	4	8	0.7103075002223704	0.6565974845817292
GIST1M_HEAD128	RESIDUAL_NLIST1024	A_TO_B	CORR_GREEDY	S	38	53	78	1	4	8	0.7686680963766706	0.5090875483460178
GIST1M_HEAD128	RESIDUAL_NLIST1024	A_TO_B	CORR_GREEDY	S	39	54	110	0	4	7	0.6135622648160525	0.5861370966328465
GIST1M_HEAD128	RESIDUAL_NLIST1024	A_TO_B	CORR_GREEDY	S	39	54	110	1	3	7	0.7858681550354263	0.8489471717182941
GIST1M_HEAD128	RESIDUAL_NLIST1024	A_TO_B	CORR_GREEDY	S	40	58	100	0	4	7	0.5424749253790773	0.5460710576679761
GIST1M_HEAD128	RESIDUAL_NLIST1024	A_TO_B	CORR_GREEDY	S	40	58	100	1	3	7	0.9330916817804726	0.9463081883733491
GIST1M_HEAD128	RESIDUAL_NLIST1024	A_TO_B	CORR_GREEDY	S	41	59	119	0	4	7	0.5354251543405899	0.606895784522512
GIST1M_HEAD128	RESIDUAL_NLIST1024	A_TO_B	CORR_GREEDY	S	41	59	119	1	3	7	0.6941685018376509	0.6923763702841006
GIST1M_HEAD128	RESIDUAL_NLIST1024	A_TO_B	CORR_GREEDY	S	42	60	61	0	4	8	0.4960814017621792	0.47187744979647417
GIST1M_HEAD128	RESIDUAL_NLIST1024	A_TO_B	CORR_GREEDY	S	42	60	61	1	4	8	0.4075136784088811	0.6123842619945985
GIST1M_HEAD128	RESIDUAL_NLIST1024	A_TO_B	CORR_GREEDY	S	43	63	83	0	4	8	0.5650816225561255	0.5413385061829763
GIST1M_HEAD128	RESIDUAL_NLIST1024	A_TO_B	CORR_GREEDY	S	43	63	83	1	4	8	0.31141487915693866	0.4047353438313874
GIST1M_HEAD128	RESIDUAL_NLIST1024	A_TO_B	CORR_GREEDY	S	44	64	82	0	4	8	0.9330968887236993	1.271309045834151
GIST1M_HEAD128	RESIDUAL_NLIST1024	A_TO_B	CORR_GREEDY	S	44	64	82	1	4	8	0.5650795165828221	0.9868240043500586
GIST1M_HEAD128	RESIDUAL_NLIST1024	A_TO_B	CORR_GREEDY	S	45	65	71	0	4	8	0.604136541555623	0.8585306925144779
GIST1M_HEAD128	RESIDUAL_NLIST1024	A_TO_B	CORR_GREEDY	S	45	65	71	1	4	8	0.6619313758197539	0.8880178442278466
GIST1M_HEAD128	RESIDUAL_NLIST1024	A_TO_B	CORR_GREEDY	S	46	66	91	0	4	7	0.4343308588638224	0.4264955182272812
GIST1M_HEAD128	RESIDUAL_NLIST1024	A_TO_B	CORR_GREEDY	S	46	66	91	1	3	7	0.9199447704991498	1.0114754489205602
GIST1M_HEAD128	RESIDUAL_NLIST1024	A_TO_B	CORR_GREEDY	S	47	67	68	0	4	8	0.4646713499804871	0.47575904409823044
GIST1M_HEAD128	RESIDUAL_NLIST1024	A_TO_B	CORR_GREEDY	S	47	67	68	1	4	8	0.7209241942578386	0.7457126170466957
GIST1M_HEAD128	RESIDUAL_NLIST1024	A_TO_B	CORR_GREEDY	S	48	69	101	0	4	8	0.4037283939323958	0.42199868711325683
GIST1M_HEAD128	RESIDUAL_NLIST1024	A_TO_B	CORR_GREEDY	S	48	69	101	1	4	8	0.3409807823400206	0.4361434799840041
GIST1M_HEAD128	RESIDUAL_NLIST1024	A_TO_B	CORR_GREEDY	S	49	72	107	0	4	7	0.37303493898967927	0.3753310107576543
GIST1M_HEAD128	RESIDUAL_NLIST1024	A_TO_B	CORR_GREEDY	S	49	72	107	1	3	7	0.9567245120216433	0.8841068550439046
GIST1M_HEAD128	RESIDUAL_NLIST1024	A_TO_B	CORR_GREEDY	S	50	73	77	0	4	8	0.41842207519188424	0.4349423386286423
GIST1M_HEAD128	RESIDUAL_NLIST1024	A_TO_B	CORR_GREEDY	S	50	73	77	1	4	8	0.3179591627711689	0.3758958382854043
GIST1M_HEAD128	RESIDUAL_NLIST1024	A_TO_B	CORR_GREEDY	S	51	81	98	0	4	8	0.42507821879568536	0.5021728459207097
GIST1M_HEAD128	RESIDUAL_NLIST1024	A_TO_B	CORR_GREEDY	S	51	81	98	1	4	8	0.5331154295069249	0.5665238186061979
GIST1M_HEAD128	RESIDUAL_NLIST1024	A_TO_B	CORR_GREEDY	S	52	84	127	0	4	7	0.3569225504213167	0.3142489645114341
GIST1M_HEAD128	RESIDUAL_NLIST1024	A_TO_B	CORR_GREEDY	S	52	84	127	1	3	7	0.6320725169512191	0.6689615224364037
GIST1M_HEAD128	RESIDUAL_NLIST1024	A_TO_B	CORR_GREEDY	S	53	89	94	0	4	8	0.33367107083610403	0.3271637456765319
GIST1M_HEAD128	RESIDUAL_NLIST1024	A_TO_B	CORR_GREEDY	S	53	89	94	1	4	8	0.28668206850154976	0.2958548368709075
GIST1M_HEAD128	RESIDUAL_NLIST1024	A_TO_B	CORR_GREEDY	S	54	92	97	0	4	7	0.28882340826446323	0.33334194990030563
GIST1M_HEAD128	RESIDUAL_NLIST1024	A_TO_B	CORR_GREEDY	S	54	92	97	1	3	7	0.9692983522930949	0.9826785066868409
GIST1M_HEAD128	RESIDUAL_NLIST1024	A_TO_B	CORR_GREEDY	S	55	93	95	0	3	7	1.020012744438565	0.887837693817264
GIST1M_HEAD128	RESIDUAL_NLIST1024	A_TO_B	CORR_GREEDY	S	55	93	95	1	4	7	0.4071738357420056	0.4016120904841828
GIST1M_HEAD128	RESIDUAL_NLIST1024	A_TO_B	CORR_GREEDY	S	56	96	112	0	4	7	0.3525805249356126	0.34405058516049986
GIST1M_HEAD128	RESIDUAL_NLIST1024	A_TO_B	CORR_GREEDY	S	56	96	112	1	3	7	1.0856850469389863	1.0757428851548387
GIST1M_HEAD128	RESIDUAL_NLIST1024	A_TO_B	CORR_GREEDY	S	57	99	105	0	3	6	0.8778092418183342	0.9254239814087432
GIST1M_HEAD128	RESIDUAL_NLIST1024	A_TO_B	CORR_GREEDY	S	57	99	105	1	3	6	0.9408181078739573	1.0234254788236572
GIST1M_HEAD128	RESIDUAL_NLIST1024	A_TO_B	CORR_GREEDY	S	58	103	104	0	4	7	0.364126920387106	0.32660318927895027
GIST1M_HEAD128	RESIDUAL_NLIST1024	A_TO_B	CORR_GREEDY	S	58	103	104	1	3	7	0.8331507806522869	0.946865136379266
GIST1M_HEAD128	RESIDUAL_NLIST1024	A_TO_B	CORR_GREEDY	S	59	106	114	0	3	6	0.8517595282858197	1.2709808959674738
GIST1M_HEAD128	RESIDUAL_NLIST1024	A_TO_B	CORR_GREEDY	S	59	106	114	1	3	6	0.8695465833170324	0.9372292083649743
GIST1M_HEAD128	RESIDUAL_NLIST1024	A_TO_B	CORR_GREEDY	S	60	109	118	0	3	6	0.7603652135254424	0.7876958123303486
GIST1M_HEAD128	RESIDUAL_NLIST1024	A_TO_B	CORR_GREEDY	S	60	109	118	1	3	6	0.7068331808645278	0.8076759963194964
GIST1M_HEAD128	RESIDUAL_NLIST1024	A_TO_B	CORR_GREEDY	S	61	113	126	0	4	7	0.5430891428837293	0.474748995227908
GIST1M_HEAD128	RESIDUAL_NLIST1024	A_TO_B	CORR_GREEDY	S	61	113	126	1	3	7	0.703721683932807	0.6621110081956596
GIST1M_HEAD128	RESIDUAL_NLIST1024	A_TO_B	CORR_GREEDY	S	62	115	125	0	3	6	0.7935770740489904	0.8374905321854141
GIST1M_HEAD128	RESIDUAL_NLIST1024	A_TO_B	CORR_GREEDY	S	62	115	125	1	3	6	0.6836678398080451	0.8035223829433058
GIST1M_HEAD128	RESIDUAL_NLIST1024	A_TO_B	CORR_GREEDY	S	63	117	120	0	4	7	0.48914737233753836	0.5233536644922869
GIST1M_HEAD128	RESIDUAL_NLIST1024	A_TO_B	CORR_GREEDY	S	63	117	120	1	3	7	0.9247969824577134	1.4749984147805355
GIST1M_HEAD128	RESIDUAL_NLIST1024	A_TO_B	EA	U	0	0	127	0	5	8	1.6130579976610948	1.8768948578942444
GIST1M_HEAD128	RESIDUAL_NLIST1024	A_TO_B	EA	U	0	0	127	1	3	8	0.6323640726873123	0.6678062046653616
GIST1M_HEAD128	RESIDUAL_NLIST1024	A_TO_B	EA	U	1	1	126	0	5	8	1.0435463839432142	2.2241212778137776
GIST1M_HEAD128	RESIDUAL_NLIST1024	A_TO_B	EA	U	1	1	126	1	3	8	0.7014210994134371	0.6657349576156237
GIST1M_HEAD128	RESIDUAL_NLIST1024	A_TO_B	EA	U	2	2	120	0	5	8	1.282805511728744	2.0507747187406826
GIST1M_HEAD128	RESIDUAL_NLIST1024	A_TO_B	EA	U	2	2	120	1	3	8	0.9754245581276806	1.445919220131294
GIST1M_HEAD128	RESIDUAL_NLIST1024	A_TO_B	EA	U	3	3	125	0	5	8	1.1191702566897974	1.4138945643325047
GIST1M_HEAD128	RESIDUAL_NLIST1024	A_TO_B	EA	U	3	3	125	1	3	8	0.7270779818242582	0.8504032478747137
GIST1M_HEAD128	RESIDUAL_NLIST1024	A_TO_B	EA	U	4	4	119	0	5	8	1.7245181573236108	1.3468514135760161
GIST1M_HEAD128	RESIDUAL_NLIST1024	A_TO_B	EA	U	4	4	119	1	3	8	0.6922023509898574	0.6945467328081993
GIST1M_HEAD128	RESIDUAL_NLIST1024	A_TO_B	EA	U	5	5	122	0	5	8	1.0584584906239383	0.9220390900385091
GIST1M_HEAD128	RESIDUAL_NLIST1024	A_TO_B	EA	U	5	5	122	1	3	8	0.7028234859185183	0.7176989641326871
GIST1M_HEAD128	RESIDUAL_NLIST1024	A_TO_B	EA	U	6	6	124	0	5	8	1.1005901559907647	1.2147028239345814
GIST1M_HEAD128	RESIDUAL_NLIST1024	A_TO_B	EA	U	6	6	124	1	3	8	0.634667555721518	0.6218128724644221
GIST1M_HEAD128	RESIDUAL_NLIST1024	A_TO_B	EA	U	7	7	121	0	5	8	0.9221124576235101	1.3213780354369218
GIST1M_HEAD128	RESIDUAL_NLIST1024	A_TO_B	EA	U	7	7	121	1	3	8	0.6729567781844685	0.6715169551154054
GIST1M_HEAD128	RESIDUAL_NLIST1024	A_TO_B	EA	U	8	8	115	0	5	8	1.1009646547451903	1.1316895619748781
GIST1M_HEAD128	RESIDUAL_NLIST1024	A_TO_B	EA	U	8	8	115	1	3	8	0.7979051519162466	0.8480014227365518
GIST1M_HEAD128	RESIDUAL_NLIST1024	A_TO_B	EA	U	9	9	118	0	5	8	0.8596267280178578	1.0032684362965394
GIST1M_HEAD128	RESIDUAL_NLIST1024	A_TO_B	EA	U	9	9	118	1	3	8	0.7309675736244088	0.7953743290024474
GIST1M_HEAD128	RESIDUAL_NLIST1024	A_TO_B	EA	U	10	10	114	0	5	8	0.9330764350789049	0.9301552877092674
GIST1M_HEAD128	RESIDUAL_NLIST1024	A_TO_B	EA	U	10	10	114	1	3	8	0.8622778054839002	0.9382914297002778
GIST1M_HEAD128	RESIDUAL_NLIST1024	A_TO_B	EA	U	11	11	123	0	5	8	1.021875114379896	1.803463276039038
GIST1M_HEAD128	RESIDUAL_NLIST1024	A_TO_B	EA	U	11	11	123	1	3	8	0.7553140328401332	0.6883757384188138
GIST1M_HEAD128	RESIDUAL_NLIST1024	A_TO_B	EA	U	12	12	117	0	5	8	0.8790933488004535	0.8911167094195569
GIST1M_HEAD128	RESIDUAL_NLIST1024	A_TO_B	EA	U	12	12	117	1	3	8	1.364358812860309	1.4200256172306556
GIST1M_HEAD128	RESIDUAL_NLIST1024	A_TO_B	EA	U	13	13	112	0	5	8	0.7890200827475975	0.7149600382865706
GIST1M_HEAD128	RESIDUAL_NLIST1024	A_TO_B	EA	U	13	13	112	1	3	8	1.1611044595306808	1.141791851143391
GIST1M_HEAD128	RESIDUAL_NLIST1024	A_TO_B	EA	U	14	14	105	0	5	8	0.746890637357348	0.7559346683212393
GIST1M_HEAD128	RESIDUAL_NLIST1024	A_TO_B	EA	U	14	14	105	1	3	8	0.8288914258609326	0.9546275492842298
GIST1M_HEAD128	RESIDUAL_NLIST1024	A_TO_B	EA	U	15	15	116	0	5	8	1.1363252625637603	1.0418289674858796
GIST1M_HEAD128	RESIDUAL_NLIST1024	A_TO_B	EA	U	15	15	116	1	3	8	0.8061043593930223	0.7829143084076328
GIST1M_HEAD128	RESIDUAL_NLIST1024	A_TO_B	EA	U	16	16	111	0	5	8	0.5521203608537071	0.6164509596619074
GIST1M_HEAD128	RESIDUAL_NLIST1024	A_TO_B	EA	U	16	16	111	1	3	8	0.8003365118358675	0.8279637034597132
GIST1M_HEAD128	RESIDUAL_NLIST1024	A_TO_B	EA	U	17	17	109	0	5	8	0.7599114852381438	1.130331947939668
GIST1M_HEAD128	RESIDUAL_NLIST1024	A_TO_B	EA	U	17	17	109	1	3	8	0.7811498008780585	0.7923083766170851
GIST1M_HEAD128	RESIDUAL_NLIST1024	A_TO_B	EA	U	18	18	110	0	5	8	1.8283615467039278	1.3412489586619332
GIST1M_HEAD128	RESIDUAL_NLIST1024	A_TO_B	EA	U	18	18	110	1	3	8	0.782687619694361	0.8496728131336897
GIST1M_HEAD128	RESIDUAL_NLIST1024	A_TO_B	EA	U	19	19	113	0	4	8	1.437826498060758	1.3114897310328653
GIST1M_HEAD128	RESIDUAL_NLIST1024	A_TO_B	EA	U	19	19	113	1	4	8	0.5526817632131429	0.48493403582044914
GIST1M_HEAD128	RESIDUAL_NLIST1024	A_TO_B	EA	U	20	20	103	0	5	8	0.9840370241507689	0.8084125090835405
GIST1M_HEAD128	RESIDUAL_NLIST1024	A_TO_B	EA	U	20	20	103	1	3	8	0.8880853873695782	0.87451837910964
GIST1M_HEAD128	RESIDUAL_NLIST1024	A_TO_B	EA	U	21	21	106	0	5	8	0.6687582811907296	0.5914663796571066
GIST1M_HEAD128	RESIDUAL_NLIST1024	A_TO_B	EA	U	21	21	106	1	3	8	0.8423250349416957	1.2766039041048223
GIST1M_HEAD128	RESIDUAL_NLIST1024	A_TO_B	EA	U	22	22	104	0	5	8	0.5160666695599345	0.8047291651611517
GIST1M_HEAD128	RESIDUAL_NLIST1024	A_TO_B	EA	U	22	22	104	1	3	8	0.8746774753781159	0.9311854241886932
GIST1M_HEAD128	RESIDUAL_NLIST1024	A_TO_B	EA	U	23	23	107	0	5	8	0.5805585457583757	0.7976525847905237
GIST1M_HEAD128	RESIDUAL_NLIST1024	A_TO_B	EA	U	23	23	107	1	3	8	0.9603256391463979	0.8847319589779065
GIST1M_HEAD128	RESIDUAL_NLIST1024	A_TO_B	EA	U	24	24	99	0	5	8	0.49927176242705434	0.46977401032462096
GIST1M_HEAD128	RESIDUAL_NLIST1024	A_TO_B	EA	U	24	24	99	1	3	8	0.9616621192009126	0.9348474445148016
GIST1M_HEAD128	RESIDUAL_NLIST1024	A_TO_B	EA	U	25	25	86	0	5	8	0.6066570441360183	0.7010991126048007
GIST1M_HEAD128	RESIDUAL_NLIST1024	A_TO_B	EA	U	25	25	86	1	3	8	0.9999475924543455	1.0319069254178856
GIST1M_HEAD128	RESIDUAL_NLIST1024	A_TO_B	EA	U	26	26	108	0	4	8	0.9099122973748144	0.9156135289126337
GIST1M_HEAD128	RESIDUAL_NLIST1024	A_TO_B	EA	U	26	26	108	1	4	8	0.3810355326559176	0.34911083398412224
GIST1M_HEAD128	RESIDUAL_NLIST1024	A_TO_B	EA	U	27	27	102	0	4	8	0.969519679444725	1.0321946643578022
GIST1M_HEAD128	RESIDUAL_NLIST1024	A_TO_B	EA	U	27	27	102	1	4	8	0.27274971321626656	0.27856845389667
GIST1M_HEAD128	RESIDUAL_NLIST1024	A_TO_B	EA	U	28	28	100	0	4	8	1.0690306657539212	1.000790060428171
GIST1M_HEAD128	RESIDUAL_NLIST1024	A_TO_B	EA	U	28	28	100	1	4	8	0.27386902967739357	0.3062752227671769
GIST1M_HEAD128	RESIDUAL_NLIST1024	A_TO_B	EA	U	29	29	95	0	4	8	0.9451002193222792	0.9464571292339506
GIST1M_HEAD128	RESIDUAL_NLIST1024	A_TO_B	EA	U	29	29	95	1	4	8	0.32306093040251127	0.287118416988885
GIST1M_HEAD128	RESIDUAL_NLIST1024	A_TO_B	EA	U	30	30	101	0	4	8	0.8844597821522941	0.8396918383996735
GIST1M_HEAD128	RESIDUAL_NLIST1024	A_TO_B	EA	U	30	30	101	1	4	8	0.3568704933799385	0.44876693673891227
GIST1M_HEAD128	RESIDUAL_NLIST1024	A_TO_B	EA	U	31	31	98	0	4	8	0.912584358061429	1.1696060343246115
GIST1M_HEAD128	RESIDUAL_NLIST1024	A_TO_B	EA	U	31	31	98	1	4	8	0.5392181011524222	0.5496383599119185
GIST1M_HEAD128	RESIDUAL_NLIST1024	A_TO_B	EA	U	32	32	93	0	4	8	0.9202767226804871	0.8390645088443817
GIST1M_HEAD128	RESIDUAL_NLIST1024	A_TO_B	EA	U	32	32	93	1	4	8	0.38332313405632645	0.35147418115020074
GIST1M_HEAD128	RESIDUAL_NLIST1024	A_TO_B	EA	U	33	33	90	0	4	8	0.790323670002177	0.9178751724249845
GIST1M_HEAD128	RESIDUAL_NLIST1024	A_TO_B	EA	U	33	33	90	1	4	8	0.35047010991076405	0.3190103000745709
GIST1M_HEAD128	RESIDUAL_NLIST1024	A_TO_B	EA	U	34	34	96	0	5	8	0.9547814696505575	1.2815073539555961
GIST1M_HEAD128	RESIDUAL_NLIST1024	A_TO_B	EA	U	34	34	96	1	3	8	1.0420351119110085	0.9864617500170619
GIST1M_HEAD128	RESIDUAL_NLIST1024	A_TO_B	EA	U	35	35	97	0	4	8	1.225548523642685	1.3662895241443402
GIST1M_HEAD128	RESIDUAL_NLIST1024	A_TO_B	EA	U	35	35	97	1	4	8	0.35713468141384136	0.40616256600373657
GIST1M_HEAD128	RESIDUAL_NLIST1024	A_TO_B	EA	U	36	36	87	0	4	8	0.7871072493885356	0.9193788298622181
GIST1M_HEAD128	RESIDUAL_NLIST1024	A_TO_B	EA	U	36	36	87	1	4	8	0.31683778745346186	0.35487449227499046
GIST1M_HEAD128	RESIDUAL_NLIST1024	A_TO_B	EA	U	37	37	91	0	4	8	0.7269716054992087	0.6679627172137621
GIST1M_HEAD128	RESIDUAL_NLIST1024	A_TO_B	EA	U	37	37	91	1	4	8	0.28667143094527303	0.3291063880532833
GIST1M_HEAD128	RESIDUAL_NLIST1024	A_TO_B	EA	U	38	38	92	0	4	8	0.8417627502102696	1.0085857164796739
GIST1M_HEAD128	RESIDUAL_NLIST1024	A_TO_B	EA	U	38	38	92	1	4	8	0.29639070445545923	0.3207443933471731
GIST1M_HEAD128	RESIDUAL_NLIST1024	A_TO_B	EA	U	39	39	82	0	4	8	0.7681673179774641	1.0045663219183507
GIST1M_HEAD128	RESIDUAL_NLIST1024	A_TO_B	EA	U	39	39	82	1	4	8	0.7066943269117747	0.610093238000583
GIST1M_HEAD128	RESIDUAL_NLIST1024	A_TO_B	EA	U	40	40	94	0	4	8	1.1513779112745566	1.1266652557850476
GIST1M_HEAD128	RESIDUAL_NLIST1024	A_TO_B	EA	U	40	40	94	1	4	8	0.3248711050476795	0.3460822044345874
GIST1M_HEAD128	RESIDUAL_NLIST1024	A_TO_B	EA	U	41	41	89	0	4	8	0.7925007093621839	0.9228196674977391
GIST1M_HEAD128	RESIDUAL_NLIST1024	A_TO_B	EA	U	41	41	89	1	4	8	0.31316314914107757	0.3355476224485282
GIST1M_HEAD128	RESIDUAL_NLIST1024	A_TO_B	EA	U	42	42	88	0	4	8	0.770871052371146	0.7637648833936018
GIST1M_HEAD128	RESIDUAL_NLIST1024	A_TO_B	EA	U	42	42	88	1	4	8	0.2904758786713817	0.3488997713960884
GIST1M_HEAD128	RESIDUAL_NLIST1024	A_TO_B	EA	U	43	43	83	0	4	8	0.7042834174349539	0.7378493153268795
GIST1M_HEAD128	RESIDUAL_NLIST1024	A_TO_B	EA	U	43	43	83	1	4	8	0.327326704875456	0.3914207391696588
GIST1M_HEAD128	RESIDUAL_NLIST1024	A_TO_B	EA	U	44	44	84	0	4	8	0.7195959520972812	0.7317331813696281
GIST1M_HEAD128	RESIDUAL_NLIST1024	A_TO_B	EA	U	44	44	84	1	4	8	0.3562713043596661	0.31418039747740933
GIST1M_HEAD128	RESIDUAL_NLIST1024	A_TO_B	EA	U	45	45	76	0	4	8	0.7576482832804572	0.713899381219644
GIST1M_HEAD128	RESIDUAL_NLIST1024	A_TO_B	EA	U	45	45	76	1	4	8	0.36174848505784496	0.41248666375577286
GIST1M_HEAD128	RESIDUAL_NLIST1024	A_TO_B	EA	U	46	46	85	0	4	8	0.7174987782155164	0.7329961187274827
GIST1M_HEAD128	RESIDUAL_NLIST1024	A_TO_B	EA	U	46	46	85	1	4	8	0.41245663658438425	0.4323231671704312
GIST1M_HEAD128	RESIDUAL_NLIST1024	A_TO_B	EA	U	47	47	78	0	4	8	1.1050752303991906	1.094430212053847
GIST1M_HEAD128	RESIDUAL_NLIST1024	A_TO_B	EA	U	47	47	78	1	4	8	0.768240565715326	0.5078736806402737
GIST1M_HEAD128	RESIDUAL_NLIST1024	A_TO_B	EA	U	48	48	77	0	4	8	0.5952891033267969	0.8310151403703718
GIST1M_HEAD128	RESIDUAL_NLIST1024	A_TO_B	EA	U	48	48	77	1	4	8	0.3500262054320455	0.38519040597219506
GIST1M_HEAD128	RESIDUAL_NLIST1024	A_TO_B	EA	U	49	49	68	0	4	8	0.6355758547660084	0.8217645256519152
GIST1M_HEAD128	RESIDUAL_NLIST1024	A_TO_B	EA	U	49	49	68	1	4	8	0.6847875488951142	0.6928511525239401
GIST1M_HEAD128	RESIDUAL_NLIST1024	A_TO_B	EA	U	50	50	64	0	4	8	1.1812881896668745	1.300469051308752
GIST1M_HEAD128	RESIDUAL_NLIST1024	A_TO_B	EA	U	50	50	64	1	4	8	0.8482577849994307	2.000060439042191
GIST1M_HEAD128	RESIDUAL_NLIST1024	A_TO_B	EA	U	51	51	81	0	4	8	0.6063440645178827	0.7353228782460244
GIST1M_HEAD128	RESIDUAL_NLIST1024	A_TO_B	EA	U	51	51	81	1	4	8	0.4055836957186297	0.4831010566581536
GIST1M_HEAD128	RESIDUAL_NLIST1024	A_TO_B	EA	U	52	52	80	0	4	8	0.6086186084430969	0.7115135559730446
GIST1M_HEAD128	RESIDUAL_NLIST1024	A_TO_B	EA	U	52	52	80	1	4	8	0.5648738425593784	0.9329982873630956
GIST1M_HEAD128	RESIDUAL_NLIST1024	A_TO_B	EA	U	53	53	75	0	4	8	0.7021451493336065	0.6756821692351581
GIST1M_HEAD128	RESIDUAL_NLIST1024	A_TO_B	EA	U	53	53	75	1	4	8	0.44019088442067206	0.4059080682479318
GIST1M_HEAD128	RESIDUAL_NLIST1024	A_TO_B	EA	U	54	54	79	0	4	8	0.6172184532687319	0.5894900534466542
GIST1M_HEAD128	RESIDUAL_NLIST1024	A_TO_B	EA	U	54	54	79	1	4	8	0.3818602570979589	0.37024066054304705
GIST1M_HEAD128	RESIDUAL_NLIST1024	A_TO_B	EA	U	55	55	71	0	4	8	0.5424534941912581	0.5877816100911821
GIST1M_HEAD128	RESIDUAL_NLIST1024	A_TO_B	EA	U	55	55	71	1	4	8	0.7490776390092857	0.751482986812202
GIST1M_HEAD128	RESIDUAL_NLIST1024	A_TO_B	EA	U	56	56	72	0	4	8	0.5537494052643996	0.609102405101651
GIST1M_HEAD128	RESIDUAL_NLIST1024	A_TO_B	EA	U	56	56	72	1	4	8	0.365345124428165	0.37810439162602794
GIST1M_HEAD128	RESIDUAL_NLIST1024	A_TO_B	EA	U	57	57	74	0	4	8	0.5119034184399723	0.5573862603824902
GIST1M_HEAD128	RESIDUAL_NLIST1024	A_TO_B	EA	U	57	57	74	1	4	8	0.3237767668185631	0.32264505568640905
GIST1M_HEAD128	RESIDUAL_NLIST1024	A_TO_B	EA	U	58	58	73	0	4	8	0.5354621799687309	0.5402500083282598
GIST1M_HEAD128	RESIDUAL_NLIST1024	A_TO_B	EA	U	58	58	73	1	4	8	0.40719262966744	0.4525859587693804
GIST1M_HEAD128	RESIDUAL_NLIST1024	A_TO_B	EA	U	59	59	70	0	4	8	0.5441615697458366	0.6046351594831516
GIST1M_HEAD128	RESIDUAL_NLIST1024	A_TO_B	EA	U	59	59	70	1	4	8	0.6971532633352071	0.6561397543083867
GIST1M_HEAD128	RESIDUAL_NLIST1024	A_TO_B	EA	U	60	60	65	0	4	8	0.4586172119313706	0.5257573709075911
GIST1M_HEAD128	RESIDUAL_NLIST1024	A_TO_B	EA	U	60	60	65	1	4	8	0.6310769945844034	1.1384621205048504
GIST1M_HEAD128	RESIDUAL_NLIST1024	A_TO_B	EA	U	61	61	67	0	4	8	0.4449824352567664	0.5229249362817334
GIST1M_HEAD128	RESIDUAL_NLIST1024	A_TO_B	EA	U	61	61	67	1	4	8	0.4179960560137155	0.5244004228710601
GIST1M_HEAD128	RESIDUAL_NLIST1024	A_TO_B	EA	U	62	62	69	0	4	8	0.562118713740126	0.5742738395508977
GIST1M_HEAD128	RESIDUAL_NLIST1024	A_TO_B	EA	U	62	62	69	1	4	8	0.41047692384515805	0.4264801567327082
GIST1M_HEAD128	RESIDUAL_NLIST1024	A_TO_B	EA	U	63	63	66	0	4	8	0.5083446818997943	0.5550500199798298
GIST1M_HEAD128	RESIDUAL_NLIST1024	A_TO_B	EA	U	63	63	66	1	4	8	0.3975269816597899	0.4144125640871046
GIST1M_HEAD128	RESIDUAL_NLIST1024	A_TO_B	EA	V	0	0	127	0	5	8	1.6130579976610948	1.8768948578942444
GIST1M_HEAD128	RESIDUAL_NLIST1024	A_TO_B	EA	V	0	0	127	1	3	8	0.6323640726873123	0.6678062046653616
GIST1M_HEAD128	RESIDUAL_NLIST1024	A_TO_B	EA	V	1	1	126	0	5	8	1.0435463839432142	2.2241212778137776
GIST1M_HEAD128	RESIDUAL_NLIST1024	A_TO_B	EA	V	1	1	126	1	3	8	0.7014210994134371	0.6657349576156237
GIST1M_HEAD128	RESIDUAL_NLIST1024	A_TO_B	EA	V	2	2	120	0	5	8	1.282805511728744	2.0507747187406826
GIST1M_HEAD128	RESIDUAL_NLIST1024	A_TO_B	EA	V	2	2	120	1	3	8	0.9754245581276806	1.445919220131294
GIST1M_HEAD128	RESIDUAL_NLIST1024	A_TO_B	EA	V	3	3	125	0	5	8	1.1191702566897974	1.4138945643325047
GIST1M_HEAD128	RESIDUAL_NLIST1024	A_TO_B	EA	V	3	3	125	1	3	8	0.7270779818242582	0.8504032478747137
GIST1M_HEAD128	RESIDUAL_NLIST1024	A_TO_B	EA	V	4	4	119	0	5	8	1.7245181573236108	1.3468514135760161
GIST1M_HEAD128	RESIDUAL_NLIST1024	A_TO_B	EA	V	4	4	119	1	3	8	0.6922023509898574	0.6945467328081993
GIST1M_HEAD128	RESIDUAL_NLIST1024	A_TO_B	EA	V	5	5	122	0	5	8	1.0584584906239383	0.9220390900385091
GIST1M_HEAD128	RESIDUAL_NLIST1024	A_TO_B	EA	V	5	5	122	1	3	8	0.7028234859185183	0.7176989641326871
GIST1M_HEAD128	RESIDUAL_NLIST1024	A_TO_B	EA	V	6	6	124	0	5	8	1.1005901559907647	1.2147028239345814
GIST1M_HEAD128	RESIDUAL_NLIST1024	A_TO_B	EA	V	6	6	124	1	3	8	0.634667555721518	0.6218128724644221
GIST1M_HEAD128	RESIDUAL_NLIST1024	A_TO_B	EA	V	7	7	121	0	5	8	0.9221124576235101	1.3213780354369218
GIST1M_HEAD128	RESIDUAL_NLIST1024	A_TO_B	EA	V	7	7	121	1	3	8	0.6729567781844685	0.6715169551154054
GIST1M_HEAD128	RESIDUAL_NLIST1024	A_TO_B	EA	V	8	8	115	0	5	8	1.1009646547451903	1.1316895619748781
GIST1M_HEAD128	RESIDUAL_NLIST1024	A_TO_B	EA	V	8	8	115	1	3	8	0.7979051519162466	0.8480014227365518
GIST1M_HEAD128	RESIDUAL_NLIST1024	A_TO_B	EA	V	9	9	118	0	5	8	0.8596267280178578	1.0032684362965394
GIST1M_HEAD128	RESIDUAL_NLIST1024	A_TO_B	EA	V	9	9	118	1	3	8	0.7309675736244088	0.7953743290024474
GIST1M_HEAD128	RESIDUAL_NLIST1024	A_TO_B	EA	V	10	10	114	0	5	8	0.9330764350789049	0.9301552877092674
GIST1M_HEAD128	RESIDUAL_NLIST1024	A_TO_B	EA	V	10	10	114	1	3	8	0.8622778054839002	0.9382914297002778
GIST1M_HEAD128	RESIDUAL_NLIST1024	A_TO_B	EA	V	11	11	123	0	5	8	1.021875114379896	1.803463276039038
GIST1M_HEAD128	RESIDUAL_NLIST1024	A_TO_B	EA	V	11	11	123	1	3	8	0.7553140328401332	0.6883757384188138
GIST1M_HEAD128	RESIDUAL_NLIST1024	A_TO_B	EA	V	12	12	117	0	5	8	0.8790933488004535	0.8911167094195569
GIST1M_HEAD128	RESIDUAL_NLIST1024	A_TO_B	EA	V	12	12	117	1	3	8	1.364358812860309	1.4200256172306556
GIST1M_HEAD128	RESIDUAL_NLIST1024	A_TO_B	EA	V	13	13	112	0	5	8	0.7890200827475975	0.7149600382865706
GIST1M_HEAD128	RESIDUAL_NLIST1024	A_TO_B	EA	V	13	13	112	1	3	8	1.1611044595306808	1.141791851143391
GIST1M_HEAD128	RESIDUAL_NLIST1024	A_TO_B	EA	V	14	14	105	0	5	8	0.746890637357348	0.7559346683212393
GIST1M_HEAD128	RESIDUAL_NLIST1024	A_TO_B	EA	V	14	14	105	1	3	8	0.8288914258609326	0.9546275492842298
GIST1M_HEAD128	RESIDUAL_NLIST1024	A_TO_B	EA	V	15	15	116	0	5	8	1.1363252625637603	1.0418289674858796
GIST1M_HEAD128	RESIDUAL_NLIST1024	A_TO_B	EA	V	15	15	116	1	3	8	0.8061043593930223	0.7829143084076328
GIST1M_HEAD128	RESIDUAL_NLIST1024	A_TO_B	EA	V	16	16	111	0	5	8	0.5521203608537071	0.6164509596619074
GIST1M_HEAD128	RESIDUAL_NLIST1024	A_TO_B	EA	V	16	16	111	1	3	8	0.8003365118358675	0.8279637034597132
GIST1M_HEAD128	RESIDUAL_NLIST1024	A_TO_B	EA	V	17	17	109	0	5	8	0.7599114852381438	1.130331947939668
GIST1M_HEAD128	RESIDUAL_NLIST1024	A_TO_B	EA	V	17	17	109	1	3	8	0.7811498008780585	0.7923083766170851
GIST1M_HEAD128	RESIDUAL_NLIST1024	A_TO_B	EA	V	18	18	110	0	5	8	1.8283615467039278	1.3412489586619332
GIST1M_HEAD128	RESIDUAL_NLIST1024	A_TO_B	EA	V	18	18	110	1	3	8	0.782687619694361	0.8496728131336897
GIST1M_HEAD128	RESIDUAL_NLIST1024	A_TO_B	EA	V	19	19	113	0	5	8	0.6084407570109001	0.5609005230405562
GIST1M_HEAD128	RESIDUAL_NLIST1024	A_TO_B	EA	V	19	19	113	1	3	8	1.6175129891503897	1.3566451772578005
GIST1M_HEAD128	RESIDUAL_NLIST1024	A_TO_B	EA	V	20	20	103	0	5	8	0.9840370241507689	0.8084125090835405
GIST1M_HEAD128	RESIDUAL_NLIST1024	A_TO_B	EA	V	20	20	103	1	3	8	0.8880853873695782	0.87451837910964
GIST1M_HEAD128	RESIDUAL_NLIST1024	A_TO_B	EA	V	21	21	106	0	5	8	0.6687582811907296	0.5914663796571066
GIST1M_HEAD128	RESIDUAL_NLIST1024	A_TO_B	EA	V	21	21	106	1	3	8	0.8423250349416957	1.2766039041048223
GIST1M_HEAD128	RESIDUAL_NLIST1024	A_TO_B	EA	V	22	22	104	0	5	8	0.5160666695599345	0.8047291651611517
GIST1M_HEAD128	RESIDUAL_NLIST1024	A_TO_B	EA	V	22	22	104	1	3	8	0.8746774753781159	0.9311854241886932
GIST1M_HEAD128	RESIDUAL_NLIST1024	A_TO_B	EA	V	23	23	107	0	5	8	0.5805585457583757	0.7976525847905237
GIST1M_HEAD128	RESIDUAL_NLIST1024	A_TO_B	EA	V	23	23	107	1	3	8	0.9603256391463979	0.8847319589779065
GIST1M_HEAD128	RESIDUAL_NLIST1024	A_TO_B	EA	V	24	24	99	0	5	8	0.49927176242705434	0.46977401032462096
GIST1M_HEAD128	RESIDUAL_NLIST1024	A_TO_B	EA	V	24	24	99	1	3	8	0.9616621192009126	0.9348474445148016
GIST1M_HEAD128	RESIDUAL_NLIST1024	A_TO_B	EA	V	25	25	86	0	4	8	1.415761571718861	1.0590585880352987
GIST1M_HEAD128	RESIDUAL_NLIST1024	A_TO_B	EA	V	25	25	86	1	4	8	0.2900578607416082	0.3319574719749149
GIST1M_HEAD128	RESIDUAL_NLIST1024	A_TO_B	EA	V	26	26	108	0	4	8	0.9099122973748144	0.9156135289126337
GIST1M_HEAD128	RESIDUAL_NLIST1024	A_TO_B	EA	V	26	26	108	1	4	8	0.3810355326559176	0.34911083398412224
GIST1M_HEAD128	RESIDUAL_NLIST1024	A_TO_B	EA	V	27	27	102	0	4	8	0.969519679444725	1.0321946643578022
GIST1M_HEAD128	RESIDUAL_NLIST1024	A_TO_B	EA	V	27	27	102	1	4	8	0.27274971321626656	0.27856845389667
GIST1M_HEAD128	RESIDUAL_NLIST1024	A_TO_B	EA	V	28	28	100	0	4	8	1.0690306657539212	1.000790060428171
GIST1M_HEAD128	RESIDUAL_NLIST1024	A_TO_B	EA	V	28	28	100	1	4	8	0.27386902967739357	0.3062752227671769
GIST1M_HEAD128	RESIDUAL_NLIST1024	A_TO_B	EA	V	29	29	95	0	4	8	0.9451002193222792	0.9464571292339506
GIST1M_HEAD128	RESIDUAL_NLIST1024	A_TO_B	EA	V	29	29	95	1	4	8	0.32306093040251127	0.287118416988885
GIST1M_HEAD128	RESIDUAL_NLIST1024	A_TO_B	EA	V	30	30	101	0	4	8	0.8844597821522941	0.8396918383996735
GIST1M_HEAD128	RESIDUAL_NLIST1024	A_TO_B	EA	V	30	30	101	1	4	8	0.3568704933799385	0.44876693673891227
GIST1M_HEAD128	RESIDUAL_NLIST1024	A_TO_B	EA	V	31	31	98	0	4	8	0.912584358061429	1.1696060343246115
GIST1M_HEAD128	RESIDUAL_NLIST1024	A_TO_B	EA	V	31	31	98	1	4	8	0.5392181011524222	0.5496383599119185
GIST1M_HEAD128	RESIDUAL_NLIST1024	A_TO_B	EA	V	32	32	93	0	4	8	0.9202767226804871	0.8390645088443817
GIST1M_HEAD128	RESIDUAL_NLIST1024	A_TO_B	EA	V	32	32	93	1	4	8	0.38332313405632645	0.35147418115020074
GIST1M_HEAD128	RESIDUAL_NLIST1024	A_TO_B	EA	V	33	33	90	0	4	8	0.790323670002177	0.9178751724249845
GIST1M_HEAD128	RESIDUAL_NLIST1024	A_TO_B	EA	V	33	33	90	1	4	8	0.35047010991076405	0.3190103000745709
GIST1M_HEAD128	RESIDUAL_NLIST1024	A_TO_B	EA	V	34	34	96	0	4	8	1.7249342108193944	2.000003271077303
GIST1M_HEAD128	RESIDUAL_NLIST1024	A_TO_B	EA	V	34	34	96	1	4	8	0.36669419752441734	0.3371916434429715
GIST1M_HEAD128	RESIDUAL_NLIST1024	A_TO_B	EA	V	35	35	97	0	4	8	1.225548523642685	1.3662895241443402
GIST1M_HEAD128	RESIDUAL_NLIST1024	A_TO_B	EA	V	35	35	97	1	4	8	0.35713468141384136	0.40616256600373657
GIST1M_HEAD128	RESIDUAL_NLIST1024	A_TO_B	EA	V	36	36	87	0	4	8	0.7871072493885356	0.9193788298622181
GIST1M_HEAD128	RESIDUAL_NLIST1024	A_TO_B	EA	V	36	36	87	1	4	8	0.31683778745346186	0.35487449227499046
GIST1M_HEAD128	RESIDUAL_NLIST1024	A_TO_B	EA	V	37	37	91	0	4	8	0.7269716054992087	0.6679627172137621
GIST1M_HEAD128	RESIDUAL_NLIST1024	A_TO_B	EA	V	37	37	91	1	4	8	0.28667143094527303	0.3291063880532833
GIST1M_HEAD128	RESIDUAL_NLIST1024	A_TO_B	EA	V	38	38	92	0	4	8	0.8417627502102696	1.0085857164796739
GIST1M_HEAD128	RESIDUAL_NLIST1024	A_TO_B	EA	V	38	38	92	1	4	8	0.29639070445545923	0.3207443933471731
GIST1M_HEAD128	RESIDUAL_NLIST1024	A_TO_B	EA	V	39	39	82	0	4	8	0.7681673179774641	1.0045663219183507
GIST1M_HEAD128	RESIDUAL_NLIST1024	A_TO_B	EA	V	39	39	82	1	4	8	0.7066943269117747	0.610093238000583
GIST1M_HEAD128	RESIDUAL_NLIST1024	A_TO_B	EA	V	40	40	94	0	4	8	1.1513779112745566	1.1266652557850476
GIST1M_HEAD128	RESIDUAL_NLIST1024	A_TO_B	EA	V	40	40	94	1	4	8	0.3248711050476795	0.3460822044345874
GIST1M_HEAD128	RESIDUAL_NLIST1024	A_TO_B	EA	V	41	41	89	0	4	8	0.7925007093621839	0.9228196674977391
GIST1M_HEAD128	RESIDUAL_NLIST1024	A_TO_B	EA	V	41	41	89	1	4	8	0.31316314914107757	0.3355476224485282
GIST1M_HEAD128	RESIDUAL_NLIST1024	A_TO_B	EA	V	42	42	88	0	4	8	0.770871052371146	0.7637648833936018
GIST1M_HEAD128	RESIDUAL_NLIST1024	A_TO_B	EA	V	42	42	88	1	4	8	0.2904758786713817	0.3488997713960884
GIST1M_HEAD128	RESIDUAL_NLIST1024	A_TO_B	EA	V	43	43	83	0	4	8	0.7042834174349539	0.7378493153268795
GIST1M_HEAD128	RESIDUAL_NLIST1024	A_TO_B	EA	V	43	43	83	1	4	8	0.327326704875456	0.3914207391696588
GIST1M_HEAD128	RESIDUAL_NLIST1024	A_TO_B	EA	V	44	44	84	0	4	8	0.7195959520972812	0.7317331813696281
GIST1M_HEAD128	RESIDUAL_NLIST1024	A_TO_B	EA	V	44	44	84	1	4	8	0.3562713043596661	0.31418039747740933
GIST1M_HEAD128	RESIDUAL_NLIST1024	A_TO_B	EA	V	45	45	76	0	4	8	0.7576482832804572	0.713899381219644
GIST1M_HEAD128	RESIDUAL_NLIST1024	A_TO_B	EA	V	45	45	76	1	4	8	0.36174848505784496	0.41248666375577286
GIST1M_HEAD128	RESIDUAL_NLIST1024	A_TO_B	EA	V	46	46	85	0	4	8	0.7174987782155164	0.7329961187274827
GIST1M_HEAD128	RESIDUAL_NLIST1024	A_TO_B	EA	V	46	46	85	1	4	8	0.41245663658438425	0.4323231671704312
GIST1M_HEAD128	RESIDUAL_NLIST1024	A_TO_B	EA	V	47	47	78	0	4	8	1.1050752303991906	1.094430212053847
GIST1M_HEAD128	RESIDUAL_NLIST1024	A_TO_B	EA	V	47	47	78	1	4	8	0.768240565715326	0.5078736806402737
GIST1M_HEAD128	RESIDUAL_NLIST1024	A_TO_B	EA	V	48	48	77	0	4	8	0.5952891033267969	0.8310151403703718
GIST1M_HEAD128	RESIDUAL_NLIST1024	A_TO_B	EA	V	48	48	77	1	4	8	0.3500262054320455	0.38519040597219506
GIST1M_HEAD128	RESIDUAL_NLIST1024	A_TO_B	EA	V	49	49	68	0	4	8	0.6355758547660084	0.8217645256519152
GIST1M_HEAD128	RESIDUAL_NLIST1024	A_TO_B	EA	V	49	49	68	1	4	8	0.6847875488951142	0.6928511525239401
GIST1M_HEAD128	RESIDUAL_NLIST1024	A_TO_B	EA	V	50	50	64	0	4	8	1.1812881896668745	1.300469051308752
GIST1M_HEAD128	RESIDUAL_NLIST1024	A_TO_B	EA	V	50	50	64	1	4	8	0.8482577849994307	2.000060439042191
GIST1M_HEAD128	RESIDUAL_NLIST1024	A_TO_B	EA	V	51	51	81	0	4	8	0.6063440645178827	0.7353228782460244
GIST1M_HEAD128	RESIDUAL_NLIST1024	A_TO_B	EA	V	51	51	81	1	4	8	0.4055836957186297	0.4831010566581536
GIST1M_HEAD128	RESIDUAL_NLIST1024	A_TO_B	EA	V	52	52	80	0	4	8	0.6086186084430969	0.7115135559730446
GIST1M_HEAD128	RESIDUAL_NLIST1024	A_TO_B	EA	V	52	52	80	1	4	8	0.5648738425593784	0.9329982873630956
GIST1M_HEAD128	RESIDUAL_NLIST1024	A_TO_B	EA	V	53	53	75	0	4	8	0.7021451493336065	0.6756821692351581
GIST1M_HEAD128	RESIDUAL_NLIST1024	A_TO_B	EA	V	53	53	75	1	4	8	0.44019088442067206	0.4059080682479318
GIST1M_HEAD128	RESIDUAL_NLIST1024	A_TO_B	EA	V	54	54	79	0	4	8	0.6172184532687319	0.5894900534466542
GIST1M_HEAD128	RESIDUAL_NLIST1024	A_TO_B	EA	V	54	54	79	1	4	8	0.3818602570979589	0.37024066054304705
GIST1M_HEAD128	RESIDUAL_NLIST1024	A_TO_B	EA	V	55	55	71	0	4	8	0.5424534941912581	0.5877816100911821
GIST1M_HEAD128	RESIDUAL_NLIST1024	A_TO_B	EA	V	55	55	71	1	4	8	0.7490776390092857	0.751482986812202
GIST1M_HEAD128	RESIDUAL_NLIST1024	A_TO_B	EA	V	56	56	72	0	4	8	0.5537494052643996	0.609102405101651
GIST1M_HEAD128	RESIDUAL_NLIST1024	A_TO_B	EA	V	56	56	72	1	4	8	0.365345124428165	0.37810439162602794
GIST1M_HEAD128	RESIDUAL_NLIST1024	A_TO_B	EA	V	57	57	74	0	4	8	0.5119034184399723	0.5573862603824902
GIST1M_HEAD128	RESIDUAL_NLIST1024	A_TO_B	EA	V	57	57	74	1	4	8	0.3237767668185631	0.32264505568640905
GIST1M_HEAD128	RESIDUAL_NLIST1024	A_TO_B	EA	V	58	58	73	0	4	8	0.5354621799687309	0.5402500083282598
GIST1M_HEAD128	RESIDUAL_NLIST1024	A_TO_B	EA	V	58	58	73	1	4	8	0.40719262966744	0.4525859587693804
GIST1M_HEAD128	RESIDUAL_NLIST1024	A_TO_B	EA	V	59	59	70	0	4	8	0.5441615697458366	0.6046351594831516
GIST1M_HEAD128	RESIDUAL_NLIST1024	A_TO_B	EA	V	59	59	70	1	4	8	0.6971532633352071	0.6561397543083867
GIST1M_HEAD128	RESIDUAL_NLIST1024	A_TO_B	EA	V	60	60	65	0	4	8	0.4586172119313706	0.5257573709075911
GIST1M_HEAD128	RESIDUAL_NLIST1024	A_TO_B	EA	V	60	60	65	1	4	8	0.6310769945844034	1.1384621205048504
GIST1M_HEAD128	RESIDUAL_NLIST1024	A_TO_B	EA	V	61	61	67	0	4	8	0.4449824352567664	0.5229249362817334
GIST1M_HEAD128	RESIDUAL_NLIST1024	A_TO_B	EA	V	61	61	67	1	4	8	0.4179960560137155	0.5244004228710601
GIST1M_HEAD128	RESIDUAL_NLIST1024	A_TO_B	EA	V	62	62	69	0	4	8	0.562118713740126	0.5742738395508977
GIST1M_HEAD128	RESIDUAL_NLIST1024	A_TO_B	EA	V	62	62	69	1	4	8	0.41047692384515805	0.4264801567327082
GIST1M_HEAD128	RESIDUAL_NLIST1024	A_TO_B	EA	V	63	63	66	0	4	8	0.5083446818997943	0.5550500199798298
GIST1M_HEAD128	RESIDUAL_NLIST1024	A_TO_B	EA	V	63	63	66	1	4	8	0.3975269816597899	0.4144125640871046
GIST1M_HEAD128	RESIDUAL_NLIST1024	A_TO_B	EA	E	0	0	127	0	6	9	0.7816562612080356	1.0112803492386866
GIST1M_HEAD128	RESIDUAL_NLIST1024	A_TO_B	EA	E	0	0	127	1	3	9	0.6323640726873123	0.6678062046653616
GIST1M_HEAD128	RESIDUAL_NLIST1024	A_TO_B	EA	E	1	1	126	0	5	8	1.0435463839432142	2.2241212778137776
GIST1M_HEAD128	RESIDUAL_NLIST1024	A_TO_B	EA	E	1	1	126	1	3	8	0.7014210994134371	0.6657349576156237
GIST1M_HEAD128	RESIDUAL_NLIST1024	A_TO_B	EA	E	2	2	120	0	5	8	1.282805511728744	2.0507747187406826
GIST1M_HEAD128	RESIDUAL_NLIST1024	A_TO_B	EA	E	2	2	120	1	3	8	0.9754245581276806	1.445919220131294
GIST1M_HEAD128	RESIDUAL_NLIST1024	A_TO_B	EA	E	3	3	125	0	5	8	1.1191702566897974	1.4138945643325047
GIST1M_HEAD128	RESIDUAL_NLIST1024	A_TO_B	EA	E	3	3	125	1	3	8	0.7270779818242582	0.8504032478747137
GIST1M_HEAD128	RESIDUAL_NLIST1024	A_TO_B	EA	E	4	4	119	0	6	9	0.863101830050165	0.7394157777306094
GIST1M_HEAD128	RESIDUAL_NLIST1024	A_TO_B	EA	E	4	4	119	1	3	9	0.6922023509898574	0.6945467328081993
GIST1M_HEAD128	RESIDUAL_NLIST1024	A_TO_B	EA	E	5	5	122	0	5	8	1.0584584906239383	0.9220390900385091
GIST1M_HEAD128	RESIDUAL_NLIST1024	A_TO_B	EA	E	5	5	122	1	3	8	0.7028234859185183	0.7176989641326871
GIST1M_HEAD128	RESIDUAL_NLIST1024	A_TO_B	EA	E	6	6	124	0	5	8	1.1005901559907647	1.2147028239345814
GIST1M_HEAD128	RESIDUAL_NLIST1024	A_TO_B	EA	E	6	6	124	1	3	8	0.634667555721518	0.6218128724644221
GIST1M_HEAD128	RESIDUAL_NLIST1024	A_TO_B	EA	E	7	7	121	0	5	8	0.9221124576235101	1.3213780354369218
GIST1M_HEAD128	RESIDUAL_NLIST1024	A_TO_B	EA	E	7	7	121	1	3	8	0.6729567781844685	0.6715169551154054
GIST1M_HEAD128	RESIDUAL_NLIST1024	A_TO_B	EA	E	8	8	115	0	5	8	1.1009646547451903	1.1316895619748781
GIST1M_HEAD128	RESIDUAL_NLIST1024	A_TO_B	EA	E	8	8	115	1	3	8	0.7979051519162466	0.8480014227365518
GIST1M_HEAD128	RESIDUAL_NLIST1024	A_TO_B	EA	E	9	9	118	0	5	8	0.8596267280178578	1.0032684362965394
GIST1M_HEAD128	RESIDUAL_NLIST1024	A_TO_B	EA	E	9	9	118	1	3	8	0.7309675736244088	0.7953743290024474
GIST1M_HEAD128	RESIDUAL_NLIST1024	A_TO_B	EA	E	10	10	114	0	5	8	0.9330764350789049	0.9301552877092674
GIST1M_HEAD128	RESIDUAL_NLIST1024	A_TO_B	EA	E	10	10	114	1	3	8	0.8622778054839002	0.9382914297002778
GIST1M_HEAD128	RESIDUAL_NLIST1024	A_TO_B	EA	E	11	11	123	0	5	8	1.021875114379896	1.803463276039038
GIST1M_HEAD128	RESIDUAL_NLIST1024	A_TO_B	EA	E	11	11	123	1	3	8	0.7553140328401332	0.6883757384188138
GIST1M_HEAD128	RESIDUAL_NLIST1024	A_TO_B	EA	E	12	12	117	0	5	9	0.8790933488004535	0.8911167094195569
GIST1M_HEAD128	RESIDUAL_NLIST1024	A_TO_B	EA	E	12	12	117	1	4	9	0.4813162586835235	0.55324438815113
GIST1M_HEAD128	RESIDUAL_NLIST1024	A_TO_B	EA	E	13	13	112	0	5	9	0.7890200827475975	0.7149600382865706
GIST1M_HEAD128	RESIDUAL_NLIST1024	A_TO_B	EA	E	13	13	112	1	4	9	0.4226567297338865	0.40540384152145
GIST1M_HEAD128	RESIDUAL_NLIST1024	A_TO_B	EA	E	14	14	105	0	5	8	0.746890637357348	0.7559346683212393
GIST1M_HEAD128	RESIDUAL_NLIST1024	A_TO_B	EA	E	14	14	105	1	3	8	0.8288914258609326	0.9546275492842298
GIST1M_HEAD128	RESIDUAL_NLIST1024	A_TO_B	EA	E	15	15	116	0	5	8	1.1363252625637603	1.0418289674858796
GIST1M_HEAD128	RESIDUAL_NLIST1024	A_TO_B	EA	E	15	15	116	1	3	8	0.8061043593930223	0.7829143084076328
GIST1M_HEAD128	RESIDUAL_NLIST1024	A_TO_B	EA	E	16	16	111	0	5	8	0.5521203608537071	0.6164509596619074
GIST1M_HEAD128	RESIDUAL_NLIST1024	A_TO_B	EA	E	16	16	111	1	3	8	0.8003365118358675	0.8279637034597132
GIST1M_HEAD128	RESIDUAL_NLIST1024	A_TO_B	EA	E	17	17	109	0	5	8	0.7599114852381438	1.130331947939668
GIST1M_HEAD128	RESIDUAL_NLIST1024	A_TO_B	EA	E	17	17	109	1	3	8	0.7811498008780585	0.7923083766170851
GIST1M_HEAD128	RESIDUAL_NLIST1024	A_TO_B	EA	E	18	18	110	0	6	9	0.9210490375540005	0.6782580936579228
GIST1M_HEAD128	RESIDUAL_NLIST1024	A_TO_B	EA	E	18	18	110	1	3	9	0.782687619694361	0.8496728131336897
GIST1M_HEAD128	RESIDUAL_NLIST1024	A_TO_B	EA	E	19	19	113	0	5	9	0.6084407570109001	0.5609005230405562
GIST1M_HEAD128	RESIDUAL_NLIST1024	A_TO_B	EA	E	19	19	113	1	4	9	0.5526817632131429	0.48493403582044914
GIST1M_HEAD128	RESIDUAL_NLIST1024	A_TO_B	EA	E	20	20	103	0	5	8	0.9840370241507689	0.8084125090835405
GIST1M_HEAD128	RESIDUAL_NLIST1024	A_TO_B	EA	E	20	20	103	1	3	8	0.8880853873695782	0.87451837910964
GIST1M_HEAD128	RESIDUAL_NLIST1024	A_TO_B	EA	E	21	21	106	0	5	8	0.6687582811907296	0.5914663796571066
GIST1M_HEAD128	RESIDUAL_NLIST1024	A_TO_B	EA	E	21	21	106	1	3	8	0.8423250349416957	1.2766039041048223
GIST1M_HEAD128	RESIDUAL_NLIST1024	A_TO_B	EA	E	22	22	104	0	5	8	0.5160666695599345	0.8047291651611517
GIST1M_HEAD128	RESIDUAL_NLIST1024	A_TO_B	EA	E	22	22	104	1	3	8	0.8746774753781159	0.9311854241886932
GIST1M_HEAD128	RESIDUAL_NLIST1024	A_TO_B	EA	E	23	23	107	0	5	8	0.5805585457583757	0.7976525847905237
GIST1M_HEAD128	RESIDUAL_NLIST1024	A_TO_B	EA	E	23	23	107	1	3	8	0.9603256391463979	0.8847319589779065
GIST1M_HEAD128	RESIDUAL_NLIST1024	A_TO_B	EA	E	24	24	99	0	5	8	0.49927176242705434	0.46977401032462096
GIST1M_HEAD128	RESIDUAL_NLIST1024	A_TO_B	EA	E	24	24	99	1	3	8	0.9616621192009126	0.9348474445148016
GIST1M_HEAD128	RESIDUAL_NLIST1024	A_TO_B	EA	E	25	25	86	0	5	9	0.6066570441360183	0.7010991126048007
GIST1M_HEAD128	RESIDUAL_NLIST1024	A_TO_B	EA	E	25	25	86	1	4	9	0.2900578607416082	0.3319574719749149
GIST1M_HEAD128	RESIDUAL_NLIST1024	A_TO_B	EA	E	26	26	108	0	4	8	0.9099122973748144	0.9156135289126337
GIST1M_HEAD128	RESIDUAL_NLIST1024	A_TO_B	EA	E	26	26	108	1	4	8	0.3810355326559176	0.34911083398412224
GIST1M_HEAD128	RESIDUAL_NLIST1024	A_TO_B	EA	E	27	27	102	0	4	7	0.969519679444725	1.0321946643578022
GIST1M_HEAD128	RESIDUAL_NLIST1024	A_TO_B	EA	E	27	27	102	1	3	7	0.8611650727445872	0.8866904394991504
GIST1M_HEAD128	RESIDUAL_NLIST1024	A_TO_B	EA	E	28	28	100	0	4	7	1.0690306657539212	1.000790060428171
GIST1M_HEAD128	RESIDUAL_NLIST1024	A_TO_B	EA	E	28	28	100	1	3	7	0.946261544392579	0.9541660048857944
GIST1M_HEAD128	RESIDUAL_NLIST1024	A_TO_B	EA	E	29	29	95	0	4	8	0.9451002193222792	0.9464571292339506
GIST1M_HEAD128	RESIDUAL_NLIST1024	A_TO_B	EA	E	29	29	95	1	4	8	0.32306093040251127	0.287118416988885
GIST1M_HEAD128	RESIDUAL_NLIST1024	A_TO_B	EA	E	30	30	101	0	4	8	0.8844597821522941	0.8396918383996735
GIST1M_HEAD128	RESIDUAL_NLIST1024	A_TO_B	EA	E	30	30	101	1	4	8	0.3568704933799385	0.44876693673891227
GIST1M_HEAD128	RESIDUAL_NLIST1024	A_TO_B	EA	E	31	31	98	0	4	8	0.912584358061429	1.1696060343246115
GIST1M_HEAD128	RESIDUAL_NLIST1024	A_TO_B	EA	E	31	31	98	1	4	8	0.5392181011524222	0.5496383599119185
GIST1M_HEAD128	RESIDUAL_NLIST1024	A_TO_B	EA	E	32	32	93	0	4	8	0.9202767226804871	0.8390645088443817
GIST1M_HEAD128	RESIDUAL_NLIST1024	A_TO_B	EA	E	32	32	93	1	4	8	0.38332313405632645	0.35147418115020074
GIST1M_HEAD128	RESIDUAL_NLIST1024	A_TO_B	EA	E	33	33	90	0	4	7	0.790323670002177	0.9178751724249845
GIST1M_HEAD128	RESIDUAL_NLIST1024	A_TO_B	EA	E	33	33	90	1	3	7	0.989345039955405	1.0010457150741165
GIST1M_HEAD128	RESIDUAL_NLIST1024	A_TO_B	EA	E	34	34	96	0	5	8	0.9547814696505575	1.2815073539555961
GIST1M_HEAD128	RESIDUAL_NLIST1024	A_TO_B	EA	E	34	34	96	1	3	8	1.0420351119110085	0.9864617500170619
GIST1M_HEAD128	RESIDUAL_NLIST1024	A_TO_B	EA	E	35	35	97	0	4	8	1.225548523642685	1.3662895241443402
GIST1M_HEAD128	RESIDUAL_NLIST1024	A_TO_B	EA	E	35	35	97	1	4	8	0.35713468141384136	0.40616256600373657
GIST1M_HEAD128	RESIDUAL_NLIST1024	A_TO_B	EA	E	36	36	87	0	4	7	0.7871072493885356	0.9193788298622181
GIST1M_HEAD128	RESIDUAL_NLIST1024	A_TO_B	EA	E	36	36	87	1	3	7	0.9723189364985686	1.0474517954930682
GIST1M_HEAD128	RESIDUAL_NLIST1024	A_TO_B	EA	E	37	37	91	0	4	7	0.7269716054992087	0.6679627172137621
GIST1M_HEAD128	RESIDUAL_NLIST1024	A_TO_B	EA	E	37	37	91	1	3	7	0.9383254268844499	0.9934639309391815
GIST1M_HEAD128	RESIDUAL_NLIST1024	A_TO_B	EA	E	38	38	92	0	4	7	0.8417627502102696	1.0085857164796739
GIST1M_HEAD128	RESIDUAL_NLIST1024	A_TO_B	EA	E	38	38	92	1	3	7	0.9509100080516623	1.0157289453771237
GIST1M_HEAD128	RESIDUAL_NLIST1024	A_TO_B	EA	E	39	39	82	0	4	8	0.7681673179774641	1.0045663219183507
GIST1M_HEAD128	RESIDUAL_NLIST1024	A_TO_B	EA	E	39	39	82	1	4	8	0.7066943269117747	0.610093238000583
GIST1M_HEAD128	RESIDUAL_NLIST1024	A_TO_B	EA	E	40	40	94	0	4	8	1.1513779112745566	1.1266652557850476
GIST1M_HEAD128	RESIDUAL_NLIST1024	A_TO_B	EA	E	40	40	94	1	4	8	0.3248711050476795	0.3460822044345874
GIST1M_HEAD128	RESIDUAL_NLIST1024	A_TO_B	EA	E	41	41	89	0	4	8	0.7925007093621839	0.9228196674977391
GIST1M_HEAD128	RESIDUAL_NLIST1024	A_TO_B	EA	E	41	41	89	1	4	8	0.31316314914107757	0.3355476224485282
GIST1M_HEAD128	RESIDUAL_NLIST1024	A_TO_B	EA	E	42	42	88	0	4	7	0.770871052371146	0.7637648833936018
GIST1M_HEAD128	RESIDUAL_NLIST1024	A_TO_B	EA	E	42	42	88	1	3	7	0.9688199919824109	1.078101951801214
GIST1M_HEAD128	RESIDUAL_NLIST1024	A_TO_B	EA	E	43	43	83	0	4	8	0.7042834174349539	0.7378493153268795
GIST1M_HEAD128	RESIDUAL_NLIST1024	A_TO_B	EA	E	43	43	83	1	4	8	0.327326704875456	0.3914207391696588
GIST1M_HEAD128	RESIDUAL_NLIST1024	A_TO_B	EA	E	44	44	84	0	4	8	0.7195959520972812	0.7317331813696281
GIST1M_HEAD128	RESIDUAL_NLIST1024	A_TO_B	EA	E	44	44	84	1	4	8	0.3562713043596661	0.31418039747740933
GIST1M_HEAD128	RESIDUAL_NLIST1024	A_TO_B	EA	E	45	45	76	0	4	8	0.7576482832804572	0.713899381219644
GIST1M_HEAD128	RESIDUAL_NLIST1024	A_TO_B	EA	E	45	45	76	1	4	8	0.36174848505784496	0.41248666375577286
GIST1M_HEAD128	RESIDUAL_NLIST1024	A_TO_B	EA	E	46	46	85	0	4	8	0.7174987782155164	0.7329961187274827
GIST1M_HEAD128	RESIDUAL_NLIST1024	A_TO_B	EA	E	46	46	85	1	4	8	0.41245663658438425	0.4323231671704312
GIST1M_HEAD128	RESIDUAL_NLIST1024	A_TO_B	EA	E	47	47	78	0	4	8	1.1050752303991906	1.094430212053847
GIST1M_HEAD128	RESIDUAL_NLIST1024	A_TO_B	EA	E	47	47	78	1	4	8	0.768240565715326	0.5078736806402737
GIST1M_HEAD128	RESIDUAL_NLIST1024	A_TO_B	EA	E	48	48	77	0	4	8	0.5952891033267969	0.8310151403703718
GIST1M_HEAD128	RESIDUAL_NLIST1024	A_TO_B	EA	E	48	48	77	1	4	8	0.3500262054320455	0.38519040597219506
GIST1M_HEAD128	RESIDUAL_NLIST1024	A_TO_B	EA	E	49	49	68	0	4	8	0.6355758547660084	0.8217645256519152
GIST1M_HEAD128	RESIDUAL_NLIST1024	A_TO_B	EA	E	49	49	68	1	4	8	0.6847875488951142	0.6928511525239401
GIST1M_HEAD128	RESIDUAL_NLIST1024	A_TO_B	EA	E	50	50	64	0	4	8	1.1812881896668745	1.300469051308752
GIST1M_HEAD128	RESIDUAL_NLIST1024	A_TO_B	EA	E	50	50	64	1	4	8	0.8482577849994307	2.000060439042191
GIST1M_HEAD128	RESIDUAL_NLIST1024	A_TO_B	EA	E	51	51	81	0	4	8	0.6063440645178827	0.7353228782460244
GIST1M_HEAD128	RESIDUAL_NLIST1024	A_TO_B	EA	E	51	51	81	1	4	8	0.4055836957186297	0.4831010566581536
GIST1M_HEAD128	RESIDUAL_NLIST1024	A_TO_B	EA	E	52	52	80	0	4	8	0.6086186084430969	0.7115135559730446
GIST1M_HEAD128	RESIDUAL_NLIST1024	A_TO_B	EA	E	52	52	80	1	4	8	0.5648738425593784	0.9329982873630956
GIST1M_HEAD128	RESIDUAL_NLIST1024	A_TO_B	EA	E	53	53	75	0	4	8	0.7021451493336065	0.6756821692351581
GIST1M_HEAD128	RESIDUAL_NLIST1024	A_TO_B	EA	E	53	53	75	1	4	8	0.44019088442067206	0.4059080682479318
GIST1M_HEAD128	RESIDUAL_NLIST1024	A_TO_B	EA	E	54	54	79	0	4	8	0.6172184532687319	0.5894900534466542
GIST1M_HEAD128	RESIDUAL_NLIST1024	A_TO_B	EA	E	54	54	79	1	4	8	0.3818602570979589	0.37024066054304705
GIST1M_HEAD128	RESIDUAL_NLIST1024	A_TO_B	EA	E	55	55	71	0	4	8	0.5424534941912581	0.5877816100911821
GIST1M_HEAD128	RESIDUAL_NLIST1024	A_TO_B	EA	E	55	55	71	1	4	8	0.7490776390092857	0.751482986812202
GIST1M_HEAD128	RESIDUAL_NLIST1024	A_TO_B	EA	E	56	56	72	0	4	8	0.5537494052643996	0.609102405101651
GIST1M_HEAD128	RESIDUAL_NLIST1024	A_TO_B	EA	E	56	56	72	1	4	8	0.365345124428165	0.37810439162602794
GIST1M_HEAD128	RESIDUAL_NLIST1024	A_TO_B	EA	E	57	57	74	0	4	8	0.5119034184399723	0.5573862603824902
GIST1M_HEAD128	RESIDUAL_NLIST1024	A_TO_B	EA	E	57	57	74	1	4	8	0.3237767668185631	0.32264505568640905
GIST1M_HEAD128	RESIDUAL_NLIST1024	A_TO_B	EA	E	58	58	73	0	4	8	0.5354621799687309	0.5402500083282598
GIST1M_HEAD128	RESIDUAL_NLIST1024	A_TO_B	EA	E	58	58	73	1	4	8	0.40719262966744	0.4525859587693804
GIST1M_HEAD128	RESIDUAL_NLIST1024	A_TO_B	EA	E	59	59	70	0	4	8	0.5441615697458366	0.6046351594831516
GIST1M_HEAD128	RESIDUAL_NLIST1024	A_TO_B	EA	E	59	59	70	1	4	8	0.6971532633352071	0.6561397543083867
GIST1M_HEAD128	RESIDUAL_NLIST1024	A_TO_B	EA	E	60	60	65	0	4	8	0.4586172119313706	0.5257573709075911
GIST1M_HEAD128	RESIDUAL_NLIST1024	A_TO_B	EA	E	60	60	65	1	4	8	0.6310769945844034	1.1384621205048504
GIST1M_HEAD128	RESIDUAL_NLIST1024	A_TO_B	EA	E	61	61	67	0	4	8	0.4449824352567664	0.5229249362817334
GIST1M_HEAD128	RESIDUAL_NLIST1024	A_TO_B	EA	E	61	61	67	1	4	8	0.4179960560137155	0.5244004228710601
GIST1M_HEAD128	RESIDUAL_NLIST1024	A_TO_B	EA	E	62	62	69	0	4	8	0.562118713740126	0.5742738395508977
GIST1M_HEAD128	RESIDUAL_NLIST1024	A_TO_B	EA	E	62	62	69	1	4	8	0.41047692384515805	0.4264801567327082
GIST1M_HEAD128	RESIDUAL_NLIST1024	A_TO_B	EA	E	63	63	66	0	4	8	0.5083446818997943	0.5550500199798298
GIST1M_HEAD128	RESIDUAL_NLIST1024	A_TO_B	EA	E	63	63	66	1	4	8	0.3975269816597899	0.4144125640871046
GIST1M_HEAD128	RESIDUAL_NLIST1024	A_TO_B	EA	S	0	0	127	0	6	9	0.7816562612080356	1.0112803492386866
GIST1M_HEAD128	RESIDUAL_NLIST1024	A_TO_B	EA	S	0	0	127	1	3	9	0.6323640726873123	0.6678062046653616
GIST1M_HEAD128	RESIDUAL_NLIST1024	A_TO_B	EA	S	1	1	126	0	5	8	1.0435463839432142	2.2241212778137776
GIST1M_HEAD128	RESIDUAL_NLIST1024	A_TO_B	EA	S	1	1	126	1	3	8	0.7014210994134371	0.6657349576156237
GIST1M_HEAD128	RESIDUAL_NLIST1024	A_TO_B	EA	S	2	2	120	0	5	8	1.282805511728744	2.0507747187406826
GIST1M_HEAD128	RESIDUAL_NLIST1024	A_TO_B	EA	S	2	2	120	1	3	8	0.9754245581276806	1.445919220131294
GIST1M_HEAD128	RESIDUAL_NLIST1024	A_TO_B	EA	S	3	3	125	0	5	8	1.1191702566897974	1.4138945643325047
GIST1M_HEAD128	RESIDUAL_NLIST1024	A_TO_B	EA	S	3	3	125	1	3	8	0.7270779818242582	0.8504032478747137
GIST1M_HEAD128	RESIDUAL_NLIST1024	A_TO_B	EA	S	4	4	119	0	6	9	0.863101830050165	0.7394157777306094
GIST1M_HEAD128	RESIDUAL_NLIST1024	A_TO_B	EA	S	4	4	119	1	3	9	0.6922023509898574	0.6945467328081993
GIST1M_HEAD128	RESIDUAL_NLIST1024	A_TO_B	EA	S	5	5	122	0	5	8	1.0584584906239383	0.9220390900385091
GIST1M_HEAD128	RESIDUAL_NLIST1024	A_TO_B	EA	S	5	5	122	1	3	8	0.7028234859185183	0.7176989641326871
GIST1M_HEAD128	RESIDUAL_NLIST1024	A_TO_B	EA	S	6	6	124	0	5	8	1.1005901559907647	1.2147028239345814
GIST1M_HEAD128	RESIDUAL_NLIST1024	A_TO_B	EA	S	6	6	124	1	3	8	0.634667555721518	0.6218128724644221
GIST1M_HEAD128	RESIDUAL_NLIST1024	A_TO_B	EA	S	7	7	121	0	5	8	0.9221124576235101	1.3213780354369218
GIST1M_HEAD128	RESIDUAL_NLIST1024	A_TO_B	EA	S	7	7	121	1	3	8	0.6729567781844685	0.6715169551154054
GIST1M_HEAD128	RESIDUAL_NLIST1024	A_TO_B	EA	S	8	8	115	0	5	8	1.1009646547451903	1.1316895619748781
GIST1M_HEAD128	RESIDUAL_NLIST1024	A_TO_B	EA	S	8	8	115	1	3	8	0.7979051519162466	0.8480014227365518
GIST1M_HEAD128	RESIDUAL_NLIST1024	A_TO_B	EA	S	9	9	118	0	5	8	0.8596267280178578	1.0032684362965394
GIST1M_HEAD128	RESIDUAL_NLIST1024	A_TO_B	EA	S	9	9	118	1	3	8	0.7309675736244088	0.7953743290024474
GIST1M_HEAD128	RESIDUAL_NLIST1024	A_TO_B	EA	S	10	10	114	0	5	8	0.9330764350789049	0.9301552877092674
GIST1M_HEAD128	RESIDUAL_NLIST1024	A_TO_B	EA	S	10	10	114	1	3	8	0.8622778054839002	0.9382914297002778
GIST1M_HEAD128	RESIDUAL_NLIST1024	A_TO_B	EA	S	11	11	123	0	5	8	1.021875114379896	1.803463276039038
GIST1M_HEAD128	RESIDUAL_NLIST1024	A_TO_B	EA	S	11	11	123	1	3	8	0.7553140328401332	0.6883757384188138
GIST1M_HEAD128	RESIDUAL_NLIST1024	A_TO_B	EA	S	12	12	117	0	5	9	0.8790933488004535	0.8911167094195569
GIST1M_HEAD128	RESIDUAL_NLIST1024	A_TO_B	EA	S	12	12	117	1	4	9	0.4813162586835235	0.55324438815113
GIST1M_HEAD128	RESIDUAL_NLIST1024	A_TO_B	EA	S	13	13	112	0	5	9	0.7890200827475975	0.7149600382865706
GIST1M_HEAD128	RESIDUAL_NLIST1024	A_TO_B	EA	S	13	13	112	1	4	9	0.4226567297338865	0.40540384152145
GIST1M_HEAD128	RESIDUAL_NLIST1024	A_TO_B	EA	S	14	14	105	0	5	8	0.746890637357348	0.7559346683212393
GIST1M_HEAD128	RESIDUAL_NLIST1024	A_TO_B	EA	S	14	14	105	1	3	8	0.8288914258609326	0.9546275492842298
GIST1M_HEAD128	RESIDUAL_NLIST1024	A_TO_B	EA	S	15	15	116	0	5	8	1.1363252625637603	1.0418289674858796
GIST1M_HEAD128	RESIDUAL_NLIST1024	A_TO_B	EA	S	15	15	116	1	3	8	0.8061043593930223	0.7829143084076328
GIST1M_HEAD128	RESIDUAL_NLIST1024	A_TO_B	EA	S	16	16	111	0	5	8	0.5521203608537071	0.6164509596619074
GIST1M_HEAD128	RESIDUAL_NLIST1024	A_TO_B	EA	S	16	16	111	1	3	8	0.8003365118358675	0.8279637034597132
GIST1M_HEAD128	RESIDUAL_NLIST1024	A_TO_B	EA	S	17	17	109	0	5	8	0.7599114852381438	1.130331947939668
GIST1M_HEAD128	RESIDUAL_NLIST1024	A_TO_B	EA	S	17	17	109	1	3	8	0.7811498008780585	0.7923083766170851
GIST1M_HEAD128	RESIDUAL_NLIST1024	A_TO_B	EA	S	18	18	110	0	6	9	0.9210490375540005	0.6782580936579228
GIST1M_HEAD128	RESIDUAL_NLIST1024	A_TO_B	EA	S	18	18	110	1	3	9	0.782687619694361	0.8496728131336897
GIST1M_HEAD128	RESIDUAL_NLIST1024	A_TO_B	EA	S	19	19	113	0	5	9	0.6084407570109001	0.5609005230405562
GIST1M_HEAD128	RESIDUAL_NLIST1024	A_TO_B	EA	S	19	19	113	1	4	9	0.5526817632131429	0.48493403582044914
GIST1M_HEAD128	RESIDUAL_NLIST1024	A_TO_B	EA	S	20	20	103	0	5	8	0.9840370241507689	0.8084125090835405
GIST1M_HEAD128	RESIDUAL_NLIST1024	A_TO_B	EA	S	20	20	103	1	3	8	0.8880853873695782	0.87451837910964
GIST1M_HEAD128	RESIDUAL_NLIST1024	A_TO_B	EA	S	21	21	106	0	5	8	0.6687582811907296	0.5914663796571066
GIST1M_HEAD128	RESIDUAL_NLIST1024	A_TO_B	EA	S	21	21	106	1	3	8	0.8423250349416957	1.2766039041048223
GIST1M_HEAD128	RESIDUAL_NLIST1024	A_TO_B	EA	S	22	22	104	0	5	8	0.5160666695599345	0.8047291651611517
GIST1M_HEAD128	RESIDUAL_NLIST1024	A_TO_B	EA	S	22	22	104	1	3	8	0.8746774753781159	0.9311854241886932
GIST1M_HEAD128	RESIDUAL_NLIST1024	A_TO_B	EA	S	23	23	107	0	5	8	0.5805585457583757	0.7976525847905237
GIST1M_HEAD128	RESIDUAL_NLIST1024	A_TO_B	EA	S	23	23	107	1	3	8	0.9603256391463979	0.8847319589779065
GIST1M_HEAD128	RESIDUAL_NLIST1024	A_TO_B	EA	S	24	24	99	0	5	8	0.49927176242705434	0.46977401032462096
GIST1M_HEAD128	RESIDUAL_NLIST1024	A_TO_B	EA	S	24	24	99	1	3	8	0.9616621192009126	0.9348474445148016
GIST1M_HEAD128	RESIDUAL_NLIST1024	A_TO_B	EA	S	25	25	86	0	5	9	0.6066570441360183	0.7010991126048007
GIST1M_HEAD128	RESIDUAL_NLIST1024	A_TO_B	EA	S	25	25	86	1	4	9	0.2900578607416082	0.3319574719749149
GIST1M_HEAD128	RESIDUAL_NLIST1024	A_TO_B	EA	S	26	26	108	0	4	8	0.9099122973748144	0.9156135289126337
GIST1M_HEAD128	RESIDUAL_NLIST1024	A_TO_B	EA	S	26	26	108	1	4	8	0.3810355326559176	0.34911083398412224
GIST1M_HEAD128	RESIDUAL_NLIST1024	A_TO_B	EA	S	27	27	102	0	4	7	0.969519679444725	1.0321946643578022
GIST1M_HEAD128	RESIDUAL_NLIST1024	A_TO_B	EA	S	27	27	102	1	3	7	0.8611650727445872	0.8866904394991504
GIST1M_HEAD128	RESIDUAL_NLIST1024	A_TO_B	EA	S	28	28	100	0	4	7	1.0690306657539212	1.000790060428171
GIST1M_HEAD128	RESIDUAL_NLIST1024	A_TO_B	EA	S	28	28	100	1	3	7	0.946261544392579	0.9541660048857944
GIST1M_HEAD128	RESIDUAL_NLIST1024	A_TO_B	EA	S	29	29	95	0	4	8	0.9451002193222792	0.9464571292339506
GIST1M_HEAD128	RESIDUAL_NLIST1024	A_TO_B	EA	S	29	29	95	1	4	8	0.32306093040251127	0.287118416988885
GIST1M_HEAD128	RESIDUAL_NLIST1024	A_TO_B	EA	S	30	30	101	0	4	8	0.8844597821522941	0.8396918383996735
GIST1M_HEAD128	RESIDUAL_NLIST1024	A_TO_B	EA	S	30	30	101	1	4	8	0.3568704933799385	0.44876693673891227
GIST1M_HEAD128	RESIDUAL_NLIST1024	A_TO_B	EA	S	31	31	98	0	4	8	0.912584358061429	1.1696060343246115
GIST1M_HEAD128	RESIDUAL_NLIST1024	A_TO_B	EA	S	31	31	98	1	4	8	0.5392181011524222	0.5496383599119185
GIST1M_HEAD128	RESIDUAL_NLIST1024	A_TO_B	EA	S	32	32	93	0	4	8	0.9202767226804871	0.8390645088443817
GIST1M_HEAD128	RESIDUAL_NLIST1024	A_TO_B	EA	S	32	32	93	1	4	8	0.38332313405632645	0.35147418115020074
GIST1M_HEAD128	RESIDUAL_NLIST1024	A_TO_B	EA	S	33	33	90	0	4	7	0.790323670002177	0.9178751724249845
GIST1M_HEAD128	RESIDUAL_NLIST1024	A_TO_B	EA	S	33	33	90	1	3	7	0.989345039955405	1.0010457150741165
GIST1M_HEAD128	RESIDUAL_NLIST1024	A_TO_B	EA	S	34	34	96	0	5	8	0.9547814696505575	1.2815073539555961
GIST1M_HEAD128	RESIDUAL_NLIST1024	A_TO_B	EA	S	34	34	96	1	3	8	1.0420351119110085	0.9864617500170619
GIST1M_HEAD128	RESIDUAL_NLIST1024	A_TO_B	EA	S	35	35	97	0	4	8	1.225548523642685	1.3662895241443402
GIST1M_HEAD128	RESIDUAL_NLIST1024	A_TO_B	EA	S	35	35	97	1	4	8	0.35713468141384136	0.40616256600373657
GIST1M_HEAD128	RESIDUAL_NLIST1024	A_TO_B	EA	S	36	36	87	0	4	7	0.7871072493885356	0.9193788298622181
GIST1M_HEAD128	RESIDUAL_NLIST1024	A_TO_B	EA	S	36	36	87	1	3	7	0.9723189364985686	1.0474517954930682
GIST1M_HEAD128	RESIDUAL_NLIST1024	A_TO_B	EA	S	37	37	91	0	4	7	0.7269716054992087	0.6679627172137621
GIST1M_HEAD128	RESIDUAL_NLIST1024	A_TO_B	EA	S	37	37	91	1	3	7	0.9383254268844499	0.9934639309391815
GIST1M_HEAD128	RESIDUAL_NLIST1024	A_TO_B	EA	S	38	38	92	0	4	7	0.8417627502102696	1.0085857164796739
GIST1M_HEAD128	RESIDUAL_NLIST1024	A_TO_B	EA	S	38	38	92	1	3	7	0.9509100080516623	1.0157289453771237
GIST1M_HEAD128	RESIDUAL_NLIST1024	A_TO_B	EA	S	39	39	82	0	4	8	0.7681673179774641	1.0045663219183507
GIST1M_HEAD128	RESIDUAL_NLIST1024	A_TO_B	EA	S	39	39	82	1	4	8	0.7066943269117747	0.610093238000583
GIST1M_HEAD128	RESIDUAL_NLIST1024	A_TO_B	EA	S	40	40	94	0	4	8	1.1513779112745566	1.1266652557850476
GIST1M_HEAD128	RESIDUAL_NLIST1024	A_TO_B	EA	S	40	40	94	1	4	8	0.3248711050476795	0.3460822044345874
GIST1M_HEAD128	RESIDUAL_NLIST1024	A_TO_B	EA	S	41	41	89	0	4	8	0.7925007093621839	0.9228196674977391
GIST1M_HEAD128	RESIDUAL_NLIST1024	A_TO_B	EA	S	41	41	89	1	4	8	0.31316314914107757	0.3355476224485282
GIST1M_HEAD128	RESIDUAL_NLIST1024	A_TO_B	EA	S	42	42	88	0	4	7	0.770871052371146	0.7637648833936018
GIST1M_HEAD128	RESIDUAL_NLIST1024	A_TO_B	EA	S	42	42	88	1	3	7	0.9688199919824109	1.078101951801214
GIST1M_HEAD128	RESIDUAL_NLIST1024	A_TO_B	EA	S	43	43	83	0	4	8	0.7042834174349539	0.7378493153268795
GIST1M_HEAD128	RESIDUAL_NLIST1024	A_TO_B	EA	S	43	43	83	1	4	8	0.327326704875456	0.3914207391696588
GIST1M_HEAD128	RESIDUAL_NLIST1024	A_TO_B	EA	S	44	44	84	0	4	8	0.7195959520972812	0.7317331813696281
GIST1M_HEAD128	RESIDUAL_NLIST1024	A_TO_B	EA	S	44	44	84	1	4	8	0.3562713043596661	0.31418039747740933
GIST1M_HEAD128	RESIDUAL_NLIST1024	A_TO_B	EA	S	45	45	76	0	4	8	0.7576482832804572	0.713899381219644
GIST1M_HEAD128	RESIDUAL_NLIST1024	A_TO_B	EA	S	45	45	76	1	4	8	0.36174848505784496	0.41248666375577286
GIST1M_HEAD128	RESIDUAL_NLIST1024	A_TO_B	EA	S	46	46	85	0	4	8	0.7174987782155164	0.7329961187274827
GIST1M_HEAD128	RESIDUAL_NLIST1024	A_TO_B	EA	S	46	46	85	1	4	8	0.41245663658438425	0.4323231671704312
GIST1M_HEAD128	RESIDUAL_NLIST1024	A_TO_B	EA	S	47	47	78	0	4	8	1.1050752303991906	1.094430212053847
GIST1M_HEAD128	RESIDUAL_NLIST1024	A_TO_B	EA	S	47	47	78	1	4	8	0.768240565715326	0.5078736806402737
GIST1M_HEAD128	RESIDUAL_NLIST1024	A_TO_B	EA	S	48	48	77	0	4	8	0.5952891033267969	0.8310151403703718
GIST1M_HEAD128	RESIDUAL_NLIST1024	A_TO_B	EA	S	48	48	77	1	4	8	0.3500262054320455	0.38519040597219506
GIST1M_HEAD128	RESIDUAL_NLIST1024	A_TO_B	EA	S	49	49	68	0	4	8	0.6355758547660084	0.8217645256519152
GIST1M_HEAD128	RESIDUAL_NLIST1024	A_TO_B	EA	S	49	49	68	1	4	8	0.6847875488951142	0.6928511525239401
GIST1M_HEAD128	RESIDUAL_NLIST1024	A_TO_B	EA	S	50	50	64	0	4	8	1.1812881896668745	1.300469051308752
GIST1M_HEAD128	RESIDUAL_NLIST1024	A_TO_B	EA	S	50	50	64	1	4	8	0.8482577849994307	2.000060439042191
GIST1M_HEAD128	RESIDUAL_NLIST1024	A_TO_B	EA	S	51	51	81	0	4	8	0.6063440645178827	0.7353228782460244
GIST1M_HEAD128	RESIDUAL_NLIST1024	A_TO_B	EA	S	51	51	81	1	4	8	0.4055836957186297	0.4831010566581536
GIST1M_HEAD128	RESIDUAL_NLIST1024	A_TO_B	EA	S	52	52	80	0	4	8	0.6086186084430969	0.7115135559730446
GIST1M_HEAD128	RESIDUAL_NLIST1024	A_TO_B	EA	S	52	52	80	1	4	8	0.5648738425593784	0.9329982873630956
GIST1M_HEAD128	RESIDUAL_NLIST1024	A_TO_B	EA	S	53	53	75	0	4	8	0.7021451493336065	0.6756821692351581
GIST1M_HEAD128	RESIDUAL_NLIST1024	A_TO_B	EA	S	53	53	75	1	4	8	0.44019088442067206	0.4059080682479318
GIST1M_HEAD128	RESIDUAL_NLIST1024	A_TO_B	EA	S	54	54	79	0	4	8	0.6172184532687319	0.5894900534466542
GIST1M_HEAD128	RESIDUAL_NLIST1024	A_TO_B	EA	S	54	54	79	1	4	8	0.3818602570979589	0.37024066054304705
GIST1M_HEAD128	RESIDUAL_NLIST1024	A_TO_B	EA	S	55	55	71	0	4	8	0.5424534941912581	0.5877816100911821
GIST1M_HEAD128	RESIDUAL_NLIST1024	A_TO_B	EA	S	55	55	71	1	4	8	0.7490776390092857	0.751482986812202
GIST1M_HEAD128	RESIDUAL_NLIST1024	A_TO_B	EA	S	56	56	72	0	4	8	0.5537494052643996	0.609102405101651
GIST1M_HEAD128	RESIDUAL_NLIST1024	A_TO_B	EA	S	56	56	72	1	4	8	0.365345124428165	0.37810439162602794
GIST1M_HEAD128	RESIDUAL_NLIST1024	A_TO_B	EA	S	57	57	74	0	4	8	0.5119034184399723	0.5573862603824902
GIST1M_HEAD128	RESIDUAL_NLIST1024	A_TO_B	EA	S	57	57	74	1	4	8	0.3237767668185631	0.32264505568640905
GIST1M_HEAD128	RESIDUAL_NLIST1024	A_TO_B	EA	S	58	58	73	0	4	8	0.5354621799687309	0.5402500083282598
GIST1M_HEAD128	RESIDUAL_NLIST1024	A_TO_B	EA	S	58	58	73	1	4	8	0.40719262966744	0.4525859587693804
GIST1M_HEAD128	RESIDUAL_NLIST1024	A_TO_B	EA	S	59	59	70	0	4	8	0.5441615697458366	0.6046351594831516
GIST1M_HEAD128	RESIDUAL_NLIST1024	A_TO_B	EA	S	59	59	70	1	4	8	0.6971532633352071	0.6561397543083867
GIST1M_HEAD128	RESIDUAL_NLIST1024	A_TO_B	EA	S	60	60	65	0	4	8	0.4586172119313706	0.5257573709075911
GIST1M_HEAD128	RESIDUAL_NLIST1024	A_TO_B	EA	S	60	60	65	1	4	8	0.6310769945844034	1.1384621205048504
GIST1M_HEAD128	RESIDUAL_NLIST1024	A_TO_B	EA	S	61	61	67	0	4	8	0.4449824352567664	0.5229249362817334
GIST1M_HEAD128	RESIDUAL_NLIST1024	A_TO_B	EA	S	61	61	67	1	4	8	0.4179960560137155	0.5244004228710601
GIST1M_HEAD128	RESIDUAL_NLIST1024	A_TO_B	EA	S	62	62	69	0	4	8	0.562118713740126	0.5742738395508977
GIST1M_HEAD128	RESIDUAL_NLIST1024	A_TO_B	EA	S	62	62	69	1	4	8	0.41047692384515805	0.4264801567327082
GIST1M_HEAD128	RESIDUAL_NLIST1024	A_TO_B	EA	S	63	63	66	0	4	8	0.5083446818997943	0.5550500199798298
GIST1M_HEAD128	RESIDUAL_NLIST1024	A_TO_B	EA	S	63	63	66	1	4	8	0.3975269816597899	0.4144125640871046
GIST1M_HEAD128	RESIDUAL_NLIST1024	B_TO_A	ADJ	U	0	0	1	0	4	8	3.5391072445036786	3.687327865467786
GIST1M_HEAD128	RESIDUAL_NLIST1024	B_TO_A	ADJ	U	0	0	1	1	4	8	3.3139803822361227	2.7251571626803974
GIST1M_HEAD128	RESIDUAL_NLIST1024	B_TO_A	ADJ	U	1	2	3	0	4	8	3.8560881811977956	3.064005150159562
GIST1M_HEAD128	RESIDUAL_NLIST1024	B_TO_A	ADJ	U	1	2	3	1	4	8	2.8438321115282275	2.473165922116805
GIST1M_HEAD128	RESIDUAL_NLIST1024	B_TO_A	ADJ	U	2	4	5	0	4	8	2.3093430466850484	3.1638166256286326
GIST1M_HEAD128	RESIDUAL_NLIST1024	B_TO_A	ADJ	U	2	4	5	1	4	8	3.020832913664668	4.177672390268915
GIST1M_HEAD128	RESIDUAL_NLIST1024	B_TO_A	ADJ	U	3	6	7	0	4	8	2.607826534591666	2.659555014053482
GIST1M_HEAD128	RESIDUAL_NLIST1024	B_TO_A	ADJ	U	3	6	7	1	4	8	2.670188091507259	2.3817328333192904
GIST1M_HEAD128	RESIDUAL_NLIST1024	B_TO_A	ADJ	U	4	8	9	0	4	8	2.054332278390717	2.136543211512074
GIST1M_HEAD128	RESIDUAL_NLIST1024	B_TO_A	ADJ	U	4	8	9	1	4	8	2.406603789274352	2.8533103680302467
GIST1M_HEAD128	RESIDUAL_NLIST1024	B_TO_A	ADJ	U	5	10	11	0	4	8	3.071039087234821	2.407182184415936
GIST1M_HEAD128	RESIDUAL_NLIST1024	B_TO_A	ADJ	U	5	10	11	1	4	8	2.243343300311741	2.374569614218988
GIST1M_HEAD128	RESIDUAL_NLIST1024	B_TO_A	ADJ	U	6	12	13	0	4	8	1.770881047559123	2.0568664505267598
GIST1M_HEAD128	RESIDUAL_NLIST1024	B_TO_A	ADJ	U	6	12	13	1	4	8	1.881009814504317	2.0997339570994864
GIST1M_HEAD128	RESIDUAL_NLIST1024	B_TO_A	ADJ	U	7	14	15	0	4	8	2.3064560752670884	2.5441125638707103
GIST1M_HEAD128	RESIDUAL_NLIST1024	B_TO_A	ADJ	U	7	14	15	1	4	8	1.729274688920016	1.8718005040061596
GIST1M_HEAD128	RESIDUAL_NLIST1024	B_TO_A	ADJ	U	8	16	17	0	4	8	2.03539657607719	2.0722939767793354
GIST1M_HEAD128	RESIDUAL_NLIST1024	B_TO_A	ADJ	U	8	16	17	1	4	8	1.4443754596341385	1.4364596771371272
GIST1M_HEAD128	RESIDUAL_NLIST1024	B_TO_A	ADJ	U	9	18	19	0	4	8	1.748706829761025	2.880973597060615
GIST1M_HEAD128	RESIDUAL_NLIST1024	B_TO_A	ADJ	U	9	18	19	1	4	8	1.8150384479970836	2.3417733957237337
GIST1M_HEAD128	RESIDUAL_NLIST1024	B_TO_A	ADJ	U	10	20	21	0	4	8	1.3823982105593342	1.5717821494113795
GIST1M_HEAD128	RESIDUAL_NLIST1024	B_TO_A	ADJ	U	10	20	21	1	4	8	1.716002230593566	2.190928361162747
GIST1M_HEAD128	RESIDUAL_NLIST1024	B_TO_A	ADJ	U	11	22	23	0	4	8	1.4189418826071545	1.2279155845466267
GIST1M_HEAD128	RESIDUAL_NLIST1024	B_TO_A	ADJ	U	11	22	23	1	4	8	1.6245498063455912	1.3366751137717392
GIST1M_HEAD128	RESIDUAL_NLIST1024	B_TO_A	ADJ	U	12	24	25	0	4	8	1.139597030285119	1.2675908203397193
GIST1M_HEAD128	RESIDUAL_NLIST1024	B_TO_A	ADJ	U	12	24	25	1	4	8	1.010398672130149	1.539289591543981
GIST1M_HEAD128	RESIDUAL_NLIST1024	B_TO_A	ADJ	U	13	26	27	0	4	8	1.1342979615407605	1.0604690012246811
GIST1M_HEAD128	RESIDUAL_NLIST1024	B_TO_A	ADJ	U	13	26	27	1	4	8	0.9350487260308034	0.9998494062039698
GIST1M_HEAD128	RESIDUAL_NLIST1024	B_TO_A	ADJ	U	14	28	29	0	4	8	0.8831103305289746	1.2337890004884056
GIST1M_HEAD128	RESIDUAL_NLIST1024	B_TO_A	ADJ	U	14	28	29	1	4	8	0.9410853832865842	1.1310885981491747
GIST1M_HEAD128	RESIDUAL_NLIST1024	B_TO_A	ADJ	U	15	30	31	0	4	8	0.8072672427511851	0.9472779565726852
GIST1M_HEAD128	RESIDUAL_NLIST1024	B_TO_A	ADJ	U	15	30	31	1	4	8	1.0791992984469758	0.9844309049063011
GIST1M_HEAD128	RESIDUAL_NLIST1024	B_TO_A	ADJ	U	16	32	33	0	4	8	0.8535508542582417	0.9195731574410336
GIST1M_HEAD128	RESIDUAL_NLIST1024	B_TO_A	ADJ	U	16	32	33	1	4	8	0.8205732276204096	0.8440598111486096
GIST1M_HEAD128	RESIDUAL_NLIST1024	B_TO_A	ADJ	U	17	34	35	0	4	8	1.7705754793824648	1.6861118470338665
GIST1M_HEAD128	RESIDUAL_NLIST1024	B_TO_A	ADJ	U	17	34	35	1	4	8	1.266250066462821	1.3221346869010193
GIST1M_HEAD128	RESIDUAL_NLIST1024	B_TO_A	ADJ	U	18	36	37	0	4	8	0.8739062413357421	0.8100768264951321
GIST1M_HEAD128	RESIDUAL_NLIST1024	B_TO_A	ADJ	U	18	36	37	1	4	8	0.6661477646765832	0.7502102213881139
GIST1M_HEAD128	RESIDUAL_NLIST1024	B_TO_A	ADJ	U	19	38	39	0	4	8	1.0072557319921502	0.8607127105355736
GIST1M_HEAD128	RESIDUAL_NLIST1024	B_TO_A	ADJ	U	19	38	39	1	4	8	0.9897512710249377	0.7523001207250721
GIST1M_HEAD128	RESIDUAL_NLIST1024	B_TO_A	ADJ	U	20	40	41	0	4	8	0.952062891620439	0.812505867603786
GIST1M_HEAD128	RESIDUAL_NLIST1024	B_TO_A	ADJ	U	20	40	41	1	4	8	1.1229073686077564	1.210375648104395
GIST1M_HEAD128	RESIDUAL_NLIST1024	B_TO_A	ADJ	U	21	42	43	0	4	8	0.7138215559746728	0.7358748894655929
GIST1M_HEAD128	RESIDUAL_NLIST1024	B_TO_A	ADJ	U	21	42	43	1	4	8	0.7233617503432059	0.6778557563344876
GIST1M_HEAD128	RESIDUAL_NLIST1024	B_TO_A	ADJ	U	22	44	45	0	4	8	0.7216793747235022	0.7231631795790537
GIST1M_HEAD128	RESIDUAL_NLIST1024	B_TO_A	ADJ	U	22	44	45	1	4	8	0.7506625294091795	1.010076036813968
GIST1M_HEAD128	RESIDUAL_NLIST1024	B_TO_A	ADJ	U	23	46	47	0	4	8	0.7354200704205249	0.7105646264637402
GIST1M_HEAD128	RESIDUAL_NLIST1024	B_TO_A	ADJ	U	23	46	47	1	4	8	1.0319704122189066	1.8338256378521938
GIST1M_HEAD128	RESIDUAL_NLIST1024	B_TO_A	ADJ	U	24	48	49	0	4	8	0.7480362199196928	0.6335694980455044
GIST1M_HEAD128	RESIDUAL_NLIST1024	B_TO_A	ADJ	U	24	48	49	1	4	8	0.6843540084436348	0.5914415751319095
GIST1M_HEAD128	RESIDUAL_NLIST1024	B_TO_A	ADJ	U	25	50	51	0	4	8	0.7056928949817867	0.605688419533742
GIST1M_HEAD128	RESIDUAL_NLIST1024	B_TO_A	ADJ	U	25	50	51	1	4	8	1.0088062960712216	1.2850344227346144
GIST1M_HEAD128	RESIDUAL_NLIST1024	B_TO_A	ADJ	U	26	52	53	0	4	8	0.6951326107470346	0.6198187022197423
GIST1M_HEAD128	RESIDUAL_NLIST1024	B_TO_A	ADJ	U	26	52	53	1	4	8	0.6378683922070354	0.6942682481482272
GIST1M_HEAD128	RESIDUAL_NLIST1024	B_TO_A	ADJ	U	27	54	55	0	4	8	0.5690328063170103	0.6003622140057678
GIST1M_HEAD128	RESIDUAL_NLIST1024	B_TO_A	ADJ	U	27	54	55	1	4	8	0.5893488223521348	0.5082811016553037
GIST1M_HEAD128	RESIDUAL_NLIST1024	B_TO_A	ADJ	U	28	56	57	0	4	8	0.5243344168932402	0.4949232264578548
GIST1M_HEAD128	RESIDUAL_NLIST1024	B_TO_A	ADJ	U	28	56	57	1	4	8	0.5357702992041816	0.5650508652771915
GIST1M_HEAD128	RESIDUAL_NLIST1024	B_TO_A	ADJ	U	29	58	59	0	4	8	0.6151351635323308	0.5384266130300599
GIST1M_HEAD128	RESIDUAL_NLIST1024	B_TO_A	ADJ	U	29	58	59	1	4	8	0.5277011895744772	0.53986677889838
GIST1M_HEAD128	RESIDUAL_NLIST1024	B_TO_A	ADJ	U	30	60	61	0	4	8	0.49285640039519024	0.4828583841736094
GIST1M_HEAD128	RESIDUAL_NLIST1024	B_TO_A	ADJ	U	30	60	61	1	4	8	0.5753062516179539	0.45257124896383083
GIST1M_HEAD128	RESIDUAL_NLIST1024	B_TO_A	ADJ	U	31	62	63	0	4	8	0.558579941201532	0.5357378731636837
GIST1M_HEAD128	RESIDUAL_NLIST1024	B_TO_A	ADJ	U	31	62	63	1	4	8	0.5410259698718858	0.6465308294738767
GIST1M_HEAD128	RESIDUAL_NLIST1024	B_TO_A	ADJ	U	32	64	65	0	4	8	0.4996081260281669	0.43492633449599066
GIST1M_HEAD128	RESIDUAL_NLIST1024	B_TO_A	ADJ	U	32	64	65	1	4	8	1.0091506878763847	1.2858290083647834
GIST1M_HEAD128	RESIDUAL_NLIST1024	B_TO_A	ADJ	U	33	66	67	0	4	8	0.4379994230005503	0.44557242425621274
GIST1M_HEAD128	RESIDUAL_NLIST1024	B_TO_A	ADJ	U	33	66	67	1	4	8	0.5196452162873388	0.44950294426878745
GIST1M_HEAD128	RESIDUAL_NLIST1024	B_TO_A	ADJ	U	34	68	69	0	4	8	0.40453513480390957	0.4087380892294621
GIST1M_HEAD128	RESIDUAL_NLIST1024	B_TO_A	ADJ	U	34	68	69	1	4	8	0.5940017241678806	0.6334744592899857
GIST1M_HEAD128	RESIDUAL_NLIST1024	B_TO_A	ADJ	U	35	70	71	0	4	8	0.8108482018517794	1.1531715905590056
GIST1M_HEAD128	RESIDUAL_NLIST1024	B_TO_A	ADJ	U	35	70	71	1	4	8	0.6204429069151813	0.7144135995293859
GIST1M_HEAD128	RESIDUAL_NLIST1024	B_TO_A	ADJ	U	36	72	73	0	4	8	0.43134660531529195	0.40360369388220035
GIST1M_HEAD128	RESIDUAL_NLIST1024	B_TO_A	ADJ	U	36	72	73	1	4	8	0.38904750777090913	0.3933863326275966
GIST1M_HEAD128	RESIDUAL_NLIST1024	B_TO_A	ADJ	U	37	74	75	0	4	8	0.33855983110097976	0.3629912441106006
GIST1M_HEAD128	RESIDUAL_NLIST1024	B_TO_A	ADJ	U	37	74	75	1	4	8	0.3966470482291883	0.42278810645088
GIST1M_HEAD128	RESIDUAL_NLIST1024	B_TO_A	ADJ	U	38	76	77	0	4	8	0.4155002210854272	0.3655775912310556
GIST1M_HEAD128	RESIDUAL_NLIST1024	B_TO_A	ADJ	U	38	76	77	1	4	8	0.3919330315961402	0.37729264108017535
GIST1M_HEAD128	RESIDUAL_NLIST1024	B_TO_A	ADJ	U	39	78	79	0	4	8	0.36217834126385046	0.35923488166427264
GIST1M_HEAD128	RESIDUAL_NLIST1024	B_TO_A	ADJ	U	39	78	79	1	4	8	0.5639178574352877	1.0004089964026677
GIST1M_HEAD128	RESIDUAL_NLIST1024	B_TO_A	ADJ	U	40	80	81	0	4	8	0.6549007087316584	0.6618159010437334
GIST1M_HEAD128	RESIDUAL_NLIST1024	B_TO_A	ADJ	U	40	80	81	1	4	8	0.5984084133249826	0.5057962468930344
GIST1M_HEAD128	RESIDUAL_NLIST1024	B_TO_A	ADJ	U	41	82	83	0	4	8	0.36818637470035276	0.30676981411469295
GIST1M_HEAD128	RESIDUAL_NLIST1024	B_TO_A	ADJ	U	41	82	83	1	4	8	0.6334937933679432	0.8197933919652395
GIST1M_HEAD128	RESIDUAL_NLIST1024	B_TO_A	ADJ	U	42	84	85	0	4	8	0.40876655819658536	0.410870843256742
GIST1M_HEAD128	RESIDUAL_NLIST1024	B_TO_A	ADJ	U	42	84	85	1	4	8	0.32701555644309144	0.3819978414344055
GIST1M_HEAD128	RESIDUAL_NLIST1024	B_TO_A	ADJ	U	43	86	87	0	4	8	0.324761097822786	0.2920604436332571
GIST1M_HEAD128	RESIDUAL_NLIST1024	B_TO_A	ADJ	U	43	86	87	1	4	8	0.32105564604225373	0.3110476712586364
GIST1M_HEAD128	RESIDUAL_NLIST1024	B_TO_A	ADJ	U	44	88	89	0	4	8	0.3320358707784885	0.32693683867397555
GIST1M_HEAD128	RESIDUAL_NLIST1024	B_TO_A	ADJ	U	44	88	89	1	4	8	0.3130042739337654	0.292323935946434
GIST1M_HEAD128	RESIDUAL_NLIST1024	B_TO_A	ADJ	U	45	90	91	0	4	8	0.2935811060286896	0.3390178930098652
GIST1M_HEAD128	RESIDUAL_NLIST1024	B_TO_A	ADJ	U	45	90	91	1	4	8	0.30762630015869086	0.29451088555693017
GIST1M_HEAD128	RESIDUAL_NLIST1024	B_TO_A	ADJ	U	46	92	93	0	4	8	0.27925303523058037	0.2915013395058217
GIST1M_HEAD128	RESIDUAL_NLIST1024	B_TO_A	ADJ	U	46	92	93	1	4	8	0.39628804167751264	0.47476228020487954
GIST1M_HEAD128	RESIDUAL_NLIST1024	B_TO_A	ADJ	U	47	94	95	0	4	8	0.3406037481492663	0.3451810237563355
GIST1M_HEAD128	RESIDUAL_NLIST1024	B_TO_A	ADJ	U	47	94	95	1	4	8	0.28046862595971284	0.37326835056146457
GIST1M_HEAD128	RESIDUAL_NLIST1024	B_TO_A	ADJ	U	48	96	97	0	4	8	0.4146274642758957	0.3318465384790551
GIST1M_HEAD128	RESIDUAL_NLIST1024	B_TO_A	ADJ	U	48	96	97	1	4	8	0.28737054623989916	0.3983477107893403
GIST1M_HEAD128	RESIDUAL_NLIST1024	B_TO_A	ADJ	U	49	98	99	0	4	8	0.49742970848739165	0.6191282133300946
GIST1M_HEAD128	RESIDUAL_NLIST1024	B_TO_A	ADJ	U	49	98	99	1	4	8	0.2782529497120584	0.3071930810583051
GIST1M_HEAD128	RESIDUAL_NLIST1024	B_TO_A	ADJ	U	50	100	101	0	4	8	0.2980970588068259	0.29312571480420124
GIST1M_HEAD128	RESIDUAL_NLIST1024	B_TO_A	ADJ	U	50	100	101	1	4	8	0.4391643109357183	0.4752896997879042
GIST1M_HEAD128	RESIDUAL_NLIST1024	B_TO_A	ADJ	U	51	102	103	0	4	8	0.2549555944272871	0.25622169798087835
GIST1M_HEAD128	RESIDUAL_NLIST1024	B_TO_A	ADJ	U	51	102	103	1	4	8	0.2674943789032142	0.30822558210692197
GIST1M_HEAD128	RESIDUAL_NLIST1024	B_TO_A	ADJ	U	52	104	105	0	4	8	0.308405911156997	0.2625168293105136
GIST1M_HEAD128	RESIDUAL_NLIST1024	B_TO_A	ADJ	U	52	104	105	1	4	8	0.3567744816656011	0.3018826928718074
GIST1M_HEAD128	RESIDUAL_NLIST1024	B_TO_A	ADJ	U	53	106	107	0	4	8	0.5444871029659595	0.31471455196748144
GIST1M_HEAD128	RESIDUAL_NLIST1024	B_TO_A	ADJ	U	53	106	107	1	4	8	0.2826940022054024	0.35222403421177506
GIST1M_HEAD128	RESIDUAL_NLIST1024	B_TO_A	ADJ	U	54	108	109	0	4	8	0.32289681722650654	0.3934561985898708
GIST1M_HEAD128	RESIDUAL_NLIST1024	B_TO_A	ADJ	U	54	108	109	1	4	8	0.263554997023738	0.23266523193881566
GIST1M_HEAD128	RESIDUAL_NLIST1024	B_TO_A	ADJ	U	55	110	111	0	4	8	0.2878967232344607	0.2324125482151519
GIST1M_HEAD128	RESIDUAL_NLIST1024	B_TO_A	ADJ	U	55	110	111	1	4	8	0.26481969868268224	0.2575465059382659
GIST1M_HEAD128	RESIDUAL_NLIST1024	B_TO_A	ADJ	U	56	112	113	0	4	8	0.5414060103302887	0.6235896622658625
GIST1M_HEAD128	RESIDUAL_NLIST1024	B_TO_A	ADJ	U	56	112	113	1	4	8	0.3883305178963334	0.4539685892256211
GIST1M_HEAD128	RESIDUAL_NLIST1024	B_TO_A	ADJ	U	57	114	115	0	4	8	0.24723646427972137	0.2550150506654762
GIST1M_HEAD128	RESIDUAL_NLIST1024	B_TO_A	ADJ	U	57	114	115	1	4	8	0.2745572566295601	0.29643017574343034
GIST1M_HEAD128	RESIDUAL_NLIST1024	B_TO_A	ADJ	U	58	116	117	0	4	8	0.25856572517687404	0.26290245901088893
GIST1M_HEAD128	RESIDUAL_NLIST1024	B_TO_A	ADJ	U	58	116	117	1	4	8	0.4909529805369964	0.502713969707347
GIST1M_HEAD128	RESIDUAL_NLIST1024	B_TO_A	ADJ	U	59	118	119	0	4	8	0.24696139251829424	0.21858443357248813
GIST1M_HEAD128	RESIDUAL_NLIST1024	B_TO_A	ADJ	U	59	118	119	1	4	8	0.2158761981909349	0.23623510998472863
GIST1M_HEAD128	RESIDUAL_NLIST1024	B_TO_A	ADJ	U	60	120	121	0	4	8	0.2114193191617832	0.21819191138402694
GIST1M_HEAD128	RESIDUAL_NLIST1024	B_TO_A	ADJ	U	60	120	121	1	4	8	0.4651297617631499	0.3835480912622851
GIST1M_HEAD128	RESIDUAL_NLIST1024	B_TO_A	ADJ	U	61	122	123	0	4	8	0.20947079547957675	0.25762824689171443
GIST1M_HEAD128	RESIDUAL_NLIST1024	B_TO_A	ADJ	U	61	122	123	1	4	8	0.22284260284629692	0.23042499002351363
GIST1M_HEAD128	RESIDUAL_NLIST1024	B_TO_A	ADJ	U	62	124	125	0	4	8	0.25850313612388576	0.23108942180376052
GIST1M_HEAD128	RESIDUAL_NLIST1024	B_TO_A	ADJ	U	62	124	125	1	4	8	0.19068175457158684	0.1916849818309705
GIST1M_HEAD128	RESIDUAL_NLIST1024	B_TO_A	ADJ	U	63	126	127	0	4	8	0.21578498025910564	0.24924070675583646
GIST1M_HEAD128	RESIDUAL_NLIST1024	B_TO_A	ADJ	U	63	126	127	1	4	8	0.19495132424318173	0.20829357447252395
GIST1M_HEAD128	RESIDUAL_NLIST1024	B_TO_A	ADJ	V	0	0	1	0	5	10	1.6736143501646874	1.6552954954022183
GIST1M_HEAD128	RESIDUAL_NLIST1024	B_TO_A	ADJ	V	0	0	1	1	5	10	1.6197552389623995	1.3319915045645532
GIST1M_HEAD128	RESIDUAL_NLIST1024	B_TO_A	ADJ	V	1	2	3	0	5	10	1.5474959863777338	1.4542853674246605
GIST1M_HEAD128	RESIDUAL_NLIST1024	B_TO_A	ADJ	V	1	2	3	1	5	10	1.141075216898219	1.2140026492160667
GIST1M_HEAD128	RESIDUAL_NLIST1024	B_TO_A	ADJ	V	2	4	5	0	5	10	0.858133471636419	1.264349365292189
GIST1M_HEAD128	RESIDUAL_NLIST1024	B_TO_A	ADJ	V	2	4	5	1	5	10	1.330039212946183	2.305855314295369
GIST1M_HEAD128	RESIDUAL_NLIST1024	B_TO_A	ADJ	V	3	6	7	0	5	10	1.1917459981158003	1.1327346316487512
GIST1M_HEAD128	RESIDUAL_NLIST1024	B_TO_A	ADJ	V	3	6	7	1	5	10	1.3494052046835112	1.1078251676749433
GIST1M_HEAD128	RESIDUAL_NLIST1024	B_TO_A	ADJ	V	4	8	9	0	5	10	0.9233371026825119	0.9340410542354642
GIST1M_HEAD128	RESIDUAL_NLIST1024	B_TO_A	ADJ	V	4	8	9	1	5	10	1.1556345504756593	1.4296079480687138
GIST1M_HEAD128	RESIDUAL_NLIST1024	B_TO_A	ADJ	V	5	10	11	0	5	10	1.4180936785875171	1.0100066710283915
GIST1M_HEAD128	RESIDUAL_NLIST1024	B_TO_A	ADJ	V	5	10	11	1	5	10	0.9612184406340433	1.0560473947870834
GIST1M_HEAD128	RESIDUAL_NLIST1024	B_TO_A	ADJ	V	6	12	13	0	5	10	0.733812424962072	0.9101577160046371
GIST1M_HEAD128	RESIDUAL_NLIST1024	B_TO_A	ADJ	V	6	12	13	1	5	10	0.7777550667448414	0.9305096798866902
GIST1M_HEAD128	RESIDUAL_NLIST1024	B_TO_A	ADJ	V	7	14	15	0	5	10	1.0168898927153058	1.137901335414314
GIST1M_HEAD128	RESIDUAL_NLIST1024	B_TO_A	ADJ	V	7	14	15	1	5	10	0.7398947482438087	0.8307250529094168
GIST1M_HEAD128	RESIDUAL_NLIST1024	B_TO_A	ADJ	V	8	16	17	0	5	10	0.947047601557974	1.0819857775724153
GIST1M_HEAD128	RESIDUAL_NLIST1024	B_TO_A	ADJ	V	8	16	17	1	5	10	0.5999210597812983	0.6179025072939751
GIST1M_HEAD128	RESIDUAL_NLIST1024	B_TO_A	ADJ	V	9	18	19	0	5	10	0.8435769641562669	1.7829497465836266
GIST1M_HEAD128	RESIDUAL_NLIST1024	B_TO_A	ADJ	V	9	18	19	1	5	10	0.9606888101286115	1.3008378886205731
GIST1M_HEAD128	RESIDUAL_NLIST1024	B_TO_A	ADJ	V	10	20	21	0	5	10	0.5847965534384856	0.7348949279155217
GIST1M_HEAD128	RESIDUAL_NLIST1024	B_TO_A	ADJ	V	10	20	21	1	5	10	0.9462569912816445	1.196247548920791
GIST1M_HEAD128	RESIDUAL_NLIST1024	B_TO_A	ADJ	V	11	22	23	0	5	10	0.6388072074808686	0.5036271545066964
GIST1M_HEAD128	RESIDUAL_NLIST1024	B_TO_A	ADJ	V	11	22	23	1	5	10	0.6712406845576573	0.7452604475435303
GIST1M_HEAD128	RESIDUAL_NLIST1024	B_TO_A	ADJ	V	12	24	25	0	5	9	0.5080394442021213	0.5793089266615474
GIST1M_HEAD128	RESIDUAL_NLIST1024	B_TO_A	ADJ	V	12	24	25	1	4	9	1.010398672130149	1.539289591543981
GIST1M_HEAD128	RESIDUAL_NLIST1024	B_TO_A	ADJ	V	13	26	27	0	4	8	1.1342979615407605	1.0604690012246811
GIST1M_HEAD128	RESIDUAL_NLIST1024	B_TO_A	ADJ	V	13	26	27	1	4	8	0.9350487260308034	0.9998494062039698
GIST1M_HEAD128	RESIDUAL_NLIST1024	B_TO_A	ADJ	V	14	28	29	0	4	8	0.8831103305289746	1.2337890004884056
GIST1M_HEAD128	RESIDUAL_NLIST1024	B_TO_A	ADJ	V	14	28	29	1	4	8	0.9410853832865842	1.1310885981491747
GIST1M_HEAD128	RESIDUAL_NLIST1024	B_TO_A	ADJ	V	15	30	31	0	4	8	0.8072672427511851	0.9472779565726852
GIST1M_HEAD128	RESIDUAL_NLIST1024	B_TO_A	ADJ	V	15	30	31	1	4	8	1.0791992984469758	0.9844309049063011
GIST1M_HEAD128	RESIDUAL_NLIST1024	B_TO_A	ADJ	V	16	32	33	0	4	8	0.8535508542582417	0.9195731574410336
GIST1M_HEAD128	RESIDUAL_NLIST1024	B_TO_A	ADJ	V	16	32	33	1	4	8	0.8205732276204096	0.8440598111486096
GIST1M_HEAD128	RESIDUAL_NLIST1024	B_TO_A	ADJ	V	17	34	35	0	4	8	1.7705754793824648	1.6861118470338665
GIST1M_HEAD128	RESIDUAL_NLIST1024	B_TO_A	ADJ	V	17	34	35	1	4	8	1.266250066462821	1.3221346869010193
GIST1M_HEAD128	RESIDUAL_NLIST1024	B_TO_A	ADJ	V	18	36	37	0	4	8	0.8739062413357421	0.8100768264951321
GIST1M_HEAD128	RESIDUAL_NLIST1024	B_TO_A	ADJ	V	18	36	37	1	4	8	0.6661477646765832	0.7502102213881139
GIST1M_HEAD128	RESIDUAL_NLIST1024	B_TO_A	ADJ	V	19	38	39	0	4	8	1.0072557319921502	0.8607127105355736
GIST1M_HEAD128	RESIDUAL_NLIST1024	B_TO_A	ADJ	V	19	38	39	1	4	8	0.9897512710249377	0.7523001207250721
GIST1M_HEAD128	RESIDUAL_NLIST1024	B_TO_A	ADJ	V	20	40	41	0	4	8	0.952062891620439	0.812505867603786
GIST1M_HEAD128	RESIDUAL_NLIST1024	B_TO_A	ADJ	V	20	40	41	1	4	8	1.1229073686077564	1.210375648104395
GIST1M_HEAD128	RESIDUAL_NLIST1024	B_TO_A	ADJ	V	21	42	43	0	4	8	0.7138215559746728	0.7358748894655929
GIST1M_HEAD128	RESIDUAL_NLIST1024	B_TO_A	ADJ	V	21	42	43	1	4	8	0.7233617503432059	0.6778557563344876
GIST1M_HEAD128	RESIDUAL_NLIST1024	B_TO_A	ADJ	V	22	44	45	0	4	8	0.7216793747235022	0.7231631795790537
GIST1M_HEAD128	RESIDUAL_NLIST1024	B_TO_A	ADJ	V	22	44	45	1	4	8	0.7506625294091795	1.010076036813968
GIST1M_HEAD128	RESIDUAL_NLIST1024	B_TO_A	ADJ	V	23	46	47	0	4	8	0.7354200704205249	0.7105646264637402
GIST1M_HEAD128	RESIDUAL_NLIST1024	B_TO_A	ADJ	V	23	46	47	1	4	8	1.0319704122189066	1.8338256378521938
GIST1M_HEAD128	RESIDUAL_NLIST1024	B_TO_A	ADJ	V	24	48	49	0	4	8	0.7480362199196928	0.6335694980455044
GIST1M_HEAD128	RESIDUAL_NLIST1024	B_TO_A	ADJ	V	24	48	49	1	4	8	0.6843540084436348	0.5914415751319095
GIST1M_HEAD128	RESIDUAL_NLIST1024	B_TO_A	ADJ	V	25	50	51	0	4	8	0.7056928949817867	0.605688419533742
GIST1M_HEAD128	RESIDUAL_NLIST1024	B_TO_A	ADJ	V	25	50	51	1	4	8	1.0088062960712216	1.2850344227346144
GIST1M_HEAD128	RESIDUAL_NLIST1024	B_TO_A	ADJ	V	26	52	53	0	4	8	0.6951326107470346	0.6198187022197423
GIST1M_HEAD128	RESIDUAL_NLIST1024	B_TO_A	ADJ	V	26	52	53	1	4	8	0.6378683922070354	0.6942682481482272
GIST1M_HEAD128	RESIDUAL_NLIST1024	B_TO_A	ADJ	V	27	54	55	0	4	8	0.5690328063170103	0.6003622140057678
GIST1M_HEAD128	RESIDUAL_NLIST1024	B_TO_A	ADJ	V	27	54	55	1	4	8	0.5893488223521348	0.5082811016553037
GIST1M_HEAD128	RESIDUAL_NLIST1024	B_TO_A	ADJ	V	28	56	57	0	4	8	0.5243344168932402	0.4949232264578548
GIST1M_HEAD128	RESIDUAL_NLIST1024	B_TO_A	ADJ	V	28	56	57	1	4	8	0.5357702992041816	0.5650508652771915
GIST1M_HEAD128	RESIDUAL_NLIST1024	B_TO_A	ADJ	V	29	58	59	0	4	8	0.6151351635323308	0.5384266130300599
GIST1M_HEAD128	RESIDUAL_NLIST1024	B_TO_A	ADJ	V	29	58	59	1	4	8	0.5277011895744772	0.53986677889838
GIST1M_HEAD128	RESIDUAL_NLIST1024	B_TO_A	ADJ	V	30	60	61	0	4	8	0.49285640039519024	0.4828583841736094
GIST1M_HEAD128	RESIDUAL_NLIST1024	B_TO_A	ADJ	V	30	60	61	1	4	8	0.5753062516179539	0.45257124896383083
GIST1M_HEAD128	RESIDUAL_NLIST1024	B_TO_A	ADJ	V	31	62	63	0	4	8	0.558579941201532	0.5357378731636837
GIST1M_HEAD128	RESIDUAL_NLIST1024	B_TO_A	ADJ	V	31	62	63	1	4	8	0.5410259698718858	0.6465308294738767
GIST1M_HEAD128	RESIDUAL_NLIST1024	B_TO_A	ADJ	V	32	64	65	0	4	8	0.4996081260281669	0.43492633449599066
GIST1M_HEAD128	RESIDUAL_NLIST1024	B_TO_A	ADJ	V	32	64	65	1	4	8	1.0091506878763847	1.2858290083647834
GIST1M_HEAD128	RESIDUAL_NLIST1024	B_TO_A	ADJ	V	33	66	67	0	4	8	0.4379994230005503	0.44557242425621274
GIST1M_HEAD128	RESIDUAL_NLIST1024	B_TO_A	ADJ	V	33	66	67	1	4	8	0.5196452162873388	0.44950294426878745
GIST1M_HEAD128	RESIDUAL_NLIST1024	B_TO_A	ADJ	V	34	68	69	0	4	8	0.40453513480390957	0.4087380892294621
GIST1M_HEAD128	RESIDUAL_NLIST1024	B_TO_A	ADJ	V	34	68	69	1	4	8	0.5940017241678806	0.6334744592899857
GIST1M_HEAD128	RESIDUAL_NLIST1024	B_TO_A	ADJ	V	35	70	71	0	4	8	0.8108482018517794	1.1531715905590056
GIST1M_HEAD128	RESIDUAL_NLIST1024	B_TO_A	ADJ	V	35	70	71	1	4	8	0.6204429069151813	0.7144135995293859
GIST1M_HEAD128	RESIDUAL_NLIST1024	B_TO_A	ADJ	V	36	72	73	0	4	8	0.43134660531529195	0.40360369388220035
GIST1M_HEAD128	RESIDUAL_NLIST1024	B_TO_A	ADJ	V	36	72	73	1	4	8	0.38904750777090913	0.3933863326275966
GIST1M_HEAD128	RESIDUAL_NLIST1024	B_TO_A	ADJ	V	37	74	75	0	4	8	0.33855983110097976	0.3629912441106006
GIST1M_HEAD128	RESIDUAL_NLIST1024	B_TO_A	ADJ	V	37	74	75	1	4	8	0.3966470482291883	0.42278810645088
GIST1M_HEAD128	RESIDUAL_NLIST1024	B_TO_A	ADJ	V	38	76	77	0	4	8	0.4155002210854272	0.3655775912310556
GIST1M_HEAD128	RESIDUAL_NLIST1024	B_TO_A	ADJ	V	38	76	77	1	4	8	0.3919330315961402	0.37729264108017535
GIST1M_HEAD128	RESIDUAL_NLIST1024	B_TO_A	ADJ	V	39	78	79	0	4	8	0.36217834126385046	0.35923488166427264
GIST1M_HEAD128	RESIDUAL_NLIST1024	B_TO_A	ADJ	V	39	78	79	1	4	8	0.5639178574352877	1.0004089964026677
GIST1M_HEAD128	RESIDUAL_NLIST1024	B_TO_A	ADJ	V	40	80	81	0	4	8	0.6549007087316584	0.6618159010437334
GIST1M_HEAD128	RESIDUAL_NLIST1024	B_TO_A	ADJ	V	40	80	81	1	4	8	0.5984084133249826	0.5057962468930344
GIST1M_HEAD128	RESIDUAL_NLIST1024	B_TO_A	ADJ	V	41	82	83	0	4	8	0.36818637470035276	0.30676981411469295
GIST1M_HEAD128	RESIDUAL_NLIST1024	B_TO_A	ADJ	V	41	82	83	1	4	8	0.6334937933679432	0.8197933919652395
GIST1M_HEAD128	RESIDUAL_NLIST1024	B_TO_A	ADJ	V	42	84	85	0	4	8	0.40876655819658536	0.410870843256742
GIST1M_HEAD128	RESIDUAL_NLIST1024	B_TO_A	ADJ	V	42	84	85	1	4	8	0.32701555644309144	0.3819978414344055
GIST1M_HEAD128	RESIDUAL_NLIST1024	B_TO_A	ADJ	V	43	86	87	0	4	8	0.324761097822786	0.2920604436332571
GIST1M_HEAD128	RESIDUAL_NLIST1024	B_TO_A	ADJ	V	43	86	87	1	4	8	0.32105564604225373	0.3110476712586364
GIST1M_HEAD128	RESIDUAL_NLIST1024	B_TO_A	ADJ	V	44	88	89	0	4	8	0.3320358707784885	0.32693683867397555
GIST1M_HEAD128	RESIDUAL_NLIST1024	B_TO_A	ADJ	V	44	88	89	1	4	8	0.3130042739337654	0.292323935946434
GIST1M_HEAD128	RESIDUAL_NLIST1024	B_TO_A	ADJ	V	45	90	91	0	4	8	0.2935811060286896	0.3390178930098652
GIST1M_HEAD128	RESIDUAL_NLIST1024	B_TO_A	ADJ	V	45	90	91	1	4	8	0.30762630015869086	0.29451088555693017
GIST1M_HEAD128	RESIDUAL_NLIST1024	B_TO_A	ADJ	V	46	92	93	0	4	8	0.27925303523058037	0.2915013395058217
GIST1M_HEAD128	RESIDUAL_NLIST1024	B_TO_A	ADJ	V	46	92	93	1	4	8	0.39628804167751264	0.47476228020487954
GIST1M_HEAD128	RESIDUAL_NLIST1024	B_TO_A	ADJ	V	47	94	95	0	4	8	0.3406037481492663	0.3451810237563355
GIST1M_HEAD128	RESIDUAL_NLIST1024	B_TO_A	ADJ	V	47	94	95	1	4	8	0.28046862595971284	0.37326835056146457
GIST1M_HEAD128	RESIDUAL_NLIST1024	B_TO_A	ADJ	V	48	96	97	0	4	8	0.4146274642758957	0.3318465384790551
GIST1M_HEAD128	RESIDUAL_NLIST1024	B_TO_A	ADJ	V	48	96	97	1	4	8	0.28737054623989916	0.3983477107893403
GIST1M_HEAD128	RESIDUAL_NLIST1024	B_TO_A	ADJ	V	49	98	99	0	4	8	0.49742970848739165	0.6191282133300946
GIST1M_HEAD128	RESIDUAL_NLIST1024	B_TO_A	ADJ	V	49	98	99	1	4	8	0.2782529497120584	0.3071930810583051
GIST1M_HEAD128	RESIDUAL_NLIST1024	B_TO_A	ADJ	V	50	100	101	0	4	7	0.2980970588068259	0.29312571480420124
GIST1M_HEAD128	RESIDUAL_NLIST1024	B_TO_A	ADJ	V	50	100	101	1	3	7	1.3443130466688193	1.2249453913132529
GIST1M_HEAD128	RESIDUAL_NLIST1024	B_TO_A	ADJ	V	51	102	103	0	4	7	0.2549555944272871	0.25622169798087835
GIST1M_HEAD128	RESIDUAL_NLIST1024	B_TO_A	ADJ	V	51	102	103	1	3	7	0.8695456053182805	0.9021384494536387
GIST1M_HEAD128	RESIDUAL_NLIST1024	B_TO_A	ADJ	V	52	104	105	0	3	6	0.8995886169193562	0.8466016431558786
GIST1M_HEAD128	RESIDUAL_NLIST1024	B_TO_A	ADJ	V	52	104	105	1	3	6	1.0456197461908485	0.9751672696313284
GIST1M_HEAD128	RESIDUAL_NLIST1024	B_TO_A	ADJ	V	53	106	107	0	3	6	1.222157756046667	0.8350344219014846
GIST1M_HEAD128	RESIDUAL_NLIST1024	B_TO_A	ADJ	V	53	106	107	1	3	6	0.8677300920438275	0.9601380099863062
GIST1M_HEAD128	RESIDUAL_NLIST1024	B_TO_A	ADJ	V	54	108	109	0	4	7	0.32289681722650654	0.3934561985898708
GIST1M_HEAD128	RESIDUAL_NLIST1024	B_TO_A	ADJ	V	54	108	109	1	3	7	0.8233320025141837	0.7827241252468732
GIST1M_HEAD128	RESIDUAL_NLIST1024	B_TO_A	ADJ	V	55	110	111	0	3	6	0.8453683222578008	0.7543273783803688
GIST1M_HEAD128	RESIDUAL_NLIST1024	B_TO_A	ADJ	V	55	110	111	1	3	6	0.7979644290393343	0.8044796283997319
GIST1M_HEAD128	RESIDUAL_NLIST1024	B_TO_A	ADJ	V	56	112	113	0	3	6	1.288591239534401	1.5415855221040817
GIST1M_HEAD128	RESIDUAL_NLIST1024	B_TO_A	ADJ	V	56	112	113	1	3	6	1.0818379448877626	1.1900830065291195
GIST1M_HEAD128	RESIDUAL_NLIST1024	B_TO_A	ADJ	V	57	114	115	0	3	6	0.8197946139861795	0.7959385467073216
GIST1M_HEAD128	RESIDUAL_NLIST1024	B_TO_A	ADJ	V	57	114	115	1	3	6	0.8159083817824453	0.8451567452228619
GIST1M_HEAD128	RESIDUAL_NLIST1024	B_TO_A	ADJ	V	58	116	117	0	3	6	0.8087732780115656	0.7906551045650475
GIST1M_HEAD128	RESIDUAL_NLIST1024	B_TO_A	ADJ	V	58	116	117	1	3	6	1.3536122216184654	1.4319735279007029
GIST1M_HEAD128	RESIDUAL_NLIST1024	B_TO_A	ADJ	V	59	118	119	0	3	6	0.778646696856433	0.7109871108029968
GIST1M_HEAD128	RESIDUAL_NLIST1024	B_TO_A	ADJ	V	59	118	119	1	3	6	0.6847092865286706	0.7182820829619617
GIST1M_HEAD128	RESIDUAL_NLIST1024	B_TO_A	ADJ	V	60	120	121	0	3	6	0.6886932912261804	0.6846750468626083
GIST1M_HEAD128	RESIDUAL_NLIST1024	B_TO_A	ADJ	V	60	120	121	1	3	6	1.2800920092241346	0.9508329289152817
GIST1M_HEAD128	RESIDUAL_NLIST1024	B_TO_A	ADJ	V	61	122	123	0	3	6	0.6948076894871487	0.7526390778698826
GIST1M_HEAD128	RESIDUAL_NLIST1024	B_TO_A	ADJ	V	61	122	123	1	3	6	0.7124495991340226	0.7105542734753055
GIST1M_HEAD128	RESIDUAL_NLIST1024	B_TO_A	ADJ	V	62	124	125	0	3	6	0.8085461222173111	0.7384356393177063
GIST1M_HEAD128	RESIDUAL_NLIST1024	B_TO_A	ADJ	V	62	124	125	1	3	6	0.6234963791674887	0.6298706838595988
GIST1M_HEAD128	RESIDUAL_NLIST1024	B_TO_A	ADJ	V	63	126	127	0	3	6	0.6561474657341597	0.706914391836605
GIST1M_HEAD128	RESIDUAL_NLIST1024	B_TO_A	ADJ	V	63	126	127	1	3	6	0.6541195065958663	0.6333940950523061
GIST1M_HEAD128	RESIDUAL_NLIST1024	B_TO_A	ADJ	E	0	0	1	0	5	10	1.6736143501646874	1.6552954954022183
GIST1M_HEAD128	RESIDUAL_NLIST1024	B_TO_A	ADJ	E	0	0	1	1	5	10	1.6197552389623995	1.3319915045645532
GIST1M_HEAD128	RESIDUAL_NLIST1024	B_TO_A	ADJ	E	1	2	3	0	5	10	1.5474959863777338	1.4542853674246605
GIST1M_HEAD128	RESIDUAL_NLIST1024	B_TO_A	ADJ	E	1	2	3	1	5	10	1.141075216898219	1.2140026492160667
GIST1M_HEAD128	RESIDUAL_NLIST1024	B_TO_A	ADJ	E	2	4	5	0	5	10	0.858133471636419	1.264349365292189
GIST1M_HEAD128	RESIDUAL_NLIST1024	B_TO_A	ADJ	E	2	4	5	1	5	10	1.330039212946183	2.305855314295369
GIST1M_HEAD128	RESIDUAL_NLIST1024	B_TO_A	ADJ	E	3	6	7	0	5	10	1.1917459981158003	1.1327346316487512
GIST1M_HEAD128	RESIDUAL_NLIST1024	B_TO_A	ADJ	E	3	6	7	1	5	10	1.3494052046835112	1.1078251676749433
GIST1M_HEAD128	RESIDUAL_NLIST1024	B_TO_A	ADJ	E	4	8	9	0	5	10	0.9233371026825119	0.9340410542354642
GIST1M_HEAD128	RESIDUAL_NLIST1024	B_TO_A	ADJ	E	4	8	9	1	5	10	1.1556345504756593	1.4296079480687138
GIST1M_HEAD128	RESIDUAL_NLIST1024	B_TO_A	ADJ	E	5	10	11	0	5	10	1.4180936785875171	1.0100066710283915
GIST1M_HEAD128	RESIDUAL_NLIST1024	B_TO_A	ADJ	E	5	10	11	1	5	10	0.9612184406340433	1.0560473947870834
GIST1M_HEAD128	RESIDUAL_NLIST1024	B_TO_A	ADJ	E	6	12	13	0	5	10	0.733812424962072	0.9101577160046371
GIST1M_HEAD128	RESIDUAL_NLIST1024	B_TO_A	ADJ	E	6	12	13	1	5	10	0.7777550667448414	0.9305096798866902
GIST1M_HEAD128	RESIDUAL_NLIST1024	B_TO_A	ADJ	E	7	14	15	0	5	10	1.0168898927153058	1.137901335414314
GIST1M_HEAD128	RESIDUAL_NLIST1024	B_TO_A	ADJ	E	7	14	15	1	5	10	0.7398947482438087	0.8307250529094168
GIST1M_HEAD128	RESIDUAL_NLIST1024	B_TO_A	ADJ	E	8	16	17	0	5	10	0.947047601557974	1.0819857775724153
GIST1M_HEAD128	RESIDUAL_NLIST1024	B_TO_A	ADJ	E	8	16	17	1	5	10	0.5999210597812983	0.6179025072939751
GIST1M_HEAD128	RESIDUAL_NLIST1024	B_TO_A	ADJ	E	9	18	19	0	5	10	0.8435769641562669	1.7829497465836266
GIST1M_HEAD128	RESIDUAL_NLIST1024	B_TO_A	ADJ	E	9	18	19	1	5	10	0.9606888101286115	1.3008378886205731
GIST1M_HEAD128	RESIDUAL_NLIST1024	B_TO_A	ADJ	E	10	20	21	0	5	10	0.5847965534384856	0.7348949279155217
GIST1M_HEAD128	RESIDUAL_NLIST1024	B_TO_A	ADJ	E	10	20	21	1	5	10	0.9462569912816445	1.196247548920791
GIST1M_HEAD128	RESIDUAL_NLIST1024	B_TO_A	ADJ	E	11	22	23	0	5	10	0.6388072074808686	0.5036271545066964
GIST1M_HEAD128	RESIDUAL_NLIST1024	B_TO_A	ADJ	E	11	22	23	1	5	10	0.6712406845576573	0.7452604475435303
GIST1M_HEAD128	RESIDUAL_NLIST1024	B_TO_A	ADJ	E	12	24	25	0	4	8	1.139597030285119	1.2675908203397193
GIST1M_HEAD128	RESIDUAL_NLIST1024	B_TO_A	ADJ	E	12	24	25	1	4	8	1.010398672130149	1.539289591543981
GIST1M_HEAD128	RESIDUAL_NLIST1024	B_TO_A	ADJ	E	13	26	27	0	4	8	1.1342979615407605	1.0604690012246811
GIST1M_HEAD128	RESIDUAL_NLIST1024	B_TO_A	ADJ	E	13	26	27	1	4	8	0.9350487260308034	0.9998494062039698
GIST1M_HEAD128	RESIDUAL_NLIST1024	B_TO_A	ADJ	E	14	28	29	0	4	8	0.8831103305289746	1.2337890004884056
GIST1M_HEAD128	RESIDUAL_NLIST1024	B_TO_A	ADJ	E	14	28	29	1	4	8	0.9410853832865842	1.1310885981491747
GIST1M_HEAD128	RESIDUAL_NLIST1024	B_TO_A	ADJ	E	15	30	31	0	4	8	0.8072672427511851	0.9472779565726852
GIST1M_HEAD128	RESIDUAL_NLIST1024	B_TO_A	ADJ	E	15	30	31	1	4	8	1.0791992984469758	0.9844309049063011
GIST1M_HEAD128	RESIDUAL_NLIST1024	B_TO_A	ADJ	E	16	32	33	0	4	8	0.8535508542582417	0.9195731574410336
GIST1M_HEAD128	RESIDUAL_NLIST1024	B_TO_A	ADJ	E	16	32	33	1	4	8	0.8205732276204096	0.8440598111486096
GIST1M_HEAD128	RESIDUAL_NLIST1024	B_TO_A	ADJ	E	17	34	35	0	4	9	1.7705754793824648	1.6861118470338665
GIST1M_HEAD128	RESIDUAL_NLIST1024	B_TO_A	ADJ	E	17	34	35	1	5	9	0.5804263543723696	0.8100940201616282
GIST1M_HEAD128	RESIDUAL_NLIST1024	B_TO_A	ADJ	E	18	36	37	0	4	8	0.8739062413357421	0.8100768264951321
GIST1M_HEAD128	RESIDUAL_NLIST1024	B_TO_A	ADJ	E	18	36	37	1	4	8	0.6661477646765832	0.7502102213881139
GIST1M_HEAD128	RESIDUAL_NLIST1024	B_TO_A	ADJ	E	19	38	39	0	4	8	1.0072557319921502	0.8607127105355736
GIST1M_HEAD128	RESIDUAL_NLIST1024	B_TO_A	ADJ	E	19	38	39	1	4	8	0.9897512710249377	0.7523001207250721
GIST1M_HEAD128	RESIDUAL_NLIST1024	B_TO_A	ADJ	E	20	40	41	0	4	8	0.952062891620439	0.812505867603786
GIST1M_HEAD128	RESIDUAL_NLIST1024	B_TO_A	ADJ	E	20	40	41	1	4	8	1.1229073686077564	1.210375648104395
GIST1M_HEAD128	RESIDUAL_NLIST1024	B_TO_A	ADJ	E	21	42	43	0	4	8	0.7138215559746728	0.7358748894655929
GIST1M_HEAD128	RESIDUAL_NLIST1024	B_TO_A	ADJ	E	21	42	43	1	4	8	0.7233617503432059	0.6778557563344876
GIST1M_HEAD128	RESIDUAL_NLIST1024	B_TO_A	ADJ	E	22	44	45	0	4	8	0.7216793747235022	0.7231631795790537
GIST1M_HEAD128	RESIDUAL_NLIST1024	B_TO_A	ADJ	E	22	44	45	1	4	8	0.7506625294091795	1.010076036813968
GIST1M_HEAD128	RESIDUAL_NLIST1024	B_TO_A	ADJ	E	23	46	47	0	4	8	0.7354200704205249	0.7105646264637402
GIST1M_HEAD128	RESIDUAL_NLIST1024	B_TO_A	ADJ	E	23	46	47	1	4	8	1.0319704122189066	1.8338256378521938
GIST1M_HEAD128	RESIDUAL_NLIST1024	B_TO_A	ADJ	E	24	48	49	0	4	8	0.7480362199196928	0.6335694980455044
GIST1M_HEAD128	RESIDUAL_NLIST1024	B_TO_A	ADJ	E	24	48	49	1	4	8	0.6843540084436348	0.5914415751319095
GIST1M_HEAD128	RESIDUAL_NLIST1024	B_TO_A	ADJ	E	25	50	51	0	4	8	0.7056928949817867	0.605688419533742
GIST1M_HEAD128	RESIDUAL_NLIST1024	B_TO_A	ADJ	E	25	50	51	1	4	8	1.0088062960712216	1.2850344227346144
GIST1M_HEAD128	RESIDUAL_NLIST1024	B_TO_A	ADJ	E	26	52	53	0	4	8	0.6951326107470346	0.6198187022197423
GIST1M_HEAD128	RESIDUAL_NLIST1024	B_TO_A	ADJ	E	26	52	53	1	4	8	0.6378683922070354	0.6942682481482272
GIST1M_HEAD128	RESIDUAL_NLIST1024	B_TO_A	ADJ	E	27	54	55	0	4	8	0.5690328063170103	0.6003622140057678
GIST1M_HEAD128	RESIDUAL_NLIST1024	B_TO_A	ADJ	E	27	54	55	1	4	8	0.5893488223521348	0.5082811016553037
GIST1M_HEAD128	RESIDUAL_NLIST1024	B_TO_A	ADJ	E	28	56	57	0	4	8	0.5243344168932402	0.4949232264578548
GIST1M_HEAD128	RESIDUAL_NLIST1024	B_TO_A	ADJ	E	28	56	57	1	4	8	0.5357702992041816	0.5650508652771915
GIST1M_HEAD128	RESIDUAL_NLIST1024	B_TO_A	ADJ	E	29	58	59	0	4	8	0.6151351635323308	0.5384266130300599
GIST1M_HEAD128	RESIDUAL_NLIST1024	B_TO_A	ADJ	E	29	58	59	1	4	8	0.5277011895744772	0.53986677889838
GIST1M_HEAD128	RESIDUAL_NLIST1024	B_TO_A	ADJ	E	30	60	61	0	4	8	0.49285640039519024	0.4828583841736094
GIST1M_HEAD128	RESIDUAL_NLIST1024	B_TO_A	ADJ	E	30	60	61	1	4	8	0.5753062516179539	0.45257124896383083
GIST1M_HEAD128	RESIDUAL_NLIST1024	B_TO_A	ADJ	E	31	62	63	0	4	8	0.558579941201532	0.5357378731636837
GIST1M_HEAD128	RESIDUAL_NLIST1024	B_TO_A	ADJ	E	31	62	63	1	4	8	0.5410259698718858	0.6465308294738767
GIST1M_HEAD128	RESIDUAL_NLIST1024	B_TO_A	ADJ	E	32	64	65	0	4	8	0.4996081260281669	0.43492633449599066
GIST1M_HEAD128	RESIDUAL_NLIST1024	B_TO_A	ADJ	E	32	64	65	1	4	8	1.0091506878763847	1.2858290083647834
GIST1M_HEAD128	RESIDUAL_NLIST1024	B_TO_A	ADJ	E	33	66	67	0	4	8	0.4379994230005503	0.44557242425621274
GIST1M_HEAD128	RESIDUAL_NLIST1024	B_TO_A	ADJ	E	33	66	67	1	4	8	0.5196452162873388	0.44950294426878745
GIST1M_HEAD128	RESIDUAL_NLIST1024	B_TO_A	ADJ	E	34	68	69	0	4	8	0.40453513480390957	0.4087380892294621
GIST1M_HEAD128	RESIDUAL_NLIST1024	B_TO_A	ADJ	E	34	68	69	1	4	8	0.5940017241678806	0.6334744592899857
GIST1M_HEAD128	RESIDUAL_NLIST1024	B_TO_A	ADJ	E	35	70	71	0	4	8	0.8108482018517794	1.1531715905590056
GIST1M_HEAD128	RESIDUAL_NLIST1024	B_TO_A	ADJ	E	35	70	71	1	4	8	0.6204429069151813	0.7144135995293859
GIST1M_HEAD128	RESIDUAL_NLIST1024	B_TO_A	ADJ	E	36	72	73	0	4	8	0.43134660531529195	0.40360369388220035
GIST1M_HEAD128	RESIDUAL_NLIST1024	B_TO_A	ADJ	E	36	72	73	1	4	8	0.38904750777090913	0.3933863326275966
GIST1M_HEAD128	RESIDUAL_NLIST1024	B_TO_A	ADJ	E	37	74	75	0	4	8	0.33855983110097976	0.3629912441106006
GIST1M_HEAD128	RESIDUAL_NLIST1024	B_TO_A	ADJ	E	37	74	75	1	4	8	0.3966470482291883	0.42278810645088
GIST1M_HEAD128	RESIDUAL_NLIST1024	B_TO_A	ADJ	E	38	76	77	0	4	8	0.4155002210854272	0.3655775912310556
GIST1M_HEAD128	RESIDUAL_NLIST1024	B_TO_A	ADJ	E	38	76	77	1	4	8	0.3919330315961402	0.37729264108017535
GIST1M_HEAD128	RESIDUAL_NLIST1024	B_TO_A	ADJ	E	39	78	79	0	4	8	0.36217834126385046	0.35923488166427264
GIST1M_HEAD128	RESIDUAL_NLIST1024	B_TO_A	ADJ	E	39	78	79	1	4	8	0.5639178574352877	1.0004089964026677
GIST1M_HEAD128	RESIDUAL_NLIST1024	B_TO_A	ADJ	E	40	80	81	0	4	8	0.6549007087316584	0.6618159010437334
GIST1M_HEAD128	RESIDUAL_NLIST1024	B_TO_A	ADJ	E	40	80	81	1	4	8	0.5984084133249826	0.5057962468930344
GIST1M_HEAD128	RESIDUAL_NLIST1024	B_TO_A	ADJ	E	41	82	83	0	4	8	0.36818637470035276	0.30676981411469295
GIST1M_HEAD128	RESIDUAL_NLIST1024	B_TO_A	ADJ	E	41	82	83	1	4	8	0.6334937933679432	0.8197933919652395
GIST1M_HEAD128	RESIDUAL_NLIST1024	B_TO_A	ADJ	E	42	84	85	0	4	8	0.40876655819658536	0.410870843256742
GIST1M_HEAD128	RESIDUAL_NLIST1024	B_TO_A	ADJ	E	42	84	85	1	4	8	0.32701555644309144	0.3819978414344055
GIST1M_HEAD128	RESIDUAL_NLIST1024	B_TO_A	ADJ	E	43	86	87	0	4	8	0.324761097822786	0.2920604436332571
GIST1M_HEAD128	RESIDUAL_NLIST1024	B_TO_A	ADJ	E	43	86	87	1	4	8	0.32105564604225373	0.3110476712586364
GIST1M_HEAD128	RESIDUAL_NLIST1024	B_TO_A	ADJ	E	44	88	89	0	4	8	0.3320358707784885	0.32693683867397555
GIST1M_HEAD128	RESIDUAL_NLIST1024	B_TO_A	ADJ	E	44	88	89	1	4	8	0.3130042739337654	0.292323935946434
GIST1M_HEAD128	RESIDUAL_NLIST1024	B_TO_A	ADJ	E	45	90	91	0	3	7	0.9638902592737756	1.0123828960604764
GIST1M_HEAD128	RESIDUAL_NLIST1024	B_TO_A	ADJ	E	45	90	91	1	4	7	0.30762630015869086	0.29451088555693017
GIST1M_HEAD128	RESIDUAL_NLIST1024	B_TO_A	ADJ	E	46	92	93	0	4	8	0.27925303523058037	0.2915013395058217
GIST1M_HEAD128	RESIDUAL_NLIST1024	B_TO_A	ADJ	E	46	92	93	1	4	8	0.39628804167751264	0.47476228020487954
GIST1M_HEAD128	RESIDUAL_NLIST1024	B_TO_A	ADJ	E	47	94	95	0	4	7	0.3406037481492663	0.3451810237563355
GIST1M_HEAD128	RESIDUAL_NLIST1024	B_TO_A	ADJ	E	47	94	95	1	3	7	0.9203560199578364	1.0880498234458265
GIST1M_HEAD128	RESIDUAL_NLIST1024	B_TO_A	ADJ	E	48	96	97	0	4	7	0.4146274642758957	0.3318465384790551
GIST1M_HEAD128	RESIDUAL_NLIST1024	B_TO_A	ADJ	E	48	96	97	1	3	7	0.8803591300642246	1.0815587032262313
GIST1M_HEAD128	RESIDUAL_NLIST1024	B_TO_A	ADJ	E	49	98	99	0	4	7	0.49742970848739165	0.6191282133300946
GIST1M_HEAD128	RESIDUAL_NLIST1024	B_TO_A	ADJ	E	49	98	99	1	3	7	0.9411825929860587	0.9608452277152197
GIST1M_HEAD128	RESIDUAL_NLIST1024	B_TO_A	ADJ	E	50	100	101	0	3	7	0.9479132936736202	0.9190222983483572
GIST1M_HEAD128	RESIDUAL_NLIST1024	B_TO_A	ADJ	E	50	100	101	1	4	7	0.4391643109357183	0.4752896997879042
GIST1M_HEAD128	RESIDUAL_NLIST1024	B_TO_A	ADJ	E	51	102	103	0	3	6	0.8582134882288079	0.8552599678121615
GIST1M_HEAD128	RESIDUAL_NLIST1024	B_TO_A	ADJ	E	51	102	103	1	3	6	0.8695456053182805	0.9021384494536387
GIST1M_HEAD128	RESIDUAL_NLIST1024	B_TO_A	ADJ	E	52	104	105	0	3	7	0.8995886169193562	0.8466016431558786
GIST1M_HEAD128	RESIDUAL_NLIST1024	B_TO_A	ADJ	E	52	104	105	1	4	7	0.3567744816656011	0.3018826928718074
GIST1M_HEAD128	RESIDUAL_NLIST1024	B_TO_A	ADJ	E	53	106	107	0	4	7	0.5444871029659595	0.31471455196748144
GIST1M_HEAD128	RESIDUAL_NLIST1024	B_TO_A	ADJ	E	53	106	107	1	3	7	0.8677300920438275	0.9601380099863062
GIST1M_HEAD128	RESIDUAL_NLIST1024	B_TO_A	ADJ	E	54	108	109	0	3	6	0.9527128154928299	1.0870736602326971
GIST1M_HEAD128	RESIDUAL_NLIST1024	B_TO_A	ADJ	E	54	108	109	1	3	6	0.8233320025141837	0.7827241252468732
GIST1M_HEAD128	RESIDUAL_NLIST1024	B_TO_A	ADJ	E	55	110	111	0	3	6	0.8453683222578008	0.7543273783803688
GIST1M_HEAD128	RESIDUAL_NLIST1024	B_TO_A	ADJ	E	55	110	111	1	3	6	0.7979644290393343	0.8044796283997319
GIST1M_HEAD128	RESIDUAL_NLIST1024	B_TO_A	ADJ	E	56	112	113	0	4	8	0.5414060103302887	0.6235896622658625
GIST1M_HEAD128	RESIDUAL_NLIST1024	B_TO_A	ADJ	E	56	112	113	1	4	8	0.3883305178963334	0.4539685892256211
GIST1M_HEAD128	RESIDUAL_NLIST1024	B_TO_A	ADJ	E	57	114	115	0	3	6	0.8197946139861795	0.7959385467073216
GIST1M_HEAD128	RESIDUAL_NLIST1024	B_TO_A	ADJ	E	57	114	115	1	3	6	0.8159083817824453	0.8451567452228619
GIST1M_HEAD128	RESIDUAL_NLIST1024	B_TO_A	ADJ	E	58	116	117	0	3	7	0.8087732780115656	0.7906551045650475
GIST1M_HEAD128	RESIDUAL_NLIST1024	B_TO_A	ADJ	E	58	116	117	1	4	7	0.4909529805369964	0.502713969707347
GIST1M_HEAD128	RESIDUAL_NLIST1024	B_TO_A	ADJ	E	59	118	119	0	3	6	0.778646696856433	0.7109871108029968
GIST1M_HEAD128	RESIDUAL_NLIST1024	B_TO_A	ADJ	E	59	118	119	1	3	6	0.6847092865286706	0.7182820829619617
GIST1M_HEAD128	RESIDUAL_NLIST1024	B_TO_A	ADJ	E	60	120	121	0	3	7	0.6886932912261804	0.6846750468626083
GIST1M_HEAD128	RESIDUAL_NLIST1024	B_TO_A	ADJ	E	60	120	121	1	4	7	0.4651297617631499	0.3835480912622851
GIST1M_HEAD128	RESIDUAL_NLIST1024	B_TO_A	ADJ	E	61	122	123	0	3	6	0.6948076894871487	0.7526390778698826
GIST1M_HEAD128	RESIDUAL_NLIST1024	B_TO_A	ADJ	E	61	122	123	1	3	6	0.7124495991340226	0.7105542734753055
GIST1M_HEAD128	RESIDUAL_NLIST1024	B_TO_A	ADJ	E	62	124	125	0	3	6	0.8085461222173111	0.7384356393177063
GIST1M_HEAD128	RESIDUAL_NLIST1024	B_TO_A	ADJ	E	62	124	125	1	3	6	0.6234963791674887	0.6298706838595988
GIST1M_HEAD128	RESIDUAL_NLIST1024	B_TO_A	ADJ	E	63	126	127	0	3	6	0.6561474657341597	0.706914391836605
GIST1M_HEAD128	RESIDUAL_NLIST1024	B_TO_A	ADJ	E	63	126	127	1	3	6	0.6541195065958663	0.6333940950523061
GIST1M_HEAD128	RESIDUAL_NLIST1024	B_TO_A	ADJ	S	0	0	1	0	6	12	0.8856587240685959	0.8601387365418292
GIST1M_HEAD128	RESIDUAL_NLIST1024	B_TO_A	ADJ	S	0	0	1	1	6	12	0.7018914586805103	0.5199923981669696
GIST1M_HEAD128	RESIDUAL_NLIST1024	B_TO_A	ADJ	S	1	2	3	0	6	11	0.8330633367587972	0.6659339554152942
GIST1M_HEAD128	RESIDUAL_NLIST1024	B_TO_A	ADJ	S	1	2	3	1	5	11	1.141075216898219	1.2140026492160667
GIST1M_HEAD128	RESIDUAL_NLIST1024	B_TO_A	ADJ	S	2	4	5	0	5	10	0.858133471636419	1.264349365292189
GIST1M_HEAD128	RESIDUAL_NLIST1024	B_TO_A	ADJ	S	2	4	5	1	5	10	1.330039212946183	2.305855314295369
GIST1M_HEAD128	RESIDUAL_NLIST1024	B_TO_A	ADJ	S	3	6	7	0	5	11	1.1917459981158003	1.1327346316487512
GIST1M_HEAD128	RESIDUAL_NLIST1024	B_TO_A	ADJ	S	3	6	7	1	6	11	0.5477513448746687	0.48959514526587494
GIST1M_HEAD128	RESIDUAL_NLIST1024	B_TO_A	ADJ	S	4	8	9	0	5	10	0.9233371026825119	0.9340410542354642
GIST1M_HEAD128	RESIDUAL_NLIST1024	B_TO_A	ADJ	S	4	8	9	1	5	10	1.1556345504756593	1.4296079480687138
GIST1M_HEAD128	RESIDUAL_NLIST1024	B_TO_A	ADJ	S	5	10	11	0	6	11	0.7178785172479796	0.5179291493947833
GIST1M_HEAD128	RESIDUAL_NLIST1024	B_TO_A	ADJ	S	5	10	11	1	5	11	0.9612184406340433	1.0560473947870834
GIST1M_HEAD128	RESIDUAL_NLIST1024	B_TO_A	ADJ	S	6	12	13	0	5	10	0.733812424962072	0.9101577160046371
GIST1M_HEAD128	RESIDUAL_NLIST1024	B_TO_A	ADJ	S	6	12	13	1	5	10	0.7777550667448414	0.9305096798866902
GIST1M_HEAD128	RESIDUAL_NLIST1024	B_TO_A	ADJ	S	7	14	15	0	5	10	1.0168898927153058	1.137901335414314
GIST1M_HEAD128	RESIDUAL_NLIST1024	B_TO_A	ADJ	S	7	14	15	1	5	10	0.7398947482438087	0.8307250529094168
GIST1M_HEAD128	RESIDUAL_NLIST1024	B_TO_A	ADJ	S	8	16	17	0	5	10	0.947047601557974	1.0819857775724153
GIST1M_HEAD128	RESIDUAL_NLIST1024	B_TO_A	ADJ	S	8	16	17	1	5	10	0.5999210597812983	0.6179025072939751
GIST1M_HEAD128	RESIDUAL_NLIST1024	B_TO_A	ADJ	S	9	18	19	0	5	10	0.8435769641562669	1.7829497465836266
GIST1M_HEAD128	RESIDUAL_NLIST1024	B_TO_A	ADJ	S	9	18	19	1	5	10	0.9606888101286115	1.3008378886205731
GIST1M_HEAD128	RESIDUAL_NLIST1024	B_TO_A	ADJ	S	10	20	21	0	5	10	0.5847965534384856	0.7348949279155217
GIST1M_HEAD128	RESIDUAL_NLIST1024	B_TO_A	ADJ	S	10	20	21	1	5	10	0.9462569912816445	1.196247548920791
GIST1M_HEAD128	RESIDUAL_NLIST1024	B_TO_A	ADJ	S	11	22	23	0	5	10	0.6388072074808686	0.5036271545066964
GIST1M_HEAD128	RESIDUAL_NLIST1024	B_TO_A	ADJ	S	11	22	23	1	5	10	0.6712406845576573	0.7452604475435303
GIST1M_HEAD128	RESIDUAL_NLIST1024	B_TO_A	ADJ	S	12	24	25	0	4	8	1.139597030285119	1.2675908203397193
GIST1M_HEAD128	RESIDUAL_NLIST1024	B_TO_A	ADJ	S	12	24	25	1	4	8	1.010398672130149	1.539289591543981
GIST1M_HEAD128	RESIDUAL_NLIST1024	B_TO_A	ADJ	S	13	26	27	0	4	8	1.1342979615407605	1.0604690012246811
GIST1M_HEAD128	RESIDUAL_NLIST1024	B_TO_A	ADJ	S	13	26	27	1	4	8	0.9350487260308034	0.9998494062039698
GIST1M_HEAD128	RESIDUAL_NLIST1024	B_TO_A	ADJ	S	14	28	29	0	4	8	0.8831103305289746	1.2337890004884056
GIST1M_HEAD128	RESIDUAL_NLIST1024	B_TO_A	ADJ	S	14	28	29	1	4	8	0.9410853832865842	1.1310885981491747
GIST1M_HEAD128	RESIDUAL_NLIST1024	B_TO_A	ADJ	S	15	30	31	0	4	8	0.8072672427511851	0.9472779565726852
GIST1M_HEAD128	RESIDUAL_NLIST1024	B_TO_A	ADJ	S	15	30	31	1	4	8	1.0791992984469758	0.9844309049063011
GIST1M_HEAD128	RESIDUAL_NLIST1024	B_TO_A	ADJ	S	16	32	33	0	4	8	0.8535508542582417	0.9195731574410336
GIST1M_HEAD128	RESIDUAL_NLIST1024	B_TO_A	ADJ	S	16	32	33	1	4	8	0.8205732276204096	0.8440598111486096
GIST1M_HEAD128	RESIDUAL_NLIST1024	B_TO_A	ADJ	S	17	34	35	0	4	8	1.7705754793824648	1.6861118470338665
GIST1M_HEAD128	RESIDUAL_NLIST1024	B_TO_A	ADJ	S	17	34	35	1	4	8	1.266250066462821	1.3221346869010193
GIST1M_HEAD128	RESIDUAL_NLIST1024	B_TO_A	ADJ	S	18	36	37	0	4	8	0.8739062413357421	0.8100768264951321
GIST1M_HEAD128	RESIDUAL_NLIST1024	B_TO_A	ADJ	S	18	36	37	1	4	8	0.6661477646765832	0.7502102213881139
GIST1M_HEAD128	RESIDUAL_NLIST1024	B_TO_A	ADJ	S	19	38	39	0	4	8	1.0072557319921502	0.8607127105355736
GIST1M_HEAD128	RESIDUAL_NLIST1024	B_TO_A	ADJ	S	19	38	39	1	4	8	0.9897512710249377	0.7523001207250721
GIST1M_HEAD128	RESIDUAL_NLIST1024	B_TO_A	ADJ	S	20	40	41	0	4	8	0.952062891620439	0.812505867603786
GIST1M_HEAD128	RESIDUAL_NLIST1024	B_TO_A	ADJ	S	20	40	41	1	4	8	1.1229073686077564	1.210375648104395
GIST1M_HEAD128	RESIDUAL_NLIST1024	B_TO_A	ADJ	S	21	42	43	0	4	8	0.7138215559746728	0.7358748894655929
GIST1M_HEAD128	RESIDUAL_NLIST1024	B_TO_A	ADJ	S	21	42	43	1	4	8	0.7233617503432059	0.6778557563344876
GIST1M_HEAD128	RESIDUAL_NLIST1024	B_TO_A	ADJ	S	22	44	45	0	4	8	0.7216793747235022	0.7231631795790537
GIST1M_HEAD128	RESIDUAL_NLIST1024	B_TO_A	ADJ	S	22	44	45	1	4	8	0.7506625294091795	1.010076036813968
GIST1M_HEAD128	RESIDUAL_NLIST1024	B_TO_A	ADJ	S	23	46	47	0	4	8	0.7354200704205249	0.7105646264637402
GIST1M_HEAD128	RESIDUAL_NLIST1024	B_TO_A	ADJ	S	23	46	47	1	4	8	1.0319704122189066	1.8338256378521938
GIST1M_HEAD128	RESIDUAL_NLIST1024	B_TO_A	ADJ	S	24	48	49	0	4	8	0.7480362199196928	0.6335694980455044
GIST1M_HEAD128	RESIDUAL_NLIST1024	B_TO_A	ADJ	S	24	48	49	1	4	8	0.6843540084436348	0.5914415751319095
GIST1M_HEAD128	RESIDUAL_NLIST1024	B_TO_A	ADJ	S	25	50	51	0	4	8	0.7056928949817867	0.605688419533742
GIST1M_HEAD128	RESIDUAL_NLIST1024	B_TO_A	ADJ	S	25	50	51	1	4	8	1.0088062960712216	1.2850344227346144
GIST1M_HEAD128	RESIDUAL_NLIST1024	B_TO_A	ADJ	S	26	52	53	0	4	8	0.6951326107470346	0.6198187022197423
GIST1M_HEAD128	RESIDUAL_NLIST1024	B_TO_A	ADJ	S	26	52	53	1	4	8	0.6378683922070354	0.6942682481482272
GIST1M_HEAD128	RESIDUAL_NLIST1024	B_TO_A	ADJ	S	27	54	55	0	4	8	0.5690328063170103	0.6003622140057678
GIST1M_HEAD128	RESIDUAL_NLIST1024	B_TO_A	ADJ	S	27	54	55	1	4	8	0.5893488223521348	0.5082811016553037
GIST1M_HEAD128	RESIDUAL_NLIST1024	B_TO_A	ADJ	S	28	56	57	0	4	8	0.5243344168932402	0.4949232264578548
GIST1M_HEAD128	RESIDUAL_NLIST1024	B_TO_A	ADJ	S	28	56	57	1	4	8	0.5357702992041816	0.5650508652771915
GIST1M_HEAD128	RESIDUAL_NLIST1024	B_TO_A	ADJ	S	29	58	59	0	4	8	0.6151351635323308	0.5384266130300599
GIST1M_HEAD128	RESIDUAL_NLIST1024	B_TO_A	ADJ	S	29	58	59	1	4	8	0.5277011895744772	0.53986677889838
GIST1M_HEAD128	RESIDUAL_NLIST1024	B_TO_A	ADJ	S	30	60	61	0	4	8	0.49285640039519024	0.4828583841736094
GIST1M_HEAD128	RESIDUAL_NLIST1024	B_TO_A	ADJ	S	30	60	61	1	4	8	0.5753062516179539	0.45257124896383083
GIST1M_HEAD128	RESIDUAL_NLIST1024	B_TO_A	ADJ	S	31	62	63	0	4	8	0.558579941201532	0.5357378731636837
GIST1M_HEAD128	RESIDUAL_NLIST1024	B_TO_A	ADJ	S	31	62	63	1	4	8	0.5410259698718858	0.6465308294738767
GIST1M_HEAD128	RESIDUAL_NLIST1024	B_TO_A	ADJ	S	32	64	65	0	4	8	0.4996081260281669	0.43492633449599066
GIST1M_HEAD128	RESIDUAL_NLIST1024	B_TO_A	ADJ	S	32	64	65	1	4	8	1.0091506878763847	1.2858290083647834
GIST1M_HEAD128	RESIDUAL_NLIST1024	B_TO_A	ADJ	S	33	66	67	0	4	8	0.4379994230005503	0.44557242425621274
GIST1M_HEAD128	RESIDUAL_NLIST1024	B_TO_A	ADJ	S	33	66	67	1	4	8	0.5196452162873388	0.44950294426878745
GIST1M_HEAD128	RESIDUAL_NLIST1024	B_TO_A	ADJ	S	34	68	69	0	4	8	0.40453513480390957	0.4087380892294621
GIST1M_HEAD128	RESIDUAL_NLIST1024	B_TO_A	ADJ	S	34	68	69	1	4	8	0.5940017241678806	0.6334744592899857
GIST1M_HEAD128	RESIDUAL_NLIST1024	B_TO_A	ADJ	S	35	70	71	0	4	8	0.8108482018517794	1.1531715905590056
GIST1M_HEAD128	RESIDUAL_NLIST1024	B_TO_A	ADJ	S	35	70	71	1	4	8	0.6204429069151813	0.7144135995293859
GIST1M_HEAD128	RESIDUAL_NLIST1024	B_TO_A	ADJ	S	36	72	73	0	4	8	0.43134660531529195	0.40360369388220035
GIST1M_HEAD128	RESIDUAL_NLIST1024	B_TO_A	ADJ	S	36	72	73	1	4	8	0.38904750777090913	0.3933863326275966
GIST1M_HEAD128	RESIDUAL_NLIST1024	B_TO_A	ADJ	S	37	74	75	0	4	8	0.33855983110097976	0.3629912441106006
GIST1M_HEAD128	RESIDUAL_NLIST1024	B_TO_A	ADJ	S	37	74	75	1	4	8	0.3966470482291883	0.42278810645088
GIST1M_HEAD128	RESIDUAL_NLIST1024	B_TO_A	ADJ	S	38	76	77	0	4	8	0.4155002210854272	0.3655775912310556
GIST1M_HEAD128	RESIDUAL_NLIST1024	B_TO_A	ADJ	S	38	76	77	1	4	8	0.3919330315961402	0.37729264108017535
GIST1M_HEAD128	RESIDUAL_NLIST1024	B_TO_A	ADJ	S	39	78	79	0	4	8	0.36217834126385046	0.35923488166427264
GIST1M_HEAD128	RESIDUAL_NLIST1024	B_TO_A	ADJ	S	39	78	79	1	4	8	0.5639178574352877	1.0004089964026677
GIST1M_HEAD128	RESIDUAL_NLIST1024	B_TO_A	ADJ	S	40	80	81	0	4	8	0.6549007087316584	0.6618159010437334
GIST1M_HEAD128	RESIDUAL_NLIST1024	B_TO_A	ADJ	S	40	80	81	1	4	8	0.5984084133249826	0.5057962468930344
GIST1M_HEAD128	RESIDUAL_NLIST1024	B_TO_A	ADJ	S	41	82	83	0	4	8	0.36818637470035276	0.30676981411469295
GIST1M_HEAD128	RESIDUAL_NLIST1024	B_TO_A	ADJ	S	41	82	83	1	4	8	0.6334937933679432	0.8197933919652395
GIST1M_HEAD128	RESIDUAL_NLIST1024	B_TO_A	ADJ	S	42	84	85	0	4	8	0.40876655819658536	0.410870843256742
GIST1M_HEAD128	RESIDUAL_NLIST1024	B_TO_A	ADJ	S	42	84	85	1	4	8	0.32701555644309144	0.3819978414344055
GIST1M_HEAD128	RESIDUAL_NLIST1024	B_TO_A	ADJ	S	43	86	87	0	4	8	0.324761097822786	0.2920604436332571
GIST1M_HEAD128	RESIDUAL_NLIST1024	B_TO_A	ADJ	S	43	86	87	1	4	8	0.32105564604225373	0.3110476712586364
GIST1M_HEAD128	RESIDUAL_NLIST1024	B_TO_A	ADJ	S	44	88	89	0	4	7	0.3320358707784885	0.32693683867397555
GIST1M_HEAD128	RESIDUAL_NLIST1024	B_TO_A	ADJ	S	44	88	89	1	3	7	0.9864999554684826	0.9855291295256072
GIST1M_HEAD128	RESIDUAL_NLIST1024	B_TO_A	ADJ	S	45	90	91	0	3	6	0.9638902592737756	1.0123828960604764
GIST1M_HEAD128	RESIDUAL_NLIST1024	B_TO_A	ADJ	S	45	90	91	1	3	6	0.9897978805296448	0.9596494333769812
GIST1M_HEAD128	RESIDUAL_NLIST1024	B_TO_A	ADJ	S	46	92	93	0	4	8	0.27925303523058037	0.2915013395058217
GIST1M_HEAD128	RESIDUAL_NLIST1024	B_TO_A	ADJ	S	46	92	93	1	4	8	0.39628804167751264	0.47476228020487954
GIST1M_HEAD128	RESIDUAL_NLIST1024	B_TO_A	ADJ	S	47	94	95	0	4	7	0.3406037481492663	0.3451810237563355
GIST1M_HEAD128	RESIDUAL_NLIST1024	B_TO_A	ADJ	S	47	94	95	1	3	7	0.9203560199578364	1.0880498234458265
GIST1M_HEAD128	RESIDUAL_NLIST1024	B_TO_A	ADJ	S	48	96	97	0	4	7	0.4146274642758957	0.3318465384790551
GIST1M_HEAD128	RESIDUAL_NLIST1024	B_TO_A	ADJ	S	48	96	97	1	3	7	0.8803591300642246	1.0815587032262313
GIST1M_HEAD128	RESIDUAL_NLIST1024	B_TO_A	ADJ	S	49	98	99	0	4	7	0.49742970848739165	0.6191282133300946
GIST1M_HEAD128	RESIDUAL_NLIST1024	B_TO_A	ADJ	S	49	98	99	1	3	7	0.9411825929860587	0.9608452277152197
GIST1M_HEAD128	RESIDUAL_NLIST1024	B_TO_A	ADJ	S	50	100	101	0	3	7	0.9479132936736202	0.9190222983483572
GIST1M_HEAD128	RESIDUAL_NLIST1024	B_TO_A	ADJ	S	50	100	101	1	4	7	0.4391643109357183	0.4752896997879042
GIST1M_HEAD128	RESIDUAL_NLIST1024	B_TO_A	ADJ	S	51	102	103	0	3	6	0.8582134882288079	0.8552599678121615
GIST1M_HEAD128	RESIDUAL_NLIST1024	B_TO_A	ADJ	S	51	102	103	1	3	6	0.8695456053182805	0.9021384494536387
GIST1M_HEAD128	RESIDUAL_NLIST1024	B_TO_A	ADJ	S	52	104	105	0	3	6	0.8995886169193562	0.8466016431558786
GIST1M_HEAD128	RESIDUAL_NLIST1024	B_TO_A	ADJ	S	52	104	105	1	3	6	1.0456197461908485	0.9751672696313284
GIST1M_HEAD128	RESIDUAL_NLIST1024	B_TO_A	ADJ	S	53	106	107	0	3	6	1.222157756046667	0.8350344219014846
GIST1M_HEAD128	RESIDUAL_NLIST1024	B_TO_A	ADJ	S	53	106	107	1	3	6	0.8677300920438275	0.9601380099863062
GIST1M_HEAD128	RESIDUAL_NLIST1024	B_TO_A	ADJ	S	54	108	109	0	3	6	0.9527128154928299	1.0870736602326971
GIST1M_HEAD128	RESIDUAL_NLIST1024	B_TO_A	ADJ	S	54	108	109	1	3	6	0.8233320025141837	0.7827241252468732
GIST1M_HEAD128	RESIDUAL_NLIST1024	B_TO_A	ADJ	S	55	110	111	0	3	6	0.8453683222578008	0.7543273783803688
GIST1M_HEAD128	RESIDUAL_NLIST1024	B_TO_A	ADJ	S	55	110	111	1	3	6	0.7979644290393343	0.8044796283997319
GIST1M_HEAD128	RESIDUAL_NLIST1024	B_TO_A	ADJ	S	56	112	113	0	4	8	0.5414060103302887	0.6235896622658625
GIST1M_HEAD128	RESIDUAL_NLIST1024	B_TO_A	ADJ	S	56	112	113	1	4	8	0.3883305178963334	0.4539685892256211
GIST1M_HEAD128	RESIDUAL_NLIST1024	B_TO_A	ADJ	S	57	114	115	0	3	6	0.8197946139861795	0.7959385467073216
GIST1M_HEAD128	RESIDUAL_NLIST1024	B_TO_A	ADJ	S	57	114	115	1	3	6	0.8159083817824453	0.8451567452228619
GIST1M_HEAD128	RESIDUAL_NLIST1024	B_TO_A	ADJ	S	58	116	117	0	3	7	0.8087732780115656	0.7906551045650475
GIST1M_HEAD128	RESIDUAL_NLIST1024	B_TO_A	ADJ	S	58	116	117	1	4	7	0.4909529805369964	0.502713969707347
GIST1M_HEAD128	RESIDUAL_NLIST1024	B_TO_A	ADJ	S	59	118	119	0	3	6	0.778646696856433	0.7109871108029968
GIST1M_HEAD128	RESIDUAL_NLIST1024	B_TO_A	ADJ	S	59	118	119	1	3	6	0.6847092865286706	0.7182820829619617
GIST1M_HEAD128	RESIDUAL_NLIST1024	B_TO_A	ADJ	S	60	120	121	0	3	7	0.6886932912261804	0.6846750468626083
GIST1M_HEAD128	RESIDUAL_NLIST1024	B_TO_A	ADJ	S	60	120	121	1	4	7	0.4651297617631499	0.3835480912622851
GIST1M_HEAD128	RESIDUAL_NLIST1024	B_TO_A	ADJ	S	61	122	123	0	3	6	0.6948076894871487	0.7526390778698826
GIST1M_HEAD128	RESIDUAL_NLIST1024	B_TO_A	ADJ	S	61	122	123	1	3	6	0.7124495991340226	0.7105542734753055
GIST1M_HEAD128	RESIDUAL_NLIST1024	B_TO_A	ADJ	S	62	124	125	0	3	6	0.8085461222173111	0.7384356393177063
GIST1M_HEAD128	RESIDUAL_NLIST1024	B_TO_A	ADJ	S	62	124	125	1	3	6	0.6234963791674887	0.6298706838595988
GIST1M_HEAD128	RESIDUAL_NLIST1024	B_TO_A	ADJ	S	63	126	127	0	3	6	0.6561474657341597	0.706914391836605
GIST1M_HEAD128	RESIDUAL_NLIST1024	B_TO_A	ADJ	S	63	126	127	1	3	6	0.6541195065958663	0.6333940950523061
GIST1M_HEAD128	RESIDUAL_NLIST1024	B_TO_A	CORR_GREEDY	U	0	0	123	0	5	8	1.6624396107220045	1.6395617882932354
GIST1M_HEAD128	RESIDUAL_NLIST1024	B_TO_A	CORR_GREEDY	U	0	0	123	1	3	8	0.6793978254363671	0.7704300682307987
GIST1M_HEAD128	RESIDUAL_NLIST1024	B_TO_A	CORR_GREEDY	U	1	1	122	0	5	8	1.58283785414768	1.346948115436342
GIST1M_HEAD128	RESIDUAL_NLIST1024	B_TO_A	CORR_GREEDY	U	1	1	122	1	3	8	0.71330897614121	0.708597229709501
GIST1M_HEAD128	RESIDUAL_NLIST1024	B_TO_A	CORR_GREEDY	U	2	2	71	0	5	8	1.6160495831177752	1.5190400187081687
GIST1M_HEAD128	RESIDUAL_NLIST1024	B_TO_A	CORR_GREEDY	U	2	2	71	1	3	8	2.0106651892065193	2.0611907533969305
GIST1M_HEAD128	RESIDUAL_NLIST1024	B_TO_A	CORR_GREEDY	U	3	3	39	0	4	8	2.7928435784588244	2.51329639020092
GIST1M_HEAD128	RESIDUAL_NLIST1024	B_TO_A	CORR_GREEDY	U	3	3	39	1	4	8	0.9778584448920233	0.7568739599268843
GIST1M_HEAD128	RESIDUAL_NLIST1024	B_TO_A	CORR_GREEDY	U	4	4	63	0	5	8	1.363058140419801	2.276445968721253
GIST1M_HEAD128	RESIDUAL_NLIST1024	B_TO_A	CORR_GREEDY	U	4	4	63	1	3	8	1.5086672834741137	1.6226973736501322
GIST1M_HEAD128	RESIDUAL_NLIST1024	B_TO_A	CORR_GREEDY	U	5	5	36	0	4	8	2.439831793553245	2.9311823607816
GIST1M_HEAD128	RESIDUAL_NLIST1024	B_TO_A	CORR_GREEDY	U	5	5	36	1	4	8	0.9168499426504588	0.7880398478589521
GIST1M_HEAD128	RESIDUAL_NLIST1024	B_TO_A	CORR_GREEDY	U	6	6	121	0	5	8	1.2151811519255908	1.1538966902196486
GIST1M_HEAD128	RESIDUAL_NLIST1024	B_TO_A	CORR_GREEDY	U	6	6	121	1	3	8	0.6660014588112669	0.6834827224841641
GIST1M_HEAD128	RESIDUAL_NLIST1024	B_TO_A	CORR_GREEDY	U	7	7	48	0	5	8	1.1583323652080215	1.1184409159371538
GIST1M_HEAD128	RESIDUAL_NLIST1024	B_TO_A	CORR_GREEDY	U	7	7	48	1	3	8	2.1332205515465326	1.9790132545701553
GIST1M_HEAD128	RESIDUAL_NLIST1024	B_TO_A	CORR_GREEDY	U	8	8	10	0	4	8	2.3377807697892212	2.7206600455457144
GIST1M_HEAD128	RESIDUAL_NLIST1024	B_TO_A	CORR_GREEDY	U	8	8	10	1	4	8	2.4421143020110767	2.600972215767441
GIST1M_HEAD128	RESIDUAL_NLIST1024	B_TO_A	CORR_GREEDY	U	9	9	124	0	5	8	0.8969711385198301	1.0064465231730848
GIST1M_HEAD128	RESIDUAL_NLIST1024	B_TO_A	CORR_GREEDY	U	9	9	124	1	3	8	0.6216003586916232	0.6339744438709192
GIST1M_HEAD128	RESIDUAL_NLIST1024	B_TO_A	CORR_GREEDY	U	10	11	21	0	4	8	2.962107462110767	2.3223529030212133
GIST1M_HEAD128	RESIDUAL_NLIST1024	B_TO_A	CORR_GREEDY	U	10	11	21	1	4	8	1.4009078446262846	1.6167181133347905
GIST1M_HEAD128	RESIDUAL_NLIST1024	B_TO_A	CORR_GREEDY	U	11	12	114	0	5	8	0.7728761756529763	0.9391069245371646
GIST1M_HEAD128	RESIDUAL_NLIST1024	B_TO_A	CORR_GREEDY	U	11	12	114	1	3	8	0.9110906589731692	0.8672186925503761
GIST1M_HEAD128	RESIDUAL_NLIST1024	B_TO_A	CORR_GREEDY	U	12	13	19	0	4	8	1.7383768405637234	1.8972509092783587
GIST1M_HEAD128	RESIDUAL_NLIST1024	B_TO_A	CORR_GREEDY	U	12	13	19	1	4	8	1.3130874806510835	1.5406265190978212
GIST1M_HEAD128	RESIDUAL_NLIST1024	B_TO_A	CORR_GREEDY	U	13	14	86	0	5	8	0.7499644188721151	0.7709271614796676
GIST1M_HEAD128	RESIDUAL_NLIST1024	B_TO_A	CORR_GREEDY	U	13	14	86	1	3	8	1.0228490772394623	1.000582691752486
GIST1M_HEAD128	RESIDUAL_NLIST1024	B_TO_A	CORR_GREEDY	U	14	15	111	0	5	8	1.0482409567002875	1.2228426868260716
GIST1M_HEAD128	RESIDUAL_NLIST1024	B_TO_A	CORR_GREEDY	U	14	15	111	1	3	8	0.8039742947102106	0.8171188825084408
GIST1M_HEAD128	RESIDUAL_NLIST1024	B_TO_A	CORR_GREEDY	U	15	16	28	0	4	8	1.4523214265166473	1.3777600139153856
GIST1M_HEAD128	RESIDUAL_NLIST1024	B_TO_A	CORR_GREEDY	U	15	16	28	1	4	8	0.9743883995612052	1.2266592343365903
GIST1M_HEAD128	RESIDUAL_NLIST1024	B_TO_A	CORR_GREEDY	U	16	17	43	0	4	8	1.951746853512792	1.63063023384793
GIST1M_HEAD128	RESIDUAL_NLIST1024	B_TO_A	CORR_GREEDY	U	16	17	43	1	4	8	0.7795581983851042	0.7255676507459885
GIST1M_HEAD128	RESIDUAL_NLIST1024	B_TO_A	CORR_GREEDY	U	17	18	47	0	4	8	2.456432845749347	3.5587158560827135
GIST1M_HEAD128	RESIDUAL_NLIST1024	B_TO_A	CORR_GREEDY	U	17	18	47	1	4	8	1.0386907410414719	1.8411537601618582
GIST1M_HEAD128	RESIDUAL_NLIST1024	B_TO_A	CORR_GREEDY	U	18	20	68	0	4	8	1.7931198493844	2.248999241005764
GIST1M_HEAD128	RESIDUAL_NLIST1024	B_TO_A	CORR_GREEDY	U	18	20	68	1	4	8	0.5937165120457097	0.6563228504868721
GIST1M_HEAD128	RESIDUAL_NLIST1024	B_TO_A	CORR_GREEDY	U	19	22	66	0	4	8	1.5001506212914322	1.2034799546543673
GIST1M_HEAD128	RESIDUAL_NLIST1024	B_TO_A	CORR_GREEDY	U	19	22	66	1	4	8	0.4210612148403683	0.4353477677096277
GIST1M_HEAD128	RESIDUAL_NLIST1024	B_TO_A	CORR_GREEDY	U	20	23	73	0	4	8	1.5312139248304402	1.3088836074080952
GIST1M_HEAD128	RESIDUAL_NLIST1024	B_TO_A	CORR_GREEDY	U	20	23	73	1	4	8	0.40919651950042946	0.3952905477183962
GIST1M_HEAD128	RESIDUAL_NLIST1024	B_TO_A	CORR_GREEDY	U	21	24	98	0	4	8	1.1426389346655976	1.2651119318244621
GIST1M_HEAD128	RESIDUAL_NLIST1024	B_TO_A	CORR_GREEDY	U	21	24	98	1	4	8	0.4942905256206297	0.6480967886338692
GIST1M_HEAD128	RESIDUAL_NLIST1024	B_TO_A	CORR_GREEDY	U	22	25	27	0	4	8	1.0784762573475621	1.036479812955445
GIST1M_HEAD128	RESIDUAL_NLIST1024	B_TO_A	CORR_GREEDY	U	22	25	27	1	4	8	1.006293183631719	1.6764407811347735
GIST1M_HEAD128	RESIDUAL_NLIST1024	B_TO_A	CORR_GREEDY	U	23	26	40	0	4	8	0.9092272042339942	0.9366202823500199
GIST1M_HEAD128	RESIDUAL_NLIST1024	B_TO_A	CORR_GREEDY	U	23	26	40	1	4	8	1.1234341069623273	1.2097028825327274
GIST1M_HEAD128	RESIDUAL_NLIST1024	B_TO_A	CORR_GREEDY	U	24	29	67	0	4	8	0.8770504747238952	1.2102881256722833
GIST1M_HEAD128	RESIDUAL_NLIST1024	B_TO_A	CORR_GREEDY	U	24	29	67	1	4	8	0.45673227493379853	0.44740093170816864
GIST1M_HEAD128	RESIDUAL_NLIST1024	B_TO_A	CORR_GREEDY	U	25	30	100	0	4	8	0.8032767052914029	0.9174006116696724
GIST1M_HEAD128	RESIDUAL_NLIST1024	B_TO_A	CORR_GREEDY	U	25	30	100	1	4	8	0.30930107976013727	0.2897181145166794
GIST1M_HEAD128	RESIDUAL_NLIST1024	B_TO_A	CORR_GREEDY	U	26	31	75	0	4	8	1.1060047024689568	0.9804377342149829
GIST1M_HEAD128	RESIDUAL_NLIST1024	B_TO_A	CORR_GREEDY	U	26	31	75	1	4	8	0.3870496073440397	0.4454131489500736
GIST1M_HEAD128	RESIDUAL_NLIST1024	B_TO_A	CORR_GREEDY	U	27	32	33	0	4	8	0.8535508542582417	0.9195731574410336
GIST1M_HEAD128	RESIDUAL_NLIST1024	B_TO_A	CORR_GREEDY	U	27	32	33	1	4	8	0.8205732276204096	0.8440598111486096
GIST1M_HEAD128	RESIDUAL_NLIST1024	B_TO_A	CORR_GREEDY	U	28	34	117	0	4	8	1.723372481956586	2.069711953478715
GIST1M_HEAD128	RESIDUAL_NLIST1024	B_TO_A	CORR_GREEDY	U	28	34	117	1	4	8	0.600436334869233	0.57969051910737
GIST1M_HEAD128	RESIDUAL_NLIST1024	B_TO_A	CORR_GREEDY	U	29	35	72	0	4	8	1.322607657206749	1.223886024387327
GIST1M_HEAD128	RESIDUAL_NLIST1024	B_TO_A	CORR_GREEDY	U	29	35	72	1	4	8	0.3913316896785608	0.3959060430014478
GIST1M_HEAD128	RESIDUAL_NLIST1024	B_TO_A	CORR_GREEDY	U	30	37	46	0	4	8	0.6632352931679655	0.7741834526114234
GIST1M_HEAD128	RESIDUAL_NLIST1024	B_TO_A	CORR_GREEDY	U	30	37	46	1	4	8	0.6653092963556135	0.7106301445036255
GIST1M_HEAD128	RESIDUAL_NLIST1024	B_TO_A	CORR_GREEDY	U	31	38	41	0	4	8	0.914779195593437	0.7914417084922936
GIST1M_HEAD128	RESIDUAL_NLIST1024	B_TO_A	CORR_GREEDY	U	31	38	41	1	4	8	0.7700509627990082	0.821744155986015
GIST1M_HEAD128	RESIDUAL_NLIST1024	B_TO_A	CORR_GREEDY	U	32	42	107	0	4	8	0.7496841969428292	0.828026417857782
GIST1M_HEAD128	RESIDUAL_NLIST1024	B_TO_A	CORR_GREEDY	U	32	42	107	1	4	8	0.2917282451460178	0.3603212841469079
GIST1M_HEAD128	RESIDUAL_NLIST1024	B_TO_A	CORR_GREEDY	U	33	44	45	0	4	8	0.7216793747235022	0.7231631795790537
GIST1M_HEAD128	RESIDUAL_NLIST1024	B_TO_A	CORR_GREEDY	U	33	44	45	1	4	8	0.7506625294091795	1.010076036813968
GIST1M_HEAD128	RESIDUAL_NLIST1024	B_TO_A	CORR_GREEDY	U	34	49	82	0	4	8	0.7420877411003717	0.6349795830913953
GIST1M_HEAD128	RESIDUAL_NLIST1024	B_TO_A	CORR_GREEDY	U	34	49	82	1	4	8	0.635867121915268	0.7982310537983347
GIST1M_HEAD128	RESIDUAL_NLIST1024	B_TO_A	CORR_GREEDY	U	35	50	105	0	4	8	0.993731382428775	1.2578997561970875
GIST1M_HEAD128	RESIDUAL_NLIST1024	B_TO_A	CORR_GREEDY	U	35	50	105	1	4	8	0.29650285531352116	0.2882756866202757
GIST1M_HEAD128	RESIDUAL_NLIST1024	B_TO_A	CORR_GREEDY	U	36	51	52	0	4	8	0.6716960579160524	0.6419265822497475
GIST1M_HEAD128	RESIDUAL_NLIST1024	B_TO_A	CORR_GREEDY	U	36	51	52	1	4	8	0.6259508539312093	0.6724661490147807
GIST1M_HEAD128	RESIDUAL_NLIST1024	B_TO_A	CORR_GREEDY	U	37	53	116	0	4	8	0.6288578147861652	0.6841265709608992
GIST1M_HEAD128	RESIDUAL_NLIST1024	B_TO_A	CORR_GREEDY	U	37	53	116	1	4	8	0.24457260823662264	0.2666274784924015
GIST1M_HEAD128	RESIDUAL_NLIST1024	B_TO_A	CORR_GREEDY	U	38	54	90	0	4	8	0.5667066459277431	0.6162581555970095
GIST1M_HEAD128	RESIDUAL_NLIST1024	B_TO_A	CORR_GREEDY	U	38	54	90	1	4	8	0.29370764180666936	0.34190633019042393
GIST1M_HEAD128	RESIDUAL_NLIST1024	B_TO_A	CORR_GREEDY	U	39	55	120	0	4	8	0.5790055995225353	0.5484996867342647
GIST1M_HEAD128	RESIDUAL_NLIST1024	B_TO_A	CORR_GREEDY	U	39	55	120	1	4	8	0.5053124233386139	0.39503784477351
GIST1M_HEAD128	RESIDUAL_NLIST1024	B_TO_A	CORR_GREEDY	U	40	56	89	0	4	8	0.570951161633587	0.5413102952564501
GIST1M_HEAD128	RESIDUAL_NLIST1024	B_TO_A	CORR_GREEDY	U	40	56	89	1	4	8	0.34062422433284556	0.3200847148219621
GIST1M_HEAD128	RESIDUAL_NLIST1024	B_TO_A	CORR_GREEDY	U	41	57	85	0	4	8	0.5620048840149618	0.5278984687292483
GIST1M_HEAD128	RESIDUAL_NLIST1024	B_TO_A	CORR_GREEDY	U	41	57	85	1	4	8	0.42484706557966884	0.4206066925381172
GIST1M_HEAD128	RESIDUAL_NLIST1024	B_TO_A	CORR_GREEDY	U	42	58	60	0	4	8	0.6230986179808433	0.5075051223674181
GIST1M_HEAD128	RESIDUAL_NLIST1024	B_TO_A	CORR_GREEDY	U	42	58	60	1	4	8	0.47481500321725545	0.4928899448454013
GIST1M_HEAD128	RESIDUAL_NLIST1024	B_TO_A	CORR_GREEDY	U	43	59	62	0	4	8	0.5456641801856386	0.5196653077998412
GIST1M_HEAD128	RESIDUAL_NLIST1024	B_TO_A	CORR_GREEDY	U	43	59	62	1	4	8	0.5198654532393983	0.5386542347435497
GIST1M_HEAD128	RESIDUAL_NLIST1024	B_TO_A	CORR_GREEDY	U	44	61	69	0	4	8	0.5197370377009602	0.4610294078263454
GIST1M_HEAD128	RESIDUAL_NLIST1024	B_TO_A	CORR_GREEDY	U	44	61	69	1	4	8	0.3957695234039025	0.4444684222776252
GIST1M_HEAD128	RESIDUAL_NLIST1024	B_TO_A	CORR_GREEDY	U	45	64	65	0	4	8	0.4996081260281669	0.43492633449599066
GIST1M_HEAD128	RESIDUAL_NLIST1024	B_TO_A	CORR_GREEDY	U	45	64	65	1	4	8	1.0091506878763847	1.2858290083647834
GIST1M_HEAD128	RESIDUAL_NLIST1024	B_TO_A	CORR_GREEDY	U	46	70	80	0	4	8	0.68112376595497	0.617410720520797
GIST1M_HEAD128	RESIDUAL_NLIST1024	B_TO_A	CORR_GREEDY	U	46	70	80	1	4	8	0.6390295475413029	0.6243695723198563
GIST1M_HEAD128	RESIDUAL_NLIST1024	B_TO_A	CORR_GREEDY	U	47	74	101	0	4	8	0.3169169494724702	0.3388897501019868
GIST1M_HEAD128	RESIDUAL_NLIST1024	B_TO_A	CORR_GREEDY	U	47	74	101	1	4	8	0.4487518943877017	0.39350566919279845
GIST1M_HEAD128	RESIDUAL_NLIST1024	B_TO_A	CORR_GREEDY	U	48	76	109	0	4	8	0.37120406285090296	0.35932620848306995
GIST1M_HEAD128	RESIDUAL_NLIST1024	B_TO_A	CORR_GREEDY	U	48	76	109	1	4	8	0.24491194327580987	0.2380433003937188
GIST1M_HEAD128	RESIDUAL_NLIST1024	B_TO_A	CORR_GREEDY	U	49	77	125	0	4	8	0.3603902690354509	0.34361639461887183
GIST1M_HEAD128	RESIDUAL_NLIST1024	B_TO_A	CORR_GREEDY	U	49	77	125	1	4	8	0.26023483154230315	0.23528110710938216
GIST1M_HEAD128	RESIDUAL_NLIST1024	B_TO_A	CORR_GREEDY	U	50	78	118	0	4	8	0.5305941320834748	0.8361606635084762
GIST1M_HEAD128	RESIDUAL_NLIST1024	B_TO_A	CORR_GREEDY	U	50	78	118	1	4	8	0.25504336819670465	0.22725786198302633
GIST1M_HEAD128	RESIDUAL_NLIST1024	B_TO_A	CORR_GREEDY	U	51	79	113	0	4	8	0.3755341731870444	0.400181441721966
GIST1M_HEAD128	RESIDUAL_NLIST1024	B_TO_A	CORR_GREEDY	U	51	79	113	1	4	8	0.5067822961715512	0.6681119386879943
GIST1M_HEAD128	RESIDUAL_NLIST1024	B_TO_A	CORR_GREEDY	U	52	81	94	0	4	8	0.485133021077105	0.3998490365162611
GIST1M_HEAD128	RESIDUAL_NLIST1024	B_TO_A	CORR_GREEDY	U	52	81	94	1	4	8	0.3010837275272942	0.3278966166467761
GIST1M_HEAD128	RESIDUAL_NLIST1024	B_TO_A	CORR_GREEDY	U	53	83	84	0	4	8	0.35983128073170995	0.32135475850688955
GIST1M_HEAD128	RESIDUAL_NLIST1024	B_TO_A	CORR_GREEDY	U	53	83	84	1	4	8	0.3072507093174003	0.4288473871659922
GIST1M_HEAD128	RESIDUAL_NLIST1024	B_TO_A	CORR_GREEDY	U	54	87	97	0	4	8	0.3307344549857457	0.28571802517562145
GIST1M_HEAD128	RESIDUAL_NLIST1024	B_TO_A	CORR_GREEDY	U	54	87	97	1	4	8	0.3734211466342079	0.36730860597873877
GIST1M_HEAD128	RESIDUAL_NLIST1024	B_TO_A	CORR_GREEDY	U	55	88	115	0	4	8	0.32681869384462203	0.29214301003055954
GIST1M_HEAD128	RESIDUAL_NLIST1024	B_TO_A	CORR_GREEDY	U	55	88	115	1	4	8	0.25401298336207134	0.28064423404680816
GIST1M_HEAD128	RESIDUAL_NLIST1024	B_TO_A	CORR_GREEDY	U	56	91	92	0	4	8	0.3210714652251941	0.3076237236611147
GIST1M_HEAD128	RESIDUAL_NLIST1024	B_TO_A	CORR_GREEDY	U	56	91	92	1	4	8	0.32416876539779294	0.34918623952537087
GIST1M_HEAD128	RESIDUAL_NLIST1024	B_TO_A	CORR_GREEDY	U	57	93	95	0	4	8	0.27439697228585	0.36868667073067396
GIST1M_HEAD128	RESIDUAL_NLIST1024	B_TO_A	CORR_GREEDY	U	57	93	95	1	4	8	0.3808174007641284	0.4530328826619285
GIST1M_HEAD128	RESIDUAL_NLIST1024	B_TO_A	CORR_GREEDY	U	58	96	112	0	4	8	0.31190923644020746	0.42394348779479296
GIST1M_HEAD128	RESIDUAL_NLIST1024	B_TO_A	CORR_GREEDY	U	58	96	112	1	4	8	0.381436052798267	0.4362487469992674
GIST1M_HEAD128	RESIDUAL_NLIST1024	B_TO_A	CORR_GREEDY	U	59	99	104	0	4	8	0.2644118075876746	0.30575676405979335
GIST1M_HEAD128	RESIDUAL_NLIST1024	B_TO_A	CORR_GREEDY	U	59	99	104	1	4	8	0.3377732197571408	0.28698487003487216
GIST1M_HEAD128	RESIDUAL_NLIST1024	B_TO_A	CORR_GREEDY	U	60	102	110	0	4	8	0.28178126701476547	0.26919488347065046
GIST1M_HEAD128	RESIDUAL_NLIST1024	B_TO_A	CORR_GREEDY	U	60	102	110	1	4	8	0.25475340860337226	0.2699010069320147
GIST1M_HEAD128	RESIDUAL_NLIST1024	B_TO_A	CORR_GREEDY	U	61	103	126	0	4	8	0.285945477776991	0.29520236519417076
GIST1M_HEAD128	RESIDUAL_NLIST1024	B_TO_A	CORR_GREEDY	U	61	103	126	1	4	8	0.21976689538955368	0.2551520454927112
GIST1M_HEAD128	RESIDUAL_NLIST1024	B_TO_A	CORR_GREEDY	U	62	106	127	0	5	8	0.1171163528375834	0.13531388226678415
GIST1M_HEAD128	RESIDUAL_NLIST1024	B_TO_A	CORR_GREEDY	U	62	106	127	1	3	8	0.6468857022209846	0.6434249023908124
GIST1M_HEAD128	RESIDUAL_NLIST1024	B_TO_A	CORR_GREEDY	U	63	108	119	0	4	8	0.35294159703310635	0.4185315209649859
GIST1M_HEAD128	RESIDUAL_NLIST1024	B_TO_A	CORR_GREEDY	U	63	108	119	1	4	8	0.21941187807176882	0.22525423585666482
GIST1M_HEAD128	RESIDUAL_NLIST1024	B_TO_A	CORR_GREEDY	V	0	0	123	0	5	8	1.6624396107220045	1.6395617882932354
GIST1M_HEAD128	RESIDUAL_NLIST1024	B_TO_A	CORR_GREEDY	V	0	0	123	1	3	8	0.6793978254363671	0.7704300682307987
GIST1M_HEAD128	RESIDUAL_NLIST1024	B_TO_A	CORR_GREEDY	V	1	1	122	0	5	8	1.58283785414768	1.346948115436342
GIST1M_HEAD128	RESIDUAL_NLIST1024	B_TO_A	CORR_GREEDY	V	1	1	122	1	3	8	0.71330897614121	0.708597229709501
GIST1M_HEAD128	RESIDUAL_NLIST1024	B_TO_A	CORR_GREEDY	V	2	2	71	0	5	9	1.6160495831177752	1.5190400187081687
GIST1M_HEAD128	RESIDUAL_NLIST1024	B_TO_A	CORR_GREEDY	V	2	2	71	1	4	9	0.7231667426584959	0.7837270584564566
GIST1M_HEAD128	RESIDUAL_NLIST1024	B_TO_A	CORR_GREEDY	V	3	3	39	0	5	9	1.2747941582541582	1.1455088366635575
GIST1M_HEAD128	RESIDUAL_NLIST1024	B_TO_A	CORR_GREEDY	V	3	3	39	1	4	9	0.9778584448920233	0.7568739599268843
GIST1M_HEAD128	RESIDUAL_NLIST1024	B_TO_A	CORR_GREEDY	V	4	4	63	0	5	9	1.363058140419801	2.276445968721253
GIST1M_HEAD128	RESIDUAL_NLIST1024	B_TO_A	CORR_GREEDY	V	4	4	63	1	4	9	0.5557002292421782	0.5829309334252248
GIST1M_HEAD128	RESIDUAL_NLIST1024	B_TO_A	CORR_GREEDY	V	5	5	36	0	5	9	1.0004911395437976	1.2352374178951104
GIST1M_HEAD128	RESIDUAL_NLIST1024	B_TO_A	CORR_GREEDY	V	5	5	36	1	4	9	0.9168499426504588	0.7880398478589521
GIST1M_HEAD128	RESIDUAL_NLIST1024	B_TO_A	CORR_GREEDY	V	6	6	121	0	5	8	1.2151811519255908	1.1538966902196486
GIST1M_HEAD128	RESIDUAL_NLIST1024	B_TO_A	CORR_GREEDY	V	6	6	121	1	3	8	0.6660014588112669	0.6834827224841641
GIST1M_HEAD128	RESIDUAL_NLIST1024	B_TO_A	CORR_GREEDY	V	7	7	48	0	5	9	1.1583323652080215	1.1184409159371538
GIST1M_HEAD128	RESIDUAL_NLIST1024	B_TO_A	CORR_GREEDY	V	7	7	48	1	4	9	0.6993383224976102	0.5955512472021773
GIST1M_HEAD128	RESIDUAL_NLIST1024	B_TO_A	CORR_GREEDY	V	8	8	10	0	5	10	1.011894627519744	1.23811623826498
GIST1M_HEAD128	RESIDUAL_NLIST1024	B_TO_A	CORR_GREEDY	V	8	8	10	1	5	10	1.2801057458542453	1.5100448115853577
GIST1M_HEAD128	RESIDUAL_NLIST1024	B_TO_A	CORR_GREEDY	V	9	9	124	0	5	8	0.8969711385198301	1.0064465231730848
GIST1M_HEAD128	RESIDUAL_NLIST1024	B_TO_A	CORR_GREEDY	V	9	9	124	1	3	8	0.6216003586916232	0.6339744438709192
GIST1M_HEAD128	RESIDUAL_NLIST1024	B_TO_A	CORR_GREEDY	V	10	11	21	0	5	10	1.3216246045235984	1.1111082616823205
GIST1M_HEAD128	RESIDUAL_NLIST1024	B_TO_A	CORR_GREEDY	V	10	11	21	1	5	10	0.6288448847635024	0.7550779969774135
GIST1M_HEAD128	RESIDUAL_NLIST1024	B_TO_A	CORR_GREEDY	V	11	12	114	0	5	8	0.7728761756529763	0.9391069245371646
GIST1M_HEAD128	RESIDUAL_NLIST1024	B_TO_A	CORR_GREEDY	V	11	12	114	1	3	8	0.9110906589731692	0.8672186925503761
GIST1M_HEAD128	RESIDUAL_NLIST1024	B_TO_A	CORR_GREEDY	V	12	13	19	0	5	10	0.7101154670265626	0.8133273785107913
GIST1M_HEAD128	RESIDUAL_NLIST1024	B_TO_A	CORR_GREEDY	V	12	13	19	1	5	10	0.5862307368325363	0.73213405552476
GIST1M_HEAD128	RESIDUAL_NLIST1024	B_TO_A	CORR_GREEDY	V	13	14	86	0	5	9	0.7499644188721151	0.7709271614796676
GIST1M_HEAD128	RESIDUAL_NLIST1024	B_TO_A	CORR_GREEDY	V	13	14	86	1	4	9	0.3237204604911573	0.2935317702528395
GIST1M_HEAD128	RESIDUAL_NLIST1024	B_TO_A	CORR_GREEDY	V	14	15	111	0	5	8	1.0482409567002875	1.2228426868260716
GIST1M_HEAD128	RESIDUAL_NLIST1024	B_TO_A	CORR_GREEDY	V	14	15	111	1	3	8	0.8039742947102106	0.8171188825084408
GIST1M_HEAD128	RESIDUAL_NLIST1024	B_TO_A	CORR_GREEDY	V	15	16	28	0	5	9	0.564710377795301	0.5790193118067977
GIST1M_HEAD128	RESIDUAL_NLIST1024	B_TO_A	CORR_GREEDY	V	15	16	28	1	4	9	0.9743883995612052	1.2266592343365903
GIST1M_HEAD128	RESIDUAL_NLIST1024	B_TO_A	CORR_GREEDY	V	16	17	43	0	5	9	0.9979259044388603	0.855733961819694
GIST1M_HEAD128	RESIDUAL_NLIST1024	B_TO_A	CORR_GREEDY	V	16	17	43	1	4	9	0.7795581983851042	0.7255676507459885
GIST1M_HEAD128	RESIDUAL_NLIST1024	B_TO_A	CORR_GREEDY	V	17	18	47	0	5	9	1.5045263901512316	2.378109048399772
GIST1M_HEAD128	RESIDUAL_NLIST1024	B_TO_A	CORR_GREEDY	V	17	18	47	1	4	9	1.0386907410414719	1.8411537601618582
GIST1M_HEAD128	RESIDUAL_NLIST1024	B_TO_A	CORR_GREEDY	V	18	20	68	0	5	9	0.8493977480731574	1.03411733717632
GIST1M_HEAD128	RESIDUAL_NLIST1024	B_TO_A	CORR_GREEDY	V	18	20	68	1	4	9	0.5937165120457097	0.6563228504868721
GIST1M_HEAD128	RESIDUAL_NLIST1024	B_TO_A	CORR_GREEDY	V	19	22	66	0	5	9	0.7114993149755551	0.5238669739203037
GIST1M_HEAD128	RESIDUAL_NLIST1024	B_TO_A	CORR_GREEDY	V	19	22	66	1	4	9	0.4210612148403683	0.4353477677096277
GIST1M_HEAD128	RESIDUAL_NLIST1024	B_TO_A	CORR_GREEDY	V	20	23	73	0	5	9	0.6957742850390133	0.6748854953338836
GIST1M_HEAD128	RESIDUAL_NLIST1024	B_TO_A	CORR_GREEDY	V	20	23	73	1	4	9	0.40919651950042946	0.3952905477183962
GIST1M_HEAD128	RESIDUAL_NLIST1024	B_TO_A	CORR_GREEDY	V	21	24	98	0	5	9	0.5066499613206141	0.5781990337427951
GIST1M_HEAD128	RESIDUAL_NLIST1024	B_TO_A	CORR_GREEDY	V	21	24	98	1	4	9	0.4942905256206297	0.6480967886338692
GIST1M_HEAD128	RESIDUAL_NLIST1024	B_TO_A	CORR_GREEDY	V	22	25	27	0	4	8	1.0784762573475621	1.036479812955445
GIST1M_HEAD128	RESIDUAL_NLIST1024	B_TO_A	CORR_GREEDY	V	22	25	27	1	4	8	1.006293183631719	1.6764407811347735
GIST1M_HEAD128	RESIDUAL_NLIST1024	B_TO_A	CORR_GREEDY	V	23	26	40	0	4	8	0.9092272042339942	0.9366202823500199
GIST1M_HEAD128	RESIDUAL_NLIST1024	B_TO_A	CORR_GREEDY	V	23	26	40	1	4	8	1.1234341069623273	1.2097028825327274
GIST1M_HEAD128	RESIDUAL_NLIST1024	B_TO_A	CORR_GREEDY	V	24	29	67	0	4	8	0.8770504747238952	1.2102881256722833
GIST1M_HEAD128	RESIDUAL_NLIST1024	B_TO_A	CORR_GREEDY	V	24	29	67	1	4	8	0.45673227493379853	0.44740093170816864
GIST1M_HEAD128	RESIDUAL_NLIST1024	B_TO_A	CORR_GREEDY	V	25	30	100	0	4	8	0.8032767052914029	0.9174006116696724
GIST1M_HEAD128	RESIDUAL_NLIST1024	B_TO_A	CORR_GREEDY	V	25	30	100	1	4	8	0.30930107976013727	0.2897181145166794
GIST1M_HEAD128	RESIDUAL_NLIST1024	B_TO_A	CORR_GREEDY	V	26	31	75	0	4	8	1.1060047024689568	0.9804377342149829
GIST1M_HEAD128	RESIDUAL_NLIST1024	B_TO_A	CORR_GREEDY	V	26	31	75	1	4	8	0.3870496073440397	0.4454131489500736
GIST1M_HEAD128	RESIDUAL_NLIST1024	B_TO_A	CORR_GREEDY	V	27	32	33	0	4	8	0.8535508542582417	0.9195731574410336
GIST1M_HEAD128	RESIDUAL_NLIST1024	B_TO_A	CORR_GREEDY	V	27	32	33	1	4	8	0.8205732276204096	0.8440598111486096
GIST1M_HEAD128	RESIDUAL_NLIST1024	B_TO_A	CORR_GREEDY	V	28	34	117	0	4	7	1.723372481956586	2.069711953478715
GIST1M_HEAD128	RESIDUAL_NLIST1024	B_TO_A	CORR_GREEDY	V	28	34	117	1	3	7	1.377129193810655	1.426111253937672
GIST1M_HEAD128	RESIDUAL_NLIST1024	B_TO_A	CORR_GREEDY	V	29	35	72	0	4	8	1.322607657206749	1.223886024387327
GIST1M_HEAD128	RESIDUAL_NLIST1024	B_TO_A	CORR_GREEDY	V	29	35	72	1	4	8	0.3913316896785608	0.3959060430014478
GIST1M_HEAD128	RESIDUAL_NLIST1024	B_TO_A	CORR_GREEDY	V	30	37	46	0	4	8	0.6632352931679655	0.7741834526114234
GIST1M_HEAD128	RESIDUAL_NLIST1024	B_TO_A	CORR_GREEDY	V	30	37	46	1	4	8	0.6653092963556135	0.7106301445036255
GIST1M_HEAD128	RESIDUAL_NLIST1024	B_TO_A	CORR_GREEDY	V	31	38	41	0	4	8	0.914779195593437	0.7914417084922936
GIST1M_HEAD128	RESIDUAL_NLIST1024	B_TO_A	CORR_GREEDY	V	31	38	41	1	4	8	0.7700509627990082	0.821744155986015
GIST1M_HEAD128	RESIDUAL_NLIST1024	B_TO_A	CORR_GREEDY	V	32	42	107	0	4	7	0.7496841969428292	0.828026417857782
GIST1M_HEAD128	RESIDUAL_NLIST1024	B_TO_A	CORR_GREEDY	V	32	42	107	1	3	7	0.8592079954443191	0.9789762535557376
GIST1M_HEAD128	RESIDUAL_NLIST1024	B_TO_A	CORR_GREEDY	V	33	44	45	0	4	8	0.7216793747235022	0.7231631795790537
GIST1M_HEAD128	RESIDUAL_NLIST1024	B_TO_A	CORR_GREEDY	V	33	44	45	1	4	8	0.7506625294091795	1.010076036813968
GIST1M_HEAD128	RESIDUAL_NLIST1024	B_TO_A	CORR_GREEDY	V	34	49	82	0	4	8	0.7420877411003717	0.6349795830913953
GIST1M_HEAD128	RESIDUAL_NLIST1024	B_TO_A	CORR_GREEDY	V	34	49	82	1	4	8	0.635867121915268	0.7982310537983347
GIST1M_HEAD128	RESIDUAL_NLIST1024	B_TO_A	CORR_GREEDY	V	35	50	105	0	4	7	0.993731382428775	1.2578997561970875
GIST1M_HEAD128	RESIDUAL_NLIST1024	B_TO_A	CORR_GREEDY	V	35	50	105	1	3	7	0.9244525434014699	0.8276948819166907
GIST1M_HEAD128	RESIDUAL_NLIST1024	B_TO_A	CORR_GREEDY	V	36	51	52	0	4	8	0.6716960579160524	0.6419265822497475
GIST1M_HEAD128	RESIDUAL_NLIST1024	B_TO_A	CORR_GREEDY	V	36	51	52	1	4	8	0.6259508539312093	0.6724661490147807
GIST1M_HEAD128	RESIDUAL_NLIST1024	B_TO_A	CORR_GREEDY	V	37	53	116	0	4	7	0.6288578147861652	0.6841265709608992
GIST1M_HEAD128	RESIDUAL_NLIST1024	B_TO_A	CORR_GREEDY	V	37	53	116	1	3	7	0.7777640890879105	0.81662687078915
GIST1M_HEAD128	RESIDUAL_NLIST1024	B_TO_A	CORR_GREEDY	V	38	54	90	0	4	8	0.5667066459277431	0.6162581555970095
GIST1M_HEAD128	RESIDUAL_NLIST1024	B_TO_A	CORR_GREEDY	V	38	54	90	1	4	8	0.29370764180666936	0.34190633019042393
GIST1M_HEAD128	RESIDUAL_NLIST1024	B_TO_A	CORR_GREEDY	V	39	55	120	0	4	7	0.5790055995225353	0.5484996867342647
GIST1M_HEAD128	RESIDUAL_NLIST1024	B_TO_A	CORR_GREEDY	V	39	55	120	1	3	7	1.3835615142938849	1.008893496291881
GIST1M_HEAD128	RESIDUAL_NLIST1024	B_TO_A	CORR_GREEDY	V	40	56	89	0	4	8	0.570951161633587	0.5413102952564501
GIST1M_HEAD128	RESIDUAL_NLIST1024	B_TO_A	CORR_GREEDY	V	40	56	89	1	4	8	0.34062422433284556	0.3200847148219621
GIST1M_HEAD128	RESIDUAL_NLIST1024	B_TO_A	CORR_GREEDY	V	41	57	85	0	4	8	0.5620048840149618	0.5278984687292483
GIST1M_HEAD128	RESIDUAL_NLIST1024	B_TO_A	CORR_GREEDY	V	41	57	85	1	4	8	0.42484706557966884	0.4206066925381172
GIST1M_HEAD128	RESIDUAL_NLIST1024	B_TO_A	CORR_GREEDY	V	42	58	60	0	4	8	0.6230986179808433	0.5075051223674181
GIST1M_HEAD128	RESIDUAL_NLIST1024	B_TO_A	CORR_GREEDY	V	42	58	60	1	4	8	0.47481500321725545	0.4928899448454013
GIST1M_HEAD128	RESIDUAL_NLIST1024	B_TO_A	CORR_GREEDY	V	43	59	62	0	4	8	0.5456641801856386	0.5196653077998412
GIST1M_HEAD128	RESIDUAL_NLIST1024	B_TO_A	CORR_GREEDY	V	43	59	62	1	4	8	0.5198654532393983	0.5386542347435497
GIST1M_HEAD128	RESIDUAL_NLIST1024	B_TO_A	CORR_GREEDY	V	44	61	69	0	4	8	0.5197370377009602	0.4610294078263454
GIST1M_HEAD128	RESIDUAL_NLIST1024	B_TO_A	CORR_GREEDY	V	44	61	69	1	4	8	0.3957695234039025	0.4444684222776252
GIST1M_HEAD128	RESIDUAL_NLIST1024	B_TO_A	CORR_GREEDY	V	45	64	65	0	4	8	0.4996081260281669	0.43492633449599066
GIST1M_HEAD128	RESIDUAL_NLIST1024	B_TO_A	CORR_GREEDY	V	45	64	65	1	4	8	1.0091506878763847	1.2858290083647834
GIST1M_HEAD128	RESIDUAL_NLIST1024	B_TO_A	CORR_GREEDY	V	46	70	80	0	4	8	0.68112376595497	0.617410720520797
GIST1M_HEAD128	RESIDUAL_NLIST1024	B_TO_A	CORR_GREEDY	V	46	70	80	1	4	8	0.6390295475413029	0.6243695723198563
GIST1M_HEAD128	RESIDUAL_NLIST1024	B_TO_A	CORR_GREEDY	V	47	74	101	0	4	7	0.3169169494724702	0.3388897501019868
GIST1M_HEAD128	RESIDUAL_NLIST1024	B_TO_A	CORR_GREEDY	V	47	74	101	1	3	7	1.2174984837707148	1.1190198756643583
GIST1M_HEAD128	RESIDUAL_NLIST1024	B_TO_A	CORR_GREEDY	V	48	76	109	0	4	7	0.37120406285090296	0.35932620848306995
GIST1M_HEAD128	RESIDUAL_NLIST1024	B_TO_A	CORR_GREEDY	V	48	76	109	1	3	7	0.7837137083353568	0.7854956526749036
GIST1M_HEAD128	RESIDUAL_NLIST1024	B_TO_A	CORR_GREEDY	V	49	77	125	0	4	7	0.3603902690354509	0.34361639461887183
GIST1M_HEAD128	RESIDUAL_NLIST1024	B_TO_A	CORR_GREEDY	V	49	77	125	1	3	7	0.8230543764094214	0.7447902762748845
GIST1M_HEAD128	RESIDUAL_NLIST1024	B_TO_A	CORR_GREEDY	V	50	78	118	0	4	7	0.5305941320834748	0.8361606635084762
GIST1M_HEAD128	RESIDUAL_NLIST1024	B_TO_A	CORR_GREEDY	V	50	78	118	1	3	7	0.7770624787535554	0.7289554785069422
GIST1M_HEAD128	RESIDUAL_NLIST1024	B_TO_A	CORR_GREEDY	V	51	79	113	0	4	7	0.3755341731870444	0.400181441721966
GIST1M_HEAD128	RESIDUAL_NLIST1024	B_TO_A	CORR_GREEDY	V	51	79	113	1	3	7	1.3137576250268834	1.6859353644295814
GIST1M_HEAD128	RESIDUAL_NLIST1024	B_TO_A	CORR_GREEDY	V	52	81	94	0	4	8	0.485133021077105	0.3998490365162611
GIST1M_HEAD128	RESIDUAL_NLIST1024	B_TO_A	CORR_GREEDY	V	52	81	94	1	4	8	0.3010837275272942	0.3278966166467761
GIST1M_HEAD128	RESIDUAL_NLIST1024	B_TO_A	CORR_GREEDY	V	53	83	84	0	4	8	0.35983128073170995	0.32135475850688955
GIST1M_HEAD128	RESIDUAL_NLIST1024	B_TO_A	CORR_GREEDY	V	53	83	84	1	4	8	0.3072507093174003	0.4288473871659922
GIST1M_HEAD128	RESIDUAL_NLIST1024	B_TO_A	CORR_GREEDY	V	54	87	97	0	4	8	0.3307344549857457	0.28571802517562145
GIST1M_HEAD128	RESIDUAL_NLIST1024	B_TO_A	CORR_GREEDY	V	54	87	97	1	4	8	0.3734211466342079	0.36730860597873877
GIST1M_HEAD128	RESIDUAL_NLIST1024	B_TO_A	CORR_GREEDY	V	55	88	115	0	4	7	0.32681869384462203	0.29214301003055954
GIST1M_HEAD128	RESIDUAL_NLIST1024	B_TO_A	CORR_GREEDY	V	55	88	115	1	3	7	0.8392001361918131	0.8101597553809348
GIST1M_HEAD128	RESIDUAL_NLIST1024	B_TO_A	CORR_GREEDY	V	56	91	92	0	4	8	0.3210714652251941	0.3076237236611147
GIST1M_HEAD128	RESIDUAL_NLIST1024	B_TO_A	CORR_GREEDY	V	56	91	92	1	4	8	0.32416876539779294	0.34918623952537087
GIST1M_HEAD128	RESIDUAL_NLIST1024	B_TO_A	CORR_GREEDY	V	57	93	95	0	4	8	0.27439697228585	0.36868667073067396
GIST1M_HEAD128	RESIDUAL_NLIST1024	B_TO_A	CORR_GREEDY	V	57	93	95	1	4	8	0.3808174007641284	0.4530328826619285
GIST1M_HEAD128	RESIDUAL_NLIST1024	B_TO_A	CORR_GREEDY	V	58	96	112	0	4	7	0.31190923644020746	0.42394348779479296
GIST1M_HEAD128	RESIDUAL_NLIST1024	B_TO_A	CORR_GREEDY	V	58	96	112	1	3	7	1.0922985617312357	1.114900157216004
GIST1M_HEAD128	RESIDUAL_NLIST1024	B_TO_A	CORR_GREEDY	V	59	99	104	0	4	7	0.2644118075876746	0.30575676405979335
GIST1M_HEAD128	RESIDUAL_NLIST1024	B_TO_A	CORR_GREEDY	V	59	99	104	1	3	7	0.9636473318741332	0.8946736469245365
GIST1M_HEAD128	RESIDUAL_NLIST1024	B_TO_A	CORR_GREEDY	V	60	102	110	0	4	7	0.28178126701476547	0.26919488347065046
GIST1M_HEAD128	RESIDUAL_NLIST1024	B_TO_A	CORR_GREEDY	V	60	102	110	1	3	7	0.7658221921533557	0.7967306634780918
GIST1M_HEAD128	RESIDUAL_NLIST1024	B_TO_A	CORR_GREEDY	V	61	103	126	0	3	6	0.8638917827200991	0.8757430913786741
GIST1M_HEAD128	RESIDUAL_NLIST1024	B_TO_A	CORR_GREEDY	V	61	103	126	1	3	6	0.6450094563639972	0.7278792609463076
GIST1M_HEAD128	RESIDUAL_NLIST1024	B_TO_A	CORR_GREEDY	V	62	106	127	0	3	6	1.260168127591323	0.8472537623853104
GIST1M_HEAD128	RESIDUAL_NLIST1024	B_TO_A	CORR_GREEDY	V	62	106	127	1	3	6	0.6468857022209846	0.6434249023908124
GIST1M_HEAD128	RESIDUAL_NLIST1024	B_TO_A	CORR_GREEDY	V	63	108	119	0	4	7	0.35294159703310635	0.4185315209649859
GIST1M_HEAD128	RESIDUAL_NLIST1024	B_TO_A	CORR_GREEDY	V	63	108	119	1	3	7	0.6802152270965038	0.7007299111234989
GIST1M_HEAD128	RESIDUAL_NLIST1024	B_TO_A	CORR_GREEDY	E	0	0	123	0	6	9	0.9058291800910516	0.918526570068632
GIST1M_HEAD128	RESIDUAL_NLIST1024	B_TO_A	CORR_GREEDY	E	0	0	123	1	3	9	0.6793978254363671	0.7704300682307987
GIST1M_HEAD128	RESIDUAL_NLIST1024	B_TO_A	CORR_GREEDY	E	1	1	122	0	6	9	0.677851103958636	0.511511913568533
GIST1M_HEAD128	RESIDUAL_NLIST1024	B_TO_A	CORR_GREEDY	E	1	1	122	1	3	9	0.71330897614121	0.708597229709501
GIST1M_HEAD128	RESIDUAL_NLIST1024	B_TO_A	CORR_GREEDY	E	2	2	71	0	5	9	1.6160495831177752	1.5190400187081687
GIST1M_HEAD128	RESIDUAL_NLIST1024	B_TO_A	CORR_GREEDY	E	2	2	71	1	4	9	0.7231667426584959	0.7837270584564566
GIST1M_HEAD128	RESIDUAL_NLIST1024	B_TO_A	CORR_GREEDY	E	3	3	39	0	6	10	0.5061543332999454	0.5782167630279118
GIST1M_HEAD128	RESIDUAL_NLIST1024	B_TO_A	CORR_GREEDY	E	3	3	39	1	4	10	0.9778584448920233	0.7568739599268843
GIST1M_HEAD128	RESIDUAL_NLIST1024	B_TO_A	CORR_GREEDY	E	4	4	63	0	5	9	1.363058140419801	2.276445968721253
GIST1M_HEAD128	RESIDUAL_NLIST1024	B_TO_A	CORR_GREEDY	E	4	4	63	1	4	9	0.5557002292421782	0.5829309334252248
GIST1M_HEAD128	RESIDUAL_NLIST1024	B_TO_A	CORR_GREEDY	E	5	5	36	0	5	9	1.0004911395437976	1.2352374178951104
GIST1M_HEAD128	RESIDUAL_NLIST1024	B_TO_A	CORR_GREEDY	E	5	5	36	1	4	9	0.9168499426504588	0.7880398478589521
GIST1M_HEAD128	RESIDUAL_NLIST1024	B_TO_A	CORR_GREEDY	E	6	6	121	0	5	8	1.2151811519255908	1.1538966902196486
GIST1M_HEAD128	RESIDUAL_NLIST1024	B_TO_A	CORR_GREEDY	E	6	6	121	1	3	8	0.6660014588112669	0.6834827224841641
GIST1M_HEAD128	RESIDUAL_NLIST1024	B_TO_A	CORR_GREEDY	E	7	7	48	0	5	9	1.1583323652080215	1.1184409159371538
GIST1M_HEAD128	RESIDUAL_NLIST1024	B_TO_A	CORR_GREEDY	E	7	7	48	1	4	9	0.6993383224976102	0.5955512472021773
GIST1M_HEAD128	RESIDUAL_NLIST1024	B_TO_A	CORR_GREEDY	E	8	8	10	0	5	10	1.011894627519744	1.23811623826498
GIST1M_HEAD128	RESIDUAL_NLIST1024	B_TO_A	CORR_GREEDY	E	8	8	10	1	5	10	1.2801057458542453	1.5100448115853577
GIST1M_HEAD128	RESIDUAL_NLIST1024	B_TO_A	CORR_GREEDY	E	9	9	124	0	5	8	0.8969711385198301	1.0064465231730848
GIST1M_HEAD128	RESIDUAL_NLIST1024	B_TO_A	CORR_GREEDY	E	9	9	124	1	3	8	0.6216003586916232	0.6339744438709192
GIST1M_HEAD128	RESIDUAL_NLIST1024	B_TO_A	CORR_GREEDY	E	10	11	21	0	5	10	1.3216246045235984	1.1111082616823205
GIST1M_HEAD128	RESIDUAL_NLIST1024	B_TO_A	CORR_GREEDY	E	10	11	21	1	5	10	0.6288448847635024	0.7550779969774135
GIST1M_HEAD128	RESIDUAL_NLIST1024	B_TO_A	CORR_GREEDY	E	11	12	114	0	5	8	0.7728761756529763	0.9391069245371646
GIST1M_HEAD128	RESIDUAL_NLIST1024	B_TO_A	CORR_GREEDY	E	11	12	114	1	3	8	0.9110906589731692	0.8672186925503761
GIST1M_HEAD128	RESIDUAL_NLIST1024	B_TO_A	CORR_GREEDY	E	12	13	19	0	5	10	0.7101154670265626	0.8133273785107913
GIST1M_HEAD128	RESIDUAL_NLIST1024	B_TO_A	CORR_GREEDY	E	12	13	19	1	5	10	0.5862307368325363	0.73213405552476
GIST1M_HEAD128	RESIDUAL_NLIST1024	B_TO_A	CORR_GREEDY	E	13	14	86	0	5	9	0.7499644188721151	0.7709271614796676
GIST1M_HEAD128	RESIDUAL_NLIST1024	B_TO_A	CORR_GREEDY	E	13	14	86	1	4	9	0.3237204604911573	0.2935317702528395
GIST1M_HEAD128	RESIDUAL_NLIST1024	B_TO_A	CORR_GREEDY	E	14	15	111	0	5	8	1.0482409567002875	1.2228426868260716
GIST1M_HEAD128	RESIDUAL_NLIST1024	B_TO_A	CORR_GREEDY	E	14	15	111	1	3	8	0.8039742947102106	0.8171188825084408
GIST1M_HEAD128	RESIDUAL_NLIST1024	B_TO_A	CORR_GREEDY	E	15	16	28	0	5	9	0.564710377795301	0.5790193118067977
GIST1M_HEAD128	RESIDUAL_NLIST1024	B_TO_A	CORR_GREEDY	E	15	16	28	1	4	9	0.9743883995612052	1.2266592343365903
GIST1M_HEAD128	RESIDUAL_NLIST1024	B_TO_A	CORR_GREEDY	E	16	17	43	0	5	9	0.9979259044388603	0.855733961819694
GIST1M_HEAD128	RESIDUAL_NLIST1024	B_TO_A	CORR_GREEDY	E	16	17	43	1	4	9	0.7795581983851042	0.7255676507459885
GIST1M_HEAD128	RESIDUAL_NLIST1024	B_TO_A	CORR_GREEDY	E	17	18	47	0	6	10	0.7639882888833692	1.2570658503488414
GIST1M_HEAD128	RESIDUAL_NLIST1024	B_TO_A	CORR_GREEDY	E	17	18	47	1	4	10	1.0386907410414719	1.8411537601618582
GIST1M_HEAD128	RESIDUAL_NLIST1024	B_TO_A	CORR_GREEDY	E	18	20	68	0	5	9	0.8493977480731574	1.03411733717632
GIST1M_HEAD128	RESIDUAL_NLIST1024	B_TO_A	CORR_GREEDY	E	18	20	68	1	4	9	0.5937165120457097	0.6563228504868721
GIST1M_HEAD128	RESIDUAL_NLIST1024	B_TO_A	CORR_GREEDY	E	19	22	66	0	5	9	0.7114993149755551	0.5238669739203037
GIST1M_HEAD128	RESIDUAL_NLIST1024	B_TO_A	CORR_GREEDY	E	19	22	66	1	4	9	0.4210612148403683	0.4353477677096277
GIST1M_HEAD128	RESIDUAL_NLIST1024	B_TO_A	CORR_GREEDY	E	20	23	73	0	5	9	0.6957742850390133	0.6748854953338836
GIST1M_HEAD128	RESIDUAL_NLIST1024	B_TO_A	CORR_GREEDY	E	20	23	73	1	4	9	0.40919651950042946	0.3952905477183962
GIST1M_HEAD128	RESIDUAL_NLIST1024	B_TO_A	CORR_GREEDY	E	21	24	98	0	4	8	1.1426389346655976	1.2651119318244621
GIST1M_HEAD128	RESIDUAL_NLIST1024	B_TO_A	CORR_GREEDY	E	21	24	98	1	4	8	0.4942905256206297	0.6480967886338692
GIST1M_HEAD128	RESIDUAL_NLIST1024	B_TO_A	CORR_GREEDY	E	22	25	27	0	4	8	1.0784762573475621	1.036479812955445
GIST1M_HEAD128	RESIDUAL_NLIST1024	B_TO_A	CORR_GREEDY	E	22	25	27	1	4	8	1.006293183631719	1.6764407811347735
GIST1M_HEAD128	RESIDUAL_NLIST1024	B_TO_A	CORR_GREEDY	E	23	26	40	0	4	8	0.9092272042339942	0.9366202823500199
GIST1M_HEAD128	RESIDUAL_NLIST1024	B_TO_A	CORR_GREEDY	E	23	26	40	1	4	8	1.1234341069623273	1.2097028825327274
GIST1M_HEAD128	RESIDUAL_NLIST1024	B_TO_A	CORR_GREEDY	E	24	29	67	0	4	8	0.8770504747238952	1.2102881256722833
GIST1M_HEAD128	RESIDUAL_NLIST1024	B_TO_A	CORR_GREEDY	E	24	29	67	1	4	8	0.45673227493379853	0.44740093170816864
GIST1M_HEAD128	RESIDUAL_NLIST1024	B_TO_A	CORR_GREEDY	E	25	30	100	0	4	7	0.8032767052914029	0.9174006116696724
GIST1M_HEAD128	RESIDUAL_NLIST1024	B_TO_A	CORR_GREEDY	E	25	30	100	1	3	7	0.9444390719888678	0.9602581823804656
GIST1M_HEAD128	RESIDUAL_NLIST1024	B_TO_A	CORR_GREEDY	E	26	31	75	0	4	8	1.1060047024689568	0.9804377342149829
GIST1M_HEAD128	RESIDUAL_NLIST1024	B_TO_A	CORR_GREEDY	E	26	31	75	1	4	8	0.3870496073440397	0.4454131489500736
GIST1M_HEAD128	RESIDUAL_NLIST1024	B_TO_A	CORR_GREEDY	E	27	32	33	0	4	8	0.8535508542582417	0.9195731574410336
GIST1M_HEAD128	RESIDUAL_NLIST1024	B_TO_A	CORR_GREEDY	E	27	32	33	1	4	8	0.8205732276204096	0.8440598111486096
GIST1M_HEAD128	RESIDUAL_NLIST1024	B_TO_A	CORR_GREEDY	E	28	34	117	0	5	9	1.0112706275005467	1.3441599328462346
GIST1M_HEAD128	RESIDUAL_NLIST1024	B_TO_A	CORR_GREEDY	E	28	34	117	1	4	9	0.600436334869233	0.57969051910737
GIST1M_HEAD128	RESIDUAL_NLIST1024	B_TO_A	CORR_GREEDY	E	29	35	72	0	5	9	0.5832920621651122	0.8475259740706869
GIST1M_HEAD128	RESIDUAL_NLIST1024	B_TO_A	CORR_GREEDY	E	29	35	72	1	4	9	0.3913316896785608	0.3959060430014478
GIST1M_HEAD128	RESIDUAL_NLIST1024	B_TO_A	CORR_GREEDY	E	30	37	46	0	4	8	0.6632352931679655	0.7741834526114234
GIST1M_HEAD128	RESIDUAL_NLIST1024	B_TO_A	CORR_GREEDY	E	30	37	46	1	4	8	0.6653092963556135	0.7106301445036255
GIST1M_HEAD128	RESIDUAL_NLIST1024	B_TO_A	CORR_GREEDY	E	31	38	41	0	4	8	0.914779195593437	0.7914417084922936
GIST1M_HEAD128	RESIDUAL_NLIST1024	B_TO_A	CORR_GREEDY	E	31	38	41	1	4	8	0.7700509627990082	0.821744155986015
GIST1M_HEAD128	RESIDUAL_NLIST1024	B_TO_A	CORR_GREEDY	E	32	42	107	0	4	7	0.7496841969428292	0.828026417857782
GIST1M_HEAD128	RESIDUAL_NLIST1024	B_TO_A	CORR_GREEDY	E	32	42	107	1	3	7	0.8592079954443191	0.9789762535557376
GIST1M_HEAD128	RESIDUAL_NLIST1024	B_TO_A	CORR_GREEDY	E	33	44	45	0	4	8	0.7216793747235022	0.7231631795790537
GIST1M_HEAD128	RESIDUAL_NLIST1024	B_TO_A	CORR_GREEDY	E	33	44	45	1	4	8	0.7506625294091795	1.010076036813968
GIST1M_HEAD128	RESIDUAL_NLIST1024	B_TO_A	CORR_GREEDY	E	34	49	82	0	4	8	0.7420877411003717	0.6349795830913953
GIST1M_HEAD128	RESIDUAL_NLIST1024	B_TO_A	CORR_GREEDY	E	34	49	82	1	4	8	0.635867121915268	0.7982310537983347
GIST1M_HEAD128	RESIDUAL_NLIST1024	B_TO_A	CORR_GREEDY	E	35	50	105	0	4	7	0.993731382428775	1.2578997561970875
GIST1M_HEAD128	RESIDUAL_NLIST1024	B_TO_A	CORR_GREEDY	E	35	50	105	1	3	7	0.9244525434014699	0.8276948819166907
GIST1M_HEAD128	RESIDUAL_NLIST1024	B_TO_A	CORR_GREEDY	E	36	51	52	0	4	8	0.6716960579160524	0.6419265822497475
GIST1M_HEAD128	RESIDUAL_NLIST1024	B_TO_A	CORR_GREEDY	E	36	51	52	1	4	8	0.6259508539312093	0.6724661490147807
GIST1M_HEAD128	RESIDUAL_NLIST1024	B_TO_A	CORR_GREEDY	E	37	53	116	0	4	7	0.6288578147861652	0.6841265709608992
GIST1M_HEAD128	RESIDUAL_NLIST1024	B_TO_A	CORR_GREEDY	E	37	53	116	1	3	7	0.7777640890879105	0.81662687078915
GIST1M_HEAD128	RESIDUAL_NLIST1024	B_TO_A	CORR_GREEDY	E	38	54	90	0	4	7	0.5667066459277431	0.6162581555970095
GIST1M_HEAD128	RESIDUAL_NLIST1024	B_TO_A	CORR_GREEDY	E	38	54	90	1	3	7	0.979485797656518	1.014452723393104
GIST1M_HEAD128	RESIDUAL_NLIST1024	B_TO_A	CORR_GREEDY	E	39	55	120	0	4	8	0.5790055995225353	0.5484996867342647
GIST1M_HEAD128	RESIDUAL_NLIST1024	B_TO_A	CORR_GREEDY	E	39	55	120	1	4	8	0.5053124233386139	0.39503784477351
GIST1M_HEAD128	RESIDUAL_NLIST1024	B_TO_A	CORR_GREEDY	E	40	56	89	0	4	8	0.570951161633587	0.5413102952564501
GIST1M_HEAD128	RESIDUAL_NLIST1024	B_TO_A	CORR_GREEDY	E	40	56	89	1	4	8	0.34062422433284556	0.3200847148219621
GIST1M_HEAD128	RESIDUAL_NLIST1024	B_TO_A	CORR_GREEDY	E	41	57	85	0	4	8	0.5620048840149618	0.5278984687292483
GIST1M_HEAD128	RESIDUAL_NLIST1024	B_TO_A	CORR_GREEDY	E	41	57	85	1	4	8	0.42484706557966884	0.4206066925381172
GIST1M_HEAD128	RESIDUAL_NLIST1024	B_TO_A	CORR_GREEDY	E	42	58	60	0	4	8	0.6230986179808433	0.5075051223674181
GIST1M_HEAD128	RESIDUAL_NLIST1024	B_TO_A	CORR_GREEDY	E	42	58	60	1	4	8	0.47481500321725545	0.4928899448454013
GIST1M_HEAD128	RESIDUAL_NLIST1024	B_TO_A	CORR_GREEDY	E	43	59	62	0	4	8	0.5456641801856386	0.5196653077998412
GIST1M_HEAD128	RESIDUAL_NLIST1024	B_TO_A	CORR_GREEDY	E	43	59	62	1	4	8	0.5198654532393983	0.5386542347435497
GIST1M_HEAD128	RESIDUAL_NLIST1024	B_TO_A	CORR_GREEDY	E	44	61	69	0	4	8	0.5197370377009602	0.4610294078263454
GIST1M_HEAD128	RESIDUAL_NLIST1024	B_TO_A	CORR_GREEDY	E	44	61	69	1	4	8	0.3957695234039025	0.4444684222776252
GIST1M_HEAD128	RESIDUAL_NLIST1024	B_TO_A	CORR_GREEDY	E	45	64	65	0	4	8	0.4996081260281669	0.43492633449599066
GIST1M_HEAD128	RESIDUAL_NLIST1024	B_TO_A	CORR_GREEDY	E	45	64	65	1	4	8	1.0091506878763847	1.2858290083647834
GIST1M_HEAD128	RESIDUAL_NLIST1024	B_TO_A	CORR_GREEDY	E	46	70	80	0	4	8	0.68112376595497	0.617410720520797
GIST1M_HEAD128	RESIDUAL_NLIST1024	B_TO_A	CORR_GREEDY	E	46	70	80	1	4	8	0.6390295475413029	0.6243695723198563
GIST1M_HEAD128	RESIDUAL_NLIST1024	B_TO_A	CORR_GREEDY	E	47	74	101	0	4	8	0.3169169494724702	0.3388897501019868
GIST1M_HEAD128	RESIDUAL_NLIST1024	B_TO_A	CORR_GREEDY	E	47	74	101	1	4	8	0.4487518943877017	0.39350566919279845
GIST1M_HEAD128	RESIDUAL_NLIST1024	B_TO_A	CORR_GREEDY	E	48	76	109	0	4	7	0.37120406285090296	0.35932620848306995
GIST1M_HEAD128	RESIDUAL_NLIST1024	B_TO_A	CORR_GREEDY	E	48	76	109	1	3	7	0.7837137083353568	0.7854956526749036
GIST1M_HEAD128	RESIDUAL_NLIST1024	B_TO_A	CORR_GREEDY	E	49	77	125	0	4	7	0.3603902690354509	0.34361639461887183
GIST1M_HEAD128	RESIDUAL_NLIST1024	B_TO_A	CORR_GREEDY	E	49	77	125	1	3	7	0.8230543764094214	0.7447902762748845
GIST1M_HEAD128	RESIDUAL_NLIST1024	B_TO_A	CORR_GREEDY	E	50	78	118	0	4	7	0.5305941320834748	0.8361606635084762
GIST1M_HEAD128	RESIDUAL_NLIST1024	B_TO_A	CORR_GREEDY	E	50	78	118	1	3	7	0.7770624787535554	0.7289554785069422
GIST1M_HEAD128	RESIDUAL_NLIST1024	B_TO_A	CORR_GREEDY	E	51	79	113	0	4	8	0.3755341731870444	0.400181441721966
GIST1M_HEAD128	RESIDUAL_NLIST1024	B_TO_A	CORR_GREEDY	E	51	79	113	1	4	8	0.5067822961715512	0.6681119386879943
GIST1M_HEAD128	RESIDUAL_NLIST1024	B_TO_A	CORR_GREEDY	E	52	81	94	0	4	7	0.485133021077105	0.3998490365162611
GIST1M_HEAD128	RESIDUAL_NLIST1024	B_TO_A	CORR_GREEDY	E	52	81	94	1	3	7	0.9824217303691338	1.0228569011665567
GIST1M_HEAD128	RESIDUAL_NLIST1024	B_TO_A	CORR_GREEDY	E	53	83	84	0	4	8	0.35983128073170995	0.32135475850688955
GIST1M_HEAD128	RESIDUAL_NLIST1024	B_TO_A	CORR_GREEDY	E	53	83	84	1	4	8	0.3072507093174003	0.4288473871659922
GIST1M_HEAD128	RESIDUAL_NLIST1024	B_TO_A	CORR_GREEDY	E	54	87	97	0	4	7	0.3307344549857457	0.28571802517562145
GIST1M_HEAD128	RESIDUAL_NLIST1024	B_TO_A	CORR_GREEDY	E	54	87	97	1	3	7	1.0679513083084755	1.0688324794189819
GIST1M_HEAD128	RESIDUAL_NLIST1024	B_TO_A	CORR_GREEDY	E	55	88	115	0	4	7	0.32681869384462203	0.29214301003055954
GIST1M_HEAD128	RESIDUAL_NLIST1024	B_TO_A	CORR_GREEDY	E	55	88	115	1	3	7	0.8392001361918131	0.8101597553809348
GIST1M_HEAD128	RESIDUAL_NLIST1024	B_TO_A	CORR_GREEDY	E	56	91	92	0	4	7	0.3210714652251941	0.3076237236611147
GIST1M_HEAD128	RESIDUAL_NLIST1024	B_TO_A	CORR_GREEDY	E	56	91	92	1	3	7	0.9767315655468121	1.0329562711366558
GIST1M_HEAD128	RESIDUAL_NLIST1024	B_TO_A	CORR_GREEDY	E	57	93	95	0	3	7	0.8871857101686513	1.024784718196845
GIST1M_HEAD128	RESIDUAL_NLIST1024	B_TO_A	CORR_GREEDY	E	57	93	95	1	4	7	0.3808174007641284	0.4530328826619285
GIST1M_HEAD128	RESIDUAL_NLIST1024	B_TO_A	CORR_GREEDY	E	58	96	112	0	3	7	0.9839593658096604	1.1147288338182335
GIST1M_HEAD128	RESIDUAL_NLIST1024	B_TO_A	CORR_GREEDY	E	58	96	112	1	4	7	0.381436052798267	0.4362487469992674
GIST1M_HEAD128	RESIDUAL_NLIST1024	B_TO_A	CORR_GREEDY	E	59	99	104	0	3	6	0.8926162299953924	0.9561562157454292
GIST1M_HEAD128	RESIDUAL_NLIST1024	B_TO_A	CORR_GREEDY	E	59	99	104	1	3	6	0.9636473318741332	0.8946736469245365
GIST1M_HEAD128	RESIDUAL_NLIST1024	B_TO_A	CORR_GREEDY	E	60	102	110	0	3	6	0.8907682268636664	0.8829849581841979
GIST1M_HEAD128	RESIDUAL_NLIST1024	B_TO_A	CORR_GREEDY	E	60	102	110	1	3	6	0.7658221921533557	0.7967306634780918
GIST1M_HEAD128	RESIDUAL_NLIST1024	B_TO_A	CORR_GREEDY	E	61	103	126	0	3	6	0.8638917827200991	0.8757430913786741
GIST1M_HEAD128	RESIDUAL_NLIST1024	B_TO_A	CORR_GREEDY	E	61	103	126	1	3	6	0.6450094563639972	0.7278792609463076
GIST1M_HEAD128	RESIDUAL_NLIST1024	B_TO_A	CORR_GREEDY	E	62	106	127	0	3	6	1.260168127591323	0.8472537623853104
GIST1M_HEAD128	RESIDUAL_NLIST1024	B_TO_A	CORR_GREEDY	E	62	106	127	1	3	6	0.6468857022209846	0.6434249023908124
GIST1M_HEAD128	RESIDUAL_NLIST1024	B_TO_A	CORR_GREEDY	E	63	108	119	0	3	6	1.0356387577437118	1.1612605046776296
GIST1M_HEAD128	RESIDUAL_NLIST1024	B_TO_A	CORR_GREEDY	E	63	108	119	1	3	6	0.6802152270965038	0.7007299111234989
GIST1M_HEAD128	RESIDUAL_NLIST1024	B_TO_A	CORR_GREEDY	S	0	0	123	0	6	9	0.9058291800910516	0.918526570068632
GIST1M_HEAD128	RESIDUAL_NLIST1024	B_TO_A	CORR_GREEDY	S	0	0	123	1	3	9	0.6793978254363671	0.7704300682307987
GIST1M_HEAD128	RESIDUAL_NLIST1024	B_TO_A	CORR_GREEDY	S	1	1	122	0	6	9	0.677851103958636	0.511511913568533
GIST1M_HEAD128	RESIDUAL_NLIST1024	B_TO_A	CORR_GREEDY	S	1	1	122	1	3	9	0.71330897614121	0.708597229709501
GIST1M_HEAD128	RESIDUAL_NLIST1024	B_TO_A	CORR_GREEDY	S	2	2	71	0	5	9	1.6160495831177752	1.5190400187081687
GIST1M_HEAD128	RESIDUAL_NLIST1024	B_TO_A	CORR_GREEDY	S	2	2	71	1	4	9	0.7231667426584959	0.7837270584564566
GIST1M_HEAD128	RESIDUAL_NLIST1024	B_TO_A	CORR_GREEDY	S	3	3	39	0	6	10	0.5061543332999454	0.5782167630279118
GIST1M_HEAD128	RESIDUAL_NLIST1024	B_TO_A	CORR_GREEDY	S	3	3	39	1	4	10	0.9778584448920233	0.7568739599268843
GIST1M_HEAD128	RESIDUAL_NLIST1024	B_TO_A	CORR_GREEDY	S	4	4	63	0	5	9	1.363058140419801	2.276445968721253
GIST1M_HEAD128	RESIDUAL_NLIST1024	B_TO_A	CORR_GREEDY	S	4	4	63	1	4	9	0.5557002292421782	0.5829309334252248
GIST1M_HEAD128	RESIDUAL_NLIST1024	B_TO_A	CORR_GREEDY	S	5	5	36	0	5	9	1.0004911395437976	1.2352374178951104
GIST1M_HEAD128	RESIDUAL_NLIST1024	B_TO_A	CORR_GREEDY	S	5	5	36	1	4	9	0.9168499426504588	0.7880398478589521
GIST1M_HEAD128	RESIDUAL_NLIST1024	B_TO_A	CORR_GREEDY	S	6	6	121	0	5	8	1.2151811519255908	1.1538966902196486
GIST1M_HEAD128	RESIDUAL_NLIST1024	B_TO_A	CORR_GREEDY	S	6	6	121	1	3	8	0.6660014588112669	0.6834827224841641
GIST1M_HEAD128	RESIDUAL_NLIST1024	B_TO_A	CORR_GREEDY	S	7	7	48	0	5	9	1.1583323652080215	1.1184409159371538
GIST1M_HEAD128	RESIDUAL_NLIST1024	B_TO_A	CORR_GREEDY	S	7	7	48	1	4	9	0.6993383224976102	0.5955512472021773
GIST1M_HEAD128	RESIDUAL_NLIST1024	B_TO_A	CORR_GREEDY	S	8	8	10	0	5	10	1.011894627519744	1.23811623826498
GIST1M_HEAD128	RESIDUAL_NLIST1024	B_TO_A	CORR_GREEDY	S	8	8	10	1	5	10	1.2801057458542453	1.5100448115853577
GIST1M_HEAD128	RESIDUAL_NLIST1024	B_TO_A	CORR_GREEDY	S	9	9	124	0	5	8	0.8969711385198301	1.0064465231730848
GIST1M_HEAD128	RESIDUAL_NLIST1024	B_TO_A	CORR_GREEDY	S	9	9	124	1	3	8	0.6216003586916232	0.6339744438709192
GIST1M_HEAD128	RESIDUAL_NLIST1024	B_TO_A	CORR_GREEDY	S	10	11	21	0	5	10	1.3216246045235984	1.1111082616823205
GIST1M_HEAD128	RESIDUAL_NLIST1024	B_TO_A	CORR_GREEDY	S	10	11	21	1	5	10	0.6288448847635024	0.7550779969774135
GIST1M_HEAD128	RESIDUAL_NLIST1024	B_TO_A	CORR_GREEDY	S	11	12	114	0	5	8	0.7728761756529763	0.9391069245371646
GIST1M_HEAD128	RESIDUAL_NLIST1024	B_TO_A	CORR_GREEDY	S	11	12	114	1	3	8	0.9110906589731692	0.8672186925503761
GIST1M_HEAD128	RESIDUAL_NLIST1024	B_TO_A	CORR_GREEDY	S	12	13	19	0	5	10	0.7101154670265626	0.8133273785107913
GIST1M_HEAD128	RESIDUAL_NLIST1024	B_TO_A	CORR_GREEDY	S	12	13	19	1	5	10	0.5862307368325363	0.73213405552476
GIST1M_HEAD128	RESIDUAL_NLIST1024	B_TO_A	CORR_GREEDY	S	13	14	86	0	5	9	0.7499644188721151	0.7709271614796676
GIST1M_HEAD128	RESIDUAL_NLIST1024	B_TO_A	CORR_GREEDY	S	13	14	86	1	4	9	0.3237204604911573	0.2935317702528395
GIST1M_HEAD128	RESIDUAL_NLIST1024	B_TO_A	CORR_GREEDY	S	14	15	111	0	5	8	1.0482409567002875	1.2228426868260716
GIST1M_HEAD128	RESIDUAL_NLIST1024	B_TO_A	CORR_GREEDY	S	14	15	111	1	3	8	0.8039742947102106	0.8171188825084408
GIST1M_HEAD128	RESIDUAL_NLIST1024	B_TO_A	CORR_GREEDY	S	15	16	28	0	5	9	0.564710377795301	0.5790193118067977
GIST1M_HEAD128	RESIDUAL_NLIST1024	B_TO_A	CORR_GREEDY	S	15	16	28	1	4	9	0.9743883995612052	1.2266592343365903
GIST1M_HEAD128	RESIDUAL_NLIST1024	B_TO_A	CORR_GREEDY	S	16	17	43	0	5	9	0.9979259044388603	0.855733961819694
GIST1M_HEAD128	RESIDUAL_NLIST1024	B_TO_A	CORR_GREEDY	S	16	17	43	1	4	9	0.7795581983851042	0.7255676507459885
GIST1M_HEAD128	RESIDUAL_NLIST1024	B_TO_A	CORR_GREEDY	S	17	18	47	0	6	10	0.7639882888833692	1.2570658503488414
GIST1M_HEAD128	RESIDUAL_NLIST1024	B_TO_A	CORR_GREEDY	S	17	18	47	1	4	10	1.0386907410414719	1.8411537601618582
GIST1M_HEAD128	RESIDUAL_NLIST1024	B_TO_A	CORR_GREEDY	S	18	20	68	0	5	9	0.8493977480731574	1.03411733717632
GIST1M_HEAD128	RESIDUAL_NLIST1024	B_TO_A	CORR_GREEDY	S	18	20	68	1	4	9	0.5937165120457097	0.6563228504868721
GIST1M_HEAD128	RESIDUAL_NLIST1024	B_TO_A	CORR_GREEDY	S	19	22	66	0	5	9	0.7114993149755551	0.5238669739203037
GIST1M_HEAD128	RESIDUAL_NLIST1024	B_TO_A	CORR_GREEDY	S	19	22	66	1	4	9	0.4210612148403683	0.4353477677096277
GIST1M_HEAD128	RESIDUAL_NLIST1024	B_TO_A	CORR_GREEDY	S	20	23	73	0	5	9	0.6957742850390133	0.6748854953338836
GIST1M_HEAD128	RESIDUAL_NLIST1024	B_TO_A	CORR_GREEDY	S	20	23	73	1	4	9	0.40919651950042946	0.3952905477183962
GIST1M_HEAD128	RESIDUAL_NLIST1024	B_TO_A	CORR_GREEDY	S	21	24	98	0	4	8	1.1426389346655976	1.2651119318244621
GIST1M_HEAD128	RESIDUAL_NLIST1024	B_TO_A	CORR_GREEDY	S	21	24	98	1	4	8	0.4942905256206297	0.6480967886338692
GIST1M_HEAD128	RESIDUAL_NLIST1024	B_TO_A	CORR_GREEDY	S	22	25	27	0	4	8	1.0784762573475621	1.036479812955445
GIST1M_HEAD128	RESIDUAL_NLIST1024	B_TO_A	CORR_GREEDY	S	22	25	27	1	4	8	1.006293183631719	1.6764407811347735
GIST1M_HEAD128	RESIDUAL_NLIST1024	B_TO_A	CORR_GREEDY	S	23	26	40	0	4	8	0.9092272042339942	0.9366202823500199
GIST1M_HEAD128	RESIDUAL_NLIST1024	B_TO_A	CORR_GREEDY	S	23	26	40	1	4	8	1.1234341069623273	1.2097028825327274
GIST1M_HEAD128	RESIDUAL_NLIST1024	B_TO_A	CORR_GREEDY	S	24	29	67	0	4	8	0.8770504747238952	1.2102881256722833
GIST1M_HEAD128	RESIDUAL_NLIST1024	B_TO_A	CORR_GREEDY	S	24	29	67	1	4	8	0.45673227493379853	0.44740093170816864
GIST1M_HEAD128	RESIDUAL_NLIST1024	B_TO_A	CORR_GREEDY	S	25	30	100	0	4	7	0.8032767052914029	0.9174006116696724
GIST1M_HEAD128	RESIDUAL_NLIST1024	B_TO_A	CORR_GREEDY	S	25	30	100	1	3	7	0.9444390719888678	0.9602581823804656
GIST1M_HEAD128	RESIDUAL_NLIST1024	B_TO_A	CORR_GREEDY	S	26	31	75	0	4	8	1.1060047024689568	0.9804377342149829
GIST1M_HEAD128	RESIDUAL_NLIST1024	B_TO_A	CORR_GREEDY	S	26	31	75	1	4	8	0.3870496073440397	0.4454131489500736
GIST1M_HEAD128	RESIDUAL_NLIST1024	B_TO_A	CORR_GREEDY	S	27	32	33	0	4	8	0.8535508542582417	0.9195731574410336
GIST1M_HEAD128	RESIDUAL_NLIST1024	B_TO_A	CORR_GREEDY	S	27	32	33	1	4	8	0.8205732276204096	0.8440598111486096
GIST1M_HEAD128	RESIDUAL_NLIST1024	B_TO_A	CORR_GREEDY	S	28	34	117	0	5	9	1.0112706275005467	1.3441599328462346
GIST1M_HEAD128	RESIDUAL_NLIST1024	B_TO_A	CORR_GREEDY	S	28	34	117	1	4	9	0.600436334869233	0.57969051910737
GIST1M_HEAD128	RESIDUAL_NLIST1024	B_TO_A	CORR_GREEDY	S	29	35	72	0	5	9	0.5832920621651122	0.8475259740706869
GIST1M_HEAD128	RESIDUAL_NLIST1024	B_TO_A	CORR_GREEDY	S	29	35	72	1	4	9	0.3913316896785608	0.3959060430014478
GIST1M_HEAD128	RESIDUAL_NLIST1024	B_TO_A	CORR_GREEDY	S	30	37	46	0	4	8	0.6632352931679655	0.7741834526114234
GIST1M_HEAD128	RESIDUAL_NLIST1024	B_TO_A	CORR_GREEDY	S	30	37	46	1	4	8	0.6653092963556135	0.7106301445036255
GIST1M_HEAD128	RESIDUAL_NLIST1024	B_TO_A	CORR_GREEDY	S	31	38	41	0	4	8	0.914779195593437	0.7914417084922936
GIST1M_HEAD128	RESIDUAL_NLIST1024	B_TO_A	CORR_GREEDY	S	31	38	41	1	4	8	0.7700509627990082	0.821744155986015
GIST1M_HEAD128	RESIDUAL_NLIST1024	B_TO_A	CORR_GREEDY	S	32	42	107	0	4	7	0.7496841969428292	0.828026417857782
GIST1M_HEAD128	RESIDUAL_NLIST1024	B_TO_A	CORR_GREEDY	S	32	42	107	1	3	7	0.8592079954443191	0.9789762535557376
GIST1M_HEAD128	RESIDUAL_NLIST1024	B_TO_A	CORR_GREEDY	S	33	44	45	0	4	8	0.7216793747235022	0.7231631795790537
GIST1M_HEAD128	RESIDUAL_NLIST1024	B_TO_A	CORR_GREEDY	S	33	44	45	1	4	8	0.7506625294091795	1.010076036813968
GIST1M_HEAD128	RESIDUAL_NLIST1024	B_TO_A	CORR_GREEDY	S	34	49	82	0	4	8	0.7420877411003717	0.6349795830913953
GIST1M_HEAD128	RESIDUAL_NLIST1024	B_TO_A	CORR_GREEDY	S	34	49	82	1	4	8	0.635867121915268	0.7982310537983347
GIST1M_HEAD128	RESIDUAL_NLIST1024	B_TO_A	CORR_GREEDY	S	35	50	105	0	4	7	0.993731382428775	1.2578997561970875
GIST1M_HEAD128	RESIDUAL_NLIST1024	B_TO_A	CORR_GREEDY	S	35	50	105	1	3	7	0.9244525434014699	0.8276948819166907
GIST1M_HEAD128	RESIDUAL_NLIST1024	B_TO_A	CORR_GREEDY	S	36	51	52	0	4	8	0.6716960579160524	0.6419265822497475
GIST1M_HEAD128	RESIDUAL_NLIST1024	B_TO_A	CORR_GREEDY	S	36	51	52	1	4	8	0.6259508539312093	0.6724661490147807
GIST1M_HEAD128	RESIDUAL_NLIST1024	B_TO_A	CORR_GREEDY	S	37	53	116	0	4	7	0.6288578147861652	0.6841265709608992
GIST1M_HEAD128	RESIDUAL_NLIST1024	B_TO_A	CORR_GREEDY	S	37	53	116	1	3	7	0.7777640890879105	0.81662687078915
GIST1M_HEAD128	RESIDUAL_NLIST1024	B_TO_A	CORR_GREEDY	S	38	54	90	0	4	7	0.5667066459277431	0.6162581555970095
GIST1M_HEAD128	RESIDUAL_NLIST1024	B_TO_A	CORR_GREEDY	S	38	54	90	1	3	7	0.979485797656518	1.014452723393104
GIST1M_HEAD128	RESIDUAL_NLIST1024	B_TO_A	CORR_GREEDY	S	39	55	120	0	4	8	0.5790055995225353	0.5484996867342647
GIST1M_HEAD128	RESIDUAL_NLIST1024	B_TO_A	CORR_GREEDY	S	39	55	120	1	4	8	0.5053124233386139	0.39503784477351
GIST1M_HEAD128	RESIDUAL_NLIST1024	B_TO_A	CORR_GREEDY	S	40	56	89	0	4	8	0.570951161633587	0.5413102952564501
GIST1M_HEAD128	RESIDUAL_NLIST1024	B_TO_A	CORR_GREEDY	S	40	56	89	1	4	8	0.34062422433284556	0.3200847148219621
GIST1M_HEAD128	RESIDUAL_NLIST1024	B_TO_A	CORR_GREEDY	S	41	57	85	0	4	8	0.5620048840149618	0.5278984687292483
GIST1M_HEAD128	RESIDUAL_NLIST1024	B_TO_A	CORR_GREEDY	S	41	57	85	1	4	8	0.42484706557966884	0.4206066925381172
GIST1M_HEAD128	RESIDUAL_NLIST1024	B_TO_A	CORR_GREEDY	S	42	58	60	0	4	8	0.6230986179808433	0.5075051223674181
GIST1M_HEAD128	RESIDUAL_NLIST1024	B_TO_A	CORR_GREEDY	S	42	58	60	1	4	8	0.47481500321725545	0.4928899448454013
GIST1M_HEAD128	RESIDUAL_NLIST1024	B_TO_A	CORR_GREEDY	S	43	59	62	0	4	8	0.5456641801856386	0.5196653077998412
GIST1M_HEAD128	RESIDUAL_NLIST1024	B_TO_A	CORR_GREEDY	S	43	59	62	1	4	8	0.5198654532393983	0.5386542347435497
GIST1M_HEAD128	RESIDUAL_NLIST1024	B_TO_A	CORR_GREEDY	S	44	61	69	0	4	8	0.5197370377009602	0.4610294078263454
GIST1M_HEAD128	RESIDUAL_NLIST1024	B_TO_A	CORR_GREEDY	S	44	61	69	1	4	8	0.3957695234039025	0.4444684222776252
GIST1M_HEAD128	RESIDUAL_NLIST1024	B_TO_A	CORR_GREEDY	S	45	64	65	0	4	8	0.4996081260281669	0.43492633449599066
GIST1M_HEAD128	RESIDUAL_NLIST1024	B_TO_A	CORR_GREEDY	S	45	64	65	1	4	8	1.0091506878763847	1.2858290083647834
GIST1M_HEAD128	RESIDUAL_NLIST1024	B_TO_A	CORR_GREEDY	S	46	70	80	0	4	8	0.68112376595497	0.617410720520797
GIST1M_HEAD128	RESIDUAL_NLIST1024	B_TO_A	CORR_GREEDY	S	46	70	80	1	4	8	0.6390295475413029	0.6243695723198563
GIST1M_HEAD128	RESIDUAL_NLIST1024	B_TO_A	CORR_GREEDY	S	47	74	101	0	4	8	0.3169169494724702	0.3388897501019868
GIST1M_HEAD128	RESIDUAL_NLIST1024	B_TO_A	CORR_GREEDY	S	47	74	101	1	4	8	0.4487518943877017	0.39350566919279845
GIST1M_HEAD128	RESIDUAL_NLIST1024	B_TO_A	CORR_GREEDY	S	48	76	109	0	4	7	0.37120406285090296	0.35932620848306995
GIST1M_HEAD128	RESIDUAL_NLIST1024	B_TO_A	CORR_GREEDY	S	48	76	109	1	3	7	0.7837137083353568	0.7854956526749036
GIST1M_HEAD128	RESIDUAL_NLIST1024	B_TO_A	CORR_GREEDY	S	49	77	125	0	4	7	0.3603902690354509	0.34361639461887183
GIST1M_HEAD128	RESIDUAL_NLIST1024	B_TO_A	CORR_GREEDY	S	49	77	125	1	3	7	0.8230543764094214	0.7447902762748845
GIST1M_HEAD128	RESIDUAL_NLIST1024	B_TO_A	CORR_GREEDY	S	50	78	118	0	4	7	0.5305941320834748	0.8361606635084762
GIST1M_HEAD128	RESIDUAL_NLIST1024	B_TO_A	CORR_GREEDY	S	50	78	118	1	3	7	0.7770624787535554	0.7289554785069422
GIST1M_HEAD128	RESIDUAL_NLIST1024	B_TO_A	CORR_GREEDY	S	51	79	113	0	4	8	0.3755341731870444	0.400181441721966
GIST1M_HEAD128	RESIDUAL_NLIST1024	B_TO_A	CORR_GREEDY	S	51	79	113	1	4	8	0.5067822961715512	0.6681119386879943
GIST1M_HEAD128	RESIDUAL_NLIST1024	B_TO_A	CORR_GREEDY	S	52	81	94	0	4	7	0.485133021077105	0.3998490365162611
GIST1M_HEAD128	RESIDUAL_NLIST1024	B_TO_A	CORR_GREEDY	S	52	81	94	1	3	7	0.9824217303691338	1.0228569011665567
GIST1M_HEAD128	RESIDUAL_NLIST1024	B_TO_A	CORR_GREEDY	S	53	83	84	0	4	8	0.35983128073170995	0.32135475850688955
GIST1M_HEAD128	RESIDUAL_NLIST1024	B_TO_A	CORR_GREEDY	S	53	83	84	1	4	8	0.3072507093174003	0.4288473871659922
GIST1M_HEAD128	RESIDUAL_NLIST1024	B_TO_A	CORR_GREEDY	S	54	87	97	0	4	7	0.3307344549857457	0.28571802517562145
GIST1M_HEAD128	RESIDUAL_NLIST1024	B_TO_A	CORR_GREEDY	S	54	87	97	1	3	7	1.0679513083084755	1.0688324794189819
GIST1M_HEAD128	RESIDUAL_NLIST1024	B_TO_A	CORR_GREEDY	S	55	88	115	0	4	7	0.32681869384462203	0.29214301003055954
GIST1M_HEAD128	RESIDUAL_NLIST1024	B_TO_A	CORR_GREEDY	S	55	88	115	1	3	7	0.8392001361918131	0.8101597553809348
GIST1M_HEAD128	RESIDUAL_NLIST1024	B_TO_A	CORR_GREEDY	S	56	91	92	0	4	7	0.3210714652251941	0.3076237236611147
GIST1M_HEAD128	RESIDUAL_NLIST1024	B_TO_A	CORR_GREEDY	S	56	91	92	1	3	7	0.9767315655468121	1.0329562711366558
GIST1M_HEAD128	RESIDUAL_NLIST1024	B_TO_A	CORR_GREEDY	S	57	93	95	0	3	7	0.8871857101686513	1.024784718196845
GIST1M_HEAD128	RESIDUAL_NLIST1024	B_TO_A	CORR_GREEDY	S	57	93	95	1	4	7	0.3808174007641284	0.4530328826619285
GIST1M_HEAD128	RESIDUAL_NLIST1024	B_TO_A	CORR_GREEDY	S	58	96	112	0	3	7	0.9839593658096604	1.1147288338182335
GIST1M_HEAD128	RESIDUAL_NLIST1024	B_TO_A	CORR_GREEDY	S	58	96	112	1	4	7	0.381436052798267	0.4362487469992674
GIST1M_HEAD128	RESIDUAL_NLIST1024	B_TO_A	CORR_GREEDY	S	59	99	104	0	3	6	0.8926162299953924	0.9561562157454292
GIST1M_HEAD128	RESIDUAL_NLIST1024	B_TO_A	CORR_GREEDY	S	59	99	104	1	3	6	0.9636473318741332	0.8946736469245365
GIST1M_HEAD128	RESIDUAL_NLIST1024	B_TO_A	CORR_GREEDY	S	60	102	110	0	3	6	0.8907682268636664	0.8829849581841979
GIST1M_HEAD128	RESIDUAL_NLIST1024	B_TO_A	CORR_GREEDY	S	60	102	110	1	3	6	0.7658221921533557	0.7967306634780918
GIST1M_HEAD128	RESIDUAL_NLIST1024	B_TO_A	CORR_GREEDY	S	61	103	126	0	3	6	0.8638917827200991	0.8757430913786741
GIST1M_HEAD128	RESIDUAL_NLIST1024	B_TO_A	CORR_GREEDY	S	61	103	126	1	3	6	0.6450094563639972	0.7278792609463076
GIST1M_HEAD128	RESIDUAL_NLIST1024	B_TO_A	CORR_GREEDY	S	62	106	127	0	3	6	1.260168127591323	0.8472537623853104
GIST1M_HEAD128	RESIDUAL_NLIST1024	B_TO_A	CORR_GREEDY	S	62	106	127	1	3	6	0.6468857022209846	0.6434249023908124
GIST1M_HEAD128	RESIDUAL_NLIST1024	B_TO_A	CORR_GREEDY	S	63	108	119	0	3	6	1.0356387577437118	1.1612605046776296
GIST1M_HEAD128	RESIDUAL_NLIST1024	B_TO_A	CORR_GREEDY	S	63	108	119	1	3	6	0.6802152270965038	0.7007299111234989
GIST1M_HEAD128	RESIDUAL_NLIST1024	B_TO_A	EA	U	0	0	127	0	5	8	1.6621314752949434	1.6376196774259248
GIST1M_HEAD128	RESIDUAL_NLIST1024	B_TO_A	EA	U	0	0	127	1	3	8	0.6532064078968367	0.6319655405279528
GIST1M_HEAD128	RESIDUAL_NLIST1024	B_TO_A	EA	U	1	1	120	0	5	8	1.5799340082942976	1.3432691410213367
GIST1M_HEAD128	RESIDUAL_NLIST1024	B_TO_A	EA	U	1	1	120	1	3	8	1.3790629640776344	1.0311258357316067
GIST1M_HEAD128	RESIDUAL_NLIST1024	B_TO_A	EA	U	2	2	126	0	5	8	1.6133646373808557	1.5237860230819633
GIST1M_HEAD128	RESIDUAL_NLIST1024	B_TO_A	EA	U	2	2	126	1	3	8	0.6577960766128379	0.7095860109276915
GIST1M_HEAD128	RESIDUAL_NLIST1024	B_TO_A	EA	U	3	3	124	0	5	8	1.2383899076423281	1.1287940035470392
GIST1M_HEAD128	RESIDUAL_NLIST1024	B_TO_A	EA	U	3	3	124	1	3	8	0.6215158579457299	0.6383434269464974
GIST1M_HEAD128	RESIDUAL_NLIST1024	B_TO_A	EA	U	4	4	121	0	5	8	1.3343011215023992	2.249192751015751
GIST1M_HEAD128	RESIDUAL_NLIST1024	B_TO_A	EA	U	4	4	121	1	3	8	0.6657673951845483	0.6781196326291545
GIST1M_HEAD128	RESIDUAL_NLIST1024	B_TO_A	EA	U	5	5	112	0	5	8	1.0189017481565465	1.2171824058476934
GIST1M_HEAD128	RESIDUAL_NLIST1024	B_TO_A	EA	U	5	5	112	1	3	8	1.1383638932646356	1.1992310685050276
GIST1M_HEAD128	RESIDUAL_NLIST1024	B_TO_A	EA	U	6	6	122	0	5	8	1.2133395694674984	1.1538355884304918
GIST1M_HEAD128	RESIDUAL_NLIST1024	B_TO_A	EA	U	6	6	122	1	3	8	0.7124526569306939	0.704499880926528
GIST1M_HEAD128	RESIDUAL_NLIST1024	B_TO_A	EA	U	7	7	119	0	5	8	1.1649546199321845	1.128993231370711
GIST1M_HEAD128	RESIDUAL_NLIST1024	B_TO_A	EA	U	7	7	119	1	3	8	0.6860033438364839	0.7064478035594022
GIST1M_HEAD128	RESIDUAL_NLIST1024	B_TO_A	EA	U	8	8	113	0	5	8	1.0032120592001408	1.281997988524143
GIST1M_HEAD128	RESIDUAL_NLIST1024	B_TO_A	EA	U	8	8	113	1	3	8	1.3376068330505262	1.6471497927190817
GIST1M_HEAD128	RESIDUAL_NLIST1024	B_TO_A	EA	U	9	9	125	0	5	8	0.8950597056296222	1.0055552062254
GIST1M_HEAD128	RESIDUAL_NLIST1024	B_TO_A	EA	U	9	9	125	1	3	8	0.822932105133179	0.7576834175790201
GIST1M_HEAD128	RESIDUAL_NLIST1024	B_TO_A	EA	U	10	10	117	0	5	8	0.9317878980850866	0.9628465542080269
GIST1M_HEAD128	RESIDUAL_NLIST1024	B_TO_A	EA	U	10	10	117	1	3	8	1.392141971575387	1.4042835258333
GIST1M_HEAD128	RESIDUAL_NLIST1024	B_TO_A	EA	U	11	11	123	0	5	8	1.4315688302371292	1.0914489290279445
GIST1M_HEAD128	RESIDUAL_NLIST1024	B_TO_A	EA	U	11	11	123	1	3	8	0.6805000172007944	0.7724828250539988
GIST1M_HEAD128	RESIDUAL_NLIST1024	B_TO_A	EA	U	12	12	118	0	5	8	0.7671829144857867	0.9250334479005095
GIST1M_HEAD128	RESIDUAL_NLIST1024	B_TO_A	EA	U	12	12	118	1	3	8	0.786175435333457	0.7335857944717847
GIST1M_HEAD128	RESIDUAL_NLIST1024	B_TO_A	EA	U	13	13	116	0	5	8	0.6898702397678098	0.8143442627560044
GIST1M_HEAD128	RESIDUAL_NLIST1024	B_TO_A	EA	U	13	13	116	1	3	8	0.7764943998501381	0.8133317930742583
GIST1M_HEAD128	RESIDUAL_NLIST1024	B_TO_A	EA	U	14	14	115	0	5	8	0.7559919388631342	0.775062694291927
GIST1M_HEAD128	RESIDUAL_NLIST1024	B_TO_A	EA	U	14	14	115	1	3	8	0.8406461555560192	0.8013716058819863
GIST1M_HEAD128	RESIDUAL_NLIST1024	B_TO_A	EA	U	15	15	114	0	5	8	1.0618851532308238	1.2337477785072788
GIST1M_HEAD128	RESIDUAL_NLIST1024	B_TO_A	EA	U	15	15	114	1	3	8	0.9317735060456547	0.8815641615557102
GIST1M_HEAD128	RESIDUAL_NLIST1024	B_TO_A	EA	U	16	16	111	0	5	8	0.6072794622160806	0.5733657605339405
GIST1M_HEAD128	RESIDUAL_NLIST1024	B_TO_A	EA	U	16	16	111	1	3	8	0.8070980365759929	0.8121284580788011
GIST1M_HEAD128	RESIDUAL_NLIST1024	B_TO_A	EA	U	17	17	105	0	5	8	0.9376620989725748	0.887634271702755
GIST1M_HEAD128	RESIDUAL_NLIST1024	B_TO_A	EA	U	17	17	105	1	3	8	0.9387551816467749	0.8357451689747921
GIST1M_HEAD128	RESIDUAL_NLIST1024	B_TO_A	EA	U	18	18	107	0	5	8	1.4158744154179126	2.3838007373593273
GIST1M_HEAD128	RESIDUAL_NLIST1024	B_TO_A	EA	U	18	18	107	1	3	8	0.8598894065609797	0.9739510932923142
GIST1M_HEAD128	RESIDUAL_NLIST1024	B_TO_A	EA	U	19	19	109	0	5	8	0.5168271039147088	0.6332848292829004
GIST1M_HEAD128	RESIDUAL_NLIST1024	B_TO_A	EA	U	19	19	109	1	3	8	0.7829531883930065	0.7857584525536028
GIST1M_HEAD128	RESIDUAL_NLIST1024	B_TO_A	EA	U	20	20	108	0	5	8	0.8569862191304665	1.0576551804577994
GIST1M_HEAD128	RESIDUAL_NLIST1024	B_TO_A	EA	U	20	20	108	1	3	8	1.0451548164207138	1.1576995466426392
GIST1M_HEAD128	RESIDUAL_NLIST1024	B_TO_A	EA	U	21	21	104	0	5	8	0.5971820273814459	0.7391468348795716
GIST1M_HEAD128	RESIDUAL_NLIST1024	B_TO_A	EA	U	21	21	104	1	3	8	0.9123949823021774	0.8829880361737028
GIST1M_HEAD128	RESIDUAL_NLIST1024	B_TO_A	EA	U	22	22	110	0	5	8	0.7097145251859834	0.5147414460427857
GIST1M_HEAD128	RESIDUAL_NLIST1024	B_TO_A	EA	U	22	22	110	1	3	8	0.8425885730541551	0.7852231968308967
GIST1M_HEAD128	RESIDUAL_NLIST1024	B_TO_A	EA	U	23	23	103	0	5	8	0.7154576525309673	0.6600759137542676
GIST1M_HEAD128	RESIDUAL_NLIST1024	B_TO_A	EA	U	23	23	103	1	3	8	0.8711666589187514	0.8947524130398244
GIST1M_HEAD128	RESIDUAL_NLIST1024	B_TO_A	EA	U	24	24	106	0	5	8	0.5090663039241387	0.5812442244719407
GIST1M_HEAD128	RESIDUAL_NLIST1024	B_TO_A	EA	U	24	24	106	1	3	8	1.2606420070769455	0.8452570822941113
GIST1M_HEAD128	RESIDUAL_NLIST1024	B_TO_A	EA	U	25	25	91	0	4	8	1.0113184821275962	1.5379981023283467
GIST1M_HEAD128	RESIDUAL_NLIST1024	B_TO_A	EA	U	25	25	91	1	4	8	0.2969965695722656	0.2925924650193391
GIST1M_HEAD128	RESIDUAL_NLIST1024	B_TO_A	EA	U	26	26	101	0	4	8	0.8695157511159984	0.928915388427118
GIST1M_HEAD128	RESIDUAL_NLIST1024	B_TO_A	EA	U	26	26	101	1	4	8	0.4110601274298856	0.3693209809081969
GIST1M_HEAD128	RESIDUAL_NLIST1024	B_TO_A	EA	U	27	27	96	0	4	8	1.0215580949626406	1.0223633274512545
GIST1M_HEAD128	RESIDUAL_NLIST1024	B_TO_A	EA	U	27	27	96	1	4	8	0.3078064063470369	0.3957182203773172
GIST1M_HEAD128	RESIDUAL_NLIST1024	B_TO_A	EA	U	28	28	95	0	4	8	0.9496808200906179	1.2093252497539646
GIST1M_HEAD128	RESIDUAL_NLIST1024	B_TO_A	EA	U	28	28	95	1	4	8	0.2809590284502849	0.38739348350727576
GIST1M_HEAD128	RESIDUAL_NLIST1024	B_TO_A	EA	U	29	29	102	0	4	8	0.8693029737589457	1.1935970771017985
GIST1M_HEAD128	RESIDUAL_NLIST1024	B_TO_A	EA	U	29	29	102	1	4	8	0.26999685231022114	0.2767470374168978
GIST1M_HEAD128	RESIDUAL_NLIST1024	B_TO_A	EA	U	30	30	99	0	4	8	0.8047011910590955	0.9134144229022649
GIST1M_HEAD128	RESIDUAL_NLIST1024	B_TO_A	EA	U	30	30	99	1	4	8	0.28352793065261866	0.3108365456377411
GIST1M_HEAD128	RESIDUAL_NLIST1024	B_TO_A	EA	U	31	31	98	0	4	8	1.1086344580185274	0.9833285477720458
GIST1M_HEAD128	RESIDUAL_NLIST1024	B_TO_A	EA	U	31	31	98	1	4	8	0.49090912827263034	0.6466433884331653
GIST1M_HEAD128	RESIDUAL_NLIST1024	B_TO_A	EA	U	32	32	100	0	4	8	0.8243192726719617	0.9423937306492305
GIST1M_HEAD128	RESIDUAL_NLIST1024	B_TO_A	EA	U	32	32	100	1	4	8	0.3038361160027344	0.28356544572282255
GIST1M_HEAD128	RESIDUAL_NLIST1024	B_TO_A	EA	U	33	33	97	0	4	8	0.8622895694467066	0.8288388757567917
GIST1M_HEAD128	RESIDUAL_NLIST1024	B_TO_A	EA	U	33	33	97	1	4	8	0.3820750324035763	0.36251298346665317
GIST1M_HEAD128	RESIDUAL_NLIST1024	B_TO_A	EA	U	34	34	93	0	5	8	0.9985232420627785	1.3496906924433791
GIST1M_HEAD128	RESIDUAL_NLIST1024	B_TO_A	EA	U	34	34	93	1	3	8	1.0811207374427714	1.266840776181867
GIST1M_HEAD128	RESIDUAL_NLIST1024	B_TO_A	EA	U	35	35	90	0	5	8	0.6228783856169211	0.9191777934756319
GIST1M_HEAD128	RESIDUAL_NLIST1024	B_TO_A	EA	U	35	35	90	1	3	8	0.9756738776034235	1.0074775742625495
GIST1M_HEAD128	RESIDUAL_NLIST1024	B_TO_A	EA	U	36	36	92	0	4	8	0.8967366526002596	0.7831337091528797
GIST1M_HEAD128	RESIDUAL_NLIST1024	B_TO_A	EA	U	36	36	92	1	4	8	0.2935025267911378	0.2888084427972186
GIST1M_HEAD128	RESIDUAL_NLIST1024	B_TO_A	EA	U	37	37	78	0	4	8	0.6590810872627919	0.7711449152853145
GIST1M_HEAD128	RESIDUAL_NLIST1024	B_TO_A	EA	U	37	37	78	1	4	8	0.5369172396284236	0.8491661084114984
GIST1M_HEAD128	RESIDUAL_NLIST1024	B_TO_A	EA	U	38	38	88	0	4	8	1.0073256657297076	0.8602628478578509
GIST1M_HEAD128	RESIDUAL_NLIST1024	B_TO_A	EA	U	38	38	88	1	4	8	0.33097468340561254	0.30005108837019995
GIST1M_HEAD128	RESIDUAL_NLIST1024	B_TO_A	EA	U	39	39	82	0	4	8	0.9902437286995681	0.7544769138343544
GIST1M_HEAD128	RESIDUAL_NLIST1024	B_TO_A	EA	U	39	39	82	1	4	8	0.6337715330336351	0.789037387212585
GIST1M_HEAD128	RESIDUAL_NLIST1024	B_TO_A	EA	U	40	40	86	0	4	8	1.1126410582546393	1.1999442248187995
GIST1M_HEAD128	RESIDUAL_NLIST1024	B_TO_A	EA	U	40	40	86	1	4	8	0.32705463116197236	0.29439246279709197
GIST1M_HEAD128	RESIDUAL_NLIST1024	B_TO_A	EA	U	41	41	94	0	4	8	0.9136458582227431	0.8374885710930102
GIST1M_HEAD128	RESIDUAL_NLIST1024	B_TO_A	EA	U	41	41	94	1	4	8	0.3284932086311926	0.3406234601319294
GIST1M_HEAD128	RESIDUAL_NLIST1024	B_TO_A	EA	U	42	42	87	0	4	8	0.7512861286798486	0.8312398662366758
GIST1M_HEAD128	RESIDUAL_NLIST1024	B_TO_A	EA	U	42	42	87	1	4	8	0.32224334052539294	0.31107569488596515
GIST1M_HEAD128	RESIDUAL_NLIST1024	B_TO_A	EA	U	43	43	89	0	4	8	0.7265141647052334	0.7130232518668851
GIST1M_HEAD128	RESIDUAL_NLIST1024	B_TO_A	EA	U	43	43	89	1	4	8	0.3351715524502016	0.31786763089496606
GIST1M_HEAD128	RESIDUAL_NLIST1024	B_TO_A	EA	U	44	44	81	0	4	8	0.7083801957164291	0.7113058877935434
GIST1M_HEAD128	RESIDUAL_NLIST1024	B_TO_A	EA	U	44	44	81	1	4	8	0.448277113470285	0.39064289917141376
GIST1M_HEAD128	RESIDUAL_NLIST1024	B_TO_A	EA	U	45	45	79	0	4	8	0.6902414312107314	0.9420429926697749
GIST1M_HEAD128	RESIDUAL_NLIST1024	B_TO_A	EA	U	45	45	79	1	4	8	0.36944874818739604	0.39986315329667904
GIST1M_HEAD128	RESIDUAL_NLIST1024	B_TO_A	EA	U	46	46	84	0	4	8	0.6884723194302907	0.6953720798784369
GIST1M_HEAD128	RESIDUAL_NLIST1024	B_TO_A	EA	U	46	46	84	1	4	8	0.3106354722850745	0.3741341063931206
GIST1M_HEAD128	RESIDUAL_NLIST1024	B_TO_A	EA	U	47	47	70	0	4	8	1.0283505177954906	1.7778117662469624
GIST1M_HEAD128	RESIDUAL_NLIST1024	B_TO_A	EA	U	47	47	70	1	4	8	0.6847740235760122	0.7351778153694587
GIST1M_HEAD128	RESIDUAL_NLIST1024	B_TO_A	EA	U	48	48	77	0	4	8	0.6855818475031401	0.5961919913881795
GIST1M_HEAD128	RESIDUAL_NLIST1024	B_TO_A	EA	U	48	48	77	1	4	8	0.35471190566482935	0.3441738208394179
GIST1M_HEAD128	RESIDUAL_NLIST1024	B_TO_A	EA	U	49	49	85	0	4	8	0.7446389401552961	0.6258220197905935
GIST1M_HEAD128	RESIDUAL_NLIST1024	B_TO_A	EA	U	49	49	85	1	4	8	0.42331354170264446	0.42203590320522233
GIST1M_HEAD128	RESIDUAL_NLIST1024	B_TO_A	EA	U	50	50	75	0	4	8	0.9943484634840958	1.2573237190386446
GIST1M_HEAD128	RESIDUAL_NLIST1024	B_TO_A	EA	U	50	50	75	1	4	8	0.3991963974622349	0.4457970214209497
GIST1M_HEAD128	RESIDUAL_NLIST1024	B_TO_A	EA	U	51	51	83	0	4	8	0.7092079693101212	0.6070683100180936
GIST1M_HEAD128	RESIDUAL_NLIST1024	B_TO_A	EA	U	51	51	83	1	4	8	0.3501860785692409	0.3113264637706922
GIST1M_HEAD128	RESIDUAL_NLIST1024	B_TO_A	EA	U	52	52	80	0	4	8	0.6896180461647531	0.6227897585802368
GIST1M_HEAD128	RESIDUAL_NLIST1024	B_TO_A	EA	U	52	52	80	1	4	8	0.8604165233832028	0.605831737041877
GIST1M_HEAD128	RESIDUAL_NLIST1024	B_TO_A	EA	U	53	53	68	0	4	8	0.6314749907767295	0.6828358392660929
GIST1M_HEAD128	RESIDUAL_NLIST1024	B_TO_A	EA	U	53	53	68	1	4	8	0.6224641611241164	0.6669039512529045
GIST1M_HEAD128	RESIDUAL_NLIST1024	B_TO_A	EA	U	54	54	76	0	4	8	0.5629557121782189	0.6127391399386803
GIST1M_HEAD128	RESIDUAL_NLIST1024	B_TO_A	EA	U	54	54	76	1	4	8	0.3705658773311967	0.35800507472755827
GIST1M_HEAD128	RESIDUAL_NLIST1024	B_TO_A	EA	U	55	55	74	0	4	8	0.5806289580732675	0.5535261986569378
GIST1M_HEAD128	RESIDUAL_NLIST1024	B_TO_A	EA	U	55	55	74	1	4	8	0.3154436411217265	0.3457640877803936
GIST1M_HEAD128	RESIDUAL_NLIST1024	B_TO_A	EA	U	56	56	71	0	4	8	0.569038737505781	0.5312788348112257
GIST1M_HEAD128	RESIDUAL_NLIST1024	B_TO_A	EA	U	56	56	71	1	4	8	0.7118659263301241	0.7694329401558039
GIST1M_HEAD128	RESIDUAL_NLIST1024	B_TO_A	EA	U	57	57	72	0	4	8	0.5566838802995699	0.5208412211337112
GIST1M_HEAD128	RESIDUAL_NLIST1024	B_TO_A	EA	U	57	57	72	1	4	8	0.37629367781168366	0.4003952625449454
GIST1M_HEAD128	RESIDUAL_NLIST1024	B_TO_A	EA	U	58	58	69	0	4	8	0.5015521804160031	0.6197057069505354
GIST1M_HEAD128	RESIDUAL_NLIST1024	B_TO_A	EA	U	58	58	69	1	4	8	0.4093705781355059	0.41078211715922686
GIST1M_HEAD128	RESIDUAL_NLIST1024	B_TO_A	EA	U	59	59	73	0	4	8	0.5709904778086072	0.5297663343626368
GIST1M_HEAD128	RESIDUAL_NLIST1024	B_TO_A	EA	U	59	59	73	1	4	8	0.41017572383176537	0.40711905165209017
GIST1M_HEAD128	RESIDUAL_NLIST1024	B_TO_A	EA	U	60	60	67	0	4	8	0.4903140807305295	0.44849645383953374
GIST1M_HEAD128	RESIDUAL_NLIST1024	B_TO_A	EA	U	60	60	67	1	4	8	0.4484296272826643	0.46359307848532133
GIST1M_HEAD128	RESIDUAL_NLIST1024	B_TO_A	EA	U	61	61	65	0	4	8	0.5554411133993163	0.46923051064670046
GIST1M_HEAD128	RESIDUAL_NLIST1024	B_TO_A	EA	U	61	61	65	1	4	8	0.7169621702492157	0.5977003400871602
GIST1M_HEAD128	RESIDUAL_NLIST1024	B_TO_A	EA	U	62	62	64	0	4	8	0.5481624519703152	0.5413400467581274
GIST1M_HEAD128	RESIDUAL_NLIST1024	B_TO_A	EA	U	62	62	64	1	4	8	0.7490931998795938	0.9942410321473532
GIST1M_HEAD128	RESIDUAL_NLIST1024	B_TO_A	EA	U	63	63	66	0	4	8	0.5527137224017947	0.5193303626571167
GIST1M_HEAD128	RESIDUAL_NLIST1024	B_TO_A	EA	U	63	63	66	1	4	8	0.3934588328604845	0.40644773935715045
GIST1M_HEAD128	RESIDUAL_NLIST1024	B_TO_A	EA	V	0	0	127	0	5	8	1.6621314752949434	1.6376196774259248
GIST1M_HEAD128	RESIDUAL_NLIST1024	B_TO_A	EA	V	0	0	127	1	3	8	0.6532064078968367	0.6319655405279528
GIST1M_HEAD128	RESIDUAL_NLIST1024	B_TO_A	EA	V	1	1	120	0	5	8	1.5799340082942976	1.3432691410213367
GIST1M_HEAD128	RESIDUAL_NLIST1024	B_TO_A	EA	V	1	1	120	1	3	8	1.3790629640776344	1.0311258357316067
GIST1M_HEAD128	RESIDUAL_NLIST1024	B_TO_A	EA	V	2	2	126	0	5	8	1.6133646373808557	1.5237860230819633
GIST1M_HEAD128	RESIDUAL_NLIST1024	B_TO_A	EA	V	2	2	126	1	3	8	0.6577960766128379	0.7095860109276915
GIST1M_HEAD128	RESIDUAL_NLIST1024	B_TO_A	EA	V	3	3	124	0	5	8	1.2383899076423281	1.1287940035470392
GIST1M_HEAD128	RESIDUAL_NLIST1024	B_TO_A	EA	V	3	3	124	1	3	8	0.6215158579457299	0.6383434269464974
GIST1M_HEAD128	RESIDUAL_NLIST1024	B_TO_A	EA	V	4	4	121	0	5	8	1.3343011215023992	2.249192751015751
GIST1M_HEAD128	RESIDUAL_NLIST1024	B_TO_A	EA	V	4	4	121	1	3	8	0.6657673951845483	0.6781196326291545
GIST1M_HEAD128	RESIDUAL_NLIST1024	B_TO_A	EA	V	5	5	112	0	5	8	1.0189017481565465	1.2171824058476934
GIST1M_HEAD128	RESIDUAL_NLIST1024	B_TO_A	EA	V	5	5	112	1	3	8	1.1383638932646356	1.1992310685050276
GIST1M_HEAD128	RESIDUAL_NLIST1024	B_TO_A	EA	V	6	6	122	0	5	8	1.2133395694674984	1.1538355884304918
GIST1M_HEAD128	RESIDUAL_NLIST1024	B_TO_A	EA	V	6	6	122	1	3	8	0.7124526569306939	0.704499880926528
GIST1M_HEAD128	RESIDUAL_NLIST1024	B_TO_A	EA	V	7	7	119	0	5	8	1.1649546199321845	1.128993231370711
GIST1M_HEAD128	RESIDUAL_NLIST1024	B_TO_A	EA	V	7	7	119	1	3	8	0.6860033438364839	0.7064478035594022
GIST1M_HEAD128	RESIDUAL_NLIST1024	B_TO_A	EA	V	8	8	113	0	5	8	1.0032120592001408	1.281997988524143
GIST1M_HEAD128	RESIDUAL_NLIST1024	B_TO_A	EA	V	8	8	113	1	3	8	1.3376068330505262	1.6471497927190817
GIST1M_HEAD128	RESIDUAL_NLIST1024	B_TO_A	EA	V	9	9	125	0	5	8	0.8950597056296222	1.0055552062254
GIST1M_HEAD128	RESIDUAL_NLIST1024	B_TO_A	EA	V	9	9	125	1	3	8	0.822932105133179	0.7576834175790201
GIST1M_HEAD128	RESIDUAL_NLIST1024	B_TO_A	EA	V	10	10	117	0	5	8	0.9317878980850866	0.9628465542080269
GIST1M_HEAD128	RESIDUAL_NLIST1024	B_TO_A	EA	V	10	10	117	1	3	8	1.392141971575387	1.4042835258333
GIST1M_HEAD128	RESIDUAL_NLIST1024	B_TO_A	EA	V	11	11	123	0	5	8	1.4315688302371292	1.0914489290279445
GIST1M_HEAD128	RESIDUAL_NLIST1024	B_TO_A	EA	V	11	11	123	1	3	8	0.6805000172007944	0.7724828250539988
GIST1M_HEAD128	RESIDUAL_NLIST1024	B_TO_A	EA	V	12	12	118	0	5	8	0.7671829144857867	0.9250334479005095
GIST1M_HEAD128	RESIDUAL_NLIST1024	B_TO_A	EA	V	12	12	118	1	3	8	0.786175435333457	0.7335857944717847
GIST1M_HEAD128	RESIDUAL_NLIST1024	B_TO_A	EA	V	13	13	116	0	5	8	0.6898702397678098	0.8143442627560044
GIST1M_HEAD128	RESIDUAL_NLIST1024	B_TO_A	EA	V	13	13	116	1	3	8	0.7764943998501381	0.8133317930742583
GIST1M_HEAD128	RESIDUAL_NLIST1024	B_TO_A	EA	V	14	14	115	0	5	8	0.7559919388631342	0.775062694291927
GIST1M_HEAD128	RESIDUAL_NLIST1024	B_TO_A	EA	V	14	14	115	1	3	8	0.8406461555560192	0.8013716058819863
GIST1M_HEAD128	RESIDUAL_NLIST1024	B_TO_A	EA	V	15	15	114	0	5	8	1.0618851532308238	1.2337477785072788
GIST1M_HEAD128	RESIDUAL_NLIST1024	B_TO_A	EA	V	15	15	114	1	3	8	0.9317735060456547	0.8815641615557102
GIST1M_HEAD128	RESIDUAL_NLIST1024	B_TO_A	EA	V	16	16	111	0	5	8	0.6072794622160806	0.5733657605339405
GIST1M_HEAD128	RESIDUAL_NLIST1024	B_TO_A	EA	V	16	16	111	1	3	8	0.8070980365759929	0.8121284580788011
GIST1M_HEAD128	RESIDUAL_NLIST1024	B_TO_A	EA	V	17	17	105	0	5	8	0.9376620989725748	0.887634271702755
GIST1M_HEAD128	RESIDUAL_NLIST1024	B_TO_A	EA	V	17	17	105	1	3	8	0.9387551816467749	0.8357451689747921
GIST1M_HEAD128	RESIDUAL_NLIST1024	B_TO_A	EA	V	18	18	107	0	5	8	1.4158744154179126	2.3838007373593273
GIST1M_HEAD128	RESIDUAL_NLIST1024	B_TO_A	EA	V	18	18	107	1	3	8	0.8598894065609797	0.9739510932923142
GIST1M_HEAD128	RESIDUAL_NLIST1024	B_TO_A	EA	V	19	19	109	0	5	8	0.5168271039147088	0.6332848292829004
GIST1M_HEAD128	RESIDUAL_NLIST1024	B_TO_A	EA	V	19	19	109	1	3	8	0.7829531883930065	0.7857584525536028
GIST1M_HEAD128	RESIDUAL_NLIST1024	B_TO_A	EA	V	20	20	108	0	5	8	0.8569862191304665	1.0576551804577994
GIST1M_HEAD128	RESIDUAL_NLIST1024	B_TO_A	EA	V	20	20	108	1	3	8	1.0451548164207138	1.1576995466426392
GIST1M_HEAD128	RESIDUAL_NLIST1024	B_TO_A	EA	V	21	21	104	0	5	8	0.5971820273814459	0.7391468348795716
GIST1M_HEAD128	RESIDUAL_NLIST1024	B_TO_A	EA	V	21	21	104	1	3	8	0.9123949823021774	0.8829880361737028
GIST1M_HEAD128	RESIDUAL_NLIST1024	B_TO_A	EA	V	22	22	110	0	5	8	0.7097145251859834	0.5147414460427857
GIST1M_HEAD128	RESIDUAL_NLIST1024	B_TO_A	EA	V	22	22	110	1	3	8	0.8425885730541551	0.7852231968308967
GIST1M_HEAD128	RESIDUAL_NLIST1024	B_TO_A	EA	V	23	23	103	0	5	8	0.7154576525309673	0.6600759137542676
GIST1M_HEAD128	RESIDUAL_NLIST1024	B_TO_A	EA	V	23	23	103	1	3	8	0.8711666589187514	0.8947524130398244
GIST1M_HEAD128	RESIDUAL_NLIST1024	B_TO_A	EA	V	24	24	106	0	5	8	0.5090663039241387	0.5812442244719407
GIST1M_HEAD128	RESIDUAL_NLIST1024	B_TO_A	EA	V	24	24	106	1	3	8	1.2606420070769455	0.8452570822941113
GIST1M_HEAD128	RESIDUAL_NLIST1024	B_TO_A	EA	V	25	25	91	0	4	8	1.0113184821275962	1.5379981023283467
GIST1M_HEAD128	RESIDUAL_NLIST1024	B_TO_A	EA	V	25	25	91	1	4	8	0.2969965695722656	0.2925924650193391
GIST1M_HEAD128	RESIDUAL_NLIST1024	B_TO_A	EA	V	26	26	101	0	4	8	0.8695157511159984	0.928915388427118
GIST1M_HEAD128	RESIDUAL_NLIST1024	B_TO_A	EA	V	26	26	101	1	4	8	0.4110601274298856	0.3693209809081969
GIST1M_HEAD128	RESIDUAL_NLIST1024	B_TO_A	EA	V	27	27	96	0	4	8	1.0215580949626406	1.0223633274512545
GIST1M_HEAD128	RESIDUAL_NLIST1024	B_TO_A	EA	V	27	27	96	1	4	8	0.3078064063470369	0.3957182203773172
GIST1M_HEAD128	RESIDUAL_NLIST1024	B_TO_A	EA	V	28	28	95	0	4	8	0.9496808200906179	1.2093252497539646
GIST1M_HEAD128	RESIDUAL_NLIST1024	B_TO_A	EA	V	28	28	95	1	4	8	0.2809590284502849	0.38739348350727576
GIST1M_HEAD128	RESIDUAL_NLIST1024	B_TO_A	EA	V	29	29	102	0	4	8	0.8693029737589457	1.1935970771017985
GIST1M_HEAD128	RESIDUAL_NLIST1024	B_TO_A	EA	V	29	29	102	1	4	8	0.26999685231022114	0.2767470374168978
GIST1M_HEAD128	RESIDUAL_NLIST1024	B_TO_A	EA	V	30	30	99	0	4	8	0.8047011910590955	0.9134144229022649
GIST1M_HEAD128	RESIDUAL_NLIST1024	B_TO_A	EA	V	30	30	99	1	4	8	0.28352793065261866	0.3108365456377411
GIST1M_HEAD128	RESIDUAL_NLIST1024	B_TO_A	EA	V	31	31	98	0	4	8	1.1086344580185274	0.9833285477720458
GIST1M_HEAD128	RESIDUAL_NLIST1024	B_TO_A	EA	V	31	31	98	1	4	8	0.49090912827263034	0.6466433884331653
GIST1M_HEAD128	RESIDUAL_NLIST1024	B_TO_A	EA	V	32	32	100	0	4	8	0.8243192726719617	0.9423937306492305
GIST1M_HEAD128	RESIDUAL_NLIST1024	B_TO_A	EA	V	32	32	100	1	4	8	0.3038361160027344	0.28356544572282255
GIST1M_HEAD128	RESIDUAL_NLIST1024	B_TO_A	EA	V	33	33	97	0	4	8	0.8622895694467066	0.8288388757567917
GIST1M_HEAD128	RESIDUAL_NLIST1024	B_TO_A	EA	V	33	33	97	1	4	8	0.3820750324035763	0.36251298346665317
GIST1M_HEAD128	RESIDUAL_NLIST1024	B_TO_A	EA	V	34	34	93	0	4	8	1.7113356936192088	2.070461508685351
GIST1M_HEAD128	RESIDUAL_NLIST1024	B_TO_A	EA	V	34	34	93	1	4	8	0.3762090768873832	0.4578663839432696
GIST1M_HEAD128	RESIDUAL_NLIST1024	B_TO_A	EA	V	35	35	90	0	4	8	1.3392722095311342	1.2522544761063958
GIST1M_HEAD128	RESIDUAL_NLIST1024	B_TO_A	EA	V	35	35	90	1	4	8	0.29145602710030893	0.341140199791879
GIST1M_HEAD128	RESIDUAL_NLIST1024	B_TO_A	EA	V	36	36	92	0	4	8	0.8967366526002596	0.7831337091528797
GIST1M_HEAD128	RESIDUAL_NLIST1024	B_TO_A	EA	V	36	36	92	1	4	8	0.2935025267911378	0.2888084427972186
GIST1M_HEAD128	RESIDUAL_NLIST1024	B_TO_A	EA	V	37	37	78	0	4	8	0.6590810872627919	0.7711449152853145
GIST1M_HEAD128	RESIDUAL_NLIST1024	B_TO_A	EA	V	37	37	78	1	4	8	0.5369172396284236	0.8491661084114984
GIST1M_HEAD128	RESIDUAL_NLIST1024	B_TO_A	EA	V	38	38	88	0	4	8	1.0073256657297076	0.8602628478578509
GIST1M_HEAD128	RESIDUAL_NLIST1024	B_TO_A	EA	V	38	38	88	1	4	8	0.33097468340561254	0.30005108837019995
GIST1M_HEAD128	RESIDUAL_NLIST1024	B_TO_A	EA	V	39	39	82	0	4	8	0.9902437286995681	0.7544769138343544
GIST1M_HEAD128	RESIDUAL_NLIST1024	B_TO_A	EA	V	39	39	82	1	4	8	0.6337715330336351	0.789037387212585
GIST1M_HEAD128	RESIDUAL_NLIST1024	B_TO_A	EA	V	40	40	86	0	4	8	1.1126410582546393	1.1999442248187995
GIST1M_HEAD128	RESIDUAL_NLIST1024	B_TO_A	EA	V	40	40	86	1	4	8	0.32705463116197236	0.29439246279709197
GIST1M_HEAD128	RESIDUAL_NLIST1024	B_TO_A	EA	V	41	41	94	0	4	8	0.9136458582227431	0.8374885710930102
GIST1M_HEAD128	RESIDUAL_NLIST1024	B_TO_A	EA	V	41	41	94	1	4	8	0.3284932086311926	0.3406234601319294
GIST1M_HEAD128	RESIDUAL_NLIST1024	B_TO_A	EA	V	42	42	87	0	4	8	0.7512861286798486	0.8312398662366758
GIST1M_HEAD128	RESIDUAL_NLIST1024	B_TO_A	EA	V	42	42	87	1	4	8	0.32224334052539294	0.31107569488596515
GIST1M_HEAD128	RESIDUAL_NLIST1024	B_TO_A	EA	V	43	43	89	0	4	8	0.7265141647052334	0.7130232518668851
GIST1M_HEAD128	RESIDUAL_NLIST1024	B_TO_A	EA	V	43	43	89	1	4	8	0.3351715524502016	0.31786763089496606
GIST1M_HEAD128	RESIDUAL_NLIST1024	B_TO_A	EA	V	44	44	81	0	4	8	0.7083801957164291	0.7113058877935434
GIST1M_HEAD128	RESIDUAL_NLIST1024	B_TO_A	EA	V	44	44	81	1	4	8	0.448277113470285	0.39064289917141376
GIST1M_HEAD128	RESIDUAL_NLIST1024	B_TO_A	EA	V	45	45	79	0	4	8	0.6902414312107314	0.9420429926697749
GIST1M_HEAD128	RESIDUAL_NLIST1024	B_TO_A	EA	V	45	45	79	1	4	8	0.36944874818739604	0.39986315329667904
GIST1M_HEAD128	RESIDUAL_NLIST1024	B_TO_A	EA	V	46	46	84	0	4	8	0.6884723194302907	0.6953720798784369
GIST1M_HEAD128	RESIDUAL_NLIST1024	B_TO_A	EA	V	46	46	84	1	4	8	0.3106354722850745	0.3741341063931206
GIST1M_HEAD128	RESIDUAL_NLIST1024	B_TO_A	EA	V	47	47	70	0	4	8	1.0283505177954906	1.7778117662469624
GIST1M_HEAD128	RESIDUAL_NLIST1024	B_TO_A	EA	V	47	47	70	1	4	8	0.6847740235760122	0.7351778153694587
GIST1M_HEAD128	RESIDUAL_NLIST1024	B_TO_A	EA	V	48	48	77	0	4	8	0.6855818475031401	0.5961919913881795
GIST1M_HEAD128	RESIDUAL_NLIST1024	B_TO_A	EA	V	48	48	77	1	4	8	0.35471190566482935	0.3441738208394179
GIST1M_HEAD128	RESIDUAL_NLIST1024	B_TO_A	EA	V	49	49	85	0	4	8	0.7446389401552961	0.6258220197905935
GIST1M_HEAD128	RESIDUAL_NLIST1024	B_TO_A	EA	V	49	49	85	1	4	8	0.42331354170264446	0.42203590320522233
GIST1M_HEAD128	RESIDUAL_NLIST1024	B_TO_A	EA	V	50	50	75	0	4	8	0.9943484634840958	1.2573237190386446
GIST1M_HEAD128	RESIDUAL_NLIST1024	B_TO_A	EA	V	50	50	75	1	4	8	0.3991963974622349	0.4457970214209497
GIST1M_HEAD128	RESIDUAL_NLIST1024	B_TO_A	EA	V	51	51	83	0	4	8	0.7092079693101212	0.6070683100180936
GIST1M_HEAD128	RESIDUAL_NLIST1024	B_TO_A	EA	V	51	51	83	1	4	8	0.3501860785692409	0.3113264637706922
GIST1M_HEAD128	RESIDUAL_NLIST1024	B_TO_A	EA	V	52	52	80	0	4	8	0.6896180461647531	0.6227897585802368
GIST1M_HEAD128	RESIDUAL_NLIST1024	B_TO_A	EA	V	52	52	80	1	4	8	0.8604165233832028	0.605831737041877
GIST1M_HEAD128	RESIDUAL_NLIST1024	B_TO_A	EA	V	53	53	68	0	4	8	0.6314749907767295	0.6828358392660929
GIST1M_HEAD128	RESIDUAL_NLIST1024	B_TO_A	EA	V	53	53	68	1	4	8	0.6224641611241164	0.6669039512529045
GIST1M_HEAD128	RESIDUAL_NLIST1024	B_TO_A	EA	V	54	54	76	0	4	8	0.5629557121782189	0.6127391399386803
GIST1M_HEAD128	RESIDUAL_NLIST1024	B_TO_A	EA	V	54	54	76	1	4	8	0.3705658773311967	0.35800507472755827
GIST1M_HEAD128	RESIDUAL_NLIST1024	B_TO_A	EA	V	55	55	74	0	4	8	0.5806289580732675	0.5535261986569378
GIST1M_HEAD128	RESIDUAL_NLIST1024	B_TO_A	EA	V	55	55	74	1	4	8	0.3154436411217265	0.3457640877803936
GIST1M_HEAD128	RESIDUAL_NLIST1024	B_TO_A	EA	V	56	56	71	0	4	8	0.569038737505781	0.5312788348112257
GIST1M_HEAD128	RESIDUAL_NLIST1024	B_TO_A	EA	V	56	56	71	1	4	8	0.7118659263301241	0.7694329401558039
GIST1M_HEAD128	RESIDUAL_NLIST1024	B_TO_A	EA	V	57	57	72	0	4	8	0.5566838802995699	0.5208412211337112
GIST1M_HEAD128	RESIDUAL_NLIST1024	B_TO_A	EA	V	57	57	72	1	4	8	0.37629367781168366	0.4003952625449454
GIST1M_HEAD128	RESIDUAL_NLIST1024	B_TO_A	EA	V	58	58	69	0	4	8	0.5015521804160031	0.6197057069505354
GIST1M_HEAD128	RESIDUAL_NLIST1024	B_TO_A	EA	V	58	58	69	1	4	8	0.4093705781355059	0.41078211715922686
GIST1M_HEAD128	RESIDUAL_NLIST1024	B_TO_A	EA	V	59	59	73	0	4	8	0.5709904778086072	0.5297663343626368
GIST1M_HEAD128	RESIDUAL_NLIST1024	B_TO_A	EA	V	59	59	73	1	4	8	0.41017572383176537	0.40711905165209017
GIST1M_HEAD128	RESIDUAL_NLIST1024	B_TO_A	EA	V	60	60	67	0	4	8	0.4903140807305295	0.44849645383953374
GIST1M_HEAD128	RESIDUAL_NLIST1024	B_TO_A	EA	V	60	60	67	1	4	8	0.4484296272826643	0.46359307848532133
GIST1M_HEAD128	RESIDUAL_NLIST1024	B_TO_A	EA	V	61	61	65	0	4	8	0.5554411133993163	0.46923051064670046
GIST1M_HEAD128	RESIDUAL_NLIST1024	B_TO_A	EA	V	61	61	65	1	4	8	0.7169621702492157	0.5977003400871602
GIST1M_HEAD128	RESIDUAL_NLIST1024	B_TO_A	EA	V	62	62	64	0	4	8	0.5481624519703152	0.5413400467581274
GIST1M_HEAD128	RESIDUAL_NLIST1024	B_TO_A	EA	V	62	62	64	1	4	8	0.7490931998795938	0.9942410321473532
GIST1M_HEAD128	RESIDUAL_NLIST1024	B_TO_A	EA	V	63	63	66	0	4	8	0.5527137224017947	0.5193303626571167
GIST1M_HEAD128	RESIDUAL_NLIST1024	B_TO_A	EA	V	63	63	66	1	4	8	0.3934588328604845	0.40644773935715045
GIST1M_HEAD128	RESIDUAL_NLIST1024	B_TO_A	EA	E	0	0	127	0	6	9	0.909329397967306	0.9215241076946448
GIST1M_HEAD128	RESIDUAL_NLIST1024	B_TO_A	EA	E	0	0	127	1	3	9	0.6532064078968367	0.6319655405279528
GIST1M_HEAD128	RESIDUAL_NLIST1024	B_TO_A	EA	E	1	1	120	0	6	10	0.6785967873443921	0.5114884488090659
GIST1M_HEAD128	RESIDUAL_NLIST1024	B_TO_A	EA	E	1	1	120	1	4	10	0.5062696049320947	0.39840099531141315
GIST1M_HEAD128	RESIDUAL_NLIST1024	B_TO_A	EA	E	2	2	126	0	5	8	1.6133646373808557	1.5237860230819633
GIST1M_HEAD128	RESIDUAL_NLIST1024	B_TO_A	EA	E	2	2	126	1	3	8	0.6577960766128379	0.7095860109276915
GIST1M_HEAD128	RESIDUAL_NLIST1024	B_TO_A	EA	E	3	3	124	0	6	9	0.5055162902614256	0.5626147033402652
GIST1M_HEAD128	RESIDUAL_NLIST1024	B_TO_A	EA	E	3	3	124	1	3	9	0.6215158579457299	0.6383434269464974
GIST1M_HEAD128	RESIDUAL_NLIST1024	B_TO_A	EA	E	4	4	121	0	5	8	1.3343011215023992	2.249192751015751
GIST1M_HEAD128	RESIDUAL_NLIST1024	B_TO_A	EA	E	4	4	121	1	3	8	0.6657673951845483	0.6781196326291545
GIST1M_HEAD128	RESIDUAL_NLIST1024	B_TO_A	EA	E	5	5	112	0	5	9	1.0189017481565465	1.2171824058476934
GIST1M_HEAD128	RESIDUAL_NLIST1024	B_TO_A	EA	E	5	5	112	1	4	9	0.40433914258232734	0.43671703998449296
GIST1M_HEAD128	RESIDUAL_NLIST1024	B_TO_A	EA	E	6	6	122	0	5	8	1.2133395694674984	1.1538355884304918
GIST1M_HEAD128	RESIDUAL_NLIST1024	B_TO_A	EA	E	6	6	122	1	3	8	0.7124526569306939	0.704499880926528
GIST1M_HEAD128	RESIDUAL_NLIST1024	B_TO_A	EA	E	7	7	119	0	5	8	1.1649546199321845	1.128993231370711
GIST1M_HEAD128	RESIDUAL_NLIST1024	B_TO_A	EA	E	7	7	119	1	3	8	0.6860033438364839	0.7064478035594022
GIST1M_HEAD128	RESIDUAL_NLIST1024	B_TO_A	EA	E	8	8	113	0	5	9	1.0032120592001408	1.281997988524143
GIST1M_HEAD128	RESIDUAL_NLIST1024	B_TO_A	EA	E	8	8	113	1	4	9	0.5169744899049704	0.6522414076609775
GIST1M_HEAD128	RESIDUAL_NLIST1024	B_TO_A	EA	E	9	9	125	0	5	8	0.8950597056296222	1.0055552062254
GIST1M_HEAD128	RESIDUAL_NLIST1024	B_TO_A	EA	E	9	9	125	1	3	8	0.822932105133179	0.7576834175790201
GIST1M_HEAD128	RESIDUAL_NLIST1024	B_TO_A	EA	E	10	10	117	0	5	9	0.9317878980850866	0.9628465542080269
GIST1M_HEAD128	RESIDUAL_NLIST1024	B_TO_A	EA	E	10	10	117	1	4	9	0.5740280818457675	0.5309450849090418
GIST1M_HEAD128	RESIDUAL_NLIST1024	B_TO_A	EA	E	11	11	123	0	6	9	0.7068137297461976	0.5735043014688153
GIST1M_HEAD128	RESIDUAL_NLIST1024	B_TO_A	EA	E	11	11	123	1	3	9	0.6805000172007944	0.7724828250539988
GIST1M_HEAD128	RESIDUAL_NLIST1024	B_TO_A	EA	E	12	12	118	0	5	8	0.7671829144857867	0.9250334479005095
GIST1M_HEAD128	RESIDUAL_NLIST1024	B_TO_A	EA	E	12	12	118	1	3	8	0.786175435333457	0.7335857944717847
GIST1M_HEAD128	RESIDUAL_NLIST1024	B_TO_A	EA	E	13	13	116	0	5	8	0.6898702397678098	0.8143442627560044
GIST1M_HEAD128	RESIDUAL_NLIST1024	B_TO_A	EA	E	13	13	116	1	3	8	0.7764943998501381	0.8133317930742583
GIST1M_HEAD128	RESIDUAL_NLIST1024	B_TO_A	EA	E	14	14	115	0	5	8	0.7559919388631342	0.775062694291927
GIST1M_HEAD128	RESIDUAL_NLIST1024	B_TO_A	EA	E	14	14	115	1	3	8	0.8406461555560192	0.8013716058819863
GIST1M_HEAD128	RESIDUAL_NLIST1024	B_TO_A	EA	E	15	15	114	0	5	8	1.0618851532308238	1.2337477785072788
GIST1M_HEAD128	RESIDUAL_NLIST1024	B_TO_A	EA	E	15	15	114	1	3	8	0.9317735060456547	0.8815641615557102
GIST1M_HEAD128	RESIDUAL_NLIST1024	B_TO_A	EA	E	16	16	111	0	5	8	0.6072794622160806	0.5733657605339405
GIST1M_HEAD128	RESIDUAL_NLIST1024	B_TO_A	EA	E	16	16	111	1	3	8	0.8070980365759929	0.8121284580788011
GIST1M_HEAD128	RESIDUAL_NLIST1024	B_TO_A	EA	E	17	17	105	0	5	8	0.9376620989725748	0.887634271702755
GIST1M_HEAD128	RESIDUAL_NLIST1024	B_TO_A	EA	E	17	17	105	1	3	8	0.9387551816467749	0.8357451689747921
GIST1M_HEAD128	RESIDUAL_NLIST1024	B_TO_A	EA	E	18	18	107	0	5	8	1.4158744154179126	2.3838007373593273
GIST1M_HEAD128	RESIDUAL_NLIST1024	B_TO_A	EA	E	18	18	107	1	3	8	0.8598894065609797	0.9739510932923142
GIST1M_HEAD128	RESIDUAL_NLIST1024	B_TO_A	EA	E	19	19	109	0	5	8	0.5168271039147088	0.6332848292829004
GIST1M_HEAD128	RESIDUAL_NLIST1024	B_TO_A	EA	E	19	19	109	1	3	8	0.7829531883930065	0.7857584525536028
GIST1M_HEAD128	RESIDUAL_NLIST1024	B_TO_A	EA	E	20	20	108	0	5	8	0.8569862191304665	1.0576551804577994
GIST1M_HEAD128	RESIDUAL_NLIST1024	B_TO_A	EA	E	20	20	108	1	3	8	1.0451548164207138	1.1576995466426392
GIST1M_HEAD128	RESIDUAL_NLIST1024	B_TO_A	EA	E	21	21	104	0	5	8	0.5971820273814459	0.7391468348795716
GIST1M_HEAD128	RESIDUAL_NLIST1024	B_TO_A	EA	E	21	21	104	1	3	8	0.9123949823021774	0.8829880361737028
GIST1M_HEAD128	RESIDUAL_NLIST1024	B_TO_A	EA	E	22	22	110	0	5	8	0.7097145251859834	0.5147414460427857
GIST1M_HEAD128	RESIDUAL_NLIST1024	B_TO_A	EA	E	22	22	110	1	3	8	0.8425885730541551	0.7852231968308967
GIST1M_HEAD128	RESIDUAL_NLIST1024	B_TO_A	EA	E	23	23	103	0	5	8	0.7154576525309673	0.6600759137542676
GIST1M_HEAD128	RESIDUAL_NLIST1024	B_TO_A	EA	E	23	23	103	1	3	8	0.8711666589187514	0.8947524130398244
GIST1M_HEAD128	RESIDUAL_NLIST1024	B_TO_A	EA	E	24	24	106	0	4	7	1.1421863910772898	1.2684556220837186
GIST1M_HEAD128	RESIDUAL_NLIST1024	B_TO_A	EA	E	24	24	106	1	3	7	1.2606420070769455	0.8452570822941113
GIST1M_HEAD128	RESIDUAL_NLIST1024	B_TO_A	EA	E	25	25	91	0	4	7	1.0113184821275962	1.5379981023283467
GIST1M_HEAD128	RESIDUAL_NLIST1024	B_TO_A	EA	E	25	25	91	1	3	7	0.9872096571593094	0.9425002133195768
GIST1M_HEAD128	RESIDUAL_NLIST1024	B_TO_A	EA	E	26	26	101	0	4	8	0.8695157511159984	0.928915388427118
GIST1M_HEAD128	RESIDUAL_NLIST1024	B_TO_A	EA	E	26	26	101	1	4	8	0.4110601274298856	0.3693209809081969
GIST1M_HEAD128	RESIDUAL_NLIST1024	B_TO_A	EA	E	27	27	96	0	4	7	1.0215580949626406	1.0223633274512545
GIST1M_HEAD128	RESIDUAL_NLIST1024	B_TO_A	EA	E	27	27	96	1	3	7	0.9451335218519659	1.1082219367951702
GIST1M_HEAD128	RESIDUAL_NLIST1024	B_TO_A	EA	E	28	28	95	0	4	7	0.9496808200906179	1.2093252497539646
GIST1M_HEAD128	RESIDUAL_NLIST1024	B_TO_A	EA	E	28	28	95	1	3	7	0.9140024333740607	1.0807334382418519
GIST1M_HEAD128	RESIDUAL_NLIST1024	B_TO_A	EA	E	29	29	102	0	4	7	0.8693029737589457	1.1935970771017985
GIST1M_HEAD128	RESIDUAL_NLIST1024	B_TO_A	EA	E	29	29	102	1	3	7	0.8871906857652899	0.8767532567415637
GIST1M_HEAD128	RESIDUAL_NLIST1024	B_TO_A	EA	E	30	30	99	0	4	7	0.8047011910590955	0.9134144229022649
GIST1M_HEAD128	RESIDUAL_NLIST1024	B_TO_A	EA	E	30	30	99	1	3	7	0.931554253172893	0.9612583199441651
GIST1M_HEAD128	RESIDUAL_NLIST1024	B_TO_A	EA	E	31	31	98	0	4	8	1.1086344580185274	0.9833285477720458
GIST1M_HEAD128	RESIDUAL_NLIST1024	B_TO_A	EA	E	31	31	98	1	4	8	0.49090912827263034	0.6466433884331653
GIST1M_HEAD128	RESIDUAL_NLIST1024	B_TO_A	EA	E	32	32	100	0	4	7	0.8243192726719617	0.9423937306492305
GIST1M_HEAD128	RESIDUAL_NLIST1024	B_TO_A	EA	E	32	32	100	1	3	7	0.9492667647473484	0.9597158018514357
GIST1M_HEAD128	RESIDUAL_NLIST1024	B_TO_A	EA	E	33	33	97	0	4	8	0.8622895694467066	0.8288388757567917
GIST1M_HEAD128	RESIDUAL_NLIST1024	B_TO_A	EA	E	33	33	97	1	4	8	0.3820750324035763	0.36251298346665317
GIST1M_HEAD128	RESIDUAL_NLIST1024	B_TO_A	EA	E	34	34	93	0	5	9	0.9985232420627785	1.3496906924433791
GIST1M_HEAD128	RESIDUAL_NLIST1024	B_TO_A	EA	E	34	34	93	1	4	9	0.3762090768873832	0.4578663839432696
GIST1M_HEAD128	RESIDUAL_NLIST1024	B_TO_A	EA	E	35	35	90	0	5	8	0.6228783856169211	0.9191777934756319
GIST1M_HEAD128	RESIDUAL_NLIST1024	B_TO_A	EA	E	35	35	90	1	3	8	0.9756738776034235	1.0074775742625495
GIST1M_HEAD128	RESIDUAL_NLIST1024	B_TO_A	EA	E	36	36	92	0	4	8	0.8967366526002596	0.7831337091528797
GIST1M_HEAD128	RESIDUAL_NLIST1024	B_TO_A	EA	E	36	36	92	1	4	8	0.2935025267911378	0.2888084427972186
GIST1M_HEAD128	RESIDUAL_NLIST1024	B_TO_A	EA	E	37	37	78	0	4	8	0.6590810872627919	0.7711449152853145
GIST1M_HEAD128	RESIDUAL_NLIST1024	B_TO_A	EA	E	37	37	78	1	4	8	0.5369172396284236	0.8491661084114984
GIST1M_HEAD128	RESIDUAL_NLIST1024	B_TO_A	EA	E	38	38	88	0	4	8	1.0073256657297076	0.8602628478578509
GIST1M_HEAD128	RESIDUAL_NLIST1024	B_TO_A	EA	E	38	38	88	1	4	8	0.33097468340561254	0.30005108837019995
GIST1M_HEAD128	RESIDUAL_NLIST1024	B_TO_A	EA	E	39	39	82	0	4	8	0.9902437286995681	0.7544769138343544
GIST1M_HEAD128	RESIDUAL_NLIST1024	B_TO_A	EA	E	39	39	82	1	4	8	0.6337715330336351	0.789037387212585
GIST1M_HEAD128	RESIDUAL_NLIST1024	B_TO_A	EA	E	40	40	86	0	4	7	1.1126410582546393	1.1999442248187995
GIST1M_HEAD128	RESIDUAL_NLIST1024	B_TO_A	EA	E	40	40	86	1	3	7	1.0169717226406394	1.001911956156746
GIST1M_HEAD128	RESIDUAL_NLIST1024	B_TO_A	EA	E	41	41	94	0	4	7	0.9136458582227431	0.8374885710930102
GIST1M_HEAD128	RESIDUAL_NLIST1024	B_TO_A	EA	E	41	41	94	1	3	7	1.0189888887375451	1.052904524267562
GIST1M_HEAD128	RESIDUAL_NLIST1024	B_TO_A	EA	E	42	42	87	0	4	8	0.7512861286798486	0.8312398662366758
GIST1M_HEAD128	RESIDUAL_NLIST1024	B_TO_A	EA	E	42	42	87	1	4	8	0.32224334052539294	0.31107569488596515
GIST1M_HEAD128	RESIDUAL_NLIST1024	B_TO_A	EA	E	43	43	89	0	4	8	0.7265141647052334	0.7130232518668851
GIST1M_HEAD128	RESIDUAL_NLIST1024	B_TO_A	EA	E	43	43	89	1	4	8	0.3351715524502016	0.31786763089496606
GIST1M_HEAD128	RESIDUAL_NLIST1024	B_TO_A	EA	E	44	44	81	0	4	8	0.7083801957164291	0.7113058877935434
GIST1M_HEAD128	RESIDUAL_NLIST1024	B_TO_A	EA	E	44	44	81	1	4	8	0.448277113470285	0.39064289917141376
GIST1M_HEAD128	RESIDUAL_NLIST1024	B_TO_A	EA	E	45	45	79	0	4	8	0.6902414312107314	0.9420429926697749
GIST1M_HEAD128	RESIDUAL_NLIST1024	B_TO_A	EA	E	45	45	79	1	4	8	0.36944874818739604	0.39986315329667904
GIST1M_HEAD128	RESIDUAL_NLIST1024	B_TO_A	EA	E	46	46	84	0	4	8	0.6884723194302907	0.6953720798784369
GIST1M_HEAD128	RESIDUAL_NLIST1024	B_TO_A	EA	E	46	46	84	1	4	8	0.3106354722850745	0.3741341063931206
GIST1M_HEAD128	RESIDUAL_NLIST1024	B_TO_A	EA	E	47	47	70	0	4	8	1.0283505177954906	1.7778117662469624
GIST1M_HEAD128	RESIDUAL_NLIST1024	B_TO_A	EA	E	47	47	70	1	4	8	0.6847740235760122	0.7351778153694587
GIST1M_HEAD128	RESIDUAL_NLIST1024	B_TO_A	EA	E	48	48	77	0	4	8	0.6855818475031401	0.5961919913881795
GIST1M_HEAD128	RESIDUAL_NLIST1024	B_TO_A	EA	E	48	48	77	1	4	8	0.35471190566482935	0.3441738208394179
GIST1M_HEAD128	RESIDUAL_NLIST1024	B_TO_A	EA	E	49	49	85	0	4	8	0.7446389401552961	0.6258220197905935
GIST1M_HEAD128	RESIDUAL_NLIST1024	B_TO_A	EA	E	49	49	85	1	4	8	0.42331354170264446	0.42203590320522233
GIST1M_HEAD128	RESIDUAL_NLIST1024	B_TO_A	EA	E	50	50	75	0	4	8	0.9943484634840958	1.2573237190386446
GIST1M_HEAD128	RESIDUAL_NLIST1024	B_TO_A	EA	E	50	50	75	1	4	8	0.3991963974622349	0.4457970214209497
GIST1M_HEAD128	RESIDUAL_NLIST1024	B_TO_A	EA	E	51	51	83	0	4	8	0.7092079693101212	0.6070683100180936
GIST1M_HEAD128	RESIDUAL_NLIST1024	B_TO_A	EA	E	51	51	83	1	4	8	0.3501860785692409	0.3113264637706922
GIST1M_HEAD128	RESIDUAL_NLIST1024	B_TO_A	EA	E	52	52	80	0	4	8	0.6896180461647531	0.6227897585802368
GIST1M_HEAD128	RESIDUAL_NLIST1024	B_TO_A	EA	E	52	52	80	1	4	8	0.8604165233832028	0.605831737041877
GIST1M_HEAD128	RESIDUAL_NLIST1024	B_TO_A	EA	E	53	53	68	0	4	8	0.6314749907767295	0.6828358392660929
GIST1M_HEAD128	RESIDUAL_NLIST1024	B_TO_A	EA	E	53	53	68	1	4	8	0.6224641611241164	0.6669039512529045
GIST1M_HEAD128	RESIDUAL_NLIST1024	B_TO_A	EA	E	54	54	76	0	4	8	0.5629557121782189	0.6127391399386803
GIST1M_HEAD128	RESIDUAL_NLIST1024	B_TO_A	EA	E	54	54	76	1	4	8	0.3705658773311967	0.35800507472755827
GIST1M_HEAD128	RESIDUAL_NLIST1024	B_TO_A	EA	E	55	55	74	0	4	8	0.5806289580732675	0.5535261986569378
GIST1M_HEAD128	RESIDUAL_NLIST1024	B_TO_A	EA	E	55	55	74	1	4	8	0.3154436411217265	0.3457640877803936
GIST1M_HEAD128	RESIDUAL_NLIST1024	B_TO_A	EA	E	56	56	71	0	4	8	0.569038737505781	0.5312788348112257
GIST1M_HEAD128	RESIDUAL_NLIST1024	B_TO_A	EA	E	56	56	71	1	4	8	0.7118659263301241	0.7694329401558039
GIST1M_HEAD128	RESIDUAL_NLIST1024	B_TO_A	EA	E	57	57	72	0	4	8	0.5566838802995699	0.5208412211337112
GIST1M_HEAD128	RESIDUAL_NLIST1024	B_TO_A	EA	E	57	57	72	1	4	8	0.37629367781168366	0.4003952625449454
GIST1M_HEAD128	RESIDUAL_NLIST1024	B_TO_A	EA	E	58	58	69	0	4	8	0.5015521804160031	0.6197057069505354
GIST1M_HEAD128	RESIDUAL_NLIST1024	B_TO_A	EA	E	58	58	69	1	4	8	0.4093705781355059	0.41078211715922686
GIST1M_HEAD128	RESIDUAL_NLIST1024	B_TO_A	EA	E	59	59	73	0	4	8	0.5709904778086072	0.5297663343626368
GIST1M_HEAD128	RESIDUAL_NLIST1024	B_TO_A	EA	E	59	59	73	1	4	8	0.41017572383176537	0.40711905165209017
GIST1M_HEAD128	RESIDUAL_NLIST1024	B_TO_A	EA	E	60	60	67	0	4	8	0.4903140807305295	0.44849645383953374
GIST1M_HEAD128	RESIDUAL_NLIST1024	B_TO_A	EA	E	60	60	67	1	4	8	0.4484296272826643	0.46359307848532133
GIST1M_HEAD128	RESIDUAL_NLIST1024	B_TO_A	EA	E	61	61	65	0	4	8	0.5554411133993163	0.46923051064670046
GIST1M_HEAD128	RESIDUAL_NLIST1024	B_TO_A	EA	E	61	61	65	1	4	8	0.7169621702492157	0.5977003400871602
GIST1M_HEAD128	RESIDUAL_NLIST1024	B_TO_A	EA	E	62	62	64	0	4	8	0.5481624519703152	0.5413400467581274
GIST1M_HEAD128	RESIDUAL_NLIST1024	B_TO_A	EA	E	62	62	64	1	4	8	0.7490931998795938	0.9942410321473532
GIST1M_HEAD128	RESIDUAL_NLIST1024	B_TO_A	EA	E	63	63	66	0	4	8	0.5527137224017947	0.5193303626571167
GIST1M_HEAD128	RESIDUAL_NLIST1024	B_TO_A	EA	E	63	63	66	1	4	8	0.3934588328604845	0.40644773935715045
GIST1M_HEAD128	RESIDUAL_NLIST1024	B_TO_A	EA	S	0	0	127	0	6	9	0.909329397967306	0.9215241076946448
GIST1M_HEAD128	RESIDUAL_NLIST1024	B_TO_A	EA	S	0	0	127	1	3	9	0.6532064078968367	0.6319655405279528
GIST1M_HEAD128	RESIDUAL_NLIST1024	B_TO_A	EA	S	1	1	120	0	6	10	0.6785967873443921	0.5114884488090659
GIST1M_HEAD128	RESIDUAL_NLIST1024	B_TO_A	EA	S	1	1	120	1	4	10	0.5062696049320947	0.39840099531141315
GIST1M_HEAD128	RESIDUAL_NLIST1024	B_TO_A	EA	S	2	2	126	0	5	8	1.6133646373808557	1.5237860230819633
GIST1M_HEAD128	RESIDUAL_NLIST1024	B_TO_A	EA	S	2	2	126	1	3	8	0.6577960766128379	0.7095860109276915
GIST1M_HEAD128	RESIDUAL_NLIST1024	B_TO_A	EA	S	3	3	124	0	6	9	0.5055162902614256	0.5626147033402652
GIST1M_HEAD128	RESIDUAL_NLIST1024	B_TO_A	EA	S	3	3	124	1	3	9	0.6215158579457299	0.6383434269464974
GIST1M_HEAD128	RESIDUAL_NLIST1024	B_TO_A	EA	S	4	4	121	0	5	8	1.3343011215023992	2.249192751015751
GIST1M_HEAD128	RESIDUAL_NLIST1024	B_TO_A	EA	S	4	4	121	1	3	8	0.6657673951845483	0.6781196326291545
GIST1M_HEAD128	RESIDUAL_NLIST1024	B_TO_A	EA	S	5	5	112	0	5	9	1.0189017481565465	1.2171824058476934
GIST1M_HEAD128	RESIDUAL_NLIST1024	B_TO_A	EA	S	5	5	112	1	4	9	0.40433914258232734	0.43671703998449296
GIST1M_HEAD128	RESIDUAL_NLIST1024	B_TO_A	EA	S	6	6	122	0	5	8	1.2133395694674984	1.1538355884304918
GIST1M_HEAD128	RESIDUAL_NLIST1024	B_TO_A	EA	S	6	6	122	1	3	8	0.7124526569306939	0.704499880926528
GIST1M_HEAD128	RESIDUAL_NLIST1024	B_TO_A	EA	S	7	7	119	0	5	8	1.1649546199321845	1.128993231370711
GIST1M_HEAD128	RESIDUAL_NLIST1024	B_TO_A	EA	S	7	7	119	1	3	8	0.6860033438364839	0.7064478035594022
GIST1M_HEAD128	RESIDUAL_NLIST1024	B_TO_A	EA	S	8	8	113	0	5	9	1.0032120592001408	1.281997988524143
GIST1M_HEAD128	RESIDUAL_NLIST1024	B_TO_A	EA	S	8	8	113	1	4	9	0.5169744899049704	0.6522414076609775
GIST1M_HEAD128	RESIDUAL_NLIST1024	B_TO_A	EA	S	9	9	125	0	5	8	0.8950597056296222	1.0055552062254
GIST1M_HEAD128	RESIDUAL_NLIST1024	B_TO_A	EA	S	9	9	125	1	3	8	0.822932105133179	0.7576834175790201
GIST1M_HEAD128	RESIDUAL_NLIST1024	B_TO_A	EA	S	10	10	117	0	5	9	0.9317878980850866	0.9628465542080269
GIST1M_HEAD128	RESIDUAL_NLIST1024	B_TO_A	EA	S	10	10	117	1	4	9	0.5740280818457675	0.5309450849090418
GIST1M_HEAD128	RESIDUAL_NLIST1024	B_TO_A	EA	S	11	11	123	0	6	9	0.7068137297461976	0.5735043014688153
GIST1M_HEAD128	RESIDUAL_NLIST1024	B_TO_A	EA	S	11	11	123	1	3	9	0.6805000172007944	0.7724828250539988
GIST1M_HEAD128	RESIDUAL_NLIST1024	B_TO_A	EA	S	12	12	118	0	5	8	0.7671829144857867	0.9250334479005095
GIST1M_HEAD128	RESIDUAL_NLIST1024	B_TO_A	EA	S	12	12	118	1	3	8	0.786175435333457	0.7335857944717847
GIST1M_HEAD128	RESIDUAL_NLIST1024	B_TO_A	EA	S	13	13	116	0	5	8	0.6898702397678098	0.8143442627560044
GIST1M_HEAD128	RESIDUAL_NLIST1024	B_TO_A	EA	S	13	13	116	1	3	8	0.7764943998501381	0.8133317930742583
GIST1M_HEAD128	RESIDUAL_NLIST1024	B_TO_A	EA	S	14	14	115	0	5	8	0.7559919388631342	0.775062694291927
GIST1M_HEAD128	RESIDUAL_NLIST1024	B_TO_A	EA	S	14	14	115	1	3	8	0.8406461555560192	0.8013716058819863
GIST1M_HEAD128	RESIDUAL_NLIST1024	B_TO_A	EA	S	15	15	114	0	5	8	1.0618851532308238	1.2337477785072788
GIST1M_HEAD128	RESIDUAL_NLIST1024	B_TO_A	EA	S	15	15	114	1	3	8	0.9317735060456547	0.8815641615557102
GIST1M_HEAD128	RESIDUAL_NLIST1024	B_TO_A	EA	S	16	16	111	0	5	8	0.6072794622160806	0.5733657605339405
GIST1M_HEAD128	RESIDUAL_NLIST1024	B_TO_A	EA	S	16	16	111	1	3	8	0.8070980365759929	0.8121284580788011
GIST1M_HEAD128	RESIDUAL_NLIST1024	B_TO_A	EA	S	17	17	105	0	5	8	0.9376620989725748	0.887634271702755
GIST1M_HEAD128	RESIDUAL_NLIST1024	B_TO_A	EA	S	17	17	105	1	3	8	0.9387551816467749	0.8357451689747921
GIST1M_HEAD128	RESIDUAL_NLIST1024	B_TO_A	EA	S	18	18	107	0	5	8	1.4158744154179126	2.3838007373593273
GIST1M_HEAD128	RESIDUAL_NLIST1024	B_TO_A	EA	S	18	18	107	1	3	8	0.8598894065609797	0.9739510932923142
GIST1M_HEAD128	RESIDUAL_NLIST1024	B_TO_A	EA	S	19	19	109	0	5	8	0.5168271039147088	0.6332848292829004
GIST1M_HEAD128	RESIDUAL_NLIST1024	B_TO_A	EA	S	19	19	109	1	3	8	0.7829531883930065	0.7857584525536028
GIST1M_HEAD128	RESIDUAL_NLIST1024	B_TO_A	EA	S	20	20	108	0	5	8	0.8569862191304665	1.0576551804577994
GIST1M_HEAD128	RESIDUAL_NLIST1024	B_TO_A	EA	S	20	20	108	1	3	8	1.0451548164207138	1.1576995466426392
GIST1M_HEAD128	RESIDUAL_NLIST1024	B_TO_A	EA	S	21	21	104	0	5	8	0.5971820273814459	0.7391468348795716
GIST1M_HEAD128	RESIDUAL_NLIST1024	B_TO_A	EA	S	21	21	104	1	3	8	0.9123949823021774	0.8829880361737028
GIST1M_HEAD128	RESIDUAL_NLIST1024	B_TO_A	EA	S	22	22	110	0	5	8	0.7097145251859834	0.5147414460427857
GIST1M_HEAD128	RESIDUAL_NLIST1024	B_TO_A	EA	S	22	22	110	1	3	8	0.8425885730541551	0.7852231968308967
GIST1M_HEAD128	RESIDUAL_NLIST1024	B_TO_A	EA	S	23	23	103	0	5	8	0.7154576525309673	0.6600759137542676
GIST1M_HEAD128	RESIDUAL_NLIST1024	B_TO_A	EA	S	23	23	103	1	3	8	0.8711666589187514	0.8947524130398244
GIST1M_HEAD128	RESIDUAL_NLIST1024	B_TO_A	EA	S	24	24	106	0	4	7	1.1421863910772898	1.2684556220837186
GIST1M_HEAD128	RESIDUAL_NLIST1024	B_TO_A	EA	S	24	24	106	1	3	7	1.2606420070769455	0.8452570822941113
GIST1M_HEAD128	RESIDUAL_NLIST1024	B_TO_A	EA	S	25	25	91	0	4	7	1.0113184821275962	1.5379981023283467
GIST1M_HEAD128	RESIDUAL_NLIST1024	B_TO_A	EA	S	25	25	91	1	3	7	0.9872096571593094	0.9425002133195768
GIST1M_HEAD128	RESIDUAL_NLIST1024	B_TO_A	EA	S	26	26	101	0	4	8	0.8695157511159984	0.928915388427118
GIST1M_HEAD128	RESIDUAL_NLIST1024	B_TO_A	EA	S	26	26	101	1	4	8	0.4110601274298856	0.3693209809081969
GIST1M_HEAD128	RESIDUAL_NLIST1024	B_TO_A	EA	S	27	27	96	0	4	7	1.0215580949626406	1.0223633274512545
GIST1M_HEAD128	RESIDUAL_NLIST1024	B_TO_A	EA	S	27	27	96	1	3	7	0.9451335218519659	1.1082219367951702
GIST1M_HEAD128	RESIDUAL_NLIST1024	B_TO_A	EA	S	28	28	95	0	4	7	0.9496808200906179	1.2093252497539646
GIST1M_HEAD128	RESIDUAL_NLIST1024	B_TO_A	EA	S	28	28	95	1	3	7	0.9140024333740607	1.0807334382418519
GIST1M_HEAD128	RESIDUAL_NLIST1024	B_TO_A	EA	S	29	29	102	0	4	7	0.8693029737589457	1.1935970771017985
GIST1M_HEAD128	RESIDUAL_NLIST1024	B_TO_A	EA	S	29	29	102	1	3	7	0.8871906857652899	0.8767532567415637
GIST1M_HEAD128	RESIDUAL_NLIST1024	B_TO_A	EA	S	30	30	99	0	4	7	0.8047011910590955	0.9134144229022649
GIST1M_HEAD128	RESIDUAL_NLIST1024	B_TO_A	EA	S	30	30	99	1	3	7	0.931554253172893	0.9612583199441651
GIST1M_HEAD128	RESIDUAL_NLIST1024	B_TO_A	EA	S	31	31	98	0	4	8	1.1086344580185274	0.9833285477720458
GIST1M_HEAD128	RESIDUAL_NLIST1024	B_TO_A	EA	S	31	31	98	1	4	8	0.49090912827263034	0.6466433884331653
GIST1M_HEAD128	RESIDUAL_NLIST1024	B_TO_A	EA	S	32	32	100	0	4	7	0.8243192726719617	0.9423937306492305
GIST1M_HEAD128	RESIDUAL_NLIST1024	B_TO_A	EA	S	32	32	100	1	3	7	0.9492667647473484	0.9597158018514357
GIST1M_HEAD128	RESIDUAL_NLIST1024	B_TO_A	EA	S	33	33	97	0	4	8	0.8622895694467066	0.8288388757567917
GIST1M_HEAD128	RESIDUAL_NLIST1024	B_TO_A	EA	S	33	33	97	1	4	8	0.3820750324035763	0.36251298346665317
GIST1M_HEAD128	RESIDUAL_NLIST1024	B_TO_A	EA	S	34	34	93	0	5	9	0.9985232420627785	1.3496906924433791
GIST1M_HEAD128	RESIDUAL_NLIST1024	B_TO_A	EA	S	34	34	93	1	4	9	0.3762090768873832	0.4578663839432696
GIST1M_HEAD128	RESIDUAL_NLIST1024	B_TO_A	EA	S	35	35	90	0	5	8	0.6228783856169211	0.9191777934756319
GIST1M_HEAD128	RESIDUAL_NLIST1024	B_TO_A	EA	S	35	35	90	1	3	8	0.9756738776034235	1.0074775742625495
GIST1M_HEAD128	RESIDUAL_NLIST1024	B_TO_A	EA	S	36	36	92	0	4	8	0.8967366526002596	0.7831337091528797
GIST1M_HEAD128	RESIDUAL_NLIST1024	B_TO_A	EA	S	36	36	92	1	4	8	0.2935025267911378	0.2888084427972186
GIST1M_HEAD128	RESIDUAL_NLIST1024	B_TO_A	EA	S	37	37	78	0	4	8	0.6590810872627919	0.7711449152853145
GIST1M_HEAD128	RESIDUAL_NLIST1024	B_TO_A	EA	S	37	37	78	1	4	8	0.5369172396284236	0.8491661084114984
GIST1M_HEAD128	RESIDUAL_NLIST1024	B_TO_A	EA	S	38	38	88	0	4	8	1.0073256657297076	0.8602628478578509
GIST1M_HEAD128	RESIDUAL_NLIST1024	B_TO_A	EA	S	38	38	88	1	4	8	0.33097468340561254	0.30005108837019995
GIST1M_HEAD128	RESIDUAL_NLIST1024	B_TO_A	EA	S	39	39	82	0	4	8	0.9902437286995681	0.7544769138343544
GIST1M_HEAD128	RESIDUAL_NLIST1024	B_TO_A	EA	S	39	39	82	1	4	8	0.6337715330336351	0.789037387212585
GIST1M_HEAD128	RESIDUAL_NLIST1024	B_TO_A	EA	S	40	40	86	0	4	7	1.1126410582546393	1.1999442248187995
GIST1M_HEAD128	RESIDUAL_NLIST1024	B_TO_A	EA	S	40	40	86	1	3	7	1.0169717226406394	1.001911956156746
GIST1M_HEAD128	RESIDUAL_NLIST1024	B_TO_A	EA	S	41	41	94	0	4	7	0.9136458582227431	0.8374885710930102
GIST1M_HEAD128	RESIDUAL_NLIST1024	B_TO_A	EA	S	41	41	94	1	3	7	1.0189888887375451	1.052904524267562
GIST1M_HEAD128	RESIDUAL_NLIST1024	B_TO_A	EA	S	42	42	87	0	4	8	0.7512861286798486	0.8312398662366758
GIST1M_HEAD128	RESIDUAL_NLIST1024	B_TO_A	EA	S	42	42	87	1	4	8	0.32224334052539294	0.31107569488596515
GIST1M_HEAD128	RESIDUAL_NLIST1024	B_TO_A	EA	S	43	43	89	0	4	8	0.7265141647052334	0.7130232518668851
GIST1M_HEAD128	RESIDUAL_NLIST1024	B_TO_A	EA	S	43	43	89	1	4	8	0.3351715524502016	0.31786763089496606
GIST1M_HEAD128	RESIDUAL_NLIST1024	B_TO_A	EA	S	44	44	81	0	4	8	0.7083801957164291	0.7113058877935434
GIST1M_HEAD128	RESIDUAL_NLIST1024	B_TO_A	EA	S	44	44	81	1	4	8	0.448277113470285	0.39064289917141376
GIST1M_HEAD128	RESIDUAL_NLIST1024	B_TO_A	EA	S	45	45	79	0	4	8	0.6902414312107314	0.9420429926697749
GIST1M_HEAD128	RESIDUAL_NLIST1024	B_TO_A	EA	S	45	45	79	1	4	8	0.36944874818739604	0.39986315329667904
GIST1M_HEAD128	RESIDUAL_NLIST1024	B_TO_A	EA	S	46	46	84	0	4	8	0.6884723194302907	0.6953720798784369
GIST1M_HEAD128	RESIDUAL_NLIST1024	B_TO_A	EA	S	46	46	84	1	4	8	0.3106354722850745	0.3741341063931206
GIST1M_HEAD128	RESIDUAL_NLIST1024	B_TO_A	EA	S	47	47	70	0	4	8	1.0283505177954906	1.7778117662469624
GIST1M_HEAD128	RESIDUAL_NLIST1024	B_TO_A	EA	S	47	47	70	1	4	8	0.6847740235760122	0.7351778153694587
GIST1M_HEAD128	RESIDUAL_NLIST1024	B_TO_A	EA	S	48	48	77	0	4	8	0.6855818475031401	0.5961919913881795
GIST1M_HEAD128	RESIDUAL_NLIST1024	B_TO_A	EA	S	48	48	77	1	4	8	0.35471190566482935	0.3441738208394179
GIST1M_HEAD128	RESIDUAL_NLIST1024	B_TO_A	EA	S	49	49	85	0	4	8	0.7446389401552961	0.6258220197905935
GIST1M_HEAD128	RESIDUAL_NLIST1024	B_TO_A	EA	S	49	49	85	1	4	8	0.42331354170264446	0.42203590320522233
GIST1M_HEAD128	RESIDUAL_NLIST1024	B_TO_A	EA	S	50	50	75	0	4	8	0.9943484634840958	1.2573237190386446
GIST1M_HEAD128	RESIDUAL_NLIST1024	B_TO_A	EA	S	50	50	75	1	4	8	0.3991963974622349	0.4457970214209497
GIST1M_HEAD128	RESIDUAL_NLIST1024	B_TO_A	EA	S	51	51	83	0	4	8	0.7092079693101212	0.6070683100180936
GIST1M_HEAD128	RESIDUAL_NLIST1024	B_TO_A	EA	S	51	51	83	1	4	8	0.3501860785692409	0.3113264637706922
GIST1M_HEAD128	RESIDUAL_NLIST1024	B_TO_A	EA	S	52	52	80	0	4	8	0.6896180461647531	0.6227897585802368
GIST1M_HEAD128	RESIDUAL_NLIST1024	B_TO_A	EA	S	52	52	80	1	4	8	0.8604165233832028	0.605831737041877
GIST1M_HEAD128	RESIDUAL_NLIST1024	B_TO_A	EA	S	53	53	68	0	4	8	0.6314749907767295	0.6828358392660929
GIST1M_HEAD128	RESIDUAL_NLIST1024	B_TO_A	EA	S	53	53	68	1	4	8	0.6224641611241164	0.6669039512529045
GIST1M_HEAD128	RESIDUAL_NLIST1024	B_TO_A	EA	S	54	54	76	0	4	8	0.5629557121782189	0.6127391399386803
GIST1M_HEAD128	RESIDUAL_NLIST1024	B_TO_A	EA	S	54	54	76	1	4	8	0.3705658773311967	0.35800507472755827
GIST1M_HEAD128	RESIDUAL_NLIST1024	B_TO_A	EA	S	55	55	74	0	4	8	0.5806289580732675	0.5535261986569378
GIST1M_HEAD128	RESIDUAL_NLIST1024	B_TO_A	EA	S	55	55	74	1	4	8	0.3154436411217265	0.3457640877803936
GIST1M_HEAD128	RESIDUAL_NLIST1024	B_TO_A	EA	S	56	56	71	0	4	8	0.569038737505781	0.5312788348112257
GIST1M_HEAD128	RESIDUAL_NLIST1024	B_TO_A	EA	S	56	56	71	1	4	8	0.7118659263301241	0.7694329401558039
GIST1M_HEAD128	RESIDUAL_NLIST1024	B_TO_A	EA	S	57	57	72	0	4	8	0.5566838802995699	0.5208412211337112
GIST1M_HEAD128	RESIDUAL_NLIST1024	B_TO_A	EA	S	57	57	72	1	4	8	0.37629367781168366	0.4003952625449454
GIST1M_HEAD128	RESIDUAL_NLIST1024	B_TO_A	EA	S	58	58	69	0	4	8	0.5015521804160031	0.6197057069505354
GIST1M_HEAD128	RESIDUAL_NLIST1024	B_TO_A	EA	S	58	58	69	1	4	8	0.4093705781355059	0.41078211715922686
GIST1M_HEAD128	RESIDUAL_NLIST1024	B_TO_A	EA	S	59	59	73	0	4	8	0.5709904778086072	0.5297663343626368
GIST1M_HEAD128	RESIDUAL_NLIST1024	B_TO_A	EA	S	59	59	73	1	4	8	0.41017572383176537	0.40711905165209017
GIST1M_HEAD128	RESIDUAL_NLIST1024	B_TO_A	EA	S	60	60	67	0	4	8	0.4903140807305295	0.44849645383953374
GIST1M_HEAD128	RESIDUAL_NLIST1024	B_TO_A	EA	S	60	60	67	1	4	8	0.4484296272826643	0.46359307848532133
GIST1M_HEAD128	RESIDUAL_NLIST1024	B_TO_A	EA	S	61	61	65	0	4	8	0.5554411133993163	0.46923051064670046
GIST1M_HEAD128	RESIDUAL_NLIST1024	B_TO_A	EA	S	61	61	65	1	4	8	0.7169621702492157	0.5977003400871602
GIST1M_HEAD128	RESIDUAL_NLIST1024	B_TO_A	EA	S	62	62	64	0	4	8	0.5481624519703152	0.5413400467581274
GIST1M_HEAD128	RESIDUAL_NLIST1024	B_TO_A	EA	S	62	62	64	1	4	8	0.7490931998795938	0.9942410321473532
GIST1M_HEAD128	RESIDUAL_NLIST1024	B_TO_A	EA	S	63	63	66	0	4	8	0.5527137224017947	0.5193303626571167
GIST1M_HEAD128	RESIDUAL_NLIST1024	B_TO_A	EA	S	63	63	66	1	4	8	0.3934588328604845	0.40644773935715045
